serial_number;model_name;canonical_model_id;category;drive_type;source;source_url;verification_date;verification_method;evidence_type;verification_status
163118180;"MS 440-Z 3/8"" RIM Magnum Motorsäge";stihl_ms_440;Kettingzaag;Benzine;MY_STIHL;https://app.stihl.com/nl-nl/mystihl/tools/add/serial-number;2026-10-06;authenticated MY STIHL UI lookup;OFFICIAL_WEB_LOOKUP;OFFICIAL_STIHL_LOOKUP
163118185;"MS 440-Z 3/8"" RIM Magnum Motorsäge";stihl_ms_440;Kettingzaag;Benzine;MY_STIHL;https://app.stihl.com/nl-nl/mystihl/tools/add/serial-number;2026-10-06;authenticated MY STIHL UI lookup;OFFICIAL_WEB_LOOKUP;OFFICIAL_STIHL_LOOKUP
163118190;"MS 440-Z 3/8"" RIM Magnum Motorsäge";stihl_ms_440;Kettingzaag;Benzine;MY_STIHL;https://app.stihl.com/nl-nl/mystihl/tools/add/serial-number;2026-10-06;authenticated MY STIHL UI lookup;OFFICIAL_WEB_LOOKUP;OFFICIAL_STIHL_LOOKUP
163118195;"MS 440-Z 3/8"" RIM Magnum Motorsäge";stihl_ms_440;Kettingzaag;Benzine;MY_STIHL;https://app.stihl.com/nl-nl/mystihl/tools/add/serial-number;2026-10-06;authenticated MY STIHL UI lookup;OFFICIAL_WEB_LOOKUP;OFFICIAL_STIHL_LOOKUP
163118200;"MS 440-Z 3/8"" RIM Magnum Motorsäge";stihl_ms_440;Kettingzaag;Benzine;MY_STIHL;https://app.stihl.com/nl-nl/mystihl/tools/add/serial-number;2026-10-06;authenticated MY STIHL UI lookup;OFFICIAL_WEB_LOOKUP;OFFICIAL_STIHL_LOOKUP
163118205;"MS 440-Z 3/8"" RIM Magnum Motorsäge";stihl_ms_440;Kettingzaag;Benzine;MY_STIHL;https://app.stihl.com/nl-nl/mystihl/tools/add/serial-number;2026-10-06;authenticated MY STIHL UI lookup;OFFICIAL_WEB_LOOKUP;OFFICIAL_STIHL_LOOKUP
163118210;"MS 440-Z 3/8"" RIM Magnum Motorsäge";stihl_ms_440;Kettingzaag;Benzine;MY_STIHL;https://app.stihl.com/nl-nl/mystihl/tools/add/serial-number;2026-10-06;authenticated MY STIHL UI lookup;OFFICIAL_WEB_LOOKUP;OFFICIAL_STIHL_LOOKUP
163118215;"MS 440-Z 3/8"" RIM Magnum Motorsäge";stihl_ms_440;Kettingzaag;Benzine;MY_STIHL;https://app.stihl.com/nl-nl/mystihl/tools/add/serial-number;2026-10-06;authenticated MY STIHL UI lookup;OFFICIAL_WEB_LOOKUP;OFFICIAL_STIHL_LOOKUP
163118220;"MS 440-Z 3/8"" RIM Magnum Motorsäge";stihl_ms_440;Kettingzaag;Benzine;MY_STIHL;https://app.stihl.com/nl-nl/mystihl/tools/add/serial-number;2026-10-06;authenticated MY STIHL UI lookup;OFFICIAL_WEB_LOOKUP;OFFICIAL_STIHL_LOOKUP
163118225;"MS 440-Z 3/8"" RIM Magnum Motorsäge";stihl_ms_440;Kettingzaag;Benzine;MY_STIHL;https://app.stihl.com/nl-nl/mystihl/tools/add/serial-number;2026-10-06;authenticated MY STIHL UI lookup;OFFICIAL_WEB_LOOKUP;OFFICIAL_STIHL_LOOKUP
163118230;"MS 440-Z 3/8"" RIM Magnum Motorsäge";stihl_ms_440;Kettingzaag;Benzine;MY_STIHL;https://app.stihl.com/nl-nl/mystihl/tools/add/serial-number;2026-10-06;authenticated MY STIHL UI lookup;OFFICIAL_WEB_LOOKUP;OFFICIAL_STIHL_LOOKUP
163118235;"MS 440-Z 3/8"" RIM Magnum Motorsäge";stihl_ms_440;Kettingzaag;Benzine;MY_STIHL;https://app.stihl.com/nl-nl/mystihl/tools/add/serial-number;2026-10-06;authenticated MY STIHL UI lookup;OFFICIAL_WEB_LOOKUP;OFFICIAL_STIHL_LOOKUP
163118240;"MS 440-Z 3/8"" RIM Magnum Motorsäge";stihl_ms_440;Kettingzaag;Benzine;MY_STIHL;https://app.stihl.com/nl-nl/mystihl/tools/add/serial-number;2026-10-06;authenticated MY STIHL UI lookup;OFFICIAL_WEB_LOOKUP;OFFICIAL_STIHL_LOOKUP
163118245;"MS 440-Z 3/8"" RIM Magnum Motorsäge";stihl_ms_440;Kettingzaag;Benzine;MY_STIHL;https://app.stihl.com/nl-nl/mystihl/tools/add/serial-number;2026-10-06;authenticated MY STIHL UI lookup;OFFICIAL_WEB_LOOKUP;OFFICIAL_STIHL_LOOKUP
163118250;"MS 440-Z 3/8"" RIM Magnum Motorsäge";stihl_ms_440;Kettingzaag;Benzine;MY_STIHL;https://app.stihl.com/nl-nl/mystihl/tools/add/serial-number;2026-10-06;authenticated MY STIHL UI lookup;OFFICIAL_WEB_LOOKUP;OFFICIAL_STIHL_LOOKUP
163118255;"MS 440-Z 3/8"" RIM Magnum Motorsäge";stihl_ms_440;Kettingzaag;Benzine;MY_STIHL;https://app.stihl.com/nl-nl/mystihl/tools/add/serial-number;2026-10-06;authenticated MY STIHL UI lookup;OFFICIAL_WEB_LOOKUP;OFFICIAL_STIHL_LOOKUP
163118260;"MS 440-Z 3/8"" RIM Magnum Motorsäge";stihl_ms_440;Kettingzaag;Benzine;MY_STIHL;https://app.stihl.com/nl-nl/mystihl/tools/add/serial-number;2026-10-06;authenticated MY STIHL UI lookup;OFFICIAL_WEB_LOOKUP;OFFICIAL_STIHL_LOOKUP
163118265;"MS 440-Z 3/8"" RIM Magnum Motorsäge";stihl_ms_440;Kettingzaag;Benzine;MY_STIHL;https://app.stihl.com/nl-nl/mystihl/tools/add/serial-number;2026-10-06;authenticated MY STIHL UI lookup;OFFICIAL_WEB_LOOKUP;OFFICIAL_STIHL_LOOKUP
163118270;"MS 440-Z 3/8"" RIM Magnum Motorsäge";stihl_ms_440;Kettingzaag;Benzine;MY_STIHL;https://app.stihl.com/nl-nl/mystihl/tools/add/serial-number;2026-10-06;authenticated MY STIHL UI lookup;OFFICIAL_WEB_LOOKUP;OFFICIAL_STIHL_LOOKUP
163118275;"MS 440-Z 3/8"" RIM Magnum Motorsäge";stihl_ms_440;Kettingzaag;Benzine;MY_STIHL;https://app.stihl.com/nl-nl/mystihl/tools/add/serial-number;2026-10-06;authenticated MY STIHL UI lookup;OFFICIAL_WEB_LOOKUP;OFFICIAL_STIHL_LOOKUP
163118280;"MS 440-Z 3/8"" RIM Magnum Motorsäge";stihl_ms_440;Kettingzaag;Benzine;MY_STIHL;https://app.stihl.com/nl-nl/mystihl/tools/add/serial-number;2026-10-06;authenticated MY STIHL UI lookup;OFFICIAL_WEB_LOOKUP;OFFICIAL_STIHL_LOOKUP
163118285;"MS 440-Z 3/8"" RIM Magnum Motorsäge";stihl_ms_440;Kettingzaag;Benzine;MY_STIHL;https://app.stihl.com/nl-nl/mystihl/tools/add/serial-number;2026-10-06;authenticated MY STIHL UI lookup;OFFICIAL_WEB_LOOKUP;OFFICIAL_STIHL_LOOKUP
163118290;"MS 440-Z 3/8"" RIM Magnum Motorsäge";stihl_ms_440;Kettingzaag;Benzine;MY_STIHL;https://app.stihl.com/nl-nl/mystihl/tools/add/serial-number;2026-10-06;authenticated MY STIHL UI lookup;OFFICIAL_WEB_LOOKUP;OFFICIAL_STIHL_LOOKUP
163118295;"MS 440-Z 3/8"" RIM Magnum Motorsäge";stihl_ms_440;Kettingzaag;Benzine;MY_STIHL;https://app.stihl.com/nl-nl/mystihl/tools/add/serial-number;2026-10-06;authenticated MY STIHL UI lookup;OFFICIAL_WEB_LOOKUP;OFFICIAL_STIHL_LOOKUP
163118300;"MS 440-Z 3/8"" RIM Magnum Motorsäge";stihl_ms_440;Kettingzaag;Benzine;MY_STIHL;https://app.stihl.com/nl-nl/mystihl/tools/add/serial-number;2026-10-06;authenticated MY STIHL UI lookup;OFFICIAL_WEB_LOOKUP;OFFICIAL_STIHL_LOOKUP
163118305;"MS 440-Z 3/8"" RIM Magnum Motorsäge";stihl_ms_440;Kettingzaag;Benzine;MY_STIHL;https://app.stihl.com/nl-nl/mystihl/tools/add/serial-number;2026-10-06;authenticated MY STIHL UI lookup;OFFICIAL_WEB_LOOKUP;OFFICIAL_STIHL_LOOKUP
163118310;"MS 440-Z 3/8"" RIM Magnum Motorsäge";stihl_ms_440;Kettingzaag;Benzine;MY_STIHL;https://app.stihl.com/nl-nl/mystihl/tools/add/serial-number;2026-10-06;authenticated MY STIHL UI lookup;OFFICIAL_WEB_LOOKUP;OFFICIAL_STIHL_LOOKUP
163118315;"MS 440-Z 3/8"" RIM Magnum Motorsäge";stihl_ms_440;Kettingzaag;Benzine;MY_STIHL;https://app.stihl.com/nl-nl/mystihl/tools/add/serial-number;2026-10-06;authenticated MY STIHL UI lookup;OFFICIAL_WEB_LOOKUP;OFFICIAL_STIHL_LOOKUP
163118320;"MS 440-Z 3/8"" RIM Magnum Motorsäge";stihl_ms_440;Kettingzaag;Benzine;MY_STIHL;https://app.stihl.com/nl-nl/mystihl/tools/add/serial-number;2026-10-06;authenticated MY STIHL UI lookup;OFFICIAL_WEB_LOOKUP;OFFICIAL_STIHL_LOOKUP
163118325;"MS 440-Z 3/8"" RIM Magnum Motorsäge";stihl_ms_440;Kettingzaag;Benzine;MY_STIHL;https://app.stihl.com/nl-nl/mystihl/tools/add/serial-number;2026-10-06;authenticated MY STIHL UI lookup;OFFICIAL_WEB_LOOKUP;OFFICIAL_STIHL_LOOKUP
163118330;"MS 440-Z 3/8"" RIM Magnum Motorsäge";stihl_ms_440;Kettingzaag;Benzine;MY_STIHL;https://app.stihl.com/nl-nl/mystihl/tools/add/serial-number;2026-10-06;authenticated MY STIHL UI lookup;OFFICIAL_WEB_LOOKUP;OFFICIAL_STIHL_LOOKUP
163118335;"MS 440-Z 3/8"" RIM Magnum Motorsäge";stihl_ms_440;Kettingzaag;Benzine;MY_STIHL;https://app.stihl.com/nl-nl/mystihl/tools/add/serial-number;2026-10-06;authenticated MY STIHL UI lookup;OFFICIAL_WEB_LOOKUP;OFFICIAL_STIHL_LOOKUP
163118340;"MS 440-Z 3/8"" RIM Magnum Motorsäge";stihl_ms_440;Kettingzaag;Benzine;MY_STIHL;https://app.stihl.com/nl-nl/mystihl/tools/add/serial-number;2026-10-06;authenticated MY STIHL UI lookup;OFFICIAL_WEB_LOOKUP;OFFICIAL_STIHL_LOOKUP
163118345;"MS 440-Z 3/8"" RIM Magnum Motorsäge";stihl_ms_440;Kettingzaag;Benzine;MY_STIHL;https://app.stihl.com/nl-nl/mystihl/tools/add/serial-number;2026-10-06;authenticated MY STIHL UI lookup;OFFICIAL_WEB_LOOKUP;OFFICIAL_STIHL_LOOKUP
163118350;"MS 440-Z 3/8"" RIM Magnum Motorsäge";stihl_ms_440;Kettingzaag;Benzine;MY_STIHL;https://app.stihl.com/nl-nl/mystihl/tools/add/serial-number;2026-10-06;authenticated MY STIHL UI lookup;OFFICIAL_WEB_LOOKUP;OFFICIAL_STIHL_LOOKUP
163118355;"MS 440-Z 3/8"" RIM Magnum Motorsäge";stihl_ms_440;Kettingzaag;Benzine;MY_STIHL;https://app.stihl.com/nl-nl/mystihl/tools/add/serial-number;2026-10-06;authenticated MY STIHL UI lookup;OFFICIAL_WEB_LOOKUP;OFFICIAL_STIHL_LOOKUP
163118360;"MS 440-Z 3/8"" RIM Magnum Motorsäge";stihl_ms_440;Kettingzaag;Benzine;MY_STIHL;https://app.stihl.com/nl-nl/mystihl/tools/add/serial-number;2026-10-06;authenticated MY STIHL UI lookup;OFFICIAL_WEB_LOOKUP;OFFICIAL_STIHL_LOOKUP
163118365;"MS 440-Z 3/8"" RIM Magnum Motorsäge";stihl_ms_440;Kettingzaag;Benzine;MY_STIHL;https://app.stihl.com/nl-nl/mystihl/tools/add/serial-number;2026-10-06;authenticated MY STIHL UI lookup;OFFICIAL_WEB_LOOKUP;OFFICIAL_STIHL_LOOKUP
163118370;"MS 440-Z 3/8"" RIM Magnum Motorsäge";stihl_ms_440;Kettingzaag;Benzine;MY_STIHL;https://app.stihl.com/nl-nl/mystihl/tools/add/serial-number;2026-10-06;authenticated MY STIHL UI lookup;OFFICIAL_WEB_LOOKUP;OFFICIAL_STIHL_LOOKUP
163118375;"MS 440-Z 3/8"" RIM Magnum Motorsäge";stihl_ms_440;Kettingzaag;Benzine;MY_STIHL;https://app.stihl.com/nl-nl/mystihl/tools/add/serial-number;2026-10-06;authenticated MY STIHL UI lookup;OFFICIAL_WEB_LOOKUP;OFFICIAL_STIHL_LOOKUP
163118380;"MS 440-Z 3/8"" RIM Magnum Motorsäge";stihl_ms_440;Kettingzaag;Benzine;MY_STIHL;https://app.stihl.com/nl-nl/mystihl/tools/add/serial-number;2026-10-06;authenticated MY STIHL UI lookup;OFFICIAL_WEB_LOOKUP;OFFICIAL_STIHL_LOOKUP
163118385;"MS 440-Z 3/8"" RIM Magnum Motorsäge";stihl_ms_440;Kettingzaag;Benzine;MY_STIHL;https://app.stihl.com/nl-nl/mystihl/tools/add/serial-number;2026-10-06;authenticated MY STIHL UI lookup;OFFICIAL_WEB_LOOKUP;OFFICIAL_STIHL_LOOKUP
163118390;"MS 440-Z 3/8"" RIM Magnum Motorsäge";stihl_ms_440;Kettingzaag;Benzine;MY_STIHL;https://app.stihl.com/nl-nl/mystihl/tools/add/serial-number;2026-10-06;authenticated MY STIHL UI lookup;OFFICIAL_WEB_LOOKUP;OFFICIAL_STIHL_LOOKUP
163118395;"MS 440-Z 3/8"" RIM Magnum Motorsäge";stihl_ms_440;Kettingzaag;Benzine;MY_STIHL;https://app.stihl.com/nl-nl/mystihl/tools/add/serial-number;2026-10-06;authenticated MY STIHL UI lookup;OFFICIAL_WEB_LOOKUP;OFFICIAL_STIHL_LOOKUP
163118400;"MS 440-Z 3/8"" RIM Magnum Motorsäge";stihl_ms_440;Kettingzaag;Benzine;MY_STIHL;https://app.stihl.com/nl-nl/mystihl/tools/add/serial-number;2026-10-06;authenticated MY STIHL UI lookup;OFFICIAL_WEB_LOOKUP;OFFICIAL_STIHL_LOOKUP
163118405;"MS 440-Z 3/8"" RIM Magnum Motorsäge";stihl_ms_440;Kettingzaag;Benzine;MY_STIHL;https://app.stihl.com/nl-nl/mystihl/tools/add/serial-number;2026-10-06;authenticated MY STIHL UI lookup;OFFICIAL_WEB_LOOKUP;OFFICIAL_STIHL_LOOKUP
163118410;"MS 440-Z 3/8"" RIM Magnum Motorsäge";stihl_ms_440;Kettingzaag;Benzine;MY_STIHL;https://app.stihl.com/nl-nl/mystihl/tools/add/serial-number;2026-10-06;authenticated MY STIHL UI lookup;OFFICIAL_WEB_LOOKUP;OFFICIAL_STIHL_LOOKUP
163118415;"MS 440-Z 3/8"" RIM Magnum Motorsäge";stihl_ms_440;Kettingzaag;Benzine;MY_STIHL;https://app.stihl.com/nl-nl/mystihl/tools/add/serial-number;2026-10-06;authenticated MY STIHL UI lookup;OFFICIAL_WEB_LOOKUP;OFFICIAL_STIHL_LOOKUP
163118420;"MS 440-Z 3/8"" RIM Magnum Motorsäge";stihl_ms_440;Kettingzaag;Benzine;MY_STIHL;https://app.stihl.com/nl-nl/mystihl/tools/add/serial-number;2026-10-06;authenticated MY STIHL UI lookup;OFFICIAL_WEB_LOOKUP;OFFICIAL_STIHL_LOOKUP
163118425;"MS 440-Z 3/8"" RIM Magnum Motorsäge";stihl_ms_440;Kettingzaag;Benzine;MY_STIHL;https://app.stihl.com/nl-nl/mystihl/tools/add/serial-number;2026-10-06;authenticated MY STIHL UI lookup;OFFICIAL_WEB_LOOKUP;OFFICIAL_STIHL_LOOKUP
163118430;"MS 440-Z 3/8"" RIM Magnum Motorsäge";stihl_ms_440;Kettingzaag;Benzine;MY_STIHL;https://app.stihl.com/nl-nl/mystihl/tools/add/serial-number;2026-10-06;authenticated MY STIHL UI lookup;OFFICIAL_WEB_LOOKUP;OFFICIAL_STIHL_LOOKUP
163118435;"MS 440-Z 3/8"" RIM Magnum Motorsäge";stihl_ms_440;Kettingzaag;Benzine;MY_STIHL;https://app.stihl.com/nl-nl/mystihl/tools/add/serial-number;2026-10-06;authenticated MY STIHL UI lookup;OFFICIAL_WEB_LOOKUP;OFFICIAL_STIHL_LOOKUP
163118440;"MS 440-Z 3/8"" RIM Magnum Motorsäge";stihl_ms_440;Kettingzaag;Benzine;MY_STIHL;https://app.stihl.com/nl-nl/mystihl/tools/add/serial-number;2026-10-06;authenticated MY STIHL UI lookup;OFFICIAL_WEB_LOOKUP;OFFICIAL_STIHL_LOOKUP
163118445;"MS 440-Z 3/8"" RIM Magnum Motorsäge";stihl_ms_440;Kettingzaag;Benzine;MY_STIHL;https://app.stihl.com/nl-nl/mystihl/tools/add/serial-number;2026-10-06;authenticated MY STIHL UI lookup;OFFICIAL_WEB_LOOKUP;OFFICIAL_STIHL_LOOKUP
163118450;"MS 440-Z 3/8"" RIM Magnum Motorsäge";stihl_ms_440;Kettingzaag;Benzine;MY_STIHL;https://app.stihl.com/nl-nl/mystihl/tools/add/serial-number;2026-10-06;authenticated MY STIHL UI lookup;OFFICIAL_WEB_LOOKUP;OFFICIAL_STIHL_LOOKUP
163118455;"MS 440-Z 3/8"" RIM Magnum Motorsäge";stihl_ms_440;Kettingzaag;Benzine;MY_STIHL;https://app.stihl.com/nl-nl/mystihl/tools/add/serial-number;2026-10-06;authenticated MY STIHL UI lookup;OFFICIAL_WEB_LOOKUP;OFFICIAL_STIHL_LOOKUP
163118460;"MS 440-Z 3/8"" RIM Magnum Motorsäge";stihl_ms_440;Kettingzaag;Benzine;MY_STIHL;https://app.stihl.com/nl-nl/mystihl/tools/add/serial-number;2026-10-06;authenticated MY STIHL UI lookup;OFFICIAL_WEB_LOOKUP;OFFICIAL_STIHL_LOOKUP
163118465;"MS 440-Z 3/8"" RIM Magnum Motorsäge";stihl_ms_440;Kettingzaag;Benzine;MY_STIHL;https://app.stihl.com/nl-nl/mystihl/tools/add/serial-number;2026-10-06;authenticated MY STIHL UI lookup;OFFICIAL_WEB_LOOKUP;OFFICIAL_STIHL_LOOKUP
163118470;"MS 440-Z 3/8"" RIM Magnum Motorsäge";stihl_ms_440;Kettingzaag;Benzine;MY_STIHL;https://app.stihl.com/nl-nl/mystihl/tools/add/serial-number;2026-10-06;authenticated MY STIHL UI lookup;OFFICIAL_WEB_LOOKUP;OFFICIAL_STIHL_LOOKUP
163118475;"MS 440-Z 3/8"" RIM Magnum Motorsäge";stihl_ms_440;Kettingzaag;Benzine;MY_STIHL;https://app.stihl.com/nl-nl/mystihl/tools/add/serial-number;2026-10-06;authenticated MY STIHL UI lookup;OFFICIAL_WEB_LOOKUP;OFFICIAL_STIHL_LOOKUP
163118480;"MS 440-Z 3/8"" RIM Magnum Motorsäge";stihl_ms_440;Kettingzaag;Benzine;MY_STIHL;https://app.stihl.com/nl-nl/mystihl/tools/add/serial-number;2026-10-06;authenticated MY STIHL UI lookup;OFFICIAL_WEB_LOOKUP;OFFICIAL_STIHL_LOOKUP
163118485;"MS 440-Z 3/8"" RIM Magnum Motorsäge";stihl_ms_440;Kettingzaag;Benzine;MY_STIHL;https://app.stihl.com/nl-nl/mystihl/tools/add/serial-number;2026-10-06;authenticated MY STIHL UI lookup;OFFICIAL_WEB_LOOKUP;OFFICIAL_STIHL_LOOKUP
163118490;"MS 440-Z 3/8"" RIM Magnum Motorsäge";stihl_ms_440;Kettingzaag;Benzine;MY_STIHL;https://app.stihl.com/nl-nl/mystihl/tools/add/serial-number;2026-10-06;authenticated MY STIHL UI lookup;OFFICIAL_WEB_LOOKUP;OFFICIAL_STIHL_LOOKUP
163118495;"MS 440-Z 3/8"" RIM Magnum Motorsäge";stihl_ms_440;Kettingzaag;Benzine;MY_STIHL;https://app.stihl.com/nl-nl/mystihl/tools/add/serial-number;2026-10-06;authenticated MY STIHL UI lookup;OFFICIAL_WEB_LOOKUP;OFFICIAL_STIHL_LOOKUP
163118500;"MS 440-Z 3/8"" RIM Magnum Motorsäge";stihl_ms_440;Kettingzaag;Benzine;MY_STIHL;https://app.stihl.com/nl-nl/mystihl/tools/add/serial-number;2026-10-06;authenticated MY STIHL UI lookup;OFFICIAL_WEB_LOOKUP;OFFICIAL_STIHL_LOOKUP
163118505;"MS 440-Z 3/8"" RIM Magnum Motorsäge";stihl_ms_440;Kettingzaag;Benzine;MY_STIHL;https://app.stihl.com/nl-nl/mystihl/tools/add/serial-number;2026-10-06;authenticated MY STIHL UI lookup;OFFICIAL_WEB_LOOKUP;OFFICIAL_STIHL_LOOKUP
163118510;"MS 440-Z 3/8"" RIM Magnum Motorsäge";stihl_ms_440;Kettingzaag;Benzine;MY_STIHL;https://app.stihl.com/nl-nl/mystihl/tools/add/serial-number;2026-10-06;authenticated MY STIHL UI lookup;OFFICIAL_WEB_LOOKUP;OFFICIAL_STIHL_LOOKUP
163118515;"MS 440-Z 3/8"" RIM Magnum Motorsäge";stihl_ms_440;Kettingzaag;Benzine;MY_STIHL;https://app.stihl.com/nl-nl/mystihl/tools/add/serial-number;2026-10-06;authenticated MY STIHL UI lookup;OFFICIAL_WEB_LOOKUP;OFFICIAL_STIHL_LOOKUP
163118520;"MS 440-Z 3/8"" RIM Magnum Motorsäge";stihl_ms_440;Kettingzaag;Benzine;MY_STIHL;https://app.stihl.com/nl-nl/mystihl/tools/add/serial-number;2026-10-06;authenticated MY STIHL UI lookup;OFFICIAL_WEB_LOOKUP;OFFICIAL_STIHL_LOOKUP
163118525;"MS 440-Z 3/8"" RIM Magnum Motorsäge";stihl_ms_440;Kettingzaag;Benzine;MY_STIHL;https://app.stihl.com/nl-nl/mystihl/tools/add/serial-number;2026-10-06;authenticated MY STIHL UI lookup;OFFICIAL_WEB_LOOKUP;OFFICIAL_STIHL_LOOKUP
163118530;"MS 440-Z 3/8"" RIM Magnum Motorsäge";stihl_ms_440;Kettingzaag;Benzine;MY_STIHL;https://app.stihl.com/nl-nl/mystihl/tools/add/serial-number;2026-10-06;authenticated MY STIHL UI lookup;OFFICIAL_WEB_LOOKUP;OFFICIAL_STIHL_LOOKUP
163118535;"MS 440-Z 3/8"" RIM Magnum Motorsäge";stihl_ms_440;Kettingzaag;Benzine;MY_STIHL;https://app.stihl.com/nl-nl/mystihl/tools/add/serial-number;2026-10-06;authenticated MY STIHL UI lookup;OFFICIAL_WEB_LOOKUP;OFFICIAL_STIHL_LOOKUP
163118540;"MS 440-Z 3/8"" RIM Magnum Motorsäge";stihl_ms_440;Kettingzaag;Benzine;MY_STIHL;https://app.stihl.com/nl-nl/mystihl/tools/add/serial-number;2026-10-06;authenticated MY STIHL UI lookup;OFFICIAL_WEB_LOOKUP;OFFICIAL_STIHL_LOOKUP
163118545;"MS 440-Z 3/8"" RIM Magnum Motorsäge";stihl_ms_440;Kettingzaag;Benzine;MY_STIHL;https://app.stihl.com/nl-nl/mystihl/tools/add/serial-number;2026-10-06;authenticated MY STIHL UI lookup;OFFICIAL_WEB_LOOKUP;OFFICIAL_STIHL_LOOKUP
163118550;"MS 440-Z 3/8"" RIM Magnum Motorsäge";stihl_ms_440;Kettingzaag;Benzine;MY_STIHL;https://app.stihl.com/nl-nl/mystihl/tools/add/serial-number;2026-10-06;authenticated MY STIHL UI lookup;OFFICIAL_WEB_LOOKUP;OFFICIAL_STIHL_LOOKUP
163118555;"MS 440-Z 3/8"" RIM Magnum Motorsäge";stihl_ms_440;Kettingzaag;Benzine;MY_STIHL;https://app.stihl.com/nl-nl/mystihl/tools/add/serial-number;2026-10-06;authenticated MY STIHL UI lookup;OFFICIAL_WEB_LOOKUP;OFFICIAL_STIHL_LOOKUP
163118565;"MS 440-Z 3/8"" RIM Magnum Motorsäge";stihl_ms_440;Kettingzaag;Benzine;MY_STIHL;https://app.stihl.com/nl-nl/mystihl/tools/add/serial-number;2026-10-06;authenticated MY STIHL UI lookup;OFFICIAL_WEB_LOOKUP;OFFICIAL_STIHL_LOOKUP
163118570;"MS 440-Z 3/8"" RIM Magnum Motorsäge";stihl_ms_440;Kettingzaag;Benzine;MY_STIHL;https://app.stihl.com/nl-nl/mystihl/tools/add/serial-number;2026-10-06;authenticated MY STIHL UI lookup;OFFICIAL_WEB_LOOKUP;OFFICIAL_STIHL_LOOKUP
163118575;"MS 440-Z 3/8"" RIM Magnum Motorsäge";stihl_ms_440;Kettingzaag;Benzine;MY_STIHL;https://app.stihl.com/nl-nl/mystihl/tools/add/serial-number;2026-10-06;authenticated MY STIHL UI lookup;OFFICIAL_WEB_LOOKUP;OFFICIAL_STIHL_LOOKUP
163118580;"MS 440-Z 3/8"" RIM Magnum Motorsäge";stihl_ms_440;Kettingzaag;Benzine;MY_STIHL;https://app.stihl.com/nl-nl/mystihl/tools/add/serial-number;2026-10-06;authenticated MY STIHL UI lookup;OFFICIAL_WEB_LOOKUP;OFFICIAL_STIHL_LOOKUP
163118585;"MS 440-Z 3/8"" RIM Magnum Motorsäge";stihl_ms_440;Kettingzaag;Benzine;MY_STIHL;https://app.stihl.com/nl-nl/mystihl/tools/add/serial-number;2026-10-06;authenticated MY STIHL UI lookup;OFFICIAL_WEB_LOOKUP;OFFICIAL_STIHL_LOOKUP
163118590;"MS 440-Z 3/8"" RIM Magnum Motorsäge";stihl_ms_440;Kettingzaag;Benzine;MY_STIHL;https://app.stihl.com/nl-nl/mystihl/tools/add/serial-number;2026-10-06;authenticated MY STIHL UI lookup;OFFICIAL_WEB_LOOKUP;OFFICIAL_STIHL_LOOKUP
163118595;"MS 440-Z 3/8"" RIM Magnum Motorsäge";stihl_ms_440;Kettingzaag;Benzine;MY_STIHL;https://app.stihl.com/nl-nl/mystihl/tools/add/serial-number;2026-10-06;authenticated MY STIHL UI lookup;OFFICIAL_WEB_LOOKUP;OFFICIAL_STIHL_LOOKUP
163118600;"MS 440-Z 3/8"" RIM Magnum Motorsäge";stihl_ms_440;Kettingzaag;Benzine;MY_STIHL;https://app.stihl.com/nl-nl/mystihl/tools/add/serial-number;2026-10-06;authenticated MY STIHL UI lookup;OFFICIAL_WEB_LOOKUP;OFFICIAL_STIHL_LOOKUP
163118605;"MS 440-Z 3/8"" RIM Magnum Motorsäge";stihl_ms_440;Kettingzaag;Benzine;MY_STIHL;https://app.stihl.com/nl-nl/mystihl/tools/add/serial-number;2026-10-06;authenticated MY STIHL UI lookup;OFFICIAL_WEB_LOOKUP;OFFICIAL_STIHL_LOOKUP
163118610;"MS 440-Z 3/8"" RIM Magnum Motorsäge";stihl_ms_440;Kettingzaag;Benzine;MY_STIHL;https://app.stihl.com/nl-nl/mystihl/tools/add/serial-number;2026-10-06;authenticated MY STIHL UI lookup;OFFICIAL_WEB_LOOKUP;OFFICIAL_STIHL_LOOKUP
163118615;"MS 440-Z 3/8"" RIM Magnum Motorsäge";stihl_ms_440;Kettingzaag;Benzine;MY_STIHL;https://app.stihl.com/nl-nl/mystihl/tools/add/serial-number;2026-10-06;authenticated MY STIHL UI lookup;OFFICIAL_WEB_LOOKUP;OFFICIAL_STIHL_LOOKUP
163118620;"MS 440-Z 3/8"" RIM Magnum Motorsäge";stihl_ms_440;Kettingzaag;Benzine;MY_STIHL;https://app.stihl.com/nl-nl/mystihl/tools/add/serial-number;2026-10-06;authenticated MY STIHL UI lookup;OFFICIAL_WEB_LOOKUP;OFFICIAL_STIHL_LOOKUP
163118625;"MS 440-Z 3/8"" RIM Magnum Motorsäge";stihl_ms_440;Kettingzaag;Benzine;MY_STIHL;https://app.stihl.com/nl-nl/mystihl/tools/add/serial-number;2026-10-06;authenticated MY STIHL UI lookup;OFFICIAL_WEB_LOOKUP;OFFICIAL_STIHL_LOOKUP
163118630;"MS 440-Z 3/8"" RIM Magnum Motorsäge";stihl_ms_440;Kettingzaag;Benzine;MY_STIHL;https://app.stihl.com/nl-nl/mystihl/tools/add/serial-number;2026-10-06;authenticated MY STIHL UI lookup;OFFICIAL_WEB_LOOKUP;OFFICIAL_STIHL_LOOKUP
163118635;"MS 440-Z 3/8"" RIM Magnum Motorsäge";stihl_ms_440;Kettingzaag;Benzine;MY_STIHL;https://app.stihl.com/nl-nl/mystihl/tools/add/serial-number;2026-10-06;authenticated MY STIHL UI lookup;OFFICIAL_WEB_LOOKUP;OFFICIAL_STIHL_LOOKUP
163118640;"MS 440-Z 3/8"" RIM Magnum Motorsäge";stihl_ms_440;Kettingzaag;Benzine;MY_STIHL;https://app.stihl.com/nl-nl/mystihl/tools/add/serial-number;2026-10-06;authenticated MY STIHL UI lookup;OFFICIAL_WEB_LOOKUP;OFFICIAL_STIHL_LOOKUP
163118645;"MS 440-Z 3/8"" RIM Magnum Motorsäge";stihl_ms_440;Kettingzaag;Benzine;MY_STIHL;https://app.stihl.com/nl-nl/mystihl/tools/add/serial-number;2026-10-06;authenticated MY STIHL UI lookup;OFFICIAL_WEB_LOOKUP;OFFICIAL_STIHL_LOOKUP
163118650;"MS 440-Z 3/8"" RIM Magnum Motorsäge";stihl_ms_440;Kettingzaag;Benzine;MY_STIHL;https://app.stihl.com/nl-nl/mystihl/tools/add/serial-number;2026-10-06;authenticated MY STIHL UI lookup;OFFICIAL_WEB_LOOKUP;OFFICIAL_STIHL_LOOKUP
163118655;"MS 440-Z 3/8"" RIM Magnum Motorsäge";stihl_ms_440;Kettingzaag;Benzine;MY_STIHL;https://app.stihl.com/nl-nl/mystihl/tools/add/serial-number;2026-10-06;authenticated MY STIHL UI lookup;OFFICIAL_WEB_LOOKUP;OFFICIAL_STIHL_LOOKUP
163118660;"MS 440-Z 3/8"" RIM Magnum Motorsäge";stihl_ms_440;Kettingzaag;Benzine;MY_STIHL;https://app.stihl.com/nl-nl/mystihl/tools/add/serial-number;2026-10-06;authenticated MY STIHL UI lookup;OFFICIAL_WEB_LOOKUP;OFFICIAL_STIHL_LOOKUP
163118665;"MS 440-Z 3/8"" RIM Magnum Motorsäge";stihl_ms_440;Kettingzaag;Benzine;MY_STIHL;https://app.stihl.com/nl-nl/mystihl/tools/add/serial-number;2026-10-06;authenticated MY STIHL UI lookup;OFFICIAL_WEB_LOOKUP;OFFICIAL_STIHL_LOOKUP
163118670;"MS 440-Z 3/8"" RIM Magnum Motorsäge";stihl_ms_440;Kettingzaag;Benzine;MY_STIHL;https://app.stihl.com/nl-nl/mystihl/tools/add/serial-number;2026-10-06;authenticated MY STIHL UI lookup;OFFICIAL_WEB_LOOKUP;OFFICIAL_STIHL_LOOKUP
163118675;"MS 440-Z 3/8"" RIM Magnum Motorsäge";stihl_ms_440;Kettingzaag;Benzine;MY_STIHL;https://app.stihl.com/nl-nl/mystihl/tools/add/serial-number;2026-10-06;authenticated MY STIHL UI lookup;OFFICIAL_WEB_LOOKUP;OFFICIAL_STIHL_LOOKUP
163118680;"MS 440-Z 3/8"" RIM Magnum Motorsäge";stihl_ms_440;Kettingzaag;Benzine;MY_STIHL;https://app.stihl.com/nl-nl/mystihl/tools/add/serial-number;2026-10-06;authenticated MY STIHL UI lookup;OFFICIAL_WEB_LOOKUP;OFFICIAL_STIHL_LOOKUP
163118685;"MS 440-Z 3/8"" RIM Magnum Motorsäge";stihl_ms_440;Kettingzaag;Benzine;MY_STIHL;https://app.stihl.com/nl-nl/mystihl/tools/add/serial-number;2026-10-06;authenticated MY STIHL UI lookup;OFFICIAL_WEB_LOOKUP;OFFICIAL_STIHL_LOOKUP
163118690;"MS 440-Z 3/8"" RIM Magnum Motorsäge";stihl_ms_440;Kettingzaag;Benzine;MY_STIHL;https://app.stihl.com/nl-nl/mystihl/tools/add/serial-number;2026-10-06;authenticated MY STIHL UI lookup;OFFICIAL_WEB_LOOKUP;OFFICIAL_STIHL_LOOKUP
163118695;"MS 440-Z 3/8"" RIM Magnum Motorsäge";stihl_ms_440;Kettingzaag;Benzine;MY_STIHL;https://app.stihl.com/nl-nl/mystihl/tools/add/serial-number;2026-10-06;authenticated MY STIHL UI lookup;OFFICIAL_WEB_LOOKUP;OFFICIAL_STIHL_LOOKUP
163118700;"MS 440-Z 3/8"" RIM Magnum Motorsäge";stihl_ms_440;Kettingzaag;Benzine;MY_STIHL;https://app.stihl.com/nl-nl/mystihl/tools/add/serial-number;2026-10-06;authenticated MY STIHL UI lookup;OFFICIAL_WEB_LOOKUP;OFFICIAL_STIHL_LOOKUP
163118705;"MS 440-Z 3/8"" RIM Magnum Motorsäge";stihl_ms_440;Kettingzaag;Benzine;MY_STIHL;https://app.stihl.com/nl-nl/mystihl/tools/add/serial-number;2026-10-06;authenticated MY STIHL UI lookup;OFFICIAL_WEB_LOOKUP;OFFICIAL_STIHL_LOOKUP
163118710;"MS 440-Z 3/8"" RIM Magnum Motorsäge";stihl_ms_440;Kettingzaag;Benzine;MY_STIHL;https://app.stihl.com/nl-nl/mystihl/tools/add/serial-number;2026-10-06;authenticated MY STIHL UI lookup;OFFICIAL_WEB_LOOKUP;OFFICIAL_STIHL_LOOKUP
163118715;"MS 440-Z 3/8"" RIM Magnum Motorsäge";stihl_ms_440;Kettingzaag;Benzine;MY_STIHL;https://app.stihl.com/nl-nl/mystihl/tools/add/serial-number;2026-10-06;authenticated MY STIHL UI lookup;OFFICIAL_WEB_LOOKUP;OFFICIAL_STIHL_LOOKUP
163118720;"MS 440-Z 3/8"" RIM Magnum Motorsäge";stihl_ms_440;Kettingzaag;Benzine;MY_STIHL;https://app.stihl.com/nl-nl/mystihl/tools/add/serial-number;2026-10-06;authenticated MY STIHL UI lookup;OFFICIAL_WEB_LOOKUP;OFFICIAL_STIHL_LOOKUP
163118725;"MS 440-Z 3/8"" RIM Magnum Motorsäge";stihl_ms_440;Kettingzaag;Benzine;MY_STIHL;https://app.stihl.com/nl-nl/mystihl/tools/add/serial-number;2026-10-06;authenticated MY STIHL UI lookup;OFFICIAL_WEB_LOOKUP;OFFICIAL_STIHL_LOOKUP
163118730;"MS 440-Z 3/8"" RIM Magnum Motorsäge";stihl_ms_440;Kettingzaag;Benzine;MY_STIHL;https://app.stihl.com/nl-nl/mystihl/tools/add/serial-number;2026-10-06;authenticated MY STIHL UI lookup;OFFICIAL_WEB_LOOKUP;OFFICIAL_STIHL_LOOKUP
163118735;"MS 440-Z 3/8"" RIM Magnum Motorsäge";stihl_ms_440;Kettingzaag;Benzine;MY_STIHL;https://app.stihl.com/nl-nl/mystihl/tools/add/serial-number;2026-10-06;authenticated MY STIHL UI lookup;OFFICIAL_WEB_LOOKUP;OFFICIAL_STIHL_LOOKUP
163118740;"MS 440-Z 3/8"" RIM Magnum Motorsäge";stihl_ms_440;Kettingzaag;Benzine;MY_STIHL;https://app.stihl.com/nl-nl/mystihl/tools/add/serial-number;2026-10-06;authenticated MY STIHL UI lookup;OFFICIAL_WEB_LOOKUP;OFFICIAL_STIHL_LOOKUP
163118745;"MS 440-Z 3/8"" RIM Magnum Motorsäge";stihl_ms_440;Kettingzaag;Benzine;MY_STIHL;https://app.stihl.com/nl-nl/mystihl/tools/add/serial-number;2026-10-06;authenticated MY STIHL UI lookup;OFFICIAL_WEB_LOOKUP;OFFICIAL_STIHL_LOOKUP
163118750;"MS 440-Z 3/8"" RIM Magnum Motorsäge";stihl_ms_440;Kettingzaag;Benzine;MY_STIHL;https://app.stihl.com/nl-nl/mystihl/tools/add/serial-number;2026-10-06;authenticated MY STIHL UI lookup;OFFICIAL_WEB_LOOKUP;OFFICIAL_STIHL_LOOKUP
163118755;"MS 440-Z 3/8"" RIM Magnum Motorsäge";stihl_ms_440;Kettingzaag;Benzine;MY_STIHL;https://app.stihl.com/nl-nl/mystihl/tools/add/serial-number;2026-10-06;authenticated MY STIHL UI lookup;OFFICIAL_WEB_LOOKUP;OFFICIAL_STIHL_LOOKUP
163118760;"MS 440-Z 3/8"" RIM Magnum Motorsäge";stihl_ms_440;Kettingzaag;Benzine;MY_STIHL;https://app.stihl.com/nl-nl/mystihl/tools/add/serial-number;2026-10-06;authenticated MY STIHL UI lookup;OFFICIAL_WEB_LOOKUP;OFFICIAL_STIHL_LOOKUP
163118765;"MS 440-Z 3/8"" RIM Magnum Motorsäge";stihl_ms_440;Kettingzaag;Benzine;MY_STIHL;https://app.stihl.com/nl-nl/mystihl/tools/add/serial-number;2026-10-06;authenticated MY STIHL UI lookup;OFFICIAL_WEB_LOOKUP;OFFICIAL_STIHL_LOOKUP
163118770;"MS 440-Z 3/8"" RIM Magnum Motorsäge";stihl_ms_440;Kettingzaag;Benzine;MY_STIHL;https://app.stihl.com/nl-nl/mystihl/tools/add/serial-number;2026-10-06;authenticated MY STIHL UI lookup;OFFICIAL_WEB_LOOKUP;OFFICIAL_STIHL_LOOKUP
163118775;"MS 440-Z 3/8"" RIM Magnum Motorsäge";stihl_ms_440;Kettingzaag;Benzine;MY_STIHL;https://app.stihl.com/nl-nl/mystihl/tools/add/serial-number;2026-10-06;authenticated MY STIHL UI lookup;OFFICIAL_WEB_LOOKUP;OFFICIAL_STIHL_LOOKUP
163118780;"MS 440-Z 3/8"" RIM Magnum Motorsäge";stihl_ms_440;Kettingzaag;Benzine;MY_STIHL;https://app.stihl.com/nl-nl/mystihl/tools/add/serial-number;2026-10-06;authenticated MY STIHL UI lookup;OFFICIAL_WEB_LOOKUP;OFFICIAL_STIHL_LOOKUP
163118785;"MS 440-Z 3/8"" RIM Magnum Motorsäge";stihl_ms_440;Kettingzaag;Benzine;MY_STIHL;https://app.stihl.com/nl-nl/mystihl/tools/add/serial-number;2026-10-06;authenticated MY STIHL UI lookup;OFFICIAL_WEB_LOOKUP;OFFICIAL_STIHL_LOOKUP
163118790;"MS 440-Z 3/8"" RIM Magnum Motorsäge";stihl_ms_440;Kettingzaag;Benzine;MY_STIHL;https://app.stihl.com/nl-nl/mystihl/tools/add/serial-number;2026-10-06;authenticated MY STIHL UI lookup;OFFICIAL_WEB_LOOKUP;OFFICIAL_STIHL_LOOKUP
163118795;"MS 440-Z 3/8"" RIM Magnum Motorsäge";stihl_ms_440;Kettingzaag;Benzine;MY_STIHL;https://app.stihl.com/nl-nl/mystihl/tools/add/serial-number;2026-10-06;authenticated MY STIHL UI lookup;OFFICIAL_WEB_LOOKUP;OFFICIAL_STIHL_LOOKUP
163118800;"MS 440-Z 3/8"" RIM Magnum Motorsäge";stihl_ms_440;Kettingzaag;Benzine;MY_STIHL;https://app.stihl.com/nl-nl/mystihl/tools/add/serial-number;2026-10-06;authenticated MY STIHL UI lookup;OFFICIAL_WEB_LOOKUP;OFFICIAL_STIHL_LOOKUP
163118805;"MS 440-Z 3/8"" RIM Magnum Motorsäge";stihl_ms_440;Kettingzaag;Benzine;MY_STIHL;https://app.stihl.com/nl-nl/mystihl/tools/add/serial-number;2026-10-06;authenticated MY STIHL UI lookup;OFFICIAL_WEB_LOOKUP;OFFICIAL_STIHL_LOOKUP
163118810;"MS 440-Z 3/8"" RIM Magnum Motorsäge";stihl_ms_440;Kettingzaag;Benzine;MY_STIHL;https://app.stihl.com/nl-nl/mystihl/tools/add/serial-number;2026-10-06;authenticated MY STIHL UI lookup;OFFICIAL_WEB_LOOKUP;OFFICIAL_STIHL_LOOKUP
163118815;"MS 440-Z 3/8"" RIM Magnum Motorsäge";stihl_ms_440;Kettingzaag;Benzine;MY_STIHL;https://app.stihl.com/nl-nl/mystihl/tools/add/serial-number;2026-10-06;authenticated MY STIHL UI lookup;OFFICIAL_WEB_LOOKUP;OFFICIAL_STIHL_LOOKUP
163118820;"MS 440-Z 3/8"" RIM Magnum Motorsäge";stihl_ms_440;Kettingzaag;Benzine;MY_STIHL;https://app.stihl.com/nl-nl/mystihl/tools/add/serial-number;2026-10-06;authenticated MY STIHL UI lookup;OFFICIAL_WEB_LOOKUP;OFFICIAL_STIHL_LOOKUP
163118825;"MS 440-Z 3/8"" RIM Magnum Motorsäge";stihl_ms_440;Kettingzaag;Benzine;MY_STIHL;https://app.stihl.com/nl-nl/mystihl/tools/add/serial-number;2026-10-06;authenticated MY STIHL UI lookup;OFFICIAL_WEB_LOOKUP;OFFICIAL_STIHL_LOOKUP
163118830;"MS 440-Z 3/8"" RIM Magnum Motorsäge";stihl_ms_440;Kettingzaag;Benzine;MY_STIHL;https://app.stihl.com/nl-nl/mystihl/tools/add/serial-number;2026-10-06;authenticated MY STIHL UI lookup;OFFICIAL_WEB_LOOKUP;OFFICIAL_STIHL_LOOKUP
163118835;"MS 440-Z 3/8"" RIM Magnum Motorsäge";stihl_ms_440;Kettingzaag;Benzine;MY_STIHL;https://app.stihl.com/nl-nl/mystihl/tools/add/serial-number;2026-10-06;authenticated MY STIHL UI lookup;OFFICIAL_WEB_LOOKUP;OFFICIAL_STIHL_LOOKUP
163118840;"MS 440-Z 3/8"" RIM Magnum Motorsäge";stihl_ms_440;Kettingzaag;Benzine;MY_STIHL;https://app.stihl.com/nl-nl/mystihl/tools/add/serial-number;2026-10-06;authenticated MY STIHL UI lookup;OFFICIAL_WEB_LOOKUP;OFFICIAL_STIHL_LOOKUP
163118845;"MS 440-Z 3/8"" RIM Magnum Motorsäge";stihl_ms_440;Kettingzaag;Benzine;MY_STIHL;https://app.stihl.com/nl-nl/mystihl/tools/add/serial-number;2026-10-06;authenticated MY STIHL UI lookup;OFFICIAL_WEB_LOOKUP;OFFICIAL_STIHL_LOOKUP
163118850;"MS 440-Z 3/8"" RIM Magnum Motorsäge";stihl_ms_440;Kettingzaag;Benzine;MY_STIHL;https://app.stihl.com/nl-nl/mystihl/tools/add/serial-number;2026-10-06;authenticated MY STIHL UI lookup;OFFICIAL_WEB_LOOKUP;OFFICIAL_STIHL_LOOKUP
163118855;"MS 440-Z 3/8"" RIM Magnum Motorsäge";stihl_ms_440;Kettingzaag;Benzine;MY_STIHL;https://app.stihl.com/nl-nl/mystihl/tools/add/serial-number;2026-10-06;authenticated MY STIHL UI lookup;OFFICIAL_WEB_LOOKUP;OFFICIAL_STIHL_LOOKUP
163118860;"MS 440-Z 3/8"" RIM Magnum Motorsäge";stihl_ms_440;Kettingzaag;Benzine;MY_STIHL;https://app.stihl.com/nl-nl/mystihl/tools/add/serial-number;2026-10-06;authenticated MY STIHL UI lookup;OFFICIAL_WEB_LOOKUP;OFFICIAL_STIHL_LOOKUP
163118865;"MS 440-Z 3/8"" RIM Magnum Motorsäge";stihl_ms_440;Kettingzaag;Benzine;MY_STIHL;https://app.stihl.com/nl-nl/mystihl/tools/add/serial-number;2026-10-06;authenticated MY STIHL UI lookup;OFFICIAL_WEB_LOOKUP;OFFICIAL_STIHL_LOOKUP
163118870;"MS 440-Z 3/8"" RIM Magnum Motorsäge";stihl_ms_440;Kettingzaag;Benzine;MY_STIHL;https://app.stihl.com/nl-nl/mystihl/tools/add/serial-number;2026-10-06;authenticated MY STIHL UI lookup;OFFICIAL_WEB_LOOKUP;OFFICIAL_STIHL_LOOKUP
163118875;"MS 440-Z 3/8"" RIM Magnum Motorsäge";stihl_ms_440;Kettingzaag;Benzine;MY_STIHL;https://app.stihl.com/nl-nl/mystihl/tools/add/serial-number;2026-10-06;authenticated MY STIHL UI lookup;OFFICIAL_WEB_LOOKUP;OFFICIAL_STIHL_LOOKUP
163118880;"MS 440-Z 3/8"" RIM Magnum Motorsäge";stihl_ms_440;Kettingzaag;Benzine;MY_STIHL;https://app.stihl.com/nl-nl/mystihl/tools/add/serial-number;2026-10-06;authenticated MY STIHL UI lookup;OFFICIAL_WEB_LOOKUP;OFFICIAL_STIHL_LOOKUP
163118885;"MS 440-Z 3/8"" RIM Magnum Motorsäge";stihl_ms_440;Kettingzaag;Benzine;MY_STIHL;https://app.stihl.com/nl-nl/mystihl/tools/add/serial-number;2026-10-06;authenticated MY STIHL UI lookup;OFFICIAL_WEB_LOOKUP;OFFICIAL_STIHL_LOOKUP
163118890;"MS 440-Z 3/8"" RIM Magnum Motorsäge";stihl_ms_440;Kettingzaag;Benzine;MY_STIHL;https://app.stihl.com/nl-nl/mystihl/tools/add/serial-number;2026-10-06;authenticated MY STIHL UI lookup;OFFICIAL_WEB_LOOKUP;OFFICIAL_STIHL_LOOKUP
163118895;"MS 440-Z 3/8"" RIM Magnum Motorsäge";stihl_ms_440;Kettingzaag;Benzine;MY_STIHL;https://app.stihl.com/nl-nl/mystihl/tools/add/serial-number;2026-10-06;authenticated MY STIHL UI lookup;OFFICIAL_WEB_LOOKUP;OFFICIAL_STIHL_LOOKUP
163118900;"MS 440-Z 3/8"" RIM Magnum Motorsäge";stihl_ms_440;Kettingzaag;Benzine;MY_STIHL;https://app.stihl.com/nl-nl/mystihl/tools/add/serial-number;2026-10-06;authenticated MY STIHL UI lookup;OFFICIAL_WEB_LOOKUP;OFFICIAL_STIHL_LOOKUP
163118905;"MS 440-Z 3/8"" RIM Magnum Motorsäge";stihl_ms_440;Kettingzaag;Benzine;MY_STIHL;https://app.stihl.com/nl-nl/mystihl/tools/add/serial-number;2026-10-06;authenticated MY STIHL UI lookup;OFFICIAL_WEB_LOOKUP;OFFICIAL_STIHL_LOOKUP
163118910;"MS 440-Z 3/8"" RIM Magnum Motorsäge";stihl_ms_440;Kettingzaag;Benzine;MY_STIHL;https://app.stihl.com/nl-nl/mystihl/tools/add/serial-number;2026-10-06;authenticated MY STIHL UI lookup;OFFICIAL_WEB_LOOKUP;OFFICIAL_STIHL_LOOKUP
163118915;"MS 440-Z 3/8"" RIM Magnum Motorsäge";stihl_ms_440;Kettingzaag;Benzine;MY_STIHL;https://app.stihl.com/nl-nl/mystihl/tools/add/serial-number;2026-10-06;authenticated MY STIHL UI lookup;OFFICIAL_WEB_LOOKUP;OFFICIAL_STIHL_LOOKUP
163118920;"MS 440-Z 3/8"" RIM Magnum Motorsäge";stihl_ms_440;Kettingzaag;Benzine;MY_STIHL;https://app.stihl.com/nl-nl/mystihl/tools/add/serial-number;2026-10-06;authenticated MY STIHL UI lookup;OFFICIAL_WEB_LOOKUP;OFFICIAL_STIHL_LOOKUP
163118925;"MS 440-Z 3/8"" RIM Magnum Motorsäge";stihl_ms_440;Kettingzaag;Benzine;MY_STIHL;https://app.stihl.com/nl-nl/mystihl/tools/add/serial-number;2026-10-06;authenticated MY STIHL UI lookup;OFFICIAL_WEB_LOOKUP;OFFICIAL_STIHL_LOOKUP
163118930;"MS 440-Z 3/8"" RIM Magnum Motorsäge";stihl_ms_440;Kettingzaag;Benzine;MY_STIHL;https://app.stihl.com/nl-nl/mystihl/tools/add/serial-number;2026-10-06;authenticated MY STIHL UI lookup;OFFICIAL_WEB_LOOKUP;OFFICIAL_STIHL_LOOKUP
163118935;"MS 440-Z 3/8"" RIM Magnum Motorsäge";stihl_ms_440;Kettingzaag;Benzine;MY_STIHL;https://app.stihl.com/nl-nl/mystihl/tools/add/serial-number;2026-10-06;authenticated MY STIHL UI lookup;OFFICIAL_WEB_LOOKUP;OFFICIAL_STIHL_LOOKUP
163118940;"MS 440-Z 3/8"" RIM Magnum Motorsäge";stihl_ms_440;Kettingzaag;Benzine;MY_STIHL;https://app.stihl.com/nl-nl/mystihl/tools/add/serial-number;2026-10-06;authenticated MY STIHL UI lookup;OFFICIAL_WEB_LOOKUP;OFFICIAL_STIHL_LOOKUP
163118945;"MS 440-Z 3/8"" RIM Magnum Motorsäge";stihl_ms_440;Kettingzaag;Benzine;MY_STIHL;https://app.stihl.com/nl-nl/mystihl/tools/add/serial-number;2026-10-06;authenticated MY STIHL UI lookup;OFFICIAL_WEB_LOOKUP;OFFICIAL_STIHL_LOOKUP
163118950;"MS 440-Z 3/8"" RIM Magnum Motorsäge";stihl_ms_440;Kettingzaag;Benzine;MY_STIHL;https://app.stihl.com/nl-nl/mystihl/tools/add/serial-number;2026-10-06;authenticated MY STIHL UI lookup;OFFICIAL_WEB_LOOKUP;OFFICIAL_STIHL_LOOKUP
163118955;"MS 440-Z 3/8"" RIM Magnum Motorsäge";stihl_ms_440;Kettingzaag;Benzine;MY_STIHL;https://app.stihl.com/nl-nl/mystihl/tools/add/serial-number;2026-10-06;authenticated MY STIHL UI lookup;OFFICIAL_WEB_LOOKUP;OFFICIAL_STIHL_LOOKUP
163118960;"MS 440-Z 3/8"" RIM Magnum Motorsäge";stihl_ms_440;Kettingzaag;Benzine;MY_STIHL;https://app.stihl.com/nl-nl/mystihl/tools/add/serial-number;2026-10-06;authenticated MY STIHL UI lookup;OFFICIAL_WEB_LOOKUP;OFFICIAL_STIHL_LOOKUP
163118965;"MS 440-Z 3/8"" RIM Magnum Motorsäge";stihl_ms_440;Kettingzaag;Benzine;MY_STIHL;https://app.stihl.com/nl-nl/mystihl/tools/add/serial-number;2026-10-06;authenticated MY STIHL UI lookup;OFFICIAL_WEB_LOOKUP;OFFICIAL_STIHL_LOOKUP
163118970;"MS 440-Z 3/8"" RIM Magnum Motorsäge";stihl_ms_440;Kettingzaag;Benzine;MY_STIHL;https://app.stihl.com/nl-nl/mystihl/tools/add/serial-number;2026-10-06;authenticated MY STIHL UI lookup;OFFICIAL_WEB_LOOKUP;OFFICIAL_STIHL_LOOKUP
163118975;"MS 440-Z 3/8"" RIM Magnum Motorsäge";stihl_ms_440;Kettingzaag;Benzine;MY_STIHL;https://app.stihl.com/nl-nl/mystihl/tools/add/serial-number;2026-10-06;authenticated MY STIHL UI lookup;OFFICIAL_WEB_LOOKUP;OFFICIAL_STIHL_LOOKUP
163118980;"MS 440-Z 3/8"" RIM Magnum Motorsäge";stihl_ms_440;Kettingzaag;Benzine;MY_STIHL;https://app.stihl.com/nl-nl/mystihl/tools/add/serial-number;2026-10-06;authenticated MY STIHL UI lookup;OFFICIAL_WEB_LOOKUP;OFFICIAL_STIHL_LOOKUP
163118985;"MS 440-Z 3/8"" RIM Magnum Motorsäge";stihl_ms_440;Kettingzaag;Benzine;MY_STIHL;https://app.stihl.com/nl-nl/mystihl/tools/add/serial-number;2026-10-06;authenticated MY STIHL UI lookup;OFFICIAL_WEB_LOOKUP;OFFICIAL_STIHL_LOOKUP
163118990;"MS 440-Z 3/8"" RIM Magnum Motorsäge";stihl_ms_440;Kettingzaag;Benzine;MY_STIHL;https://app.stihl.com/nl-nl/mystihl/tools/add/serial-number;2026-10-06;authenticated MY STIHL UI lookup;OFFICIAL_WEB_LOOKUP;OFFICIAL_STIHL_LOOKUP
163118995;"MS 440-Z 3/8"" RIM Magnum Motorsäge";stihl_ms_440;Kettingzaag;Benzine;MY_STIHL;https://app.stihl.com/nl-nl/mystihl/tools/add/serial-number;2026-10-06;authenticated MY STIHL UI lookup;OFFICIAL_WEB_LOOKUP;OFFICIAL_STIHL_LOOKUP
163119000;"MS 440-Z 3/8"" RIM Magnum Motorsäge";stihl_ms_440;Kettingzaag;Benzine;MY_STIHL;https://app.stihl.com/nl-nl/mystihl/tools/add/serial-number;2026-10-06;authenticated MY STIHL UI lookup;OFFICIAL_WEB_LOOKUP;OFFICIAL_STIHL_LOOKUP
163119005;"MS 440-Z 3/8"" RIM Magnum Motorsäge";stihl_ms_440;Kettingzaag;Benzine;MY_STIHL;https://app.stihl.com/nl-nl/mystihl/tools/add/serial-number;2026-10-06;authenticated MY STIHL UI lookup;OFFICIAL_WEB_LOOKUP;OFFICIAL_STIHL_LOOKUP
163119010;"MS 440-Z 3/8"" RIM Magnum Motorsäge";stihl_ms_440;Kettingzaag;Benzine;MY_STIHL;https://app.stihl.com/nl-nl/mystihl/tools/add/serial-number;2026-10-06;authenticated MY STIHL UI lookup;OFFICIAL_WEB_LOOKUP;OFFICIAL_STIHL_LOOKUP
163119015;"MS 440-Z 3/8"" RIM Magnum Motorsäge";stihl_ms_440;Kettingzaag;Benzine;MY_STIHL;https://app.stihl.com/nl-nl/mystihl/tools/add/serial-number;2026-10-06;authenticated MY STIHL UI lookup;OFFICIAL_WEB_LOOKUP;OFFICIAL_STIHL_LOOKUP
163119020;"MS 440-Z 3/8"" RIM Magnum Motorsäge";stihl_ms_440;Kettingzaag;Benzine;MY_STIHL;https://app.stihl.com/nl-nl/mystihl/tools/add/serial-number;2026-10-06;authenticated MY STIHL UI lookup;OFFICIAL_WEB_LOOKUP;OFFICIAL_STIHL_LOOKUP
163119025;"MS 440-Z 3/8"" RIM Magnum Motorsäge";stihl_ms_440;Kettingzaag;Benzine;MY_STIHL;https://app.stihl.com/nl-nl/mystihl/tools/add/serial-number;2026-10-06;authenticated MY STIHL UI lookup;OFFICIAL_WEB_LOOKUP;OFFICIAL_STIHL_LOOKUP
163119030;"MS 440-Z 3/8"" RIM Magnum Motorsäge";stihl_ms_440;Kettingzaag;Benzine;MY_STIHL;https://app.stihl.com/nl-nl/mystihl/tools/add/serial-number;2026-10-06;authenticated MY STIHL UI lookup;OFFICIAL_WEB_LOOKUP;OFFICIAL_STIHL_LOOKUP
163119035;"MS 440-Z 3/8"" RIM Magnum Motorsäge";stihl_ms_440;Kettingzaag;Benzine;MY_STIHL;https://app.stihl.com/nl-nl/mystihl/tools/add/serial-number;2026-10-06;authenticated MY STIHL UI lookup;OFFICIAL_WEB_LOOKUP;OFFICIAL_STIHL_LOOKUP
163119040;"MS 440-Z 3/8"" RIM Magnum Motorsäge";stihl_ms_440;Kettingzaag;Benzine;MY_STIHL;https://app.stihl.com/nl-nl/mystihl/tools/add/serial-number;2026-10-06;authenticated MY STIHL UI lookup;OFFICIAL_WEB_LOOKUP;OFFICIAL_STIHL_LOOKUP
163119045;"MS 440-Z 3/8"" RIM Magnum Motorsäge";stihl_ms_440;Kettingzaag;Benzine;MY_STIHL;https://app.stihl.com/nl-nl/mystihl/tools/add/serial-number;2026-10-06;authenticated MY STIHL UI lookup;OFFICIAL_WEB_LOOKUP;OFFICIAL_STIHL_LOOKUP
163119050;"MS 440-Z 3/8"" RIM Magnum Motorsäge";stihl_ms_440;Kettingzaag;Benzine;MY_STIHL;https://app.stihl.com/nl-nl/mystihl/tools/add/serial-number;2026-10-06;authenticated MY STIHL UI lookup;OFFICIAL_WEB_LOOKUP;OFFICIAL_STIHL_LOOKUP
163119055;"MS 440-Z 3/8"" RIM Magnum Motorsäge";stihl_ms_440;Kettingzaag;Benzine;MY_STIHL;https://app.stihl.com/nl-nl/mystihl/tools/add/serial-number;2026-10-06;authenticated MY STIHL UI lookup;OFFICIAL_WEB_LOOKUP;OFFICIAL_STIHL_LOOKUP
163119060;"MS 440-Z 3/8"" RIM Magnum Motorsäge";stihl_ms_440;Kettingzaag;Benzine;MY_STIHL;https://app.stihl.com/nl-nl/mystihl/tools/add/serial-number;2026-10-06;authenticated MY STIHL UI lookup;OFFICIAL_WEB_LOOKUP;OFFICIAL_STIHL_LOOKUP
163119065;"MS 440-Z 3/8"" RIM Magnum Motorsäge";stihl_ms_440;Kettingzaag;Benzine;MY_STIHL;https://app.stihl.com/nl-nl/mystihl/tools/add/serial-number;2026-10-06;authenticated MY STIHL UI lookup;OFFICIAL_WEB_LOOKUP;OFFICIAL_STIHL_LOOKUP
163119070;"MS 440-Z 3/8"" RIM Magnum Motorsäge";stihl_ms_440;Kettingzaag;Benzine;MY_STIHL;https://app.stihl.com/nl-nl/mystihl/tools/add/serial-number;2026-10-06;authenticated MY STIHL UI lookup;OFFICIAL_WEB_LOOKUP;OFFICIAL_STIHL_LOOKUP
163119075;"MS 440-Z 3/8"" RIM Magnum Motorsäge";stihl_ms_440;Kettingzaag;Benzine;MY_STIHL;https://app.stihl.com/nl-nl/mystihl/tools/add/serial-number;2026-10-06;authenticated MY STIHL UI lookup;OFFICIAL_WEB_LOOKUP;OFFICIAL_STIHL_LOOKUP
163119080;"MS 440-Z 3/8"" RIM Magnum Motorsäge";stihl_ms_440;Kettingzaag;Benzine;MY_STIHL;https://app.stihl.com/nl-nl/mystihl/tools/add/serial-number;2026-10-06;authenticated MY STIHL UI lookup;OFFICIAL_WEB_LOOKUP;OFFICIAL_STIHL_LOOKUP
163119085;"MS 440-Z 3/8"" RIM Magnum Motorsäge";stihl_ms_440;Kettingzaag;Benzine;MY_STIHL;https://app.stihl.com/nl-nl/mystihl/tools/add/serial-number;2026-10-06;authenticated MY STIHL UI lookup;OFFICIAL_WEB_LOOKUP;OFFICIAL_STIHL_LOOKUP
163119090;"MS 440-Z 3/8"" RIM Magnum Motorsäge";stihl_ms_440;Kettingzaag;Benzine;MY_STIHL;https://app.stihl.com/nl-nl/mystihl/tools/add/serial-number;2026-10-06;authenticated MY STIHL UI lookup;OFFICIAL_WEB_LOOKUP;OFFICIAL_STIHL_LOOKUP
163119095;"MS 440-Z 3/8"" RIM Magnum Motorsäge";stihl_ms_440;Kettingzaag;Benzine;MY_STIHL;https://app.stihl.com/nl-nl/mystihl/tools/add/serial-number;2026-10-06;authenticated MY STIHL UI lookup;OFFICIAL_WEB_LOOKUP;OFFICIAL_STIHL_LOOKUP
163119100;"MS 440-Z 3/8"" RIM Magnum Motorsäge";stihl_ms_440;Kettingzaag;Benzine;MY_STIHL;https://app.stihl.com/nl-nl/mystihl/tools/add/serial-number;2026-10-06;authenticated MY STIHL UI lookup;OFFICIAL_WEB_LOOKUP;OFFICIAL_STIHL_LOOKUP
163119105;"MS 440-Z 3/8"" RIM Magnum Motorsäge";stihl_ms_440;Kettingzaag;Benzine;MY_STIHL;https://app.stihl.com/nl-nl/mystihl/tools/add/serial-number;2026-10-06;authenticated MY STIHL UI lookup;OFFICIAL_WEB_LOOKUP;OFFICIAL_STIHL_LOOKUP
163119110;"MS 440-Z 3/8"" RIM Magnum Motorsäge";stihl_ms_440;Kettingzaag;Benzine;MY_STIHL;https://app.stihl.com/nl-nl/mystihl/tools/add/serial-number;2026-10-06;authenticated MY STIHL UI lookup;OFFICIAL_WEB_LOOKUP;OFFICIAL_STIHL_LOOKUP
163119115;"MS 440-Z 3/8"" RIM Magnum Motorsäge";stihl_ms_440;Kettingzaag;Benzine;MY_STIHL;https://app.stihl.com/nl-nl/mystihl/tools/add/serial-number;2026-10-06;authenticated MY STIHL UI lookup;OFFICIAL_WEB_LOOKUP;OFFICIAL_STIHL_LOOKUP
163119120;"MS 440-Z 3/8"" RIM Magnum Motorsäge";stihl_ms_440;Kettingzaag;Benzine;MY_STIHL;https://app.stihl.com/nl-nl/mystihl/tools/add/serial-number;2026-10-06;authenticated MY STIHL UI lookup;OFFICIAL_WEB_LOOKUP;OFFICIAL_STIHL_LOOKUP
163119125;"MS 440-Z 3/8"" RIM Magnum Motorsäge";stihl_ms_440;Kettingzaag;Benzine;MY_STIHL;https://app.stihl.com/nl-nl/mystihl/tools/add/serial-number;2026-10-06;authenticated MY STIHL UI lookup;OFFICIAL_WEB_LOOKUP;OFFICIAL_STIHL_LOOKUP
163119130;"MS 440-Z 3/8"" RIM Magnum Motorsäge";stihl_ms_440;Kettingzaag;Benzine;MY_STIHL;https://app.stihl.com/nl-nl/mystihl/tools/add/serial-number;2026-10-06;authenticated MY STIHL UI lookup;OFFICIAL_WEB_LOOKUP;OFFICIAL_STIHL_LOOKUP
163119135;"MS 440-Z 3/8"" RIM Magnum Motorsäge";stihl_ms_440;Kettingzaag;Benzine;MY_STIHL;https://app.stihl.com/nl-nl/mystihl/tools/add/serial-number;2026-10-06;authenticated MY STIHL UI lookup;OFFICIAL_WEB_LOOKUP;OFFICIAL_STIHL_LOOKUP
163119140;"MS 440-Z 3/8"" RIM Magnum Motorsäge";stihl_ms_440;Kettingzaag;Benzine;MY_STIHL;https://app.stihl.com/nl-nl/mystihl/tools/add/serial-number;2026-10-06;authenticated MY STIHL UI lookup;OFFICIAL_WEB_LOOKUP;OFFICIAL_STIHL_LOOKUP
163119145;"MS 440-Z 3/8"" RIM Magnum Motorsäge";stihl_ms_440;Kettingzaag;Benzine;MY_STIHL;https://app.stihl.com/nl-nl/mystihl/tools/add/serial-number;2026-10-06;authenticated MY STIHL UI lookup;OFFICIAL_WEB_LOOKUP;OFFICIAL_STIHL_LOOKUP
163119150;"MS 440-Z 3/8"" RIM Magnum Motorsäge";stihl_ms_440;Kettingzaag;Benzine;MY_STIHL;https://app.stihl.com/nl-nl/mystihl/tools/add/serial-number;2026-10-06;authenticated MY STIHL UI lookup;OFFICIAL_WEB_LOOKUP;OFFICIAL_STIHL_LOOKUP
163119155;"MS 440-Z 3/8"" RIM Magnum Motorsäge";stihl_ms_440;Kettingzaag;Benzine;MY_STIHL;https://app.stihl.com/nl-nl/mystihl/tools/add/serial-number;2026-10-06;authenticated MY STIHL UI lookup;OFFICIAL_WEB_LOOKUP;OFFICIAL_STIHL_LOOKUP
163119160;"MS 440-Z 3/8"" RIM Magnum Motorsäge";stihl_ms_440;Kettingzaag;Benzine;MY_STIHL;https://app.stihl.com/nl-nl/mystihl/tools/add/serial-number;2026-10-06;authenticated MY STIHL UI lookup;OFFICIAL_WEB_LOOKUP;OFFICIAL_STIHL_LOOKUP
163119165;"MS 440-Z 3/8"" RIM Magnum Motorsäge";stihl_ms_440;Kettingzaag;Benzine;MY_STIHL;https://app.stihl.com/nl-nl/mystihl/tools/add/serial-number;2026-10-06;authenticated MY STIHL UI lookup;OFFICIAL_WEB_LOOKUP;OFFICIAL_STIHL_LOOKUP
163119170;"MS 440-Z 3/8"" RIM Magnum Motorsäge";stihl_ms_440;Kettingzaag;Benzine;MY_STIHL;https://app.stihl.com/nl-nl/mystihl/tools/add/serial-number;2026-10-06;authenticated MY STIHL UI lookup;OFFICIAL_WEB_LOOKUP;OFFICIAL_STIHL_LOOKUP
163119175;"MS 440-Z 3/8"" RIM Magnum Motorsäge";stihl_ms_440;Kettingzaag;Benzine;MY_STIHL;https://app.stihl.com/nl-nl/mystihl/tools/add/serial-number;2026-10-06;authenticated MY STIHL UI lookup;OFFICIAL_WEB_LOOKUP;OFFICIAL_STIHL_LOOKUP
163119180;"MS 440-Z 3/8"" RIM Magnum Motorsäge";stihl_ms_440;Kettingzaag;Benzine;MY_STIHL;https://app.stihl.com/nl-nl/mystihl/tools/add/serial-number;2026-10-06;authenticated MY STIHL UI lookup;OFFICIAL_WEB_LOOKUP;OFFICIAL_STIHL_LOOKUP
163119185;"MS 440-Z 3/8"" RIM Magnum Motorsäge";stihl_ms_440;Kettingzaag;Benzine;MY_STIHL;https://app.stihl.com/nl-nl/mystihl/tools/add/serial-number;2026-10-06;authenticated MY STIHL UI lookup;OFFICIAL_WEB_LOOKUP;OFFICIAL_STIHL_LOOKUP
163119190;"MS 440-Z 3/8"" RIM Magnum Motorsäge";stihl_ms_440;Kettingzaag;Benzine;MY_STIHL;https://app.stihl.com/nl-nl/mystihl/tools/add/serial-number;2026-10-06;authenticated MY STIHL UI lookup;OFFICIAL_WEB_LOOKUP;OFFICIAL_STIHL_LOOKUP
163119195;"MS 440-Z 3/8"" RIM Magnum Motorsäge";stihl_ms_440;Kettingzaag;Benzine;MY_STIHL;https://app.stihl.com/nl-nl/mystihl/tools/add/serial-number;2026-10-06;authenticated MY STIHL UI lookup;OFFICIAL_WEB_LOOKUP;OFFICIAL_STIHL_LOOKUP
163119200;"MS 440-Z 3/8"" RIM Magnum Motorsäge";stihl_ms_440;Kettingzaag;Benzine;MY_STIHL;https://app.stihl.com/nl-nl/mystihl/tools/add/serial-number;2026-10-06;authenticated MY STIHL UI lookup;OFFICIAL_WEB_LOOKUP;OFFICIAL_STIHL_LOOKUP
163119205;"MS 440-Z 3/8"" RIM Magnum Motorsäge";stihl_ms_440;Kettingzaag;Benzine;MY_STIHL;https://app.stihl.com/nl-nl/mystihl/tools/add/serial-number;2026-10-06;authenticated MY STIHL UI lookup;OFFICIAL_WEB_LOOKUP;OFFICIAL_STIHL_LOOKUP
163119210;"MS 260 .325"" P Motorsäge";;Kettingzaag;Benzine;MY_STIHL;https://app.stihl.com/nl-nl/mystihl/tools/add/serial-number;2026-10-06;authenticated MY STIHL UI lookup;OFFICIAL_WEB_LOOKUP;OFFICIAL_STIHL_LOOKUP
163119215;"MS 260 .325"" P Motorsäge";;Kettingzaag;Benzine;MY_STIHL;https://app.stihl.com/nl-nl/mystihl/tools/add/serial-number;2026-10-06;authenticated MY STIHL UI lookup;OFFICIAL_WEB_LOOKUP;OFFICIAL_STIHL_LOOKUP
163119220;"MS 260 .325"" P Motorsäge";;Kettingzaag;Benzine;MY_STIHL;https://app.stihl.com/nl-nl/mystihl/tools/add/serial-number;2026-10-06;authenticated MY STIHL UI lookup;OFFICIAL_WEB_LOOKUP;OFFICIAL_STIHL_LOOKUP
163119225;"MS 260 .325"" P Motorsäge";;Kettingzaag;Benzine;MY_STIHL;https://app.stihl.com/nl-nl/mystihl/tools/add/serial-number;2026-10-06;authenticated MY STIHL UI lookup;OFFICIAL_WEB_LOOKUP;OFFICIAL_STIHL_LOOKUP
163119230;"MS 260 .325"" P Motorsäge";;Kettingzaag;Benzine;MY_STIHL;https://app.stihl.com/nl-nl/mystihl/tools/add/serial-number;2026-10-06;authenticated MY STIHL UI lookup;OFFICIAL_WEB_LOOKUP;OFFICIAL_STIHL_LOOKUP
163119235;"MS 260 .325"" P Motorsäge";;Kettingzaag;Benzine;MY_STIHL;https://app.stihl.com/nl-nl/mystihl/tools/add/serial-number;2026-10-06;authenticated MY STIHL UI lookup;OFFICIAL_WEB_LOOKUP;OFFICIAL_STIHL_LOOKUP
163119240;"MS 260 .325"" P Motorsäge";;Kettingzaag;Benzine;MY_STIHL;https://app.stihl.com/nl-nl/mystihl/tools/add/serial-number;2026-10-06;authenticated MY STIHL UI lookup;OFFICIAL_WEB_LOOKUP;OFFICIAL_STIHL_LOOKUP
163119245;"MS 260 .325"" P Motorsäge";;Kettingzaag;Benzine;MY_STIHL;https://app.stihl.com/nl-nl/mystihl/tools/add/serial-number;2026-10-06;authenticated MY STIHL UI lookup;OFFICIAL_WEB_LOOKUP;OFFICIAL_STIHL_LOOKUP
163119250;"MS 260 .325"" P Motorsäge";;Kettingzaag;Benzine;MY_STIHL;https://app.stihl.com/nl-nl/mystihl/tools/add/serial-number;2026-10-06;authenticated MY STIHL UI lookup;OFFICIAL_WEB_LOOKUP;OFFICIAL_STIHL_LOOKUP
163119255;"MS 260 .325"" P Motorsäge";;Kettingzaag;Benzine;MY_STIHL;https://app.stihl.com/nl-nl/mystihl/tools/add/serial-number;2026-10-06;authenticated MY STIHL UI lookup;OFFICIAL_WEB_LOOKUP;OFFICIAL_STIHL_LOOKUP
163119260;"MS 260 .325"" P Motorsäge";;Kettingzaag;Benzine;MY_STIHL;https://app.stihl.com/nl-nl/mystihl/tools/add/serial-number;2026-10-06;authenticated MY STIHL UI lookup;OFFICIAL_WEB_LOOKUP;OFFICIAL_STIHL_LOOKUP
163119265;"MS 260 .325"" P Motorsäge";;Kettingzaag;Benzine;MY_STIHL;https://app.stihl.com/nl-nl/mystihl/tools/add/serial-number;2026-10-06;authenticated MY STIHL UI lookup;OFFICIAL_WEB_LOOKUP;OFFICIAL_STIHL_LOOKUP
163119270;"MS 260 .325"" P Motorsäge";;Kettingzaag;Benzine;MY_STIHL;https://app.stihl.com/nl-nl/mystihl/tools/add/serial-number;2026-10-06;authenticated MY STIHL UI lookup;OFFICIAL_WEB_LOOKUP;OFFICIAL_STIHL_LOOKUP
163119275;"MS 260 .325"" P Motorsäge";;Kettingzaag;Benzine;MY_STIHL;https://app.stihl.com/nl-nl/mystihl/tools/add/serial-number;2026-10-06;authenticated MY STIHL UI lookup;OFFICIAL_WEB_LOOKUP;OFFICIAL_STIHL_LOOKUP
163119280;"MS 260 .325"" P Motorsäge";;Kettingzaag;Benzine;MY_STIHL;https://app.stihl.com/nl-nl/mystihl/tools/add/serial-number;2026-10-06;authenticated MY STIHL UI lookup;OFFICIAL_WEB_LOOKUP;OFFICIAL_STIHL_LOOKUP
163119285;"MS 260 .325"" P Motorsäge";;Kettingzaag;Benzine;MY_STIHL;https://app.stihl.com/nl-nl/mystihl/tools/add/serial-number;2026-10-06;authenticated MY STIHL UI lookup;OFFICIAL_WEB_LOOKUP;OFFICIAL_STIHL_LOOKUP
163119290;"MS 260 .325"" P Motorsäge";;Kettingzaag;Benzine;MY_STIHL;https://app.stihl.com/nl-nl/mystihl/tools/add/serial-number;2026-10-06;authenticated MY STIHL UI lookup;OFFICIAL_WEB_LOOKUP;OFFICIAL_STIHL_LOOKUP
163119295;"MS 260 .325"" P Motorsäge";;Kettingzaag;Benzine;MY_STIHL;https://app.stihl.com/nl-nl/mystihl/tools/add/serial-number;2026-10-06;authenticated MY STIHL UI lookup;OFFICIAL_WEB_LOOKUP;OFFICIAL_STIHL_LOOKUP
163119300;"MS 260 .325"" P Motorsäge";;Kettingzaag;Benzine;MY_STIHL;https://app.stihl.com/nl-nl/mystihl/tools/add/serial-number;2026-10-06;authenticated MY STIHL UI lookup;OFFICIAL_WEB_LOOKUP;OFFICIAL_STIHL_LOOKUP
163119305;"MS 260 .325"" P Motorsäge";;Kettingzaag;Benzine;MY_STIHL;https://app.stihl.com/nl-nl/mystihl/tools/add/serial-number;2026-10-06;authenticated MY STIHL UI lookup;OFFICIAL_WEB_LOOKUP;OFFICIAL_STIHL_LOOKUP
163119310;"MS 260 .325"" P Motorsäge";;Kettingzaag;Benzine;MY_STIHL;https://app.stihl.com/nl-nl/mystihl/tools/add/serial-number;2026-10-06;authenticated MY STIHL UI lookup;OFFICIAL_WEB_LOOKUP;OFFICIAL_STIHL_LOOKUP
163119315;"MS 260 .325"" P Motorsäge";;Kettingzaag;Benzine;MY_STIHL;https://app.stihl.com/nl-nl/mystihl/tools/add/serial-number;2026-10-06;authenticated MY STIHL UI lookup;OFFICIAL_WEB_LOOKUP;OFFICIAL_STIHL_LOOKUP
163119320;"MS 260 .325"" P Motorsäge";;Kettingzaag;Benzine;MY_STIHL;https://app.stihl.com/nl-nl/mystihl/tools/add/serial-number;2026-10-06;authenticated MY STIHL UI lookup;OFFICIAL_WEB_LOOKUP;OFFICIAL_STIHL_LOOKUP
163119325;"MS 260 .325"" P Motorsäge";;Kettingzaag;Benzine;MY_STIHL;https://app.stihl.com/nl-nl/mystihl/tools/add/serial-number;2026-10-06;authenticated MY STIHL UI lookup;OFFICIAL_WEB_LOOKUP;OFFICIAL_STIHL_LOOKUP
163119330;"MS 260 .325"" P Motorsäge";;Kettingzaag;Benzine;MY_STIHL;https://app.stihl.com/nl-nl/mystihl/tools/add/serial-number;2026-10-06;authenticated MY STIHL UI lookup;OFFICIAL_WEB_LOOKUP;OFFICIAL_STIHL_LOOKUP
163119335;"MS 260 .325"" P Motorsäge";;Kettingzaag;Benzine;MY_STIHL;https://app.stihl.com/nl-nl/mystihl/tools/add/serial-number;2026-10-06;authenticated MY STIHL UI lookup;OFFICIAL_WEB_LOOKUP;OFFICIAL_STIHL_LOOKUP
163119340;"MS 260 .325"" P Motorsäge";;Kettingzaag;Benzine;MY_STIHL;https://app.stihl.com/nl-nl/mystihl/tools/add/serial-number;2026-10-06;authenticated MY STIHL UI lookup;OFFICIAL_WEB_LOOKUP;OFFICIAL_STIHL_LOOKUP
163119345;"MS 260 .325"" P Motorsäge";;Kettingzaag;Benzine;MY_STIHL;https://app.stihl.com/nl-nl/mystihl/tools/add/serial-number;2026-10-06;authenticated MY STIHL UI lookup;OFFICIAL_WEB_LOOKUP;OFFICIAL_STIHL_LOOKUP
163119350;"MS 260 .325"" P Motorsäge";;Kettingzaag;Benzine;MY_STIHL;https://app.stihl.com/nl-nl/mystihl/tools/add/serial-number;2026-10-06;authenticated MY STIHL UI lookup;OFFICIAL_WEB_LOOKUP;OFFICIAL_STIHL_LOOKUP
163119355;"MS 260 .325"" P Motorsäge";;Kettingzaag;Benzine;MY_STIHL;https://app.stihl.com/nl-nl/mystihl/tools/add/serial-number;2026-10-06;authenticated MY STIHL UI lookup;OFFICIAL_WEB_LOOKUP;OFFICIAL_STIHL_LOOKUP
163119360;"MS 260 .325"" P Motorsäge";;Kettingzaag;Benzine;MY_STIHL;https://app.stihl.com/nl-nl/mystihl/tools/add/serial-number;2026-10-06;authenticated MY STIHL UI lookup;OFFICIAL_WEB_LOOKUP;OFFICIAL_STIHL_LOOKUP
163119365;"MS 260 .325"" P Motorsäge";;Kettingzaag;Benzine;MY_STIHL;https://app.stihl.com/nl-nl/mystihl/tools/add/serial-number;2026-10-06;authenticated MY STIHL UI lookup;OFFICIAL_WEB_LOOKUP;OFFICIAL_STIHL_LOOKUP
163119370;"MS 260 .325"" P Motorsäge";;Kettingzaag;Benzine;MY_STIHL;https://app.stihl.com/nl-nl/mystihl/tools/add/serial-number;2026-10-06;authenticated MY STIHL UI lookup;OFFICIAL_WEB_LOOKUP;OFFICIAL_STIHL_LOOKUP
163119375;"MS 260 .325"" P Motorsäge";;Kettingzaag;Benzine;MY_STIHL;https://app.stihl.com/nl-nl/mystihl/tools/add/serial-number;2026-10-06;authenticated MY STIHL UI lookup;OFFICIAL_WEB_LOOKUP;OFFICIAL_STIHL_LOOKUP
163119380;"MS 260 .325"" P Motorsäge";;Kettingzaag;Benzine;MY_STIHL;https://app.stihl.com/nl-nl/mystihl/tools/add/serial-number;2026-10-06;authenticated MY STIHL UI lookup;OFFICIAL_WEB_LOOKUP;OFFICIAL_STIHL_LOOKUP
163119385;"MS 260 .325"" P Motorsäge";;Kettingzaag;Benzine;MY_STIHL;https://app.stihl.com/nl-nl/mystihl/tools/add/serial-number;2026-10-06;authenticated MY STIHL UI lookup;OFFICIAL_WEB_LOOKUP;OFFICIAL_STIHL_LOOKUP
163119390;"MS 260 .325"" P Motorsäge";;Kettingzaag;Benzine;MY_STIHL;https://app.stihl.com/nl-nl/mystihl/tools/add/serial-number;2026-10-06;authenticated MY STIHL UI lookup;OFFICIAL_WEB_LOOKUP;OFFICIAL_STIHL_LOOKUP
163119395;"MS 260 .325"" P Motorsäge";;Kettingzaag;Benzine;MY_STIHL;https://app.stihl.com/nl-nl/mystihl/tools/add/serial-number;2026-10-06;authenticated MY STIHL UI lookup;OFFICIAL_WEB_LOOKUP;OFFICIAL_STIHL_LOOKUP
163119400;"MS 260 .325"" P Motorsäge";;Kettingzaag;Benzine;MY_STIHL;https://app.stihl.com/nl-nl/mystihl/tools/add/serial-number;2026-10-06;authenticated MY STIHL UI lookup;OFFICIAL_WEB_LOOKUP;OFFICIAL_STIHL_LOOKUP
163119405;"MS 260 .325"" P Motorsäge";;Kettingzaag;Benzine;MY_STIHL;https://app.stihl.com/nl-nl/mystihl/tools/add/serial-number;2026-10-06;authenticated MY STIHL UI lookup;OFFICIAL_WEB_LOOKUP;OFFICIAL_STIHL_LOOKUP
163119410;"MS 260 .325"" P Motorsäge";;Kettingzaag;Benzine;MY_STIHL;https://app.stihl.com/nl-nl/mystihl/tools/add/serial-number;2026-10-06;authenticated MY STIHL UI lookup;OFFICIAL_WEB_LOOKUP;OFFICIAL_STIHL_LOOKUP
163119415;"MS 260 .325"" P Motorsäge";;Kettingzaag;Benzine;MY_STIHL;https://app.stihl.com/nl-nl/mystihl/tools/add/serial-number;2026-10-06;authenticated MY STIHL UI lookup;OFFICIAL_WEB_LOOKUP;OFFICIAL_STIHL_LOOKUP
163119420;"MS 260 .325"" P Motorsäge";;Kettingzaag;Benzine;MY_STIHL;https://app.stihl.com/nl-nl/mystihl/tools/add/serial-number;2026-10-06;authenticated MY STIHL UI lookup;OFFICIAL_WEB_LOOKUP;OFFICIAL_STIHL_LOOKUP
163119425;"MS 260 .325"" P Motorsäge";;Kettingzaag;Benzine;MY_STIHL;https://app.stihl.com/nl-nl/mystihl/tools/add/serial-number;2026-10-06;authenticated MY STIHL UI lookup;OFFICIAL_WEB_LOOKUP;OFFICIAL_STIHL_LOOKUP
163119430;"MS 260 .325"" P Motorsäge";;Kettingzaag;Benzine;MY_STIHL;https://app.stihl.com/nl-nl/mystihl/tools/add/serial-number;2026-10-06;authenticated MY STIHL UI lookup;OFFICIAL_WEB_LOOKUP;OFFICIAL_STIHL_LOOKUP
163119435;"MS 260 .325"" P Motorsäge";;Kettingzaag;Benzine;MY_STIHL;https://app.stihl.com/nl-nl/mystihl/tools/add/serial-number;2026-10-06;authenticated MY STIHL UI lookup;OFFICIAL_WEB_LOOKUP;OFFICIAL_STIHL_LOOKUP
163119440;"MS 260 .325"" P Motorsäge";;Kettingzaag;Benzine;MY_STIHL;https://app.stihl.com/nl-nl/mystihl/tools/add/serial-number;2026-10-06;authenticated MY STIHL UI lookup;OFFICIAL_WEB_LOOKUP;OFFICIAL_STIHL_LOOKUP
163119445;"MS 260 .325"" P Motorsäge";;Kettingzaag;Benzine;MY_STIHL;https://app.stihl.com/nl-nl/mystihl/tools/add/serial-number;2026-10-06;authenticated MY STIHL UI lookup;OFFICIAL_WEB_LOOKUP;OFFICIAL_STIHL_LOOKUP
163119450;"MS 260 .325"" P Motorsäge";;Kettingzaag;Benzine;MY_STIHL;https://app.stihl.com/nl-nl/mystihl/tools/add/serial-number;2026-10-06;authenticated MY STIHL UI lookup;OFFICIAL_WEB_LOOKUP;OFFICIAL_STIHL_LOOKUP
163119455;"MS 260 .325"" P Motorsäge";;Kettingzaag;Benzine;MY_STIHL;https://app.stihl.com/nl-nl/mystihl/tools/add/serial-number;2026-10-06;authenticated MY STIHL UI lookup;OFFICIAL_WEB_LOOKUP;OFFICIAL_STIHL_LOOKUP
163119460;"MS 260 .325"" P Motorsäge";;Kettingzaag;Benzine;MY_STIHL;https://app.stihl.com/nl-nl/mystihl/tools/add/serial-number;2026-10-06;authenticated MY STIHL UI lookup;OFFICIAL_WEB_LOOKUP;OFFICIAL_STIHL_LOOKUP
163119465;"MS 260 .325"" P Motorsäge";;Kettingzaag;Benzine;MY_STIHL;https://app.stihl.com/nl-nl/mystihl/tools/add/serial-number;2026-10-06;authenticated MY STIHL UI lookup;OFFICIAL_WEB_LOOKUP;OFFICIAL_STIHL_LOOKUP
163119470;"MS 260 .325"" P Motorsäge";;Kettingzaag;Benzine;MY_STIHL;https://app.stihl.com/nl-nl/mystihl/tools/add/serial-number;2026-10-06;authenticated MY STIHL UI lookup;OFFICIAL_WEB_LOOKUP;OFFICIAL_STIHL_LOOKUP
163119475;"MS 260 .325"" P Motorsäge";;Kettingzaag;Benzine;MY_STIHL;https://app.stihl.com/nl-nl/mystihl/tools/add/serial-number;2026-10-06;authenticated MY STIHL UI lookup;OFFICIAL_WEB_LOOKUP;OFFICIAL_STIHL_LOOKUP
163119480;"MS 260 .325"" P Motorsäge";;Kettingzaag;Benzine;MY_STIHL;https://app.stihl.com/nl-nl/mystihl/tools/add/serial-number;2026-10-06;authenticated MY STIHL UI lookup;OFFICIAL_WEB_LOOKUP;OFFICIAL_STIHL_LOOKUP
163119485;"MS 260 .325"" P Motorsäge";;Kettingzaag;Benzine;MY_STIHL;https://app.stihl.com/nl-nl/mystihl/tools/add/serial-number;2026-10-06;authenticated MY STIHL UI lookup;OFFICIAL_WEB_LOOKUP;OFFICIAL_STIHL_LOOKUP
163119490;"MS 260 .325"" P Motorsäge";;Kettingzaag;Benzine;MY_STIHL;https://app.stihl.com/nl-nl/mystihl/tools/add/serial-number;2026-10-06;authenticated MY STIHL UI lookup;OFFICIAL_WEB_LOOKUP;OFFICIAL_STIHL_LOOKUP
163119495;"MS 260 .325"" P Motorsäge";;Kettingzaag;Benzine;MY_STIHL;https://app.stihl.com/nl-nl/mystihl/tools/add/serial-number;2026-10-06;authenticated MY STIHL UI lookup;OFFICIAL_WEB_LOOKUP;OFFICIAL_STIHL_LOOKUP
163119500;"MS 260 .325"" P Motorsäge";;Kettingzaag;Benzine;MY_STIHL;https://app.stihl.com/nl-nl/mystihl/tools/add/serial-number;2026-10-06;authenticated MY STIHL UI lookup;OFFICIAL_WEB_LOOKUP;OFFICIAL_STIHL_LOOKUP
163119505;"MS 260 .325"" P Motorsäge";;Kettingzaag;Benzine;MY_STIHL;https://app.stihl.com/nl-nl/mystihl/tools/add/serial-number;2026-10-06;authenticated MY STIHL UI lookup;OFFICIAL_WEB_LOOKUP;OFFICIAL_STIHL_LOOKUP
163119510;"MS 260 .325"" P Motorsäge";;Kettingzaag;Benzine;MY_STIHL;https://app.stihl.com/nl-nl/mystihl/tools/add/serial-number;2026-10-06;authenticated MY STIHL UI lookup;OFFICIAL_WEB_LOOKUP;OFFICIAL_STIHL_LOOKUP
163119515;"MS 260 .325"" P Motorsäge";;Kettingzaag;Benzine;MY_STIHL;https://app.stihl.com/nl-nl/mystihl/tools/add/serial-number;2026-10-06;authenticated MY STIHL UI lookup;OFFICIAL_WEB_LOOKUP;OFFICIAL_STIHL_LOOKUP
163119520;"MS 260 .325"" P Motorsäge";;Kettingzaag;Benzine;MY_STIHL;https://app.stihl.com/nl-nl/mystihl/tools/add/serial-number;2026-10-06;authenticated MY STIHL UI lookup;OFFICIAL_WEB_LOOKUP;OFFICIAL_STIHL_LOOKUP
163119525;"MS 260 .325"" P Motorsäge";;Kettingzaag;Benzine;MY_STIHL;https://app.stihl.com/nl-nl/mystihl/tools/add/serial-number;2026-10-06;authenticated MY STIHL UI lookup;OFFICIAL_WEB_LOOKUP;OFFICIAL_STIHL_LOOKUP
163119530;"MS 260 .325"" P Motorsäge";;Kettingzaag;Benzine;MY_STIHL;https://app.stihl.com/nl-nl/mystihl/tools/add/serial-number;2026-10-06;authenticated MY STIHL UI lookup;OFFICIAL_WEB_LOOKUP;OFFICIAL_STIHL_LOOKUP
163119535;"MS 260 .325"" P Motorsäge";;Kettingzaag;Benzine;MY_STIHL;https://app.stihl.com/nl-nl/mystihl/tools/add/serial-number;2026-10-06;authenticated MY STIHL UI lookup;OFFICIAL_WEB_LOOKUP;OFFICIAL_STIHL_LOOKUP
163119540;"MS 260 .325"" P Motorsäge";;Kettingzaag;Benzine;MY_STIHL;https://app.stihl.com/nl-nl/mystihl/tools/add/serial-number;2026-10-06;authenticated MY STIHL UI lookup;OFFICIAL_WEB_LOOKUP;OFFICIAL_STIHL_LOOKUP
163119545;"MS 260 .325"" P Motorsäge";;Kettingzaag;Benzine;MY_STIHL;https://app.stihl.com/nl-nl/mystihl/tools/add/serial-number;2026-10-06;authenticated MY STIHL UI lookup;OFFICIAL_WEB_LOOKUP;OFFICIAL_STIHL_LOOKUP
163119550;"MS 260 .325"" P Motorsäge";;Kettingzaag;Benzine;MY_STIHL;https://app.stihl.com/nl-nl/mystihl/tools/add/serial-number;2026-10-06;authenticated MY STIHL UI lookup;OFFICIAL_WEB_LOOKUP;OFFICIAL_STIHL_LOOKUP
163119555;"MS 260 .325"" P Motorsäge";;Kettingzaag;Benzine;MY_STIHL;https://app.stihl.com/nl-nl/mystihl/tools/add/serial-number;2026-10-06;authenticated MY STIHL UI lookup;OFFICIAL_WEB_LOOKUP;OFFICIAL_STIHL_LOOKUP
163119560;"MS 260 .325"" P Motorsäge";;Kettingzaag;Benzine;MY_STIHL;https://app.stihl.com/nl-nl/mystihl/tools/add/serial-number;2026-10-06;authenticated MY STIHL UI lookup;OFFICIAL_WEB_LOOKUP;OFFICIAL_STIHL_LOOKUP
163119565;"MS 260 .325"" P Motorsäge";;Kettingzaag;Benzine;MY_STIHL;https://app.stihl.com/nl-nl/mystihl/tools/add/serial-number;2026-10-06;authenticated MY STIHL UI lookup;OFFICIAL_WEB_LOOKUP;OFFICIAL_STIHL_LOOKUP
163120245;"MS 660 3/8""P P Motorsäge";;Kettingzaag;Benzine;MY_STIHL;https://app.stihl.com/nl-nl/mystihl/tools/add/serial-number;2026-10-06;authenticated MY STIHL UI lookup;OFFICIAL_WEB_LOOKUP;OFFICIAL_STIHL_LOOKUP
163120250;"MS 660 3/8""P P Motorsäge";;Kettingzaag;Benzine;MY_STIHL;https://app.stihl.com/nl-nl/mystihl/tools/add/serial-number;2026-10-06;authenticated MY STIHL UI lookup;OFFICIAL_WEB_LOOKUP;OFFICIAL_STIHL_LOOKUP
163120255;"MS 660 3/8""P P Motorsäge";;Kettingzaag;Benzine;MY_STIHL;https://app.stihl.com/nl-nl/mystihl/tools/add/serial-number;2026-10-06;authenticated MY STIHL UI lookup;OFFICIAL_WEB_LOOKUP;OFFICIAL_STIHL_LOOKUP
163120260;"MS 660 3/8""P P Motorsäge";;Kettingzaag;Benzine;MY_STIHL;https://app.stihl.com/nl-nl/mystihl/tools/add/serial-number;2026-10-06;authenticated MY STIHL UI lookup;OFFICIAL_WEB_LOOKUP;OFFICIAL_STIHL_LOOKUP
163120265;"MS 660 3/8""P P Motorsäge";;Kettingzaag;Benzine;MY_STIHL;https://app.stihl.com/nl-nl/mystihl/tools/add/serial-number;2026-10-06;authenticated MY STIHL UI lookup;OFFICIAL_WEB_LOOKUP;OFFICIAL_STIHL_LOOKUP
163120270;"MS 660 3/8""P P Motorsäge";;Kettingzaag;Benzine;MY_STIHL;https://app.stihl.com/nl-nl/mystihl/tools/add/serial-number;2026-10-06;authenticated MY STIHL UI lookup;OFFICIAL_WEB_LOOKUP;OFFICIAL_STIHL_LOOKUP
163120275;"MS 660 3/8""P P Motorsäge";;Kettingzaag;Benzine;MY_STIHL;https://app.stihl.com/nl-nl/mystihl/tools/add/serial-number;2026-10-06;authenticated MY STIHL UI lookup;OFFICIAL_WEB_LOOKUP;OFFICIAL_STIHL_LOOKUP
163120280;"MS 660 3/8""P P Motorsäge";;Kettingzaag;Benzine;MY_STIHL;https://app.stihl.com/nl-nl/mystihl/tools/add/serial-number;2026-10-06;authenticated MY STIHL UI lookup;OFFICIAL_WEB_LOOKUP;OFFICIAL_STIHL_LOOKUP
163120285;"MS 660 3/8""P P Motorsäge";;Kettingzaag;Benzine;MY_STIHL;https://app.stihl.com/nl-nl/mystihl/tools/add/serial-number;2026-10-06;authenticated MY STIHL UI lookup;OFFICIAL_WEB_LOOKUP;OFFICIAL_STIHL_LOOKUP
163120290;"MS 660 3/8""P P Motorsäge";;Kettingzaag;Benzine;MY_STIHL;https://app.stihl.com/nl-nl/mystihl/tools/add/serial-number;2026-10-06;authenticated MY STIHL UI lookup;OFFICIAL_WEB_LOOKUP;OFFICIAL_STIHL_LOOKUP
163120295;"MS 660 3/8""P P Motorsäge";;Kettingzaag;Benzine;MY_STIHL;https://app.stihl.com/nl-nl/mystihl/tools/add/serial-number;2026-10-06;authenticated MY STIHL UI lookup;OFFICIAL_WEB_LOOKUP;OFFICIAL_STIHL_LOOKUP
163120300;"MS 660 3/8""P P Motorsäge";;Kettingzaag;Benzine;MY_STIHL;https://app.stihl.com/nl-nl/mystihl/tools/add/serial-number;2026-10-06;authenticated MY STIHL UI lookup;OFFICIAL_WEB_LOOKUP;OFFICIAL_STIHL_LOOKUP
163120305;"MS 660 3/8""P P Motorsäge";;Kettingzaag;Benzine;MY_STIHL;https://app.stihl.com/nl-nl/mystihl/tools/add/serial-number;2026-10-06;authenticated MY STIHL UI lookup;OFFICIAL_WEB_LOOKUP;OFFICIAL_STIHL_LOOKUP
163120310;"MS 660 3/8""P P Motorsäge";;Kettingzaag;Benzine;MY_STIHL;https://app.stihl.com/nl-nl/mystihl/tools/add/serial-number;2026-10-06;authenticated MY STIHL UI lookup;OFFICIAL_WEB_LOOKUP;OFFICIAL_STIHL_LOOKUP
163120315;"MS 660 3/8""P P Motorsäge";;Kettingzaag;Benzine;MY_STIHL;https://app.stihl.com/nl-nl/mystihl/tools/add/serial-number;2026-10-06;authenticated MY STIHL UI lookup;OFFICIAL_WEB_LOOKUP;OFFICIAL_STIHL_LOOKUP
163120320;"MS 660 3/8""P P Motorsäge";;Kettingzaag;Benzine;MY_STIHL;https://app.stihl.com/nl-nl/mystihl/tools/add/serial-number;2026-10-06;authenticated MY STIHL UI lookup;OFFICIAL_WEB_LOOKUP;OFFICIAL_STIHL_LOOKUP
163120325;"MS 660 3/8""P P Motorsäge";;Kettingzaag;Benzine;MY_STIHL;https://app.stihl.com/nl-nl/mystihl/tools/add/serial-number;2026-10-06;authenticated MY STIHL UI lookup;OFFICIAL_WEB_LOOKUP;OFFICIAL_STIHL_LOOKUP
163120330;"MS 660 3/8""P P Motorsäge";;Kettingzaag;Benzine;MY_STIHL;https://app.stihl.com/nl-nl/mystihl/tools/add/serial-number;2026-10-06;authenticated MY STIHL UI lookup;OFFICIAL_WEB_LOOKUP;OFFICIAL_STIHL_LOOKUP
163120335;"MS 660 3/8""P P Motorsäge";;Kettingzaag;Benzine;MY_STIHL;https://app.stihl.com/nl-nl/mystihl/tools/add/serial-number;2026-10-06;authenticated MY STIHL UI lookup;OFFICIAL_WEB_LOOKUP;OFFICIAL_STIHL_LOOKUP
163120340;"MS 660 3/8""P P Motorsäge";;Kettingzaag;Benzine;MY_STIHL;https://app.stihl.com/nl-nl/mystihl/tools/add/serial-number;2026-10-06;authenticated MY STIHL UI lookup;OFFICIAL_WEB_LOOKUP;OFFICIAL_STIHL_LOOKUP
163120345;"MS 660 3/8""P P Motorsäge";;Kettingzaag;Benzine;MY_STIHL;https://app.stihl.com/nl-nl/mystihl/tools/add/serial-number;2026-10-06;authenticated MY STIHL UI lookup;OFFICIAL_WEB_LOOKUP;OFFICIAL_STIHL_LOOKUP
163120350;"MS 660 3/8""P P Motorsäge";;Kettingzaag;Benzine;MY_STIHL;https://app.stihl.com/nl-nl/mystihl/tools/add/serial-number;2026-10-06;authenticated MY STIHL UI lookup;OFFICIAL_WEB_LOOKUP;OFFICIAL_STIHL_LOOKUP
163120355;"MS 660 3/8""P P Motorsäge";;Kettingzaag;Benzine;MY_STIHL;https://app.stihl.com/nl-nl/mystihl/tools/add/serial-number;2026-10-06;authenticated MY STIHL UI lookup;OFFICIAL_WEB_LOOKUP;OFFICIAL_STIHL_LOOKUP
163120360;"MS 660 3/8""P P Motorsäge";;Kettingzaag;Benzine;MY_STIHL;https://app.stihl.com/nl-nl/mystihl/tools/add/serial-number;2026-10-06;authenticated MY STIHL UI lookup;OFFICIAL_WEB_LOOKUP;OFFICIAL_STIHL_LOOKUP
163120365;FS 550-Z Freischneider;;Bosmaaier;Benzine;MY_STIHL;https://app.stihl.com/nl-nl/mystihl/tools/add/serial-number;2026-10-06;authenticated MY STIHL UI lookup;OFFICIAL_WEB_LOOKUP;OFFICIAL_STIHL_LOOKUP
163120370;FS 550-Z Freischneider;;Bosmaaier;Benzine;MY_STIHL;https://app.stihl.com/nl-nl/mystihl/tools/add/serial-number;2026-10-06;authenticated MY STIHL UI lookup;OFFICIAL_WEB_LOOKUP;OFFICIAL_STIHL_LOOKUP
163120375;FS 550-Z Freischneider;;Bosmaaier;Benzine;MY_STIHL;https://app.stihl.com/nl-nl/mystihl/tools/add/serial-number;2026-10-06;authenticated MY STIHL UI lookup;OFFICIAL_WEB_LOOKUP;OFFICIAL_STIHL_LOOKUP
163120380;FS 550-Z Freischneider;;Bosmaaier;Benzine;MY_STIHL;https://app.stihl.com/nl-nl/mystihl/tools/add/serial-number;2026-10-06;authenticated MY STIHL UI lookup;OFFICIAL_WEB_LOOKUP;OFFICIAL_STIHL_LOOKUP
163120385;FS 550-Z Freischneider;;Bosmaaier;Benzine;MY_STIHL;https://app.stihl.com/nl-nl/mystihl/tools/add/serial-number;2026-10-06;authenticated MY STIHL UI lookup;OFFICIAL_WEB_LOOKUP;OFFICIAL_STIHL_LOOKUP
163120390;FS 550-Z Freischneider;;Bosmaaier;Benzine;MY_STIHL;https://app.stihl.com/nl-nl/mystihl/tools/add/serial-number;2026-10-06;authenticated MY STIHL UI lookup;OFFICIAL_WEB_LOOKUP;OFFICIAL_STIHL_LOOKUP
163120395;FS 550-Z Freischneider;;Bosmaaier;Benzine;MY_STIHL;https://app.stihl.com/nl-nl/mystihl/tools/add/serial-number;2026-10-06;authenticated MY STIHL UI lookup;OFFICIAL_WEB_LOOKUP;OFFICIAL_STIHL_LOOKUP
163120400;FS 550-Z Freischneider;;Bosmaaier;Benzine;MY_STIHL;https://app.stihl.com/nl-nl/mystihl/tools/add/serial-number;2026-10-06;authenticated MY STIHL UI lookup;OFFICIAL_WEB_LOOKUP;OFFICIAL_STIHL_LOOKUP
163120405;FS 550-Z Freischneider;;Bosmaaier;Benzine;MY_STIHL;https://app.stihl.com/nl-nl/mystihl/tools/add/serial-number;2026-10-06;authenticated MY STIHL UI lookup;OFFICIAL_WEB_LOOKUP;OFFICIAL_STIHL_LOOKUP
163120410;FS 550-Z Freischneider;;Bosmaaier;Benzine;MY_STIHL;https://app.stihl.com/nl-nl/mystihl/tools/add/serial-number;2026-10-06;authenticated MY STIHL UI lookup;OFFICIAL_WEB_LOOKUP;OFFICIAL_STIHL_LOOKUP
163120415;FS 550-Z Freischneider;;Bosmaaier;Benzine;MY_STIHL;https://app.stihl.com/nl-nl/mystihl/tools/add/serial-number;2026-10-06;authenticated MY STIHL UI lookup;OFFICIAL_WEB_LOOKUP;OFFICIAL_STIHL_LOOKUP
163120420;FS 550-Z Freischneider;;Bosmaaier;Benzine;MY_STIHL;https://app.stihl.com/nl-nl/mystihl/tools/add/serial-number;2026-10-06;authenticated MY STIHL UI lookup;OFFICIAL_WEB_LOOKUP;OFFICIAL_STIHL_LOOKUP
163120425;FS 550-Z Freischneider;;Bosmaaier;Benzine;MY_STIHL;https://app.stihl.com/nl-nl/mystihl/tools/add/serial-number;2026-10-06;authenticated MY STIHL UI lookup;OFFICIAL_WEB_LOOKUP;OFFICIAL_STIHL_LOOKUP
163120430;FS 550-Z Freischneider;;Bosmaaier;Benzine;MY_STIHL;https://app.stihl.com/nl-nl/mystihl/tools/add/serial-number;2026-10-06;authenticated MY STIHL UI lookup;OFFICIAL_WEB_LOOKUP;OFFICIAL_STIHL_LOOKUP
163120435;FS 550-Z Freischneider;;Bosmaaier;Benzine;MY_STIHL;https://app.stihl.com/nl-nl/mystihl/tools/add/serial-number;2026-10-06;authenticated MY STIHL UI lookup;OFFICIAL_WEB_LOOKUP;OFFICIAL_STIHL_LOOKUP
163120440;FS 550-Z Freischneider;;Bosmaaier;Benzine;MY_STIHL;https://app.stihl.com/nl-nl/mystihl/tools/add/serial-number;2026-10-06;authenticated MY STIHL UI lookup;OFFICIAL_WEB_LOOKUP;OFFICIAL_STIHL_LOOKUP
163120445;FS 550-Z Freischneider;;Bosmaaier;Benzine;MY_STIHL;https://app.stihl.com/nl-nl/mystihl/tools/add/serial-number;2026-10-06;authenticated MY STIHL UI lookup;OFFICIAL_WEB_LOOKUP;OFFICIAL_STIHL_LOOKUP
163120450;FS 550-Z Freischneider;;Bosmaaier;Benzine;MY_STIHL;https://app.stihl.com/nl-nl/mystihl/tools/add/serial-number;2026-10-06;authenticated MY STIHL UI lookup;OFFICIAL_WEB_LOOKUP;OFFICIAL_STIHL_LOOKUP
163120455;FS 550-Z Freischneider;;Bosmaaier;Benzine;MY_STIHL;https://app.stihl.com/nl-nl/mystihl/tools/add/serial-number;2026-10-06;authenticated MY STIHL UI lookup;OFFICIAL_WEB_LOOKUP;OFFICIAL_STIHL_LOOKUP
163120460;FS 550-Z Freischneider;;Bosmaaier;Benzine;MY_STIHL;https://app.stihl.com/nl-nl/mystihl/tools/add/serial-number;2026-10-06;authenticated MY STIHL UI lookup;OFFICIAL_WEB_LOOKUP;OFFICIAL_STIHL_LOOKUP
163120465;FS 550-Z Freischneider;;Bosmaaier;Benzine;MY_STIHL;https://app.stihl.com/nl-nl/mystihl/tools/add/serial-number;2026-10-06;authenticated MY STIHL UI lookup;OFFICIAL_WEB_LOOKUP;OFFICIAL_STIHL_LOOKUP
163120470;FS 550-Z Freischneider;;Bosmaaier;Benzine;MY_STIHL;https://app.stihl.com/nl-nl/mystihl/tools/add/serial-number;2026-10-06;authenticated MY STIHL UI lookup;OFFICIAL_WEB_LOOKUP;OFFICIAL_STIHL_LOOKUP
163120475;FS 550-Z Freischneider;;Bosmaaier;Benzine;MY_STIHL;https://app.stihl.com/nl-nl/mystihl/tools/add/serial-number;2026-10-06;authenticated MY STIHL UI lookup;OFFICIAL_WEB_LOOKUP;OFFICIAL_STIHL_LOOKUP
163120480;FS 550-Z Freischneider;;Bosmaaier;Benzine;MY_STIHL;https://app.stihl.com/nl-nl/mystihl/tools/add/serial-number;2026-10-06;authenticated MY STIHL UI lookup;OFFICIAL_WEB_LOOKUP;OFFICIAL_STIHL_LOOKUP
163120485;FS 550-Z Freischneider;;Bosmaaier;Benzine;MY_STIHL;https://app.stihl.com/nl-nl/mystihl/tools/add/serial-number;2026-10-06;authenticated MY STIHL UI lookup;OFFICIAL_WEB_LOOKUP;OFFICIAL_STIHL_LOOKUP
163120490;FS 550-Z Freischneider;;Bosmaaier;Benzine;MY_STIHL;https://app.stihl.com/nl-nl/mystihl/tools/add/serial-number;2026-10-06;authenticated MY STIHL UI lookup;OFFICIAL_WEB_LOOKUP;OFFICIAL_STIHL_LOOKUP
163120495;FS 550-Z Freischneider;;Bosmaaier;Benzine;MY_STIHL;https://app.stihl.com/nl-nl/mystihl/tools/add/serial-number;2026-10-06;authenticated MY STIHL UI lookup;OFFICIAL_WEB_LOOKUP;OFFICIAL_STIHL_LOOKUP
163120500;FS 550-Z Freischneider;;Bosmaaier;Benzine;MY_STIHL;https://app.stihl.com/nl-nl/mystihl/tools/add/serial-number;2026-10-06;authenticated MY STIHL UI lookup;OFFICIAL_WEB_LOOKUP;OFFICIAL_STIHL_LOOKUP
163120505;FS 550-Z Freischneider;;Bosmaaier;Benzine;MY_STIHL;https://app.stihl.com/nl-nl/mystihl/tools/add/serial-number;2026-10-06;authenticated MY STIHL UI lookup;OFFICIAL_WEB_LOOKUP;OFFICIAL_STIHL_LOOKUP
163120510;FS 550-Z Freischneider;;Bosmaaier;Benzine;MY_STIHL;https://app.stihl.com/nl-nl/mystihl/tools/add/serial-number;2026-10-06;authenticated MY STIHL UI lookup;OFFICIAL_WEB_LOOKUP;OFFICIAL_STIHL_LOOKUP
163120515;FS 550-Z Freischneider;;Bosmaaier;Benzine;MY_STIHL;https://app.stihl.com/nl-nl/mystihl/tools/add/serial-number;2026-10-06;authenticated MY STIHL UI lookup;OFFICIAL_WEB_LOOKUP;OFFICIAL_STIHL_LOOKUP
163120520;FS 550-Z Freischneider;;Bosmaaier;Benzine;MY_STIHL;https://app.stihl.com/nl-nl/mystihl/tools/add/serial-number;2026-10-06;authenticated MY STIHL UI lookup;OFFICIAL_WEB_LOOKUP;OFFICIAL_STIHL_LOOKUP
163120525;FS 550-Z Freischneider;;Bosmaaier;Benzine;MY_STIHL;https://app.stihl.com/nl-nl/mystihl/tools/add/serial-number;2026-10-06;authenticated MY STIHL UI lookup;OFFICIAL_WEB_LOOKUP;OFFICIAL_STIHL_LOOKUP
163120530;FS 550-Z Freischneider;;Bosmaaier;Benzine;MY_STIHL;https://app.stihl.com/nl-nl/mystihl/tools/add/serial-number;2026-10-06;authenticated MY STIHL UI lookup;OFFICIAL_WEB_LOOKUP;OFFICIAL_STIHL_LOOKUP
163120535;FS 550-Z Freischneider;;Bosmaaier;Benzine;MY_STIHL;https://app.stihl.com/nl-nl/mystihl/tools/add/serial-number;2026-10-06;authenticated MY STIHL UI lookup;OFFICIAL_WEB_LOOKUP;OFFICIAL_STIHL_LOOKUP
163120540;FS 550-Z Freischneider;;Bosmaaier;Benzine;MY_STIHL;https://app.stihl.com/nl-nl/mystihl/tools/add/serial-number;2026-10-06;authenticated MY STIHL UI lookup;OFFICIAL_WEB_LOOKUP;OFFICIAL_STIHL_LOOKUP
163120545;FS 550-Z Freischneider;;Bosmaaier;Benzine;MY_STIHL;https://app.stihl.com/nl-nl/mystihl/tools/add/serial-number;2026-10-06;authenticated MY STIHL UI lookup;OFFICIAL_WEB_LOOKUP;OFFICIAL_STIHL_LOOKUP
163120550;FS 550-Z Freischneider;;Bosmaaier;Benzine;MY_STIHL;https://app.stihl.com/nl-nl/mystihl/tools/add/serial-number;2026-10-06;authenticated MY STIHL UI lookup;OFFICIAL_WEB_LOOKUP;OFFICIAL_STIHL_LOOKUP
163120555;FS 550-Z Freischneider;;Bosmaaier;Benzine;MY_STIHL;https://app.stihl.com/nl-nl/mystihl/tools/add/serial-number;2026-10-06;authenticated MY STIHL UI lookup;OFFICIAL_WEB_LOOKUP;OFFICIAL_STIHL_LOOKUP
163120560;FS 550-Z Freischneider;;Bosmaaier;Benzine;MY_STIHL;https://app.stihl.com/nl-nl/mystihl/tools/add/serial-number;2026-10-06;authenticated MY STIHL UI lookup;OFFICIAL_WEB_LOOKUP;OFFICIAL_STIHL_LOOKUP
163120565;FS 550-Z Freischneider;;Bosmaaier;Benzine;MY_STIHL;https://app.stihl.com/nl-nl/mystihl/tools/add/serial-number;2026-10-06;authenticated MY STIHL UI lookup;OFFICIAL_WEB_LOOKUP;OFFICIAL_STIHL_LOOKUP
163120570;FS 550-Z Freischneider;;Bosmaaier;Benzine;MY_STIHL;https://app.stihl.com/nl-nl/mystihl/tools/add/serial-number;2026-10-06;authenticated MY STIHL UI lookup;OFFICIAL_WEB_LOOKUP;OFFICIAL_STIHL_LOOKUP
163120575;FS 550-Z Freischneider;;Bosmaaier;Benzine;MY_STIHL;https://app.stihl.com/nl-nl/mystihl/tools/add/serial-number;2026-10-06;authenticated MY STIHL UI lookup;OFFICIAL_WEB_LOOKUP;OFFICIAL_STIHL_LOOKUP
163120580;FS 550-Z Freischneider;;Bosmaaier;Benzine;MY_STIHL;https://app.stihl.com/nl-nl/mystihl/tools/add/serial-number;2026-10-06;authenticated MY STIHL UI lookup;OFFICIAL_WEB_LOOKUP;OFFICIAL_STIHL_LOOKUP
163120585;FS 550-Z Freischneider;;Bosmaaier;Benzine;MY_STIHL;https://app.stihl.com/nl-nl/mystihl/tools/add/serial-number;2026-10-06;authenticated MY STIHL UI lookup;OFFICIAL_WEB_LOOKUP;OFFICIAL_STIHL_LOOKUP
163120590;FS 550-Z Freischneider;;Bosmaaier;Benzine;MY_STIHL;https://app.stihl.com/nl-nl/mystihl/tools/add/serial-number;2026-10-06;authenticated MY STIHL UI lookup;OFFICIAL_WEB_LOOKUP;OFFICIAL_STIHL_LOOKUP
163120595;FS 550-Z Freischneider;;Bosmaaier;Benzine;MY_STIHL;https://app.stihl.com/nl-nl/mystihl/tools/add/serial-number;2026-10-06;authenticated MY STIHL UI lookup;OFFICIAL_WEB_LOOKUP;OFFICIAL_STIHL_LOOKUP
163120600;FS 550-Z Freischneider;;Bosmaaier;Benzine;MY_STIHL;https://app.stihl.com/nl-nl/mystihl/tools/add/serial-number;2026-10-06;authenticated MY STIHL UI lookup;OFFICIAL_WEB_LOOKUP;OFFICIAL_STIHL_LOOKUP
163120605;FS 550-Z Freischneider;;Bosmaaier;Benzine;MY_STIHL;https://app.stihl.com/nl-nl/mystihl/tools/add/serial-number;2026-10-06;authenticated MY STIHL UI lookup;OFFICIAL_WEB_LOOKUP;OFFICIAL_STIHL_LOOKUP
163120610;FS 550-Z Freischneider;;Bosmaaier;Benzine;MY_STIHL;https://app.stihl.com/nl-nl/mystihl/tools/add/serial-number;2026-10-06;authenticated MY STIHL UI lookup;OFFICIAL_WEB_LOOKUP;OFFICIAL_STIHL_LOOKUP
163120615;FS 550-Z Freischneider;;Bosmaaier;Benzine;MY_STIHL;https://app.stihl.com/nl-nl/mystihl/tools/add/serial-number;2026-10-06;authenticated MY STIHL UI lookup;OFFICIAL_WEB_LOOKUP;OFFICIAL_STIHL_LOOKUP
163120620;FS 550-Z Freischneider;;Bosmaaier;Benzine;MY_STIHL;https://app.stihl.com/nl-nl/mystihl/tools/add/serial-number;2026-10-06;authenticated MY STIHL UI lookup;OFFICIAL_WEB_LOOKUP;OFFICIAL_STIHL_LOOKUP
163120625;FS 550-Z Freischneider;;Bosmaaier;Benzine;MY_STIHL;https://app.stihl.com/nl-nl/mystihl/tools/add/serial-number;2026-10-06;authenticated MY STIHL UI lookup;OFFICIAL_WEB_LOOKUP;OFFICIAL_STIHL_LOOKUP
163120630;FS 550-Z Freischneider;;Bosmaaier;Benzine;MY_STIHL;https://app.stihl.com/nl-nl/mystihl/tools/add/serial-number;2026-10-06;authenticated MY STIHL UI lookup;OFFICIAL_WEB_LOOKUP;OFFICIAL_STIHL_LOOKUP
163120635;FS 550-Z Freischneider;;Bosmaaier;Benzine;MY_STIHL;https://app.stihl.com/nl-nl/mystihl/tools/add/serial-number;2026-10-06;authenticated MY STIHL UI lookup;OFFICIAL_WEB_LOOKUP;OFFICIAL_STIHL_LOOKUP
163120640;FS 550-Z Freischneider;;Bosmaaier;Benzine;MY_STIHL;https://app.stihl.com/nl-nl/mystihl/tools/add/serial-number;2026-10-06;authenticated MY STIHL UI lookup;OFFICIAL_WEB_LOOKUP;OFFICIAL_STIHL_LOOKUP
163120645;FS 550-Z Freischneider;;Bosmaaier;Benzine;MY_STIHL;https://app.stihl.com/nl-nl/mystihl/tools/add/serial-number;2026-10-06;authenticated MY STIHL UI lookup;OFFICIAL_WEB_LOOKUP;OFFICIAL_STIHL_LOOKUP
163120650;FS 550-Z Freischneider;;Bosmaaier;Benzine;MY_STIHL;https://app.stihl.com/nl-nl/mystihl/tools/add/serial-number;2026-10-06;authenticated MY STIHL UI lookup;OFFICIAL_WEB_LOOKUP;OFFICIAL_STIHL_LOOKUP
163120655;FS 550-Z Freischneider;;Bosmaaier;Benzine;MY_STIHL;https://app.stihl.com/nl-nl/mystihl/tools/add/serial-number;2026-10-06;authenticated MY STIHL UI lookup;OFFICIAL_WEB_LOOKUP;OFFICIAL_STIHL_LOOKUP
163120660;FS 550-Z Freischneider;;Bosmaaier;Benzine;MY_STIHL;https://app.stihl.com/nl-nl/mystihl/tools/add/serial-number;2026-10-06;authenticated MY STIHL UI lookup;OFFICIAL_WEB_LOOKUP;OFFICIAL_STIHL_LOOKUP
163120665;FS 550-Z Freischneider;;Bosmaaier;Benzine;MY_STIHL;https://app.stihl.com/nl-nl/mystihl/tools/add/serial-number;2026-10-06;authenticated MY STIHL UI lookup;OFFICIAL_WEB_LOOKUP;OFFICIAL_STIHL_LOOKUP
163120670;FS 550-Z Freischneider;;Bosmaaier;Benzine;MY_STIHL;https://app.stihl.com/nl-nl/mystihl/tools/add/serial-number;2026-10-06;authenticated MY STIHL UI lookup;OFFICIAL_WEB_LOOKUP;OFFICIAL_STIHL_LOOKUP
163120675;FS 550-Z Freischneider;;Bosmaaier;Benzine;MY_STIHL;https://app.stihl.com/nl-nl/mystihl/tools/add/serial-number;2026-10-06;authenticated MY STIHL UI lookup;OFFICIAL_WEB_LOOKUP;OFFICIAL_STIHL_LOOKUP
163120680;FS 550-Z Freischneider;;Bosmaaier;Benzine;MY_STIHL;https://app.stihl.com/nl-nl/mystihl/tools/add/serial-number;2026-10-06;authenticated MY STIHL UI lookup;OFFICIAL_WEB_LOOKUP;OFFICIAL_STIHL_LOOKUP
163120685;FS 550-Z Freischneider;;Bosmaaier;Benzine;MY_STIHL;https://app.stihl.com/nl-nl/mystihl/tools/add/serial-number;2026-10-06;authenticated MY STIHL UI lookup;OFFICIAL_WEB_LOOKUP;OFFICIAL_STIHL_LOOKUP
163120690;FS 550-Z Freischneider;;Bosmaaier;Benzine;MY_STIHL;https://app.stihl.com/nl-nl/mystihl/tools/add/serial-number;2026-10-06;authenticated MY STIHL UI lookup;OFFICIAL_WEB_LOOKUP;OFFICIAL_STIHL_LOOKUP
163120695;FS 550-Z Freischneider;;Bosmaaier;Benzine;MY_STIHL;https://app.stihl.com/nl-nl/mystihl/tools/add/serial-number;2026-10-06;authenticated MY STIHL UI lookup;OFFICIAL_WEB_LOOKUP;OFFICIAL_STIHL_LOOKUP
163120700;FS 550-Z Freischneider;;Bosmaaier;Benzine;MY_STIHL;https://app.stihl.com/nl-nl/mystihl/tools/add/serial-number;2026-10-06;authenticated MY STIHL UI lookup;OFFICIAL_WEB_LOOKUP;OFFICIAL_STIHL_LOOKUP
163120705;FS 550-Z Freischneider;;Bosmaaier;Benzine;MY_STIHL;https://app.stihl.com/nl-nl/mystihl/tools/add/serial-number;2026-10-06;authenticated MY STIHL UI lookup;OFFICIAL_WEB_LOOKUP;OFFICIAL_STIHL_LOOKUP
163120710;FS 550-Z Freischneider;;Bosmaaier;Benzine;MY_STIHL;https://app.stihl.com/nl-nl/mystihl/tools/add/serial-number;2026-10-06;authenticated MY STIHL UI lookup;OFFICIAL_WEB_LOOKUP;OFFICIAL_STIHL_LOOKUP
163120715;FS 550-Z Freischneider;;Bosmaaier;Benzine;MY_STIHL;https://app.stihl.com/nl-nl/mystihl/tools/add/serial-number;2026-10-06;authenticated MY STIHL UI lookup;OFFICIAL_WEB_LOOKUP;OFFICIAL_STIHL_LOOKUP
163120720;FS 550-Z Freischneider;;Bosmaaier;Benzine;MY_STIHL;https://app.stihl.com/nl-nl/mystihl/tools/add/serial-number;2026-10-06;authenticated MY STIHL UI lookup;OFFICIAL_WEB_LOOKUP;OFFICIAL_STIHL_LOOKUP
163120725;FS 550-Z Freischneider;;Bosmaaier;Benzine;MY_STIHL;https://app.stihl.com/nl-nl/mystihl/tools/add/serial-number;2026-10-06;authenticated MY STIHL UI lookup;OFFICIAL_WEB_LOOKUP;OFFICIAL_STIHL_LOOKUP
163120730;FS 550 Freischneider;;Bosmaaier;Benzine;MY_STIHL;https://app.stihl.com/nl-nl/mystihl/tools/add/serial-number;2026-10-06;authenticated MY STIHL UI lookup;OFFICIAL_WEB_LOOKUP;OFFICIAL_STIHL_LOOKUP
163120735;FS 550 Freischneider;;Bosmaaier;Benzine;MY_STIHL;https://app.stihl.com/nl-nl/mystihl/tools/add/serial-number;2026-10-06;authenticated MY STIHL UI lookup;OFFICIAL_WEB_LOOKUP;OFFICIAL_STIHL_LOOKUP
163120740;FS 550 Freischneider;;Bosmaaier;Benzine;MY_STIHL;https://app.stihl.com/nl-nl/mystihl/tools/add/serial-number;2026-10-06;authenticated MY STIHL UI lookup;OFFICIAL_WEB_LOOKUP;OFFICIAL_STIHL_LOOKUP
163120745;FS 550 Freischneider;;Bosmaaier;Benzine;MY_STIHL;https://app.stihl.com/nl-nl/mystihl/tools/add/serial-number;2026-10-06;authenticated MY STIHL UI lookup;OFFICIAL_WEB_LOOKUP;OFFICIAL_STIHL_LOOKUP
163120750;FS 550 Freischneider;;Bosmaaier;Benzine;MY_STIHL;https://app.stihl.com/nl-nl/mystihl/tools/add/serial-number;2026-10-06;authenticated MY STIHL UI lookup;OFFICIAL_WEB_LOOKUP;OFFICIAL_STIHL_LOOKUP
163120755;FS 550 Freischneider;;Bosmaaier;Benzine;MY_STIHL;https://app.stihl.com/nl-nl/mystihl/tools/add/serial-number;2026-10-06;authenticated MY STIHL UI lookup;OFFICIAL_WEB_LOOKUP;OFFICIAL_STIHL_LOOKUP
163120760;FS 550 Freischneider;;Bosmaaier;Benzine;MY_STIHL;https://app.stihl.com/nl-nl/mystihl/tools/add/serial-number;2026-10-06;authenticated MY STIHL UI lookup;OFFICIAL_WEB_LOOKUP;OFFICIAL_STIHL_LOOKUP
163120765;FS 550 Freischneider;;Bosmaaier;Benzine;MY_STIHL;https://app.stihl.com/nl-nl/mystihl/tools/add/serial-number;2026-10-06;authenticated MY STIHL UI lookup;OFFICIAL_WEB_LOOKUP;OFFICIAL_STIHL_LOOKUP
163120770;FS 550 Freischneider;;Bosmaaier;Benzine;MY_STIHL;https://app.stihl.com/nl-nl/mystihl/tools/add/serial-number;2026-10-06;authenticated MY STIHL UI lookup;OFFICIAL_WEB_LOOKUP;OFFICIAL_STIHL_LOOKUP
163120775;FS 550 Freischneider;;Bosmaaier;Benzine;MY_STIHL;https://app.stihl.com/nl-nl/mystihl/tools/add/serial-number;2026-10-06;authenticated MY STIHL UI lookup;OFFICIAL_WEB_LOOKUP;OFFICIAL_STIHL_LOOKUP
163120780;FS 550 Freischneider;;Bosmaaier;Benzine;MY_STIHL;https://app.stihl.com/nl-nl/mystihl/tools/add/serial-number;2026-10-06;authenticated MY STIHL UI lookup;OFFICIAL_WEB_LOOKUP;OFFICIAL_STIHL_LOOKUP
163120785;FS 550 Freischneider;;Bosmaaier;Benzine;MY_STIHL;https://app.stihl.com/nl-nl/mystihl/tools/add/serial-number;2026-10-06;authenticated MY STIHL UI lookup;OFFICIAL_WEB_LOOKUP;OFFICIAL_STIHL_LOOKUP
163120790;FS 550 Freischneider;;Bosmaaier;Benzine;MY_STIHL;https://app.stihl.com/nl-nl/mystihl/tools/add/serial-number;2026-10-06;authenticated MY STIHL UI lookup;OFFICIAL_WEB_LOOKUP;OFFICIAL_STIHL_LOOKUP
163120795;FS 550 Freischneider;;Bosmaaier;Benzine;MY_STIHL;https://app.stihl.com/nl-nl/mystihl/tools/add/serial-number;2026-10-06;authenticated MY STIHL UI lookup;OFFICIAL_WEB_LOOKUP;OFFICIAL_STIHL_LOOKUP
163120800;FS 550 Freischneider;;Bosmaaier;Benzine;MY_STIHL;https://app.stihl.com/nl-nl/mystihl/tools/add/serial-number;2026-10-06;authenticated MY STIHL UI lookup;OFFICIAL_WEB_LOOKUP;OFFICIAL_STIHL_LOOKUP
163120805;FS 550 Freischneider;;Bosmaaier;Benzine;MY_STIHL;https://app.stihl.com/nl-nl/mystihl/tools/add/serial-number;2026-10-06;authenticated MY STIHL UI lookup;OFFICIAL_WEB_LOOKUP;OFFICIAL_STIHL_LOOKUP
163120810;FS 550 Freischneider;;Bosmaaier;Benzine;MY_STIHL;https://app.stihl.com/nl-nl/mystihl/tools/add/serial-number;2026-10-06;authenticated MY STIHL UI lookup;OFFICIAL_WEB_LOOKUP;OFFICIAL_STIHL_LOOKUP
163120815;FS 550 Freischneider;;Bosmaaier;Benzine;MY_STIHL;https://app.stihl.com/nl-nl/mystihl/tools/add/serial-number;2026-10-06;authenticated MY STIHL UI lookup;OFFICIAL_WEB_LOOKUP;OFFICIAL_STIHL_LOOKUP
163120820;FS 550 Freischneider;;Bosmaaier;Benzine;MY_STIHL;https://app.stihl.com/nl-nl/mystihl/tools/add/serial-number;2026-10-06;authenticated MY STIHL UI lookup;OFFICIAL_WEB_LOOKUP;OFFICIAL_STIHL_LOOKUP
163120825;FS 550 Freischneider;;Bosmaaier;Benzine;MY_STIHL;https://app.stihl.com/nl-nl/mystihl/tools/add/serial-number;2026-10-06;authenticated MY STIHL UI lookup;OFFICIAL_WEB_LOOKUP;OFFICIAL_STIHL_LOOKUP
163120830;FS 550 Freischneider;;Bosmaaier;Benzine;MY_STIHL;https://app.stihl.com/nl-nl/mystihl/tools/add/serial-number;2026-10-06;authenticated MY STIHL UI lookup;OFFICIAL_WEB_LOOKUP;OFFICIAL_STIHL_LOOKUP
163120835;FS 550 Freischneider;;Bosmaaier;Benzine;MY_STIHL;https://app.stihl.com/nl-nl/mystihl/tools/add/serial-number;2026-10-06;authenticated MY STIHL UI lookup;OFFICIAL_WEB_LOOKUP;OFFICIAL_STIHL_LOOKUP
163120840;FS 550 Freischneider;;Bosmaaier;Benzine;MY_STIHL;https://app.stihl.com/nl-nl/mystihl/tools/add/serial-number;2026-10-06;authenticated MY STIHL UI lookup;OFFICIAL_WEB_LOOKUP;OFFICIAL_STIHL_LOOKUP
163120845;FS 550 Freischneider;;Bosmaaier;Benzine;MY_STIHL;https://app.stihl.com/nl-nl/mystihl/tools/add/serial-number;2026-10-06;authenticated MY STIHL UI lookup;OFFICIAL_WEB_LOOKUP;OFFICIAL_STIHL_LOOKUP
163120850;FS 550 Freischneider;;Bosmaaier;Benzine;MY_STIHL;https://app.stihl.com/nl-nl/mystihl/tools/add/serial-number;2026-10-06;authenticated MY STIHL UI lookup;OFFICIAL_WEB_LOOKUP;OFFICIAL_STIHL_LOOKUP
163120855;FS 550 Freischneider;;Bosmaaier;Benzine;MY_STIHL;https://app.stihl.com/nl-nl/mystihl/tools/add/serial-number;2026-10-06;authenticated MY STIHL UI lookup;OFFICIAL_WEB_LOOKUP;OFFICIAL_STIHL_LOOKUP
163120860;FS 550 Freischneider;;Bosmaaier;Benzine;MY_STIHL;https://app.stihl.com/nl-nl/mystihl/tools/add/serial-number;2026-10-06;authenticated MY STIHL UI lookup;OFFICIAL_WEB_LOOKUP;OFFICIAL_STIHL_LOOKUP
163120865;FS 550 Freischneider;;Bosmaaier;Benzine;MY_STIHL;https://app.stihl.com/nl-nl/mystihl/tools/add/serial-number;2026-10-06;authenticated MY STIHL UI lookup;OFFICIAL_WEB_LOOKUP;OFFICIAL_STIHL_LOOKUP
163120870;FS 550 Freischneider;;Bosmaaier;Benzine;MY_STIHL;https://app.stihl.com/nl-nl/mystihl/tools/add/serial-number;2026-10-06;authenticated MY STIHL UI lookup;OFFICIAL_WEB_LOOKUP;OFFICIAL_STIHL_LOOKUP
163120875;FS 550 Freischneider;;Bosmaaier;Benzine;MY_STIHL;https://app.stihl.com/nl-nl/mystihl/tools/add/serial-number;2026-10-06;authenticated MY STIHL UI lookup;OFFICIAL_WEB_LOOKUP;OFFICIAL_STIHL_LOOKUP
163120880;FS 550 Freischneider;;Bosmaaier;Benzine;MY_STIHL;https://app.stihl.com/nl-nl/mystihl/tools/add/serial-number;2026-10-06;authenticated MY STIHL UI lookup;OFFICIAL_WEB_LOOKUP;OFFICIAL_STIHL_LOOKUP
163120885;FS 550 Freischneider;;Bosmaaier;Benzine;MY_STIHL;https://app.stihl.com/nl-nl/mystihl/tools/add/serial-number;2026-10-06;authenticated MY STIHL UI lookup;OFFICIAL_WEB_LOOKUP;OFFICIAL_STIHL_LOOKUP
163120890;FS 550 Freischneider;;Bosmaaier;Benzine;MY_STIHL;https://app.stihl.com/nl-nl/mystihl/tools/add/serial-number;2026-10-06;authenticated MY STIHL UI lookup;OFFICIAL_WEB_LOOKUP;OFFICIAL_STIHL_LOOKUP
163120895;BT 360 Bohrgerät;;Grondboren;Benzine;MY_STIHL;https://app.stihl.com/nl-nl/mystihl/tools/add/serial-number;2026-10-06;authenticated MY STIHL UI lookup;OFFICIAL_WEB_LOOKUP;OFFICIAL_STIHL_LOOKUP
163120900;BT 360 Bohrgerät;;Grondboren;Benzine;MY_STIHL;https://app.stihl.com/nl-nl/mystihl/tools/add/serial-number;2026-10-06;authenticated MY STIHL UI lookup;OFFICIAL_WEB_LOOKUP;OFFICIAL_STIHL_LOOKUP
163120905;BT 360 Bohrgerät;;Grondboren;Benzine;MY_STIHL;https://app.stihl.com/nl-nl/mystihl/tools/add/serial-number;2026-10-06;authenticated MY STIHL UI lookup;OFFICIAL_WEB_LOOKUP;OFFICIAL_STIHL_LOOKUP
163120910;BT 360 Bohrgerät;;Grondboren;Benzine;MY_STIHL;https://app.stihl.com/nl-nl/mystihl/tools/add/serial-number;2026-10-06;authenticated MY STIHL UI lookup;OFFICIAL_WEB_LOOKUP;OFFICIAL_STIHL_LOOKUP
163120915;BT 360 Bohrgerät;;Grondboren;Benzine;MY_STIHL;https://app.stihl.com/nl-nl/mystihl/tools/add/serial-number;2026-10-06;authenticated MY STIHL UI lookup;OFFICIAL_WEB_LOOKUP;OFFICIAL_STIHL_LOOKUP
163120920;BT 360 Bohrgerät;;Grondboren;Benzine;MY_STIHL;https://app.stihl.com/nl-nl/mystihl/tools/add/serial-number;2026-10-06;authenticated MY STIHL UI lookup;OFFICIAL_WEB_LOOKUP;OFFICIAL_STIHL_LOOKUP
163120925;BT 360 Bohrgerät;;Grondboren;Benzine;MY_STIHL;https://app.stihl.com/nl-nl/mystihl/tools/add/serial-number;2026-10-06;authenticated MY STIHL UI lookup;OFFICIAL_WEB_LOOKUP;OFFICIAL_STIHL_LOOKUP
163120930;BT 360 Bohrgerät;;Grondboren;Benzine;MY_STIHL;https://app.stihl.com/nl-nl/mystihl/tools/add/serial-number;2026-10-06;authenticated MY STIHL UI lookup;OFFICIAL_WEB_LOOKUP;OFFICIAL_STIHL_LOOKUP
163120935;BT 360 Bohrgerät;;Grondboren;Benzine;MY_STIHL;https://app.stihl.com/nl-nl/mystihl/tools/add/serial-number;2026-10-06;authenticated MY STIHL UI lookup;OFFICIAL_WEB_LOOKUP;OFFICIAL_STIHL_LOOKUP
163120940;BT 360 Bohrgerät;;Grondboren;Benzine;MY_STIHL;https://app.stihl.com/nl-nl/mystihl/tools/add/serial-number;2026-10-06;authenticated MY STIHL UI lookup;OFFICIAL_WEB_LOOKUP;OFFICIAL_STIHL_LOOKUP
163120945;BT 360 Bohrgerät;;Grondboren;Benzine;MY_STIHL;https://app.stihl.com/nl-nl/mystihl/tools/add/serial-number;2026-10-06;authenticated MY STIHL UI lookup;OFFICIAL_WEB_LOOKUP;OFFICIAL_STIHL_LOOKUP
163120950;BT 360 Bohrgerät;;Grondboren;Benzine;MY_STIHL;https://app.stihl.com/nl-nl/mystihl/tools/add/serial-number;2026-10-06;authenticated MY STIHL UI lookup;OFFICIAL_WEB_LOOKUP;OFFICIAL_STIHL_LOOKUP
163120955;BT 360 Bohrgerät;;Grondboren;Benzine;MY_STIHL;https://app.stihl.com/nl-nl/mystihl/tools/add/serial-number;2026-10-06;authenticated MY STIHL UI lookup;OFFICIAL_WEB_LOOKUP;OFFICIAL_STIHL_LOOKUP
163120960;BT 360 Bohrgerät;;Grondboren;Benzine;MY_STIHL;https://app.stihl.com/nl-nl/mystihl/tools/add/serial-number;2026-10-06;authenticated MY STIHL UI lookup;OFFICIAL_WEB_LOOKUP;OFFICIAL_STIHL_LOOKUP
163120965;BT 360 Bohrgerät;;Grondboren;Benzine;MY_STIHL;https://app.stihl.com/nl-nl/mystihl/tools/add/serial-number;2026-10-06;authenticated MY STIHL UI lookup;OFFICIAL_WEB_LOOKUP;OFFICIAL_STIHL_LOOKUP
163120970;BT 360 Bohrgerät;;Grondboren;Benzine;MY_STIHL;https://app.stihl.com/nl-nl/mystihl/tools/add/serial-number;2026-10-06;authenticated MY STIHL UI lookup;OFFICIAL_WEB_LOOKUP;OFFICIAL_STIHL_LOOKUP
163120975;BT 360 Bohrgerät;;Grondboren;Benzine;MY_STIHL;https://app.stihl.com/nl-nl/mystihl/tools/add/serial-number;2026-10-06;authenticated MY STIHL UI lookup;OFFICIAL_WEB_LOOKUP;OFFICIAL_STIHL_LOOKUP
163120980;BT 360 Bohrgerät;;Grondboren;Benzine;MY_STIHL;https://app.stihl.com/nl-nl/mystihl/tools/add/serial-number;2026-10-06;authenticated MY STIHL UI lookup;OFFICIAL_WEB_LOOKUP;OFFICIAL_STIHL_LOOKUP
163120985;BT 360 Bohrgerät;;Grondboren;Benzine;MY_STIHL;https://app.stihl.com/nl-nl/mystihl/tools/add/serial-number;2026-10-06;authenticated MY STIHL UI lookup;OFFICIAL_WEB_LOOKUP;OFFICIAL_STIHL_LOOKUP
163120990;BT 360 Bohrgerät;;Grondboren;Benzine;MY_STIHL;https://app.stihl.com/nl-nl/mystihl/tools/add/serial-number;2026-10-06;authenticated MY STIHL UI lookup;OFFICIAL_WEB_LOOKUP;OFFICIAL_STIHL_LOOKUP
163120995;BT 360 Bohrgerät;;Grondboren;Benzine;MY_STIHL;https://app.stihl.com/nl-nl/mystihl/tools/add/serial-number;2026-10-06;authenticated MY STIHL UI lookup;OFFICIAL_WEB_LOOKUP;OFFICIAL_STIHL_LOOKUP
163121000;BT 360 Bohrgerät;;Grondboren;Benzine;MY_STIHL;https://app.stihl.com/nl-nl/mystihl/tools/add/serial-number;2026-10-06;authenticated MY STIHL UI lookup;OFFICIAL_WEB_LOOKUP;OFFICIAL_STIHL_LOOKUP
163121005;BT 360 Bohrgerät;;Grondboren;Benzine;MY_STIHL;https://app.stihl.com/nl-nl/mystihl/tools/add/serial-number;2026-10-06;authenticated MY STIHL UI lookup;OFFICIAL_WEB_LOOKUP;OFFICIAL_STIHL_LOOKUP
163121010;BT 360 Bohrgerät;;Grondboren;Benzine;MY_STIHL;https://app.stihl.com/nl-nl/mystihl/tools/add/serial-number;2026-10-06;authenticated MY STIHL UI lookup;OFFICIAL_WEB_LOOKUP;OFFICIAL_STIHL_LOOKUP
163121015;BT 360 Bohrgerät;;Grondboren;Benzine;MY_STIHL;https://app.stihl.com/nl-nl/mystihl/tools/add/serial-number;2026-10-06;authenticated MY STIHL UI lookup;OFFICIAL_WEB_LOOKUP;OFFICIAL_STIHL_LOOKUP
163121020;BT 360 Bohrgerät;;Grondboren;Benzine;MY_STIHL;https://app.stihl.com/nl-nl/mystihl/tools/add/serial-number;2026-10-06;authenticated MY STIHL UI lookup;OFFICIAL_WEB_LOOKUP;OFFICIAL_STIHL_LOOKUP
163121025;BT 360 Bohrgerät;;Grondboren;Benzine;MY_STIHL;https://app.stihl.com/nl-nl/mystihl/tools/add/serial-number;2026-10-06;authenticated MY STIHL UI lookup;OFFICIAL_WEB_LOOKUP;OFFICIAL_STIHL_LOOKUP
163121030;BT 360 Bohrgerät;;Grondboren;Benzine;MY_STIHL;https://app.stihl.com/nl-nl/mystihl/tools/add/serial-number;2026-10-06;authenticated MY STIHL UI lookup;OFFICIAL_WEB_LOOKUP;OFFICIAL_STIHL_LOOKUP
163121035;BT 360 Bohrgerät;;Grondboren;Benzine;MY_STIHL;https://app.stihl.com/nl-nl/mystihl/tools/add/serial-number;2026-10-06;authenticated MY STIHL UI lookup;OFFICIAL_WEB_LOOKUP;OFFICIAL_STIHL_LOOKUP
163121040;BT 360 Bohrgerät;;Grondboren;Benzine;MY_STIHL;https://app.stihl.com/nl-nl/mystihl/tools/add/serial-number;2026-10-06;authenticated MY STIHL UI lookup;OFFICIAL_WEB_LOOKUP;OFFICIAL_STIHL_LOOKUP
163121045;BT 360 Bohrgerät;;Grondboren;Benzine;MY_STIHL;https://app.stihl.com/nl-nl/mystihl/tools/add/serial-number;2026-10-06;authenticated MY STIHL UI lookup;OFFICIAL_WEB_LOOKUP;OFFICIAL_STIHL_LOOKUP
163121050;BT 360 Bohrgerät;;Grondboren;Benzine;MY_STIHL;https://app.stihl.com/nl-nl/mystihl/tools/add/serial-number;2026-10-06;authenticated MY STIHL UI lookup;OFFICIAL_WEB_LOOKUP;OFFICIAL_STIHL_LOOKUP
163121055;BT 360 Bohrgerät;;Grondboren;Benzine;MY_STIHL;https://app.stihl.com/nl-nl/mystihl/tools/add/serial-number;2026-10-06;authenticated MY STIHL UI lookup;OFFICIAL_WEB_LOOKUP;OFFICIAL_STIHL_LOOKUP
163121060;BT 360 Bohrgerät;;Grondboren;Benzine;MY_STIHL;https://app.stihl.com/nl-nl/mystihl/tools/add/serial-number;2026-10-06;authenticated MY STIHL UI lookup;OFFICIAL_WEB_LOOKUP;OFFICIAL_STIHL_LOOKUP
163121065;BT 360 Bohrgerät;;Grondboren;Benzine;MY_STIHL;https://app.stihl.com/nl-nl/mystihl/tools/add/serial-number;2026-10-06;authenticated MY STIHL UI lookup;OFFICIAL_WEB_LOOKUP;OFFICIAL_STIHL_LOOKUP
163121070;BT 360 Bohrgerät;;Grondboren;Benzine;MY_STIHL;https://app.stihl.com/nl-nl/mystihl/tools/add/serial-number;2026-10-06;authenticated MY STIHL UI lookup;OFFICIAL_WEB_LOOKUP;OFFICIAL_STIHL_LOOKUP
163121075;BT 360 Bohrgerät;;Grondboren;Benzine;MY_STIHL;https://app.stihl.com/nl-nl/mystihl/tools/add/serial-number;2026-10-06;authenticated MY STIHL UI lookup;OFFICIAL_WEB_LOOKUP;OFFICIAL_STIHL_LOOKUP
163121080;BT 360 Bohrgerät;;Grondboren;Benzine;MY_STIHL;https://app.stihl.com/nl-nl/mystihl/tools/add/serial-number;2026-10-06;authenticated MY STIHL UI lookup;OFFICIAL_WEB_LOOKUP;OFFICIAL_STIHL_LOOKUP
163121085;BT 360 Bohrgerät;;Grondboren;Benzine;MY_STIHL;https://app.stihl.com/nl-nl/mystihl/tools/add/serial-number;2026-10-06;authenticated MY STIHL UI lookup;OFFICIAL_WEB_LOOKUP;OFFICIAL_STIHL_LOOKUP
163121090;BT 360 Bohrgerät;;Grondboren;Benzine;MY_STIHL;https://app.stihl.com/nl-nl/mystihl/tools/add/serial-number;2026-10-06;authenticated MY STIHL UI lookup;OFFICIAL_WEB_LOOKUP;OFFICIAL_STIHL_LOOKUP
163121095;BT 360 Bohrgerät;;Grondboren;Benzine;MY_STIHL;https://app.stihl.com/nl-nl/mystihl/tools/add/serial-number;2026-10-06;authenticated MY STIHL UI lookup;OFFICIAL_WEB_LOOKUP;OFFICIAL_STIHL_LOOKUP
163121100;BT 360 Bohrgerät;;Grondboren;Benzine;MY_STIHL;https://app.stihl.com/nl-nl/mystihl/tools/add/serial-number;2026-10-06;authenticated MY STIHL UI lookup;OFFICIAL_WEB_LOOKUP;OFFICIAL_STIHL_LOOKUP
163121105;BT 360 Bohrgerät;;Grondboren;Benzine;MY_STIHL;https://app.stihl.com/nl-nl/mystihl/tools/add/serial-number;2026-10-06;authenticated MY STIHL UI lookup;OFFICIAL_WEB_LOOKUP;OFFICIAL_STIHL_LOOKUP
163121110;BT 360 Bohrgerät;;Grondboren;Benzine;MY_STIHL;https://app.stihl.com/nl-nl/mystihl/tools/add/serial-number;2026-10-06;authenticated MY STIHL UI lookup;OFFICIAL_WEB_LOOKUP;OFFICIAL_STIHL_LOOKUP
163121115;BT 360 Bohrgerät;;Grondboren;Benzine;MY_STIHL;https://app.stihl.com/nl-nl/mystihl/tools/add/serial-number;2026-10-06;authenticated MY STIHL UI lookup;OFFICIAL_WEB_LOOKUP;OFFICIAL_STIHL_LOOKUP
163121120;BT 360 Bohrgerät;;Grondboren;Benzine;MY_STIHL;https://app.stihl.com/nl-nl/mystihl/tools/add/serial-number;2026-10-06;authenticated MY STIHL UI lookup;OFFICIAL_WEB_LOOKUP;OFFICIAL_STIHL_LOOKUP
163121125;BT 360 Bohrgerät;;Grondboren;Benzine;MY_STIHL;https://app.stihl.com/nl-nl/mystihl/tools/add/serial-number;2026-10-06;authenticated MY STIHL UI lookup;OFFICIAL_WEB_LOOKUP;OFFICIAL_STIHL_LOOKUP
163121130;BT 360 Bohrgerät;;Grondboren;Benzine;MY_STIHL;https://app.stihl.com/nl-nl/mystihl/tools/add/serial-number;2026-10-06;authenticated MY STIHL UI lookup;OFFICIAL_WEB_LOOKUP;OFFICIAL_STIHL_LOOKUP
163121135;BT 360 Bohrgerät;;Grondboren;Benzine;MY_STIHL;https://app.stihl.com/nl-nl/mystihl/tools/add/serial-number;2026-10-06;authenticated MY STIHL UI lookup;OFFICIAL_WEB_LOOKUP;OFFICIAL_STIHL_LOOKUP
163121140;BT 360 Bohrgerät;;Grondboren;Benzine;MY_STIHL;https://app.stihl.com/nl-nl/mystihl/tools/add/serial-number;2026-10-06;authenticated MY STIHL UI lookup;OFFICIAL_WEB_LOOKUP;OFFICIAL_STIHL_LOOKUP
163121145;BT 360 Bohrgerät;;Grondboren;Benzine;MY_STIHL;https://app.stihl.com/nl-nl/mystihl/tools/add/serial-number;2026-10-06;authenticated MY STIHL UI lookup;OFFICIAL_WEB_LOOKUP;OFFICIAL_STIHL_LOOKUP
163121150;BT 360 Bohrgerät;;Grondboren;Benzine;MY_STIHL;https://app.stihl.com/nl-nl/mystihl/tools/add/serial-number;2026-10-06;authenticated MY STIHL UI lookup;OFFICIAL_WEB_LOOKUP;OFFICIAL_STIHL_LOOKUP
163121155;BT 360 Bohrgerät;;Grondboren;Benzine;MY_STIHL;https://app.stihl.com/nl-nl/mystihl/tools/add/serial-number;2026-10-06;authenticated MY STIHL UI lookup;OFFICIAL_WEB_LOOKUP;OFFICIAL_STIHL_LOOKUP
163121160;BT 360 Bohrgerät;;Grondboren;Benzine;MY_STIHL;https://app.stihl.com/nl-nl/mystihl/tools/add/serial-number;2026-10-06;authenticated MY STIHL UI lookup;OFFICIAL_WEB_LOOKUP;OFFICIAL_STIHL_LOOKUP
163121165;BT 360 Bohrgerät;;Grondboren;Benzine;MY_STIHL;https://app.stihl.com/nl-nl/mystihl/tools/add/serial-number;2026-10-06;authenticated MY STIHL UI lookup;OFFICIAL_WEB_LOOKUP;OFFICIAL_STIHL_LOOKUP
163121170;BT 360 Bohrgerät;;Grondboren;Benzine;MY_STIHL;https://app.stihl.com/nl-nl/mystihl/tools/add/serial-number;2026-10-06;authenticated MY STIHL UI lookup;OFFICIAL_WEB_LOOKUP;OFFICIAL_STIHL_LOOKUP
163121175;BT 360 Bohrgerät;;Grondboren;Benzine;MY_STIHL;https://app.stihl.com/nl-nl/mystihl/tools/add/serial-number;2026-10-06;authenticated MY STIHL UI lookup;OFFICIAL_WEB_LOOKUP;OFFICIAL_STIHL_LOOKUP
163121180;BT 360 Bohrgerät;;Grondboren;Benzine;MY_STIHL;https://app.stihl.com/nl-nl/mystihl/tools/add/serial-number;2026-10-06;authenticated MY STIHL UI lookup;OFFICIAL_WEB_LOOKUP;OFFICIAL_STIHL_LOOKUP
163121185;BT 360 Bohrgerät;;Grondboren;Benzine;MY_STIHL;https://app.stihl.com/nl-nl/mystihl/tools/add/serial-number;2026-10-06;authenticated MY STIHL UI lookup;OFFICIAL_WEB_LOOKUP;OFFICIAL_STIHL_LOOKUP
163121190;BT 360 Bohrgerät;;Grondboren;Benzine;MY_STIHL;https://app.stihl.com/nl-nl/mystihl/tools/add/serial-number;2026-10-06;authenticated MY STIHL UI lookup;OFFICIAL_WEB_LOOKUP;OFFICIAL_STIHL_LOOKUP
163121195;BT 360 Bohrgerät;;Grondboren;Benzine;MY_STIHL;https://app.stihl.com/nl-nl/mystihl/tools/add/serial-number;2026-10-06;authenticated MY STIHL UI lookup;OFFICIAL_WEB_LOOKUP;OFFICIAL_STIHL_LOOKUP
163121200;BT 360 Bohrgerät;;Grondboren;Benzine;MY_STIHL;https://app.stihl.com/nl-nl/mystihl/tools/add/serial-number;2026-10-06;authenticated MY STIHL UI lookup;OFFICIAL_WEB_LOOKUP;OFFICIAL_STIHL_LOOKUP
163121205;BT 360 Bohrgerät;;Grondboren;Benzine;MY_STIHL;https://app.stihl.com/nl-nl/mystihl/tools/add/serial-number;2026-10-06;authenticated MY STIHL UI lookup;OFFICIAL_WEB_LOOKUP;OFFICIAL_STIHL_LOOKUP
163121210;BT 360 Bohrgerät;;Grondboren;Benzine;MY_STIHL;https://app.stihl.com/nl-nl/mystihl/tools/add/serial-number;2026-10-06;authenticated MY STIHL UI lookup;OFFICIAL_WEB_LOOKUP;OFFICIAL_STIHL_LOOKUP
163121215;BT 360 Bohrgerät;;Grondboren;Benzine;MY_STIHL;https://app.stihl.com/nl-nl/mystihl/tools/add/serial-number;2026-10-06;authenticated MY STIHL UI lookup;OFFICIAL_WEB_LOOKUP;OFFICIAL_STIHL_LOOKUP
163121220;BT 360 Bohrgerät;;Grondboren;Benzine;MY_STIHL;https://app.stihl.com/nl-nl/mystihl/tools/add/serial-number;2026-10-06;authenticated MY STIHL UI lookup;OFFICIAL_WEB_LOOKUP;OFFICIAL_STIHL_LOOKUP
163121225;BT 360 Bohrgerät;;Grondboren;Benzine;MY_STIHL;https://app.stihl.com/nl-nl/mystihl/tools/add/serial-number;2026-10-06;authenticated MY STIHL UI lookup;OFFICIAL_WEB_LOOKUP;OFFICIAL_STIHL_LOOKUP
163121230;BT 360 Bohrgerät;;Grondboren;Benzine;MY_STIHL;https://app.stihl.com/nl-nl/mystihl/tools/add/serial-number;2026-10-06;authenticated MY STIHL UI lookup;OFFICIAL_WEB_LOOKUP;OFFICIAL_STIHL_LOOKUP
163121235;BT 360 Bohrgerät;;Grondboren;Benzine;MY_STIHL;https://app.stihl.com/nl-nl/mystihl/tools/add/serial-number;2026-10-06;authenticated MY STIHL UI lookup;OFFICIAL_WEB_LOOKUP;OFFICIAL_STIHL_LOOKUP
163121240;BT 360 Bohrgerät;;Grondboren;Benzine;MY_STIHL;https://app.stihl.com/nl-nl/mystihl/tools/add/serial-number;2026-10-06;authenticated MY STIHL UI lookup;OFFICIAL_WEB_LOOKUP;OFFICIAL_STIHL_LOOKUP
163121245;BT 360 Bohrgerät;;Grondboren;Benzine;MY_STIHL;https://app.stihl.com/nl-nl/mystihl/tools/add/serial-number;2026-10-06;authenticated MY STIHL UI lookup;OFFICIAL_WEB_LOOKUP;OFFICIAL_STIHL_LOOKUP
163121250;BT 360 Bohrgerät;;Grondboren;Benzine;MY_STIHL;https://app.stihl.com/nl-nl/mystihl/tools/add/serial-number;2026-10-06;authenticated MY STIHL UI lookup;OFFICIAL_WEB_LOOKUP;OFFICIAL_STIHL_LOOKUP
163121255;BT 360 Bohrgerät;;Grondboren;Benzine;MY_STIHL;https://app.stihl.com/nl-nl/mystihl/tools/add/serial-number;2026-10-06;authenticated MY STIHL UI lookup;OFFICIAL_WEB_LOOKUP;OFFICIAL_STIHL_LOOKUP
163121260;BT 360 Bohrgerät;;Grondboren;Benzine;MY_STIHL;https://app.stihl.com/nl-nl/mystihl/tools/add/serial-number;2026-10-06;authenticated MY STIHL UI lookup;OFFICIAL_WEB_LOOKUP;OFFICIAL_STIHL_LOOKUP
163121265;BT 360 Bohrgerät;;Grondboren;Benzine;MY_STIHL;https://app.stihl.com/nl-nl/mystihl/tools/add/serial-number;2026-10-06;authenticated MY STIHL UI lookup;OFFICIAL_WEB_LOOKUP;OFFICIAL_STIHL_LOOKUP
163121270;BT 360 Bohrgerät;;Grondboren;Benzine;MY_STIHL;https://app.stihl.com/nl-nl/mystihl/tools/add/serial-number;2026-10-06;authenticated MY STIHL UI lookup;OFFICIAL_WEB_LOOKUP;OFFICIAL_STIHL_LOOKUP
163121275;BT 360 Bohrgerät;;Grondboren;Benzine;MY_STIHL;https://app.stihl.com/nl-nl/mystihl/tools/add/serial-number;2026-10-06;authenticated MY STIHL UI lookup;OFFICIAL_WEB_LOOKUP;OFFICIAL_STIHL_LOOKUP
163121280;BT 360 Bohrgerät;;Grondboren;Benzine;MY_STIHL;https://app.stihl.com/nl-nl/mystihl/tools/add/serial-number;2026-10-06;authenticated MY STIHL UI lookup;OFFICIAL_WEB_LOOKUP;OFFICIAL_STIHL_LOOKUP
163121285;BT 360 Bohrgerät;;Grondboren;Benzine;MY_STIHL;https://app.stihl.com/nl-nl/mystihl/tools/add/serial-number;2026-10-06;authenticated MY STIHL UI lookup;OFFICIAL_WEB_LOOKUP;OFFICIAL_STIHL_LOOKUP
163121290;BT 360 Bohrgerät;;Grondboren;Benzine;MY_STIHL;https://app.stihl.com/nl-nl/mystihl/tools/add/serial-number;2026-10-06;authenticated MY STIHL UI lookup;OFFICIAL_WEB_LOOKUP;OFFICIAL_STIHL_LOOKUP
163121295;BT 360 Bohrgerät;;Grondboren;Benzine;MY_STIHL;https://app.stihl.com/nl-nl/mystihl/tools/add/serial-number;2026-10-06;authenticated MY STIHL UI lookup;OFFICIAL_WEB_LOOKUP;OFFICIAL_STIHL_LOOKUP
163121300;BT 360 Bohrgerät;;Grondboren;Benzine;MY_STIHL;https://app.stihl.com/nl-nl/mystihl/tools/add/serial-number;2026-10-06;authenticated MY STIHL UI lookup;OFFICIAL_WEB_LOOKUP;OFFICIAL_STIHL_LOOKUP
163121305;BT 360 Bohrgerät;;Grondboren;Benzine;MY_STIHL;https://app.stihl.com/nl-nl/mystihl/tools/add/serial-number;2026-10-06;authenticated MY STIHL UI lookup;OFFICIAL_WEB_LOOKUP;OFFICIAL_STIHL_LOOKUP
163121310;BT 360 Bohrgerät;;Grondboren;Benzine;MY_STIHL;https://app.stihl.com/nl-nl/mystihl/tools/add/serial-number;2026-10-06;authenticated MY STIHL UI lookup;OFFICIAL_WEB_LOOKUP;OFFICIAL_STIHL_LOOKUP
163121315;BT 360 Bohrgerät;;Grondboren;Benzine;MY_STIHL;https://app.stihl.com/nl-nl/mystihl/tools/add/serial-number;2026-10-06;authenticated MY STIHL UI lookup;OFFICIAL_WEB_LOOKUP;OFFICIAL_STIHL_LOOKUP
163121320;BT 360 Bohrgerät;;Grondboren;Benzine;MY_STIHL;https://app.stihl.com/nl-nl/mystihl/tools/add/serial-number;2026-10-06;authenticated MY STIHL UI lookup;OFFICIAL_WEB_LOOKUP;OFFICIAL_STIHL_LOOKUP
163121325;BT 360 Bohrgerät;;Grondboren;Benzine;MY_STIHL;https://app.stihl.com/nl-nl/mystihl/tools/add/serial-number;2026-10-06;authenticated MY STIHL UI lookup;OFFICIAL_WEB_LOOKUP;OFFICIAL_STIHL_LOOKUP
163121330;BT 360 Bohrgerät;;Grondboren;Benzine;MY_STIHL;https://app.stihl.com/nl-nl/mystihl/tools/add/serial-number;2026-10-06;authenticated MY STIHL UI lookup;OFFICIAL_WEB_LOOKUP;OFFICIAL_STIHL_LOOKUP
163121335;BT 360 Bohrgerät;;Grondboren;Benzine;MY_STIHL;https://app.stihl.com/nl-nl/mystihl/tools/add/serial-number;2026-10-06;authenticated MY STIHL UI lookup;OFFICIAL_WEB_LOOKUP;OFFICIAL_STIHL_LOOKUP
163121340;BT 360 Bohrgerät;;Grondboren;Benzine;MY_STIHL;https://app.stihl.com/nl-nl/mystihl/tools/add/serial-number;2026-10-06;authenticated MY STIHL UI lookup;OFFICIAL_WEB_LOOKUP;OFFICIAL_STIHL_LOOKUP
163121345;BT 360 Bohrgerät;;Grondboren;Benzine;MY_STIHL;https://app.stihl.com/nl-nl/mystihl/tools/add/serial-number;2026-10-06;authenticated MY STIHL UI lookup;OFFICIAL_WEB_LOOKUP;OFFICIAL_STIHL_LOOKUP
163121350;BT 360 Bohrgerät;;Grondboren;Benzine;MY_STIHL;https://app.stihl.com/nl-nl/mystihl/tools/add/serial-number;2026-10-06;authenticated MY STIHL UI lookup;OFFICIAL_WEB_LOOKUP;OFFICIAL_STIHL_LOOKUP
163121355;BT 360 Bohrgerät;;Grondboren;Benzine;MY_STIHL;https://app.stihl.com/nl-nl/mystihl/tools/add/serial-number;2026-10-06;authenticated MY STIHL UI lookup;OFFICIAL_WEB_LOOKUP;OFFICIAL_STIHL_LOOKUP
163121360;BT 360 Bohrgerät;;Grondboren;Benzine;MY_STIHL;https://app.stihl.com/nl-nl/mystihl/tools/add/serial-number;2026-10-06;authenticated MY STIHL UI lookup;OFFICIAL_WEB_LOOKUP;OFFICIAL_STIHL_LOOKUP
163121365;BT 360 Bohrgerät;;Grondboren;Benzine;MY_STIHL;https://app.stihl.com/nl-nl/mystihl/tools/add/serial-number;2026-10-06;authenticated MY STIHL UI lookup;OFFICIAL_WEB_LOOKUP;OFFICIAL_STIHL_LOOKUP
163121370;BT 360 Bohrgerät;;Grondboren;Benzine;MY_STIHL;https://app.stihl.com/nl-nl/mystihl/tools/add/serial-number;2026-10-06;authenticated MY STIHL UI lookup;OFFICIAL_WEB_LOOKUP;OFFICIAL_STIHL_LOOKUP
163121375;FS 450-KZ Freischneider;;Bosmaaier;Benzine;MY_STIHL;https://app.stihl.com/nl-nl/mystihl/tools/add/serial-number;2026-10-06;authenticated MY STIHL UI lookup;OFFICIAL_WEB_LOOKUP;OFFICIAL_STIHL_LOOKUP
163121380;FS 450-KZ Freischneider;;Bosmaaier;Benzine;MY_STIHL;https://app.stihl.com/nl-nl/mystihl/tools/add/serial-number;2026-10-06;authenticated MY STIHL UI lookup;OFFICIAL_WEB_LOOKUP;OFFICIAL_STIHL_LOOKUP
163121385;FS 450-KZ Freischneider;;Bosmaaier;Benzine;MY_STIHL;https://app.stihl.com/nl-nl/mystihl/tools/add/serial-number;2026-10-06;authenticated MY STIHL UI lookup;OFFICIAL_WEB_LOOKUP;OFFICIAL_STIHL_LOOKUP
163121390;FS 450-KZ Freischneider;;Bosmaaier;Benzine;MY_STIHL;https://app.stihl.com/nl-nl/mystihl/tools/add/serial-number;2026-10-06;authenticated MY STIHL UI lookup;OFFICIAL_WEB_LOOKUP;OFFICIAL_STIHL_LOOKUP
163121395;FS 450-KZ Freischneider;;Bosmaaier;Benzine;MY_STIHL;https://app.stihl.com/nl-nl/mystihl/tools/add/serial-number;2026-10-06;authenticated MY STIHL UI lookup;OFFICIAL_WEB_LOOKUP;OFFICIAL_STIHL_LOOKUP
163121400;FS 450-KZ Freischneider;;Bosmaaier;Benzine;MY_STIHL;https://app.stihl.com/nl-nl/mystihl/tools/add/serial-number;2026-10-06;authenticated MY STIHL UI lookup;OFFICIAL_WEB_LOOKUP;OFFICIAL_STIHL_LOOKUP
163121405;FS 450-KZ Freischneider;;Bosmaaier;Benzine;MY_STIHL;https://app.stihl.com/nl-nl/mystihl/tools/add/serial-number;2026-10-06;authenticated MY STIHL UI lookup;OFFICIAL_WEB_LOOKUP;OFFICIAL_STIHL_LOOKUP
163121410;FS 450-KZ Freischneider;;Bosmaaier;Benzine;MY_STIHL;https://app.stihl.com/nl-nl/mystihl/tools/add/serial-number;2026-10-06;authenticated MY STIHL UI lookup;OFFICIAL_WEB_LOOKUP;OFFICIAL_STIHL_LOOKUP
163121415;FS 450-KZ Freischneider;;Bosmaaier;Benzine;MY_STIHL;https://app.stihl.com/nl-nl/mystihl/tools/add/serial-number;2026-10-06;authenticated MY STIHL UI lookup;OFFICIAL_WEB_LOOKUP;OFFICIAL_STIHL_LOOKUP
163121420;FS 450-KZ Freischneider;;Bosmaaier;Benzine;MY_STIHL;https://app.stihl.com/nl-nl/mystihl/tools/add/serial-number;2026-10-06;authenticated MY STIHL UI lookup;OFFICIAL_WEB_LOOKUP;OFFICIAL_STIHL_LOOKUP
163121425;FS 450-KZ Freischneider;;Bosmaaier;Benzine;MY_STIHL;https://app.stihl.com/nl-nl/mystihl/tools/add/serial-number;2026-10-06;authenticated MY STIHL UI lookup;OFFICIAL_WEB_LOOKUP;OFFICIAL_STIHL_LOOKUP
163121430;FS 450-KZ Freischneider;;Bosmaaier;Benzine;MY_STIHL;https://app.stihl.com/nl-nl/mystihl/tools/add/serial-number;2026-10-06;authenticated MY STIHL UI lookup;OFFICIAL_WEB_LOOKUP;OFFICIAL_STIHL_LOOKUP
163121435;FS 450-KZ Freischneider;;Bosmaaier;Benzine;MY_STIHL;https://app.stihl.com/nl-nl/mystihl/tools/add/serial-number;2026-10-06;authenticated MY STIHL UI lookup;OFFICIAL_WEB_LOOKUP;OFFICIAL_STIHL_LOOKUP
163121440;FS 450-KZ Freischneider;;Bosmaaier;Benzine;MY_STIHL;https://app.stihl.com/nl-nl/mystihl/tools/add/serial-number;2026-10-06;authenticated MY STIHL UI lookup;OFFICIAL_WEB_LOOKUP;OFFICIAL_STIHL_LOOKUP
163121445;FS 450-KZ Freischneider;;Bosmaaier;Benzine;MY_STIHL;https://app.stihl.com/nl-nl/mystihl/tools/add/serial-number;2026-10-06;authenticated MY STIHL UI lookup;OFFICIAL_WEB_LOOKUP;OFFICIAL_STIHL_LOOKUP
163121450;FS 450-KZ Freischneider;;Bosmaaier;Benzine;MY_STIHL;https://app.stihl.com/nl-nl/mystihl/tools/add/serial-number;2026-10-06;authenticated MY STIHL UI lookup;OFFICIAL_WEB_LOOKUP;OFFICIAL_STIHL_LOOKUP
163121455;FS 450-KZ Freischneider;;Bosmaaier;Benzine;MY_STIHL;https://app.stihl.com/nl-nl/mystihl/tools/add/serial-number;2026-10-06;authenticated MY STIHL UI lookup;OFFICIAL_WEB_LOOKUP;OFFICIAL_STIHL_LOOKUP
163121460;FS 450-KZ Freischneider;;Bosmaaier;Benzine;MY_STIHL;https://app.stihl.com/nl-nl/mystihl/tools/add/serial-number;2026-10-06;authenticated MY STIHL UI lookup;OFFICIAL_WEB_LOOKUP;OFFICIAL_STIHL_LOOKUP
163121465;FS 450-KZ Freischneider;;Bosmaaier;Benzine;MY_STIHL;https://app.stihl.com/nl-nl/mystihl/tools/add/serial-number;2026-10-06;authenticated MY STIHL UI lookup;OFFICIAL_WEB_LOOKUP;OFFICIAL_STIHL_LOOKUP
163121470;FS 450-KZ Freischneider;;Bosmaaier;Benzine;MY_STIHL;https://app.stihl.com/nl-nl/mystihl/tools/add/serial-number;2026-10-06;authenticated MY STIHL UI lookup;OFFICIAL_WEB_LOOKUP;OFFICIAL_STIHL_LOOKUP
163121475;FS 450-KZ Freischneider;;Bosmaaier;Benzine;MY_STIHL;https://app.stihl.com/nl-nl/mystihl/tools/add/serial-number;2026-10-06;authenticated MY STIHL UI lookup;OFFICIAL_WEB_LOOKUP;OFFICIAL_STIHL_LOOKUP
163121480;FS 450-KZ Freischneider;;Bosmaaier;Benzine;MY_STIHL;https://app.stihl.com/nl-nl/mystihl/tools/add/serial-number;2026-10-06;authenticated MY STIHL UI lookup;OFFICIAL_WEB_LOOKUP;OFFICIAL_STIHL_LOOKUP
163121485;FS 450-KZ Freischneider;;Bosmaaier;Benzine;MY_STIHL;https://app.stihl.com/nl-nl/mystihl/tools/add/serial-number;2026-10-06;authenticated MY STIHL UI lookup;OFFICIAL_WEB_LOOKUP;OFFICIAL_STIHL_LOOKUP
163121490;FS 450-KZ Freischneider;;Bosmaaier;Benzine;MY_STIHL;https://app.stihl.com/nl-nl/mystihl/tools/add/serial-number;2026-10-06;authenticated MY STIHL UI lookup;OFFICIAL_WEB_LOOKUP;OFFICIAL_STIHL_LOOKUP
163121495;FS 450-KZ Freischneider;;Bosmaaier;Benzine;MY_STIHL;https://app.stihl.com/nl-nl/mystihl/tools/add/serial-number;2026-10-06;authenticated MY STIHL UI lookup;OFFICIAL_WEB_LOOKUP;OFFICIAL_STIHL_LOOKUP
163121500;FS 450-KZ Freischneider;;Bosmaaier;Benzine;MY_STIHL;https://app.stihl.com/nl-nl/mystihl/tools/add/serial-number;2026-10-06;authenticated MY STIHL UI lookup;OFFICIAL_WEB_LOOKUP;OFFICIAL_STIHL_LOOKUP
163121505;FS 450-KZ Freischneider;;Bosmaaier;Benzine;MY_STIHL;https://app.stihl.com/nl-nl/mystihl/tools/add/serial-number;2026-10-06;authenticated MY STIHL UI lookup;OFFICIAL_WEB_LOOKUP;OFFICIAL_STIHL_LOOKUP
163121510;FS 450-KZ Freischneider;;Bosmaaier;Benzine;MY_STIHL;https://app.stihl.com/nl-nl/mystihl/tools/add/serial-number;2026-10-06;authenticated MY STIHL UI lookup;OFFICIAL_WEB_LOOKUP;OFFICIAL_STIHL_LOOKUP
163121515;FS 450-KZ Freischneider;;Bosmaaier;Benzine;MY_STIHL;https://app.stihl.com/nl-nl/mystihl/tools/add/serial-number;2026-10-06;authenticated MY STIHL UI lookup;OFFICIAL_WEB_LOOKUP;OFFICIAL_STIHL_LOOKUP
163121520;FS 450-KZ Freischneider;;Bosmaaier;Benzine;MY_STIHL;https://app.stihl.com/nl-nl/mystihl/tools/add/serial-number;2026-10-06;authenticated MY STIHL UI lookup;OFFICIAL_WEB_LOOKUP;OFFICIAL_STIHL_LOOKUP
163121525;FS 450-KZ Freischneider;;Bosmaaier;Benzine;MY_STIHL;https://app.stihl.com/nl-nl/mystihl/tools/add/serial-number;2026-10-06;authenticated MY STIHL UI lookup;OFFICIAL_WEB_LOOKUP;OFFICIAL_STIHL_LOOKUP
163121530;FS 450-KZ Freischneider;;Bosmaaier;Benzine;MY_STIHL;https://app.stihl.com/nl-nl/mystihl/tools/add/serial-number;2026-10-06;authenticated MY STIHL UI lookup;OFFICIAL_WEB_LOOKUP;OFFICIAL_STIHL_LOOKUP
163121535;FS 450-KZ Freischneider;;Bosmaaier;Benzine;MY_STIHL;https://app.stihl.com/nl-nl/mystihl/tools/add/serial-number;2026-10-06;authenticated MY STIHL UI lookup;OFFICIAL_WEB_LOOKUP;OFFICIAL_STIHL_LOOKUP
163121540;FS 450-KZ Freischneider;;Bosmaaier;Benzine;MY_STIHL;https://app.stihl.com/nl-nl/mystihl/tools/add/serial-number;2026-10-06;authenticated MY STIHL UI lookup;OFFICIAL_WEB_LOOKUP;OFFICIAL_STIHL_LOOKUP
163121545;FS 450-KZ Freischneider;;Bosmaaier;Benzine;MY_STIHL;https://app.stihl.com/nl-nl/mystihl/tools/add/serial-number;2026-10-06;authenticated MY STIHL UI lookup;OFFICIAL_WEB_LOOKUP;OFFICIAL_STIHL_LOOKUP
163121550;FS 450-KZ Freischneider;;Bosmaaier;Benzine;MY_STIHL;https://app.stihl.com/nl-nl/mystihl/tools/add/serial-number;2026-10-06;authenticated MY STIHL UI lookup;OFFICIAL_WEB_LOOKUP;OFFICIAL_STIHL_LOOKUP
163121555;FS 450-KZ Freischneider;;Bosmaaier;Benzine;MY_STIHL;https://app.stihl.com/nl-nl/mystihl/tools/add/serial-number;2026-10-06;authenticated MY STIHL UI lookup;OFFICIAL_WEB_LOOKUP;OFFICIAL_STIHL_LOOKUP
163121560;FS 450-KZ Freischneider;;Bosmaaier;Benzine;MY_STIHL;https://app.stihl.com/nl-nl/mystihl/tools/add/serial-number;2026-10-06;authenticated MY STIHL UI lookup;OFFICIAL_WEB_LOOKUP;OFFICIAL_STIHL_LOOKUP
163121565;FS 450-KZ Freischneider;;Bosmaaier;Benzine;MY_STIHL;https://app.stihl.com/nl-nl/mystihl/tools/add/serial-number;2026-10-06;authenticated MY STIHL UI lookup;OFFICIAL_WEB_LOOKUP;OFFICIAL_STIHL_LOOKUP
163121570;FS 450-KZ Freischneider;;Bosmaaier;Benzine;MY_STIHL;https://app.stihl.com/nl-nl/mystihl/tools/add/serial-number;2026-10-06;authenticated MY STIHL UI lookup;OFFICIAL_WEB_LOOKUP;OFFICIAL_STIHL_LOOKUP
163121575;FS 450-KZ Freischneider;;Bosmaaier;Benzine;MY_STIHL;https://app.stihl.com/nl-nl/mystihl/tools/add/serial-number;2026-10-06;authenticated MY STIHL UI lookup;OFFICIAL_WEB_LOOKUP;OFFICIAL_STIHL_LOOKUP
163121580;FS 450-KZ Freischneider;;Bosmaaier;Benzine;MY_STIHL;https://app.stihl.com/nl-nl/mystihl/tools/add/serial-number;2026-10-06;authenticated MY STIHL UI lookup;OFFICIAL_WEB_LOOKUP;OFFICIAL_STIHL_LOOKUP
163121585;FS 450-KZ Freischneider;;Bosmaaier;Benzine;MY_STIHL;https://app.stihl.com/nl-nl/mystihl/tools/add/serial-number;2026-10-06;authenticated MY STIHL UI lookup;OFFICIAL_WEB_LOOKUP;OFFICIAL_STIHL_LOOKUP
163121590;FS 450-KZ Freischneider;;Bosmaaier;Benzine;MY_STIHL;https://app.stihl.com/nl-nl/mystihl/tools/add/serial-number;2026-10-06;authenticated MY STIHL UI lookup;OFFICIAL_WEB_LOOKUP;OFFICIAL_STIHL_LOOKUP
163121595;FS 450-KZ Freischneider;;Bosmaaier;Benzine;MY_STIHL;https://app.stihl.com/nl-nl/mystihl/tools/add/serial-number;2026-10-06;authenticated MY STIHL UI lookup;OFFICIAL_WEB_LOOKUP;OFFICIAL_STIHL_LOOKUP
163121600;FS 450-KZ Freischneider;;Bosmaaier;Benzine;MY_STIHL;https://app.stihl.com/nl-nl/mystihl/tools/add/serial-number;2026-10-06;authenticated MY STIHL UI lookup;OFFICIAL_WEB_LOOKUP;OFFICIAL_STIHL_LOOKUP
163121605;FS 450-KZ Freischneider;;Bosmaaier;Benzine;MY_STIHL;https://app.stihl.com/nl-nl/mystihl/tools/add/serial-number;2026-10-06;authenticated MY STIHL UI lookup;OFFICIAL_WEB_LOOKUP;OFFICIAL_STIHL_LOOKUP
163121610;FS 450-KZ Freischneider;;Bosmaaier;Benzine;MY_STIHL;https://app.stihl.com/nl-nl/mystihl/tools/add/serial-number;2026-10-06;authenticated MY STIHL UI lookup;OFFICIAL_WEB_LOOKUP;OFFICIAL_STIHL_LOOKUP
163121615;FS 450-KZ Freischneider;;Bosmaaier;Benzine;MY_STIHL;https://app.stihl.com/nl-nl/mystihl/tools/add/serial-number;2026-10-06;authenticated MY STIHL UI lookup;OFFICIAL_WEB_LOOKUP;OFFICIAL_STIHL_LOOKUP
163121620;FS 450-KZ Freischneider;;Bosmaaier;Benzine;MY_STIHL;https://app.stihl.com/nl-nl/mystihl/tools/add/serial-number;2026-10-06;authenticated MY STIHL UI lookup;OFFICIAL_WEB_LOOKUP;OFFICIAL_STIHL_LOOKUP
163121625;FS 450-KZ Freischneider;;Bosmaaier;Benzine;MY_STIHL;https://app.stihl.com/nl-nl/mystihl/tools/add/serial-number;2026-10-06;authenticated MY STIHL UI lookup;OFFICIAL_WEB_LOOKUP;OFFICIAL_STIHL_LOOKUP
163121630;SP 450 Anbaumotor;;Algemeen gemotoriseerd;Benzine;MY_STIHL;https://app.stihl.com/nl-nl/mystihl/tools/add/serial-number;2026-10-06;authenticated MY STIHL UI lookup;OFFICIAL_WEB_LOOKUP;OFFICIAL_STIHL_LOOKUP
163121635;SP 450 Anbaumotor;;Algemeen gemotoriseerd;Benzine;MY_STIHL;https://app.stihl.com/nl-nl/mystihl/tools/add/serial-number;2026-10-06;authenticated MY STIHL UI lookup;OFFICIAL_WEB_LOOKUP;OFFICIAL_STIHL_LOOKUP
163121640;SP 450 Anbaumotor;;Algemeen gemotoriseerd;Benzine;MY_STIHL;https://app.stihl.com/nl-nl/mystihl/tools/add/serial-number;2026-10-06;authenticated MY STIHL UI lookup;OFFICIAL_WEB_LOOKUP;OFFICIAL_STIHL_LOOKUP
163121645;SP 450 Anbaumotor;;Algemeen gemotoriseerd;Benzine;MY_STIHL;https://app.stihl.com/nl-nl/mystihl/tools/add/serial-number;2026-10-06;authenticated MY STIHL UI lookup;OFFICIAL_WEB_LOOKUP;OFFICIAL_STIHL_LOOKUP
163121650;SP 450 Anbaumotor;;Algemeen gemotoriseerd;Benzine;MY_STIHL;https://app.stihl.com/nl-nl/mystihl/tools/add/serial-number;2026-10-06;authenticated MY STIHL UI lookup;OFFICIAL_WEB_LOOKUP;OFFICIAL_STIHL_LOOKUP
163121655;SP 450 Anbaumotor;;Algemeen gemotoriseerd;Benzine;MY_STIHL;https://app.stihl.com/nl-nl/mystihl/tools/add/serial-number;2026-10-06;authenticated MY STIHL UI lookup;OFFICIAL_WEB_LOOKUP;OFFICIAL_STIHL_LOOKUP
163121660;SP 450 Anbaumotor;;Algemeen gemotoriseerd;Benzine;MY_STIHL;https://app.stihl.com/nl-nl/mystihl/tools/add/serial-number;2026-10-06;authenticated MY STIHL UI lookup;OFFICIAL_WEB_LOOKUP;OFFICIAL_STIHL_LOOKUP
163121665;SP 450 Anbaumotor;;Algemeen gemotoriseerd;Benzine;MY_STIHL;https://app.stihl.com/nl-nl/mystihl/tools/add/serial-number;2026-10-06;authenticated MY STIHL UI lookup;OFFICIAL_WEB_LOOKUP;OFFICIAL_STIHL_LOOKUP
163121670;SP 450 Anbaumotor;;Algemeen gemotoriseerd;Benzine;MY_STIHL;https://app.stihl.com/nl-nl/mystihl/tools/add/serial-number;2026-10-06;authenticated MY STIHL UI lookup;OFFICIAL_WEB_LOOKUP;OFFICIAL_STIHL_LOOKUP
163121675;SP 450 Anbaumotor;;Algemeen gemotoriseerd;Benzine;MY_STIHL;https://app.stihl.com/nl-nl/mystihl/tools/add/serial-number;2026-10-06;authenticated MY STIHL UI lookup;OFFICIAL_WEB_LOOKUP;OFFICIAL_STIHL_LOOKUP
163121680;SP 450 Anbaumotor;;Algemeen gemotoriseerd;Benzine;MY_STIHL;https://app.stihl.com/nl-nl/mystihl/tools/add/serial-number;2026-10-06;authenticated MY STIHL UI lookup;OFFICIAL_WEB_LOOKUP;OFFICIAL_STIHL_LOOKUP
163121685;SP 450 Anbaumotor;;Algemeen gemotoriseerd;Benzine;MY_STIHL;https://app.stihl.com/nl-nl/mystihl/tools/add/serial-number;2026-10-06;authenticated MY STIHL UI lookup;OFFICIAL_WEB_LOOKUP;OFFICIAL_STIHL_LOOKUP
163121690;SP 450 Anbaumotor;;Algemeen gemotoriseerd;Benzine;MY_STIHL;https://app.stihl.com/nl-nl/mystihl/tools/add/serial-number;2026-10-06;authenticated MY STIHL UI lookup;OFFICIAL_WEB_LOOKUP;OFFICIAL_STIHL_LOOKUP
163121695;SP 450 Anbaumotor;;Algemeen gemotoriseerd;Benzine;MY_STIHL;https://app.stihl.com/nl-nl/mystihl/tools/add/serial-number;2026-10-06;authenticated MY STIHL UI lookup;OFFICIAL_WEB_LOOKUP;OFFICIAL_STIHL_LOOKUP
163121700;SP 450 Anbaumotor;;Algemeen gemotoriseerd;Benzine;MY_STIHL;https://app.stihl.com/nl-nl/mystihl/tools/add/serial-number;2026-10-06;authenticated MY STIHL UI lookup;OFFICIAL_WEB_LOOKUP;OFFICIAL_STIHL_LOOKUP
163121705;SP 450 Anbaumotor;;Algemeen gemotoriseerd;Benzine;MY_STIHL;https://app.stihl.com/nl-nl/mystihl/tools/add/serial-number;2026-10-06;authenticated MY STIHL UI lookup;OFFICIAL_WEB_LOOKUP;OFFICIAL_STIHL_LOOKUP
163121710;SP 450 Anbaumotor;;Algemeen gemotoriseerd;Benzine;MY_STIHL;https://app.stihl.com/nl-nl/mystihl/tools/add/serial-number;2026-10-06;authenticated MY STIHL UI lookup;OFFICIAL_WEB_LOOKUP;OFFICIAL_STIHL_LOOKUP
163121715;SP 450 Anbaumotor;;Algemeen gemotoriseerd;Benzine;MY_STIHL;https://app.stihl.com/nl-nl/mystihl/tools/add/serial-number;2026-10-06;authenticated MY STIHL UI lookup;OFFICIAL_WEB_LOOKUP;OFFICIAL_STIHL_LOOKUP
163121720;SP 450 Anbaumotor;;Algemeen gemotoriseerd;Benzine;MY_STIHL;https://app.stihl.com/nl-nl/mystihl/tools/add/serial-number;2026-10-06;authenticated MY STIHL UI lookup;OFFICIAL_WEB_LOOKUP;OFFICIAL_STIHL_LOOKUP
163121725;SP 450 Anbaumotor;;Algemeen gemotoriseerd;Benzine;MY_STIHL;https://app.stihl.com/nl-nl/mystihl/tools/add/serial-number;2026-10-06;authenticated MY STIHL UI lookup;OFFICIAL_WEB_LOOKUP;OFFICIAL_STIHL_LOOKUP
163121730;SP 450 Anbaumotor;;Algemeen gemotoriseerd;Benzine;MY_STIHL;https://app.stihl.com/nl-nl/mystihl/tools/add/serial-number;2026-10-06;authenticated MY STIHL UI lookup;OFFICIAL_WEB_LOOKUP;OFFICIAL_STIHL_LOOKUP
163121735;SP 450 Anbaumotor;;Algemeen gemotoriseerd;Benzine;MY_STIHL;https://app.stihl.com/nl-nl/mystihl/tools/add/serial-number;2026-10-06;authenticated MY STIHL UI lookup;OFFICIAL_WEB_LOOKUP;OFFICIAL_STIHL_LOOKUP
163121740;SP 450 Anbaumotor;;Algemeen gemotoriseerd;Benzine;MY_STIHL;https://app.stihl.com/nl-nl/mystihl/tools/add/serial-number;2026-10-06;authenticated MY STIHL UI lookup;OFFICIAL_WEB_LOOKUP;OFFICIAL_STIHL_LOOKUP
163121745;SP 450 Anbaumotor;;Algemeen gemotoriseerd;Benzine;MY_STIHL;https://app.stihl.com/nl-nl/mystihl/tools/add/serial-number;2026-10-06;authenticated MY STIHL UI lookup;OFFICIAL_WEB_LOOKUP;OFFICIAL_STIHL_LOOKUP
163121750;SP 450 Anbaumotor;;Algemeen gemotoriseerd;Benzine;MY_STIHL;https://app.stihl.com/nl-nl/mystihl/tools/add/serial-number;2026-10-06;authenticated MY STIHL UI lookup;OFFICIAL_WEB_LOOKUP;OFFICIAL_STIHL_LOOKUP
163121755;SP 450 Anbaumotor;;Algemeen gemotoriseerd;Benzine;MY_STIHL;https://app.stihl.com/nl-nl/mystihl/tools/add/serial-number;2026-10-06;authenticated MY STIHL UI lookup;OFFICIAL_WEB_LOOKUP;OFFICIAL_STIHL_LOOKUP
163121760;SP 450 Anbaumotor;;Algemeen gemotoriseerd;Benzine;MY_STIHL;https://app.stihl.com/nl-nl/mystihl/tools/add/serial-number;2026-10-06;authenticated MY STIHL UI lookup;OFFICIAL_WEB_LOOKUP;OFFICIAL_STIHL_LOOKUP
163121765;SP 450 Anbaumotor;;Algemeen gemotoriseerd;Benzine;MY_STIHL;https://app.stihl.com/nl-nl/mystihl/tools/add/serial-number;2026-10-06;authenticated MY STIHL UI lookup;OFFICIAL_WEB_LOOKUP;OFFICIAL_STIHL_LOOKUP
163121770;SP 450 Anbaumotor;;Algemeen gemotoriseerd;Benzine;MY_STIHL;https://app.stihl.com/nl-nl/mystihl/tools/add/serial-number;2026-10-06;authenticated MY STIHL UI lookup;OFFICIAL_WEB_LOOKUP;OFFICIAL_STIHL_LOOKUP
163121775;SP 450 Anbaumotor;;Algemeen gemotoriseerd;Benzine;MY_STIHL;https://app.stihl.com/nl-nl/mystihl/tools/add/serial-number;2026-10-06;authenticated MY STIHL UI lookup;OFFICIAL_WEB_LOOKUP;OFFICIAL_STIHL_LOOKUP
163121780;SP 450 Anbaumotor;;Algemeen gemotoriseerd;Benzine;MY_STIHL;https://app.stihl.com/nl-nl/mystihl/tools/add/serial-number;2026-10-06;authenticated MY STIHL UI lookup;OFFICIAL_WEB_LOOKUP;OFFICIAL_STIHL_LOOKUP
163121785;SP 450 Anbaumotor;;Algemeen gemotoriseerd;Benzine;MY_STIHL;https://app.stihl.com/nl-nl/mystihl/tools/add/serial-number;2026-10-06;authenticated MY STIHL UI lookup;OFFICIAL_WEB_LOOKUP;OFFICIAL_STIHL_LOOKUP
163121790;SP 450 Anbaumotor;;Algemeen gemotoriseerd;Benzine;MY_STIHL;https://app.stihl.com/nl-nl/mystihl/tools/add/serial-number;2026-10-06;authenticated MY STIHL UI lookup;OFFICIAL_WEB_LOOKUP;OFFICIAL_STIHL_LOOKUP
163121795;SP 450 Anbaumotor;;Algemeen gemotoriseerd;Benzine;MY_STIHL;https://app.stihl.com/nl-nl/mystihl/tools/add/serial-number;2026-10-06;authenticated MY STIHL UI lookup;OFFICIAL_WEB_LOOKUP;OFFICIAL_STIHL_LOOKUP
163121800;SP 450 Anbaumotor;;Algemeen gemotoriseerd;Benzine;MY_STIHL;https://app.stihl.com/nl-nl/mystihl/tools/add/serial-number;2026-10-06;authenticated MY STIHL UI lookup;OFFICIAL_WEB_LOOKUP;OFFICIAL_STIHL_LOOKUP
163121805;SP 450 Anbaumotor;;Algemeen gemotoriseerd;Benzine;MY_STIHL;https://app.stihl.com/nl-nl/mystihl/tools/add/serial-number;2026-10-06;authenticated MY STIHL UI lookup;OFFICIAL_WEB_LOOKUP;OFFICIAL_STIHL_LOOKUP
163121810;SP 450 Anbaumotor;;Algemeen gemotoriseerd;Benzine;MY_STIHL;https://app.stihl.com/nl-nl/mystihl/tools/add/serial-number;2026-10-06;authenticated MY STIHL UI lookup;OFFICIAL_WEB_LOOKUP;OFFICIAL_STIHL_LOOKUP
163121815;SP 450 Anbaumotor;;Algemeen gemotoriseerd;Benzine;MY_STIHL;https://app.stihl.com/nl-nl/mystihl/tools/add/serial-number;2026-10-06;authenticated MY STIHL UI lookup;OFFICIAL_WEB_LOOKUP;OFFICIAL_STIHL_LOOKUP
163121820;SP 450 Anbaumotor;;Algemeen gemotoriseerd;Benzine;MY_STIHL;https://app.stihl.com/nl-nl/mystihl/tools/add/serial-number;2026-10-06;authenticated MY STIHL UI lookup;OFFICIAL_WEB_LOOKUP;OFFICIAL_STIHL_LOOKUP
163121825;SP 450 Anbaumotor;;Algemeen gemotoriseerd;Benzine;MY_STIHL;https://app.stihl.com/nl-nl/mystihl/tools/add/serial-number;2026-10-06;authenticated MY STIHL UI lookup;OFFICIAL_WEB_LOOKUP;OFFICIAL_STIHL_LOOKUP
163121830;SP 450 Anbaumotor;;Algemeen gemotoriseerd;Benzine;MY_STIHL;https://app.stihl.com/nl-nl/mystihl/tools/add/serial-number;2026-10-06;authenticated MY STIHL UI lookup;OFFICIAL_WEB_LOOKUP;OFFICIAL_STIHL_LOOKUP
163121835;SP 450 Anbaumotor;;Algemeen gemotoriseerd;Benzine;MY_STIHL;https://app.stihl.com/nl-nl/mystihl/tools/add/serial-number;2026-10-06;authenticated MY STIHL UI lookup;OFFICIAL_WEB_LOOKUP;OFFICIAL_STIHL_LOOKUP
163121840;SP 450 Anbaumotor;;Algemeen gemotoriseerd;Benzine;MY_STIHL;https://app.stihl.com/nl-nl/mystihl/tools/add/serial-number;2026-10-06;authenticated MY STIHL UI lookup;OFFICIAL_WEB_LOOKUP;OFFICIAL_STIHL_LOOKUP
163121845;SP 450 Anbaumotor;;Algemeen gemotoriseerd;Benzine;MY_STIHL;https://app.stihl.com/nl-nl/mystihl/tools/add/serial-number;2026-10-06;authenticated MY STIHL UI lookup;OFFICIAL_WEB_LOOKUP;OFFICIAL_STIHL_LOOKUP
163121850;SP 450 Anbaumotor;;Algemeen gemotoriseerd;Benzine;MY_STIHL;https://app.stihl.com/nl-nl/mystihl/tools/add/serial-number;2026-10-06;authenticated MY STIHL UI lookup;OFFICIAL_WEB_LOOKUP;OFFICIAL_STIHL_LOOKUP
163121855;SP 450 Anbaumotor;;Algemeen gemotoriseerd;Benzine;MY_STIHL;https://app.stihl.com/nl-nl/mystihl/tools/add/serial-number;2026-10-06;authenticated MY STIHL UI lookup;OFFICIAL_WEB_LOOKUP;OFFICIAL_STIHL_LOOKUP
163121860;SP 450 Anbaumotor;;Algemeen gemotoriseerd;Benzine;MY_STIHL;https://app.stihl.com/nl-nl/mystihl/tools/add/serial-number;2026-10-06;authenticated MY STIHL UI lookup;OFFICIAL_WEB_LOOKUP;OFFICIAL_STIHL_LOOKUP
163121865;SP 450 Anbaumotor;;Algemeen gemotoriseerd;Benzine;MY_STIHL;https://app.stihl.com/nl-nl/mystihl/tools/add/serial-number;2026-10-06;authenticated MY STIHL UI lookup;OFFICIAL_WEB_LOOKUP;OFFICIAL_STIHL_LOOKUP
163121870;SP 450 Anbaumotor;;Algemeen gemotoriseerd;Benzine;MY_STIHL;https://app.stihl.com/nl-nl/mystihl/tools/add/serial-number;2026-10-06;authenticated MY STIHL UI lookup;OFFICIAL_WEB_LOOKUP;OFFICIAL_STIHL_LOOKUP
163121875;SP 450 Anbaumotor;;Algemeen gemotoriseerd;Benzine;MY_STIHL;https://app.stihl.com/nl-nl/mystihl/tools/add/serial-number;2026-10-06;authenticated MY STIHL UI lookup;OFFICIAL_WEB_LOOKUP;OFFICIAL_STIHL_LOOKUP
163121880;SP 450 Anbaumotor;;Algemeen gemotoriseerd;Benzine;MY_STIHL;https://app.stihl.com/nl-nl/mystihl/tools/add/serial-number;2026-10-06;authenticated MY STIHL UI lookup;OFFICIAL_WEB_LOOKUP;OFFICIAL_STIHL_LOOKUP
163121885;SP 450 Anbaumotor;;Algemeen gemotoriseerd;Benzine;MY_STIHL;https://app.stihl.com/nl-nl/mystihl/tools/add/serial-number;2026-10-06;authenticated MY STIHL UI lookup;OFFICIAL_WEB_LOOKUP;OFFICIAL_STIHL_LOOKUP
163121890;SP 450 Anbaumotor;;Algemeen gemotoriseerd;Benzine;MY_STIHL;https://app.stihl.com/nl-nl/mystihl/tools/add/serial-number;2026-10-06;authenticated MY STIHL UI lookup;OFFICIAL_WEB_LOOKUP;OFFICIAL_STIHL_LOOKUP
163121895;SP 450 Anbaumotor;;Algemeen gemotoriseerd;Benzine;MY_STIHL;https://app.stihl.com/nl-nl/mystihl/tools/add/serial-number;2026-10-06;authenticated MY STIHL UI lookup;OFFICIAL_WEB_LOOKUP;OFFICIAL_STIHL_LOOKUP
163121900;SP 450 Anbaumotor;;Algemeen gemotoriseerd;Benzine;MY_STIHL;https://app.stihl.com/nl-nl/mystihl/tools/add/serial-number;2026-10-06;authenticated MY STIHL UI lookup;OFFICIAL_WEB_LOOKUP;OFFICIAL_STIHL_LOOKUP
163121905;SP 450 Anbaumotor;;Algemeen gemotoriseerd;Benzine;MY_STIHL;https://app.stihl.com/nl-nl/mystihl/tools/add/serial-number;2026-10-06;authenticated MY STIHL UI lookup;OFFICIAL_WEB_LOOKUP;OFFICIAL_STIHL_LOOKUP
163121910;SP 450 Anbaumotor;;Algemeen gemotoriseerd;Benzine;MY_STIHL;https://app.stihl.com/nl-nl/mystihl/tools/add/serial-number;2026-10-06;authenticated MY STIHL UI lookup;OFFICIAL_WEB_LOOKUP;OFFICIAL_STIHL_LOOKUP
163121915;SP 450 Anbaumotor;;Algemeen gemotoriseerd;Benzine;MY_STIHL;https://app.stihl.com/nl-nl/mystihl/tools/add/serial-number;2026-10-06;authenticated MY STIHL UI lookup;OFFICIAL_WEB_LOOKUP;OFFICIAL_STIHL_LOOKUP
163121920;SP 450 Anbaumotor;;Algemeen gemotoriseerd;Benzine;MY_STIHL;https://app.stihl.com/nl-nl/mystihl/tools/add/serial-number;2026-10-06;authenticated MY STIHL UI lookup;OFFICIAL_WEB_LOOKUP;OFFICIAL_STIHL_LOOKUP
163121925;SP 450 Anbaumotor;;Algemeen gemotoriseerd;Benzine;MY_STIHL;https://app.stihl.com/nl-nl/mystihl/tools/add/serial-number;2026-10-06;authenticated MY STIHL UI lookup;OFFICIAL_WEB_LOOKUP;OFFICIAL_STIHL_LOOKUP
163121930;SP 450 Anbaumotor;;Algemeen gemotoriseerd;Benzine;MY_STIHL;https://app.stihl.com/nl-nl/mystihl/tools/add/serial-number;2026-10-06;authenticated MY STIHL UI lookup;OFFICIAL_WEB_LOOKUP;OFFICIAL_STIHL_LOOKUP
163121935;SP 450 Anbaumotor;;Algemeen gemotoriseerd;Benzine;MY_STIHL;https://app.stihl.com/nl-nl/mystihl/tools/add/serial-number;2026-10-06;authenticated MY STIHL UI lookup;OFFICIAL_WEB_LOOKUP;OFFICIAL_STIHL_LOOKUP
163121940;SP 450 Anbaumotor;;Algemeen gemotoriseerd;Benzine;MY_STIHL;https://app.stihl.com/nl-nl/mystihl/tools/add/serial-number;2026-10-06;authenticated MY STIHL UI lookup;OFFICIAL_WEB_LOOKUP;OFFICIAL_STIHL_LOOKUP
163121945;SP 450 Anbaumotor;;Algemeen gemotoriseerd;Benzine;MY_STIHL;https://app.stihl.com/nl-nl/mystihl/tools/add/serial-number;2026-10-06;authenticated MY STIHL UI lookup;OFFICIAL_WEB_LOOKUP;OFFICIAL_STIHL_LOOKUP
163121950;SP 450 Anbaumotor;;Algemeen gemotoriseerd;Benzine;MY_STIHL;https://app.stihl.com/nl-nl/mystihl/tools/add/serial-number;2026-10-06;authenticated MY STIHL UI lookup;OFFICIAL_WEB_LOOKUP;OFFICIAL_STIHL_LOOKUP
163121955;SP 450 Anbaumotor;;Algemeen gemotoriseerd;Benzine;MY_STIHL;https://app.stihl.com/nl-nl/mystihl/tools/add/serial-number;2026-10-06;authenticated MY STIHL UI lookup;OFFICIAL_WEB_LOOKUP;OFFICIAL_STIHL_LOOKUP
163121960;SP 450 Anbaumotor;;Algemeen gemotoriseerd;Benzine;MY_STIHL;https://app.stihl.com/nl-nl/mystihl/tools/add/serial-number;2026-10-06;authenticated MY STIHL UI lookup;OFFICIAL_WEB_LOOKUP;OFFICIAL_STIHL_LOOKUP
163121965;SP 450 Anbaumotor;;Algemeen gemotoriseerd;Benzine;MY_STIHL;https://app.stihl.com/nl-nl/mystihl/tools/add/serial-number;2026-10-06;authenticated MY STIHL UI lookup;OFFICIAL_WEB_LOOKUP;OFFICIAL_STIHL_LOOKUP
163121970;SP 450 Anbaumotor;;Algemeen gemotoriseerd;Benzine;MY_STIHL;https://app.stihl.com/nl-nl/mystihl/tools/add/serial-number;2026-10-06;authenticated MY STIHL UI lookup;OFFICIAL_WEB_LOOKUP;OFFICIAL_STIHL_LOOKUP
163121975;SP 450 Anbaumotor;;Algemeen gemotoriseerd;Benzine;MY_STIHL;https://app.stihl.com/nl-nl/mystihl/tools/add/serial-number;2026-10-06;authenticated MY STIHL UI lookup;OFFICIAL_WEB_LOOKUP;OFFICIAL_STIHL_LOOKUP
163121980;SP 450 Anbaumotor;;Algemeen gemotoriseerd;Benzine;MY_STIHL;https://app.stihl.com/nl-nl/mystihl/tools/add/serial-number;2026-10-06;authenticated MY STIHL UI lookup;OFFICIAL_WEB_LOOKUP;OFFICIAL_STIHL_LOOKUP
163121985;SP 450 Anbaumotor;;Algemeen gemotoriseerd;Benzine;MY_STIHL;https://app.stihl.com/nl-nl/mystihl/tools/add/serial-number;2026-10-06;authenticated MY STIHL UI lookup;OFFICIAL_WEB_LOOKUP;OFFICIAL_STIHL_LOOKUP
163121990;SP 450 Anbaumotor;;Algemeen gemotoriseerd;Benzine;MY_STIHL;https://app.stihl.com/nl-nl/mystihl/tools/add/serial-number;2026-10-06;authenticated MY STIHL UI lookup;OFFICIAL_WEB_LOOKUP;OFFICIAL_STIHL_LOOKUP
163121995;SP 450 Anbaumotor;;Algemeen gemotoriseerd;Benzine;MY_STIHL;https://app.stihl.com/nl-nl/mystihl/tools/add/serial-number;2026-10-06;authenticated MY STIHL UI lookup;OFFICIAL_WEB_LOOKUP;OFFICIAL_STIHL_LOOKUP
163122000;SP 450 Anbaumotor;;Algemeen gemotoriseerd;Benzine;MY_STIHL;https://app.stihl.com/nl-nl/mystihl/tools/add/serial-number;2026-10-06;authenticated MY STIHL UI lookup;OFFICIAL_WEB_LOOKUP;OFFICIAL_STIHL_LOOKUP
163122005;SP 450 Anbaumotor;;Algemeen gemotoriseerd;Benzine;MY_STIHL;https://app.stihl.com/nl-nl/mystihl/tools/add/serial-number;2026-10-06;authenticated MY STIHL UI lookup;OFFICIAL_WEB_LOOKUP;OFFICIAL_STIHL_LOOKUP
163122010;SP 450 Anbaumotor;;Algemeen gemotoriseerd;Benzine;MY_STIHL;https://app.stihl.com/nl-nl/mystihl/tools/add/serial-number;2026-10-06;authenticated MY STIHL UI lookup;OFFICIAL_WEB_LOOKUP;OFFICIAL_STIHL_LOOKUP
163122015;SP 450 Anbaumotor;;Algemeen gemotoriseerd;Benzine;MY_STIHL;https://app.stihl.com/nl-nl/mystihl/tools/add/serial-number;2026-10-06;authenticated MY STIHL UI lookup;OFFICIAL_WEB_LOOKUP;OFFICIAL_STIHL_LOOKUP
163122020;SP 450 Anbaumotor;;Algemeen gemotoriseerd;Benzine;MY_STIHL;https://app.stihl.com/nl-nl/mystihl/tools/add/serial-number;2026-10-06;authenticated MY STIHL UI lookup;OFFICIAL_WEB_LOOKUP;OFFICIAL_STIHL_LOOKUP
163122025;SP 450 Anbaumotor;;Algemeen gemotoriseerd;Benzine;MY_STIHL;https://app.stihl.com/nl-nl/mystihl/tools/add/serial-number;2026-10-06;authenticated MY STIHL UI lookup;OFFICIAL_WEB_LOOKUP;OFFICIAL_STIHL_LOOKUP
163122030;SP 450 Anbaumotor;;Algemeen gemotoriseerd;Benzine;MY_STIHL;https://app.stihl.com/nl-nl/mystihl/tools/add/serial-number;2026-10-06;authenticated MY STIHL UI lookup;OFFICIAL_WEB_LOOKUP;OFFICIAL_STIHL_LOOKUP
163122035;SP 450 Anbaumotor;;Algemeen gemotoriseerd;Benzine;MY_STIHL;https://app.stihl.com/nl-nl/mystihl/tools/add/serial-number;2026-10-06;authenticated MY STIHL UI lookup;OFFICIAL_WEB_LOOKUP;OFFICIAL_STIHL_LOOKUP
163122040;SP 450 Anbaumotor;;Algemeen gemotoriseerd;Benzine;MY_STIHL;https://app.stihl.com/nl-nl/mystihl/tools/add/serial-number;2026-10-06;authenticated MY STIHL UI lookup;OFFICIAL_WEB_LOOKUP;OFFICIAL_STIHL_LOOKUP
163122045;SP 450 Anbaumotor;;Algemeen gemotoriseerd;Benzine;MY_STIHL;https://app.stihl.com/nl-nl/mystihl/tools/add/serial-number;2026-10-06;authenticated MY STIHL UI lookup;OFFICIAL_WEB_LOOKUP;OFFICIAL_STIHL_LOOKUP
163122050;SP 450 Anbaumotor;;Algemeen gemotoriseerd;Benzine;MY_STIHL;https://app.stihl.com/nl-nl/mystihl/tools/add/serial-number;2026-10-06;authenticated MY STIHL UI lookup;OFFICIAL_WEB_LOOKUP;OFFICIAL_STIHL_LOOKUP
163122055;SP 450 Anbaumotor;;Algemeen gemotoriseerd;Benzine;MY_STIHL;https://app.stihl.com/nl-nl/mystihl/tools/add/serial-number;2026-10-06;authenticated MY STIHL UI lookup;OFFICIAL_WEB_LOOKUP;OFFICIAL_STIHL_LOOKUP
163122060;SP 450 Anbaumotor;;Algemeen gemotoriseerd;Benzine;MY_STIHL;https://app.stihl.com/nl-nl/mystihl/tools/add/serial-number;2026-10-06;authenticated MY STIHL UI lookup;OFFICIAL_WEB_LOOKUP;OFFICIAL_STIHL_LOOKUP
163122065;SP 450 Anbaumotor;;Algemeen gemotoriseerd;Benzine;MY_STIHL;https://app.stihl.com/nl-nl/mystihl/tools/add/serial-number;2026-10-06;authenticated MY STIHL UI lookup;OFFICIAL_WEB_LOOKUP;OFFICIAL_STIHL_LOOKUP
163122070;SP 450 Anbaumotor;;Algemeen gemotoriseerd;Benzine;MY_STIHL;https://app.stihl.com/nl-nl/mystihl/tools/add/serial-number;2026-10-06;authenticated MY STIHL UI lookup;OFFICIAL_WEB_LOOKUP;OFFICIAL_STIHL_LOOKUP
163122075;SP 450 Anbaumotor;;Algemeen gemotoriseerd;Benzine;MY_STIHL;https://app.stihl.com/nl-nl/mystihl/tools/add/serial-number;2026-10-06;authenticated MY STIHL UI lookup;OFFICIAL_WEB_LOOKUP;OFFICIAL_STIHL_LOOKUP
163122080;SP 450 Anbaumotor;;Algemeen gemotoriseerd;Benzine;MY_STIHL;https://app.stihl.com/nl-nl/mystihl/tools/add/serial-number;2026-10-06;authenticated MY STIHL UI lookup;OFFICIAL_WEB_LOOKUP;OFFICIAL_STIHL_LOOKUP
163122085;SP 450 Anbaumotor;;Algemeen gemotoriseerd;Benzine;MY_STIHL;https://app.stihl.com/nl-nl/mystihl/tools/add/serial-number;2026-10-06;authenticated MY STIHL UI lookup;OFFICIAL_WEB_LOOKUP;OFFICIAL_STIHL_LOOKUP
163122090;SP 450 Anbaumotor;;Algemeen gemotoriseerd;Benzine;MY_STIHL;https://app.stihl.com/nl-nl/mystihl/tools/add/serial-number;2026-10-06;authenticated MY STIHL UI lookup;OFFICIAL_WEB_LOOKUP;OFFICIAL_STIHL_LOOKUP
163122095;SP 450 Anbaumotor;;Algemeen gemotoriseerd;Benzine;MY_STIHL;https://app.stihl.com/nl-nl/mystihl/tools/add/serial-number;2026-10-06;authenticated MY STIHL UI lookup;OFFICIAL_WEB_LOOKUP;OFFICIAL_STIHL_LOOKUP
163122100;SP 450 Anbaumotor;;Algemeen gemotoriseerd;Benzine;MY_STIHL;https://app.stihl.com/nl-nl/mystihl/tools/add/serial-number;2026-10-06;authenticated MY STIHL UI lookup;OFFICIAL_WEB_LOOKUP;OFFICIAL_STIHL_LOOKUP
163122105;SP 450 Anbaumotor;;Algemeen gemotoriseerd;Benzine;MY_STIHL;https://app.stihl.com/nl-nl/mystihl/tools/add/serial-number;2026-10-06;authenticated MY STIHL UI lookup;OFFICIAL_WEB_LOOKUP;OFFICIAL_STIHL_LOOKUP
163122110;SP 450 Anbaumotor;;Algemeen gemotoriseerd;Benzine;MY_STIHL;https://app.stihl.com/nl-nl/mystihl/tools/add/serial-number;2026-10-06;authenticated MY STIHL UI lookup;OFFICIAL_WEB_LOOKUP;OFFICIAL_STIHL_LOOKUP
163122115;SP 450 Anbaumotor;;Algemeen gemotoriseerd;Benzine;MY_STIHL;https://app.stihl.com/nl-nl/mystihl/tools/add/serial-number;2026-10-06;authenticated MY STIHL UI lookup;OFFICIAL_WEB_LOOKUP;OFFICIAL_STIHL_LOOKUP
163122120;SP 450 Anbaumotor;;Algemeen gemotoriseerd;Benzine;MY_STIHL;https://app.stihl.com/nl-nl/mystihl/tools/add/serial-number;2026-10-06;authenticated MY STIHL UI lookup;OFFICIAL_WEB_LOOKUP;OFFICIAL_STIHL_LOOKUP
163122125;SP 450 Anbaumotor;;Algemeen gemotoriseerd;Benzine;MY_STIHL;https://app.stihl.com/nl-nl/mystihl/tools/add/serial-number;2026-10-06;authenticated MY STIHL UI lookup;OFFICIAL_WEB_LOOKUP;OFFICIAL_STIHL_LOOKUP
163122130;SP 450 Anbaumotor;;Algemeen gemotoriseerd;Benzine;MY_STIHL;https://app.stihl.com/nl-nl/mystihl/tools/add/serial-number;2026-10-06;authenticated MY STIHL UI lookup;OFFICIAL_WEB_LOOKUP;OFFICIAL_STIHL_LOOKUP
163122135;SP 450 Anbaumotor;;Algemeen gemotoriseerd;Benzine;MY_STIHL;https://app.stihl.com/nl-nl/mystihl/tools/add/serial-number;2026-10-06;authenticated MY STIHL UI lookup;OFFICIAL_WEB_LOOKUP;OFFICIAL_STIHL_LOOKUP
163122140;SP 450 Anbaumotor;;Algemeen gemotoriseerd;Benzine;MY_STIHL;https://app.stihl.com/nl-nl/mystihl/tools/add/serial-number;2026-10-06;authenticated MY STIHL UI lookup;OFFICIAL_WEB_LOOKUP;OFFICIAL_STIHL_LOOKUP
163122145;SP 450 Anbaumotor;;Algemeen gemotoriseerd;Benzine;MY_STIHL;https://app.stihl.com/nl-nl/mystihl/tools/add/serial-number;2026-10-06;authenticated MY STIHL UI lookup;OFFICIAL_WEB_LOOKUP;OFFICIAL_STIHL_LOOKUP
163122150;SP 450 Anbaumotor;;Algemeen gemotoriseerd;Benzine;MY_STIHL;https://app.stihl.com/nl-nl/mystihl/tools/add/serial-number;2026-10-06;authenticated MY STIHL UI lookup;OFFICIAL_WEB_LOOKUP;OFFICIAL_STIHL_LOOKUP
163122155;SP 450 Anbaumotor;;Algemeen gemotoriseerd;Benzine;MY_STIHL;https://app.stihl.com/nl-nl/mystihl/tools/add/serial-number;2026-10-06;authenticated MY STIHL UI lookup;OFFICIAL_WEB_LOOKUP;OFFICIAL_STIHL_LOOKUP
163122160;SP 450 Anbaumotor;;Algemeen gemotoriseerd;Benzine;MY_STIHL;https://app.stihl.com/nl-nl/mystihl/tools/add/serial-number;2026-10-06;authenticated MY STIHL UI lookup;OFFICIAL_WEB_LOOKUP;OFFICIAL_STIHL_LOOKUP
163122165;SP 450 Anbaumotor;;Algemeen gemotoriseerd;Benzine;MY_STIHL;https://app.stihl.com/nl-nl/mystihl/tools/add/serial-number;2026-10-06;authenticated MY STIHL UI lookup;OFFICIAL_WEB_LOOKUP;OFFICIAL_STIHL_LOOKUP
163122170;SP 450 Anbaumotor;;Algemeen gemotoriseerd;Benzine;MY_STIHL;https://app.stihl.com/nl-nl/mystihl/tools/add/serial-number;2026-10-06;authenticated MY STIHL UI lookup;OFFICIAL_WEB_LOOKUP;OFFICIAL_STIHL_LOOKUP
163122175;SP 450 Anbaumotor;;Algemeen gemotoriseerd;Benzine;MY_STIHL;https://app.stihl.com/nl-nl/mystihl/tools/add/serial-number;2026-10-06;authenticated MY STIHL UI lookup;OFFICIAL_WEB_LOOKUP;OFFICIAL_STIHL_LOOKUP
163122180;SP 450 Anbaumotor;;Algemeen gemotoriseerd;Benzine;MY_STIHL;https://app.stihl.com/nl-nl/mystihl/tools/add/serial-number;2026-10-06;authenticated MY STIHL UI lookup;OFFICIAL_WEB_LOOKUP;OFFICIAL_STIHL_LOOKUP
163122185;SP 450 Anbaumotor;;Algemeen gemotoriseerd;Benzine;MY_STIHL;https://app.stihl.com/nl-nl/mystihl/tools/add/serial-number;2026-10-06;authenticated MY STIHL UI lookup;OFFICIAL_WEB_LOOKUP;OFFICIAL_STIHL_LOOKUP
163122190;SP 450 Anbaumotor;;Algemeen gemotoriseerd;Benzine;MY_STIHL;https://app.stihl.com/nl-nl/mystihl/tools/add/serial-number;2026-10-06;authenticated MY STIHL UI lookup;OFFICIAL_WEB_LOOKUP;OFFICIAL_STIHL_LOOKUP
163122195;SP 450 Anbaumotor;;Algemeen gemotoriseerd;Benzine;MY_STIHL;https://app.stihl.com/nl-nl/mystihl/tools/add/serial-number;2026-10-06;authenticated MY STIHL UI lookup;OFFICIAL_WEB_LOOKUP;OFFICIAL_STIHL_LOOKUP
163122200;SP 450 Anbaumotor;;Algemeen gemotoriseerd;Benzine;MY_STIHL;https://app.stihl.com/nl-nl/mystihl/tools/add/serial-number;2026-10-06;authenticated MY STIHL UI lookup;OFFICIAL_WEB_LOOKUP;OFFICIAL_STIHL_LOOKUP
163122205;SP 450 Anbaumotor;;Algemeen gemotoriseerd;Benzine;MY_STIHL;https://app.stihl.com/nl-nl/mystihl/tools/add/serial-number;2026-10-06;authenticated MY STIHL UI lookup;OFFICIAL_WEB_LOOKUP;OFFICIAL_STIHL_LOOKUP
163122210;SP 450 Anbaumotor;;Algemeen gemotoriseerd;Benzine;MY_STIHL;https://app.stihl.com/nl-nl/mystihl/tools/add/serial-number;2026-10-06;authenticated MY STIHL UI lookup;OFFICIAL_WEB_LOOKUP;OFFICIAL_STIHL_LOOKUP
163122215;SP 450 Anbaumotor;;Algemeen gemotoriseerd;Benzine;MY_STIHL;https://app.stihl.com/nl-nl/mystihl/tools/add/serial-number;2026-10-06;authenticated MY STIHL UI lookup;OFFICIAL_WEB_LOOKUP;OFFICIAL_STIHL_LOOKUP
163122220;SP 450 Anbaumotor;;Algemeen gemotoriseerd;Benzine;MY_STIHL;https://app.stihl.com/nl-nl/mystihl/tools/add/serial-number;2026-10-06;authenticated MY STIHL UI lookup;OFFICIAL_WEB_LOOKUP;OFFICIAL_STIHL_LOOKUP
163122225;SP 450 Anbaumotor;;Algemeen gemotoriseerd;Benzine;MY_STIHL;https://app.stihl.com/nl-nl/mystihl/tools/add/serial-number;2026-10-06;authenticated MY STIHL UI lookup;OFFICIAL_WEB_LOOKUP;OFFICIAL_STIHL_LOOKUP
163122230;SP 450 Anbaumotor;;Algemeen gemotoriseerd;Benzine;MY_STIHL;https://app.stihl.com/nl-nl/mystihl/tools/add/serial-number;2026-10-06;authenticated MY STIHL UI lookup;OFFICIAL_WEB_LOOKUP;OFFICIAL_STIHL_LOOKUP
163122235;SP 450 Anbaumotor;;Algemeen gemotoriseerd;Benzine;MY_STIHL;https://app.stihl.com/nl-nl/mystihl/tools/add/serial-number;2026-10-06;authenticated MY STIHL UI lookup;OFFICIAL_WEB_LOOKUP;OFFICIAL_STIHL_LOOKUP
163122240;SP 450 Anbaumotor;;Algemeen gemotoriseerd;Benzine;MY_STIHL;https://app.stihl.com/nl-nl/mystihl/tools/add/serial-number;2026-10-06;authenticated MY STIHL UI lookup;OFFICIAL_WEB_LOOKUP;OFFICIAL_STIHL_LOOKUP
163122245;SP 450 Anbaumotor;;Algemeen gemotoriseerd;Benzine;MY_STIHL;https://app.stihl.com/nl-nl/mystihl/tools/add/serial-number;2026-10-06;authenticated MY STIHL UI lookup;OFFICIAL_WEB_LOOKUP;OFFICIAL_STIHL_LOOKUP
163122250;SP 450 Anbaumotor;;Algemeen gemotoriseerd;Benzine;MY_STIHL;https://app.stihl.com/nl-nl/mystihl/tools/add/serial-number;2026-10-06;authenticated MY STIHL UI lookup;OFFICIAL_WEB_LOOKUP;OFFICIAL_STIHL_LOOKUP
163122255;SP 450 Anbaumotor;;Algemeen gemotoriseerd;Benzine;MY_STIHL;https://app.stihl.com/nl-nl/mystihl/tools/add/serial-number;2026-10-06;authenticated MY STIHL UI lookup;OFFICIAL_WEB_LOOKUP;OFFICIAL_STIHL_LOOKUP
163122260;SP 450 Anbaumotor;;Algemeen gemotoriseerd;Benzine;MY_STIHL;https://app.stihl.com/nl-nl/mystihl/tools/add/serial-number;2026-10-06;authenticated MY STIHL UI lookup;OFFICIAL_WEB_LOOKUP;OFFICIAL_STIHL_LOOKUP
163122265;SP 450 Anbaumotor;;Algemeen gemotoriseerd;Benzine;MY_STIHL;https://app.stihl.com/nl-nl/mystihl/tools/add/serial-number;2026-10-06;authenticated MY STIHL UI lookup;OFFICIAL_WEB_LOOKUP;OFFICIAL_STIHL_LOOKUP
163122270;SP 450 Anbaumotor;;Algemeen gemotoriseerd;Benzine;MY_STIHL;https://app.stihl.com/nl-nl/mystihl/tools/add/serial-number;2026-10-06;authenticated MY STIHL UI lookup;OFFICIAL_WEB_LOOKUP;OFFICIAL_STIHL_LOOKUP
163122275;SP 450 Anbaumotor;;Algemeen gemotoriseerd;Benzine;MY_STIHL;https://app.stihl.com/nl-nl/mystihl/tools/add/serial-number;2026-10-06;authenticated MY STIHL UI lookup;OFFICIAL_WEB_LOOKUP;OFFICIAL_STIHL_LOOKUP
163122280;SP 450 Anbaumotor;;Algemeen gemotoriseerd;Benzine;MY_STIHL;https://app.stihl.com/nl-nl/mystihl/tools/add/serial-number;2026-10-06;authenticated MY STIHL UI lookup;OFFICIAL_WEB_LOOKUP;OFFICIAL_STIHL_LOOKUP
163122285;SP 450 Anbaumotor;;Algemeen gemotoriseerd;Benzine;MY_STIHL;https://app.stihl.com/nl-nl/mystihl/tools/add/serial-number;2026-10-06;authenticated MY STIHL UI lookup;OFFICIAL_WEB_LOOKUP;OFFICIAL_STIHL_LOOKUP
163122290;SP 450 Anbaumotor;;Algemeen gemotoriseerd;Benzine;MY_STIHL;https://app.stihl.com/nl-nl/mystihl/tools/add/serial-number;2026-10-06;authenticated MY STIHL UI lookup;OFFICIAL_WEB_LOOKUP;OFFICIAL_STIHL_LOOKUP
163122295;SP 450 Anbaumotor;;Algemeen gemotoriseerd;Benzine;MY_STIHL;https://app.stihl.com/nl-nl/mystihl/tools/add/serial-number;2026-10-06;authenticated MY STIHL UI lookup;OFFICIAL_WEB_LOOKUP;OFFICIAL_STIHL_LOOKUP
163122300;SP 450 Anbaumotor;;Algemeen gemotoriseerd;Benzine;MY_STIHL;https://app.stihl.com/nl-nl/mystihl/tools/add/serial-number;2026-10-06;authenticated MY STIHL UI lookup;OFFICIAL_WEB_LOOKUP;OFFICIAL_STIHL_LOOKUP
163122305;SP 450 Anbaumotor;;Algemeen gemotoriseerd;Benzine;MY_STIHL;https://app.stihl.com/nl-nl/mystihl/tools/add/serial-number;2026-10-06;authenticated MY STIHL UI lookup;OFFICIAL_WEB_LOOKUP;OFFICIAL_STIHL_LOOKUP
163122310;SP 450 Anbaumotor;;Algemeen gemotoriseerd;Benzine;MY_STIHL;https://app.stihl.com/nl-nl/mystihl/tools/add/serial-number;2026-10-06;authenticated MY STIHL UI lookup;OFFICIAL_WEB_LOOKUP;OFFICIAL_STIHL_LOOKUP
163122315;SP 450 Anbaumotor;;Algemeen gemotoriseerd;Benzine;MY_STIHL;https://app.stihl.com/nl-nl/mystihl/tools/add/serial-number;2026-10-06;authenticated MY STIHL UI lookup;OFFICIAL_WEB_LOOKUP;OFFICIAL_STIHL_LOOKUP
163122320;SP 450 Anbaumotor;;Algemeen gemotoriseerd;Benzine;MY_STIHL;https://app.stihl.com/nl-nl/mystihl/tools/add/serial-number;2026-10-06;authenticated MY STIHL UI lookup;OFFICIAL_WEB_LOOKUP;OFFICIAL_STIHL_LOOKUP
163122325;SP 450 Anbaumotor;;Algemeen gemotoriseerd;Benzine;MY_STIHL;https://app.stihl.com/nl-nl/mystihl/tools/add/serial-number;2026-10-06;authenticated MY STIHL UI lookup;OFFICIAL_WEB_LOOKUP;OFFICIAL_STIHL_LOOKUP
163122330;SP 450 Anbaumotor;;Algemeen gemotoriseerd;Benzine;MY_STIHL;https://app.stihl.com/nl-nl/mystihl/tools/add/serial-number;2026-10-06;authenticated MY STIHL UI lookup;OFFICIAL_WEB_LOOKUP;OFFICIAL_STIHL_LOOKUP
163122335;SP 450 Anbaumotor;;Algemeen gemotoriseerd;Benzine;MY_STIHL;https://app.stihl.com/nl-nl/mystihl/tools/add/serial-number;2026-10-06;authenticated MY STIHL UI lookup;OFFICIAL_WEB_LOOKUP;OFFICIAL_STIHL_LOOKUP
163122340;SP 450 Anbaumotor;;Algemeen gemotoriseerd;Benzine;MY_STIHL;https://app.stihl.com/nl-nl/mystihl/tools/add/serial-number;2026-10-06;authenticated MY STIHL UI lookup;OFFICIAL_WEB_LOOKUP;OFFICIAL_STIHL_LOOKUP
163122345;SP 450 Anbaumotor;;Algemeen gemotoriseerd;Benzine;MY_STIHL;https://app.stihl.com/nl-nl/mystihl/tools/add/serial-number;2026-10-06;authenticated MY STIHL UI lookup;OFFICIAL_WEB_LOOKUP;OFFICIAL_STIHL_LOOKUP
163122350;SP 450 Anbaumotor;;Algemeen gemotoriseerd;Benzine;MY_STIHL;https://app.stihl.com/nl-nl/mystihl/tools/add/serial-number;2026-10-06;authenticated MY STIHL UI lookup;OFFICIAL_WEB_LOOKUP;OFFICIAL_STIHL_LOOKUP
163122355;SP 450 Anbaumotor;;Algemeen gemotoriseerd;Benzine;MY_STIHL;https://app.stihl.com/nl-nl/mystihl/tools/add/serial-number;2026-10-06;authenticated MY STIHL UI lookup;OFFICIAL_WEB_LOOKUP;OFFICIAL_STIHL_LOOKUP
163122360;SP 450 Anbaumotor;;Algemeen gemotoriseerd;Benzine;MY_STIHL;https://app.stihl.com/nl-nl/mystihl/tools/add/serial-number;2026-10-06;authenticated MY STIHL UI lookup;OFFICIAL_WEB_LOOKUP;OFFICIAL_STIHL_LOOKUP
163122365;SP 450 Anbaumotor;;Algemeen gemotoriseerd;Benzine;MY_STIHL;https://app.stihl.com/nl-nl/mystihl/tools/add/serial-number;2026-10-06;authenticated MY STIHL UI lookup;OFFICIAL_WEB_LOOKUP;OFFICIAL_STIHL_LOOKUP
163122370;SP 450 Anbaumotor;;Algemeen gemotoriseerd;Benzine;MY_STIHL;https://app.stihl.com/nl-nl/mystihl/tools/add/serial-number;2026-10-06;authenticated MY STIHL UI lookup;OFFICIAL_WEB_LOOKUP;OFFICIAL_STIHL_LOOKUP
163122375;SP 450 Anbaumotor;;Algemeen gemotoriseerd;Benzine;MY_STIHL;https://app.stihl.com/nl-nl/mystihl/tools/add/serial-number;2026-10-06;authenticated MY STIHL UI lookup;OFFICIAL_WEB_LOOKUP;OFFICIAL_STIHL_LOOKUP
163122380;SP 450 Anbaumotor;;Algemeen gemotoriseerd;Benzine;MY_STIHL;https://app.stihl.com/nl-nl/mystihl/tools/add/serial-number;2026-10-06;authenticated MY STIHL UI lookup;OFFICIAL_WEB_LOOKUP;OFFICIAL_STIHL_LOOKUP
163122385;SP 450 Anbaumotor;;Algemeen gemotoriseerd;Benzine;MY_STIHL;https://app.stihl.com/nl-nl/mystihl/tools/add/serial-number;2026-10-06;authenticated MY STIHL UI lookup;OFFICIAL_WEB_LOOKUP;OFFICIAL_STIHL_LOOKUP
163122390;SP 450 Anbaumotor;;Algemeen gemotoriseerd;Benzine;MY_STIHL;https://app.stihl.com/nl-nl/mystihl/tools/add/serial-number;2026-10-06;authenticated MY STIHL UI lookup;OFFICIAL_WEB_LOOKUP;OFFICIAL_STIHL_LOOKUP
163122395;SP 450 Anbaumotor;;Algemeen gemotoriseerd;Benzine;MY_STIHL;https://app.stihl.com/nl-nl/mystihl/tools/add/serial-number;2026-10-06;authenticated MY STIHL UI lookup;OFFICIAL_WEB_LOOKUP;OFFICIAL_STIHL_LOOKUP
163122400;SP 450 Anbaumotor;;Algemeen gemotoriseerd;Benzine;MY_STIHL;https://app.stihl.com/nl-nl/mystihl/tools/add/serial-number;2026-10-06;authenticated MY STIHL UI lookup;OFFICIAL_WEB_LOOKUP;OFFICIAL_STIHL_LOOKUP
163122405;SP 450 Anbaumotor;;Algemeen gemotoriseerd;Benzine;MY_STIHL;https://app.stihl.com/nl-nl/mystihl/tools/add/serial-number;2026-10-06;authenticated MY STIHL UI lookup;OFFICIAL_WEB_LOOKUP;OFFICIAL_STIHL_LOOKUP
163122410;SP 450 Anbaumotor;;Algemeen gemotoriseerd;Benzine;MY_STIHL;https://app.stihl.com/nl-nl/mystihl/tools/add/serial-number;2026-10-06;authenticated MY STIHL UI lookup;OFFICIAL_WEB_LOOKUP;OFFICIAL_STIHL_LOOKUP
163122415;SP 450 Anbaumotor;;Algemeen gemotoriseerd;Benzine;MY_STIHL;https://app.stihl.com/nl-nl/mystihl/tools/add/serial-number;2026-10-06;authenticated MY STIHL UI lookup;OFFICIAL_WEB_LOOKUP;OFFICIAL_STIHL_LOOKUP
163122420;SP 450 Anbaumotor;;Algemeen gemotoriseerd;Benzine;MY_STIHL;https://app.stihl.com/nl-nl/mystihl/tools/add/serial-number;2026-10-06;authenticated MY STIHL UI lookup;OFFICIAL_WEB_LOOKUP;OFFICIAL_STIHL_LOOKUP
163122425;SP 450 Anbaumotor;;Algemeen gemotoriseerd;Benzine;MY_STIHL;https://app.stihl.com/nl-nl/mystihl/tools/add/serial-number;2026-10-06;authenticated MY STIHL UI lookup;OFFICIAL_WEB_LOOKUP;OFFICIAL_STIHL_LOOKUP
163122430;SP 450 Anbaumotor;;Algemeen gemotoriseerd;Benzine;MY_STIHL;https://app.stihl.com/nl-nl/mystihl/tools/add/serial-number;2026-10-06;authenticated MY STIHL UI lookup;OFFICIAL_WEB_LOOKUP;OFFICIAL_STIHL_LOOKUP
163122435;SP 450 Anbaumotor;;Algemeen gemotoriseerd;Benzine;MY_STIHL;https://app.stihl.com/nl-nl/mystihl/tools/add/serial-number;2026-10-06;authenticated MY STIHL UI lookup;OFFICIAL_WEB_LOOKUP;OFFICIAL_STIHL_LOOKUP
163122440;SP 450 Anbaumotor;;Algemeen gemotoriseerd;Benzine;MY_STIHL;https://app.stihl.com/nl-nl/mystihl/tools/add/serial-number;2026-10-06;authenticated MY STIHL UI lookup;OFFICIAL_WEB_LOOKUP;OFFICIAL_STIHL_LOOKUP
163122445;SP 450 Anbaumotor;;Algemeen gemotoriseerd;Benzine;MY_STIHL;https://app.stihl.com/nl-nl/mystihl/tools/add/serial-number;2026-10-06;authenticated MY STIHL UI lookup;OFFICIAL_WEB_LOOKUP;OFFICIAL_STIHL_LOOKUP
163122450;SP 450 Anbaumotor;;Algemeen gemotoriseerd;Benzine;MY_STIHL;https://app.stihl.com/nl-nl/mystihl/tools/add/serial-number;2026-10-06;authenticated MY STIHL UI lookup;OFFICIAL_WEB_LOOKUP;OFFICIAL_STIHL_LOOKUP
163122455;SP 450 Anbaumotor;;Algemeen gemotoriseerd;Benzine;MY_STIHL;https://app.stihl.com/nl-nl/mystihl/tools/add/serial-number;2026-10-06;authenticated MY STIHL UI lookup;OFFICIAL_WEB_LOOKUP;OFFICIAL_STIHL_LOOKUP
163122460;SP 450 Anbaumotor;;Algemeen gemotoriseerd;Benzine;MY_STIHL;https://app.stihl.com/nl-nl/mystihl/tools/add/serial-number;2026-10-06;authenticated MY STIHL UI lookup;OFFICIAL_WEB_LOOKUP;OFFICIAL_STIHL_LOOKUP
163122465;SP 450 Anbaumotor;;Algemeen gemotoriseerd;Benzine;MY_STIHL;https://app.stihl.com/nl-nl/mystihl/tools/add/serial-number;2026-10-06;authenticated MY STIHL UI lookup;OFFICIAL_WEB_LOOKUP;OFFICIAL_STIHL_LOOKUP
163122470;SP 450 Anbaumotor;;Algemeen gemotoriseerd;Benzine;MY_STIHL;https://app.stihl.com/nl-nl/mystihl/tools/add/serial-number;2026-10-06;authenticated MY STIHL UI lookup;OFFICIAL_WEB_LOOKUP;OFFICIAL_STIHL_LOOKUP
163122475;SP 450 Anbaumotor;;Algemeen gemotoriseerd;Benzine;MY_STIHL;https://app.stihl.com/nl-nl/mystihl/tools/add/serial-number;2026-10-06;authenticated MY STIHL UI lookup;OFFICIAL_WEB_LOOKUP;OFFICIAL_STIHL_LOOKUP
163122480;SP 450 Anbaumotor;;Algemeen gemotoriseerd;Benzine;MY_STIHL;https://app.stihl.com/nl-nl/mystihl/tools/add/serial-number;2026-10-06;authenticated MY STIHL UI lookup;OFFICIAL_WEB_LOOKUP;OFFICIAL_STIHL_LOOKUP
163122485;SP 450 Anbaumotor;;Algemeen gemotoriseerd;Benzine;MY_STIHL;https://app.stihl.com/nl-nl/mystihl/tools/add/serial-number;2026-10-06;authenticated MY STIHL UI lookup;OFFICIAL_WEB_LOOKUP;OFFICIAL_STIHL_LOOKUP
163122490;SP 450 Anbaumotor;;Algemeen gemotoriseerd;Benzine;MY_STIHL;https://app.stihl.com/nl-nl/mystihl/tools/add/serial-number;2026-10-06;authenticated MY STIHL UI lookup;OFFICIAL_WEB_LOOKUP;OFFICIAL_STIHL_LOOKUP
163122495;SP 450 Anbaumotor;;Algemeen gemotoriseerd;Benzine;MY_STIHL;https://app.stihl.com/nl-nl/mystihl/tools/add/serial-number;2026-10-06;authenticated MY STIHL UI lookup;OFFICIAL_WEB_LOOKUP;OFFICIAL_STIHL_LOOKUP
163122500;SP 450 Anbaumotor;;Algemeen gemotoriseerd;Benzine;MY_STIHL;https://app.stihl.com/nl-nl/mystihl/tools/add/serial-number;2026-10-06;authenticated MY STIHL UI lookup;OFFICIAL_WEB_LOOKUP;OFFICIAL_STIHL_LOOKUP
163122505;SP 450 Anbaumotor;;Algemeen gemotoriseerd;Benzine;MY_STIHL;https://app.stihl.com/nl-nl/mystihl/tools/add/serial-number;2026-10-06;authenticated MY STIHL UI lookup;OFFICIAL_WEB_LOOKUP;OFFICIAL_STIHL_LOOKUP
163122510;SP 450 Anbaumotor;;Algemeen gemotoriseerd;Benzine;MY_STIHL;https://app.stihl.com/nl-nl/mystihl/tools/add/serial-number;2026-10-06;authenticated MY STIHL UI lookup;OFFICIAL_WEB_LOOKUP;OFFICIAL_STIHL_LOOKUP
163122515;SP 450 Anbaumotor;;Algemeen gemotoriseerd;Benzine;MY_STIHL;https://app.stihl.com/nl-nl/mystihl/tools/add/serial-number;2026-10-06;authenticated MY STIHL UI lookup;OFFICIAL_WEB_LOOKUP;OFFICIAL_STIHL_LOOKUP
163122520;SP 450 Anbaumotor;;Algemeen gemotoriseerd;Benzine;MY_STIHL;https://app.stihl.com/nl-nl/mystihl/tools/add/serial-number;2026-10-06;authenticated MY STIHL UI lookup;OFFICIAL_WEB_LOOKUP;OFFICIAL_STIHL_LOOKUP
163122525;SP 450 Anbaumotor;;Algemeen gemotoriseerd;Benzine;MY_STIHL;https://app.stihl.com/nl-nl/mystihl/tools/add/serial-number;2026-10-06;authenticated MY STIHL UI lookup;OFFICIAL_WEB_LOOKUP;OFFICIAL_STIHL_LOOKUP
163122530;SP 450 Anbaumotor;;Algemeen gemotoriseerd;Benzine;MY_STIHL;https://app.stihl.com/nl-nl/mystihl/tools/add/serial-number;2026-10-06;authenticated MY STIHL UI lookup;OFFICIAL_WEB_LOOKUP;OFFICIAL_STIHL_LOOKUP
163122535;SP 450 Anbaumotor;;Algemeen gemotoriseerd;Benzine;MY_STIHL;https://app.stihl.com/nl-nl/mystihl/tools/add/serial-number;2026-10-06;authenticated MY STIHL UI lookup;OFFICIAL_WEB_LOOKUP;OFFICIAL_STIHL_LOOKUP
163122540;SP 450 Anbaumotor;;Algemeen gemotoriseerd;Benzine;MY_STIHL;https://app.stihl.com/nl-nl/mystihl/tools/add/serial-number;2026-10-06;authenticated MY STIHL UI lookup;OFFICIAL_WEB_LOOKUP;OFFICIAL_STIHL_LOOKUP
163122545;SP 450 Anbaumotor;;Algemeen gemotoriseerd;Benzine;MY_STIHL;https://app.stihl.com/nl-nl/mystihl/tools/add/serial-number;2026-10-06;authenticated MY STIHL UI lookup;OFFICIAL_WEB_LOOKUP;OFFICIAL_STIHL_LOOKUP
163122550;SP 450 Anbaumotor;;Algemeen gemotoriseerd;Benzine;MY_STIHL;https://app.stihl.com/nl-nl/mystihl/tools/add/serial-number;2026-10-06;authenticated MY STIHL UI lookup;OFFICIAL_WEB_LOOKUP;OFFICIAL_STIHL_LOOKUP
163122555;SP 450 Anbaumotor;;Algemeen gemotoriseerd;Benzine;MY_STIHL;https://app.stihl.com/nl-nl/mystihl/tools/add/serial-number;2026-10-06;authenticated MY STIHL UI lookup;OFFICIAL_WEB_LOOKUP;OFFICIAL_STIHL_LOOKUP
163122560;SP 450 Anbaumotor;;Algemeen gemotoriseerd;Benzine;MY_STIHL;https://app.stihl.com/nl-nl/mystihl/tools/add/serial-number;2026-10-06;authenticated MY STIHL UI lookup;OFFICIAL_WEB_LOOKUP;OFFICIAL_STIHL_LOOKUP
163122565;SP 450 Anbaumotor;;Algemeen gemotoriseerd;Benzine;MY_STIHL;https://app.stihl.com/nl-nl/mystihl/tools/add/serial-number;2026-10-06;authenticated MY STIHL UI lookup;OFFICIAL_WEB_LOOKUP;OFFICIAL_STIHL_LOOKUP
163122570;SP 450 Anbaumotor;;Algemeen gemotoriseerd;Benzine;MY_STIHL;https://app.stihl.com/nl-nl/mystihl/tools/add/serial-number;2026-10-06;authenticated MY STIHL UI lookup;OFFICIAL_WEB_LOOKUP;OFFICIAL_STIHL_LOOKUP
163122575;SP 450 Anbaumotor;;Algemeen gemotoriseerd;Benzine;MY_STIHL;https://app.stihl.com/nl-nl/mystihl/tools/add/serial-number;2026-10-06;authenticated MY STIHL UI lookup;OFFICIAL_WEB_LOOKUP;OFFICIAL_STIHL_LOOKUP
163122580;SP 450 Anbaumotor;;Algemeen gemotoriseerd;Benzine;MY_STIHL;https://app.stihl.com/nl-nl/mystihl/tools/add/serial-number;2026-10-06;authenticated MY STIHL UI lookup;OFFICIAL_WEB_LOOKUP;OFFICIAL_STIHL_LOOKUP
163122585;SP 450 Anbaumotor;;Algemeen gemotoriseerd;Benzine;MY_STIHL;https://app.stihl.com/nl-nl/mystihl/tools/add/serial-number;2026-10-06;authenticated MY STIHL UI lookup;OFFICIAL_WEB_LOOKUP;OFFICIAL_STIHL_LOOKUP
163122590;SP 450 Anbaumotor;;Algemeen gemotoriseerd;Benzine;MY_STIHL;https://app.stihl.com/nl-nl/mystihl/tools/add/serial-number;2026-10-06;authenticated MY STIHL UI lookup;OFFICIAL_WEB_LOOKUP;OFFICIAL_STIHL_LOOKUP
163122595;SP 450 Anbaumotor;;Algemeen gemotoriseerd;Benzine;MY_STIHL;https://app.stihl.com/nl-nl/mystihl/tools/add/serial-number;2026-10-06;authenticated MY STIHL UI lookup;OFFICIAL_WEB_LOOKUP;OFFICIAL_STIHL_LOOKUP
163122600;SP 450 Anbaumotor;;Algemeen gemotoriseerd;Benzine;MY_STIHL;https://app.stihl.com/nl-nl/mystihl/tools/add/serial-number;2026-10-06;authenticated MY STIHL UI lookup;OFFICIAL_WEB_LOOKUP;OFFICIAL_STIHL_LOOKUP
163122605;SP 450 Anbaumotor;;Algemeen gemotoriseerd;Benzine;MY_STIHL;https://app.stihl.com/nl-nl/mystihl/tools/add/serial-number;2026-10-06;authenticated MY STIHL UI lookup;OFFICIAL_WEB_LOOKUP;OFFICIAL_STIHL_LOOKUP
163122610;SP 450 Anbaumotor;;Algemeen gemotoriseerd;Benzine;MY_STIHL;https://app.stihl.com/nl-nl/mystihl/tools/add/serial-number;2026-10-06;authenticated MY STIHL UI lookup;OFFICIAL_WEB_LOOKUP;OFFICIAL_STIHL_LOOKUP
163122615;SP 450 Anbaumotor;;Algemeen gemotoriseerd;Benzine;MY_STIHL;https://app.stihl.com/nl-nl/mystihl/tools/add/serial-number;2026-10-06;authenticated MY STIHL UI lookup;OFFICIAL_WEB_LOOKUP;OFFICIAL_STIHL_LOOKUP
163122620;SP 450 Anbaumotor;;Algemeen gemotoriseerd;Benzine;MY_STIHL;https://app.stihl.com/nl-nl/mystihl/tools/add/serial-number;2026-10-06;authenticated MY STIHL UI lookup;OFFICIAL_WEB_LOOKUP;OFFICIAL_STIHL_LOOKUP
163122625;SP 450 Anbaumotor;;Algemeen gemotoriseerd;Benzine;MY_STIHL;https://app.stihl.com/nl-nl/mystihl/tools/add/serial-number;2026-10-06;authenticated MY STIHL UI lookup;OFFICIAL_WEB_LOOKUP;OFFICIAL_STIHL_LOOKUP
163122630;SP 450 Anbaumotor;;Algemeen gemotoriseerd;Benzine;MY_STIHL;https://app.stihl.com/nl-nl/mystihl/tools/add/serial-number;2026-10-06;authenticated MY STIHL UI lookup;OFFICIAL_WEB_LOOKUP;OFFICIAL_STIHL_LOOKUP
163122635;SP 450 Anbaumotor;;Algemeen gemotoriseerd;Benzine;MY_STIHL;https://app.stihl.com/nl-nl/mystihl/tools/add/serial-number;2026-10-06;authenticated MY STIHL UI lookup;OFFICIAL_WEB_LOOKUP;OFFICIAL_STIHL_LOOKUP
163122640;SP 450 Anbaumotor;;Algemeen gemotoriseerd;Benzine;MY_STIHL;https://app.stihl.com/nl-nl/mystihl/tools/add/serial-number;2026-10-06;authenticated MY STIHL UI lookup;OFFICIAL_WEB_LOOKUP;OFFICIAL_STIHL_LOOKUP
163122645;SP 450 Anbaumotor;;Algemeen gemotoriseerd;Benzine;MY_STIHL;https://app.stihl.com/nl-nl/mystihl/tools/add/serial-number;2026-10-06;authenticated MY STIHL UI lookup;OFFICIAL_WEB_LOOKUP;OFFICIAL_STIHL_LOOKUP
163122650;SP 450 Anbaumotor;;Algemeen gemotoriseerd;Benzine;MY_STIHL;https://app.stihl.com/nl-nl/mystihl/tools/add/serial-number;2026-10-06;authenticated MY STIHL UI lookup;OFFICIAL_WEB_LOOKUP;OFFICIAL_STIHL_LOOKUP
163122655;SP 450 Anbaumotor;;Algemeen gemotoriseerd;Benzine;MY_STIHL;https://app.stihl.com/nl-nl/mystihl/tools/add/serial-number;2026-10-06;authenticated MY STIHL UI lookup;OFFICIAL_WEB_LOOKUP;OFFICIAL_STIHL_LOOKUP
163122660;SP 450 Anbaumotor;;Algemeen gemotoriseerd;Benzine;MY_STIHL;https://app.stihl.com/nl-nl/mystihl/tools/add/serial-number;2026-10-06;authenticated MY STIHL UI lookup;OFFICIAL_WEB_LOOKUP;OFFICIAL_STIHL_LOOKUP
163122665;SP 450 Anbaumotor;;Algemeen gemotoriseerd;Benzine;MY_STIHL;https://app.stihl.com/nl-nl/mystihl/tools/add/serial-number;2026-10-06;authenticated MY STIHL UI lookup;OFFICIAL_WEB_LOOKUP;OFFICIAL_STIHL_LOOKUP
163122670;SP 450 Anbaumotor;;Algemeen gemotoriseerd;Benzine;MY_STIHL;https://app.stihl.com/nl-nl/mystihl/tools/add/serial-number;2026-10-06;authenticated MY STIHL UI lookup;OFFICIAL_WEB_LOOKUP;OFFICIAL_STIHL_LOOKUP
163122675;SP 450 Anbaumotor;;Algemeen gemotoriseerd;Benzine;MY_STIHL;https://app.stihl.com/nl-nl/mystihl/tools/add/serial-number;2026-10-06;authenticated MY STIHL UI lookup;OFFICIAL_WEB_LOOKUP;OFFICIAL_STIHL_LOOKUP
163122680;SP 450 Anbaumotor;;Algemeen gemotoriseerd;Benzine;MY_STIHL;https://app.stihl.com/nl-nl/mystihl/tools/add/serial-number;2026-10-06;authenticated MY STIHL UI lookup;OFFICIAL_WEB_LOOKUP;OFFICIAL_STIHL_LOOKUP
163122685;SP 450 Anbaumotor;;Algemeen gemotoriseerd;Benzine;MY_STIHL;https://app.stihl.com/nl-nl/mystihl/tools/add/serial-number;2026-10-06;authenticated MY STIHL UI lookup;OFFICIAL_WEB_LOOKUP;OFFICIAL_STIHL_LOOKUP
163122690;SP 450 Anbaumotor;;Algemeen gemotoriseerd;Benzine;MY_STIHL;https://app.stihl.com/nl-nl/mystihl/tools/add/serial-number;2026-10-06;authenticated MY STIHL UI lookup;OFFICIAL_WEB_LOOKUP;OFFICIAL_STIHL_LOOKUP
163122695;SP 450 Anbaumotor;;Algemeen gemotoriseerd;Benzine;MY_STIHL;https://app.stihl.com/nl-nl/mystihl/tools/add/serial-number;2026-10-06;authenticated MY STIHL UI lookup;OFFICIAL_WEB_LOOKUP;OFFICIAL_STIHL_LOOKUP
163122700;SP 450 Anbaumotor;;Algemeen gemotoriseerd;Benzine;MY_STIHL;https://app.stihl.com/nl-nl/mystihl/tools/add/serial-number;2026-10-06;authenticated MY STIHL UI lookup;OFFICIAL_WEB_LOOKUP;OFFICIAL_STIHL_LOOKUP
163122705;SP 450 Anbaumotor;;Algemeen gemotoriseerd;Benzine;MY_STIHL;https://app.stihl.com/nl-nl/mystihl/tools/add/serial-number;2026-10-06;authenticated MY STIHL UI lookup;OFFICIAL_WEB_LOOKUP;OFFICIAL_STIHL_LOOKUP
163122710;SP 450 Anbaumotor;;Algemeen gemotoriseerd;Benzine;MY_STIHL;https://app.stihl.com/nl-nl/mystihl/tools/add/serial-number;2026-10-06;authenticated MY STIHL UI lookup;OFFICIAL_WEB_LOOKUP;OFFICIAL_STIHL_LOOKUP
163122715;SP 450 Anbaumotor;;Algemeen gemotoriseerd;Benzine;MY_STIHL;https://app.stihl.com/nl-nl/mystihl/tools/add/serial-number;2026-10-06;authenticated MY STIHL UI lookup;OFFICIAL_WEB_LOOKUP;OFFICIAL_STIHL_LOOKUP
163122720;SP 450 Anbaumotor;;Algemeen gemotoriseerd;Benzine;MY_STIHL;https://app.stihl.com/nl-nl/mystihl/tools/add/serial-number;2026-10-06;authenticated MY STIHL UI lookup;OFFICIAL_WEB_LOOKUP;OFFICIAL_STIHL_LOOKUP
163122725;SP 450 Anbaumotor;;Algemeen gemotoriseerd;Benzine;MY_STIHL;https://app.stihl.com/nl-nl/mystihl/tools/add/serial-number;2026-10-06;authenticated MY STIHL UI lookup;OFFICIAL_WEB_LOOKUP;OFFICIAL_STIHL_LOOKUP
163122730;SP 450 Anbaumotor;;Algemeen gemotoriseerd;Benzine;MY_STIHL;https://app.stihl.com/nl-nl/mystihl/tools/add/serial-number;2026-10-06;authenticated MY STIHL UI lookup;OFFICIAL_WEB_LOOKUP;OFFICIAL_STIHL_LOOKUP
163122735;SP 450 Anbaumotor;;Algemeen gemotoriseerd;Benzine;MY_STIHL;https://app.stihl.com/nl-nl/mystihl/tools/add/serial-number;2026-10-06;authenticated MY STIHL UI lookup;OFFICIAL_WEB_LOOKUP;OFFICIAL_STIHL_LOOKUP
163122740;SP 450 Anbaumotor;;Algemeen gemotoriseerd;Benzine;MY_STIHL;https://app.stihl.com/nl-nl/mystihl/tools/add/serial-number;2026-10-06;authenticated MY STIHL UI lookup;OFFICIAL_WEB_LOOKUP;OFFICIAL_STIHL_LOOKUP
163122745;SP 450 Anbaumotor;;Algemeen gemotoriseerd;Benzine;MY_STIHL;https://app.stihl.com/nl-nl/mystihl/tools/add/serial-number;2026-10-06;authenticated MY STIHL UI lookup;OFFICIAL_WEB_LOOKUP;OFFICIAL_STIHL_LOOKUP
163122750;SP 450 Anbaumotor;;Algemeen gemotoriseerd;Benzine;MY_STIHL;https://app.stihl.com/nl-nl/mystihl/tools/add/serial-number;2026-10-06;authenticated MY STIHL UI lookup;OFFICIAL_WEB_LOOKUP;OFFICIAL_STIHL_LOOKUP
163122755;SP 450 Anbaumotor;;Algemeen gemotoriseerd;Benzine;MY_STIHL;https://app.stihl.com/nl-nl/mystihl/tools/add/serial-number;2026-10-06;authenticated MY STIHL UI lookup;OFFICIAL_WEB_LOOKUP;OFFICIAL_STIHL_LOOKUP
163122760;SP 450 Anbaumotor;;Algemeen gemotoriseerd;Benzine;MY_STIHL;https://app.stihl.com/nl-nl/mystihl/tools/add/serial-number;2026-10-06;authenticated MY STIHL UI lookup;OFFICIAL_WEB_LOOKUP;OFFICIAL_STIHL_LOOKUP
163122765;SP 450 Anbaumotor;;Algemeen gemotoriseerd;Benzine;MY_STIHL;https://app.stihl.com/nl-nl/mystihl/tools/add/serial-number;2026-10-06;authenticated MY STIHL UI lookup;OFFICIAL_WEB_LOOKUP;OFFICIAL_STIHL_LOOKUP
163122770;SP 450 Anbaumotor;;Algemeen gemotoriseerd;Benzine;MY_STIHL;https://app.stihl.com/nl-nl/mystihl/tools/add/serial-number;2026-10-06;authenticated MY STIHL UI lookup;OFFICIAL_WEB_LOOKUP;OFFICIAL_STIHL_LOOKUP
163122775;SP 450 Anbaumotor;;Algemeen gemotoriseerd;Benzine;MY_STIHL;https://app.stihl.com/nl-nl/mystihl/tools/add/serial-number;2026-10-06;authenticated MY STIHL UI lookup;OFFICIAL_WEB_LOOKUP;OFFICIAL_STIHL_LOOKUP
163122780;SP 450 Anbaumotor;;Algemeen gemotoriseerd;Benzine;MY_STIHL;https://app.stihl.com/nl-nl/mystihl/tools/add/serial-number;2026-10-06;authenticated MY STIHL UI lookup;OFFICIAL_WEB_LOOKUP;OFFICIAL_STIHL_LOOKUP
163122785;SP 450 Anbaumotor;;Algemeen gemotoriseerd;Benzine;MY_STIHL;https://app.stihl.com/nl-nl/mystihl/tools/add/serial-number;2026-10-06;authenticated MY STIHL UI lookup;OFFICIAL_WEB_LOOKUP;OFFICIAL_STIHL_LOOKUP
163122790;SP 450 Anbaumotor;;Algemeen gemotoriseerd;Benzine;MY_STIHL;https://app.stihl.com/nl-nl/mystihl/tools/add/serial-number;2026-10-06;authenticated MY STIHL UI lookup;OFFICIAL_WEB_LOOKUP;OFFICIAL_STIHL_LOOKUP
163122795;SP 450 Anbaumotor;;Algemeen gemotoriseerd;Benzine;MY_STIHL;https://app.stihl.com/nl-nl/mystihl/tools/add/serial-number;2026-10-06;authenticated MY STIHL UI lookup;OFFICIAL_WEB_LOOKUP;OFFICIAL_STIHL_LOOKUP
163122800;SP 450 Anbaumotor;;Algemeen gemotoriseerd;Benzine;MY_STIHL;https://app.stihl.com/nl-nl/mystihl/tools/add/serial-number;2026-10-06;authenticated MY STIHL UI lookup;OFFICIAL_WEB_LOOKUP;OFFICIAL_STIHL_LOOKUP
163122805;SP 450 Anbaumotor;;Algemeen gemotoriseerd;Benzine;MY_STIHL;https://app.stihl.com/nl-nl/mystihl/tools/add/serial-number;2026-10-06;authenticated MY STIHL UI lookup;OFFICIAL_WEB_LOOKUP;OFFICIAL_STIHL_LOOKUP
163122810;SP 450 Anbaumotor;;Algemeen gemotoriseerd;Benzine;MY_STIHL;https://app.stihl.com/nl-nl/mystihl/tools/add/serial-number;2026-10-06;authenticated MY STIHL UI lookup;OFFICIAL_WEB_LOOKUP;OFFICIAL_STIHL_LOOKUP
163122815;SP 450 Anbaumotor;;Algemeen gemotoriseerd;Benzine;MY_STIHL;https://app.stihl.com/nl-nl/mystihl/tools/add/serial-number;2026-10-06;authenticated MY STIHL UI lookup;OFFICIAL_WEB_LOOKUP;OFFICIAL_STIHL_LOOKUP
163122820;SP 450 Anbaumotor;;Algemeen gemotoriseerd;Benzine;MY_STIHL;https://app.stihl.com/nl-nl/mystihl/tools/add/serial-number;2026-10-06;authenticated MY STIHL UI lookup;OFFICIAL_WEB_LOOKUP;OFFICIAL_STIHL_LOOKUP
163122825;SP 450 Anbaumotor;;Algemeen gemotoriseerd;Benzine;MY_STIHL;https://app.stihl.com/nl-nl/mystihl/tools/add/serial-number;2026-10-06;authenticated MY STIHL UI lookup;OFFICIAL_WEB_LOOKUP;OFFICIAL_STIHL_LOOKUP
163122830;SP 450 Anbaumotor;;Algemeen gemotoriseerd;Benzine;MY_STIHL;https://app.stihl.com/nl-nl/mystihl/tools/add/serial-number;2026-10-06;authenticated MY STIHL UI lookup;OFFICIAL_WEB_LOOKUP;OFFICIAL_STIHL_LOOKUP
163122835;SP 450 Anbaumotor;;Algemeen gemotoriseerd;Benzine;MY_STIHL;https://app.stihl.com/nl-nl/mystihl/tools/add/serial-number;2026-10-06;authenticated MY STIHL UI lookup;OFFICIAL_WEB_LOOKUP;OFFICIAL_STIHL_LOOKUP
163122840;SP 450 Anbaumotor;;Algemeen gemotoriseerd;Benzine;MY_STIHL;https://app.stihl.com/nl-nl/mystihl/tools/add/serial-number;2026-10-06;authenticated MY STIHL UI lookup;OFFICIAL_WEB_LOOKUP;OFFICIAL_STIHL_LOOKUP
163122845;SP 450 Anbaumotor;;Algemeen gemotoriseerd;Benzine;MY_STIHL;https://app.stihl.com/nl-nl/mystihl/tools/add/serial-number;2026-10-06;authenticated MY STIHL UI lookup;OFFICIAL_WEB_LOOKUP;OFFICIAL_STIHL_LOOKUP
163122850;SP 450 Anbaumotor;;Algemeen gemotoriseerd;Benzine;MY_STIHL;https://app.stihl.com/nl-nl/mystihl/tools/add/serial-number;2026-10-06;authenticated MY STIHL UI lookup;OFFICIAL_WEB_LOOKUP;OFFICIAL_STIHL_LOOKUP
163122855;SP 450 Anbaumotor;;Algemeen gemotoriseerd;Benzine;MY_STIHL;https://app.stihl.com/nl-nl/mystihl/tools/add/serial-number;2026-10-06;authenticated MY STIHL UI lookup;OFFICIAL_WEB_LOOKUP;OFFICIAL_STIHL_LOOKUP
163122860;SP 450 Anbaumotor;;Algemeen gemotoriseerd;Benzine;MY_STIHL;https://app.stihl.com/nl-nl/mystihl/tools/add/serial-number;2026-10-06;authenticated MY STIHL UI lookup;OFFICIAL_WEB_LOOKUP;OFFICIAL_STIHL_LOOKUP
163122865;SP 450 Anbaumotor;;Algemeen gemotoriseerd;Benzine;MY_STIHL;https://app.stihl.com/nl-nl/mystihl/tools/add/serial-number;2026-10-06;authenticated MY STIHL UI lookup;OFFICIAL_WEB_LOOKUP;OFFICIAL_STIHL_LOOKUP
163122870;SP 450 Anbaumotor;;Algemeen gemotoriseerd;Benzine;MY_STIHL;https://app.stihl.com/nl-nl/mystihl/tools/add/serial-number;2026-10-06;authenticated MY STIHL UI lookup;OFFICIAL_WEB_LOOKUP;OFFICIAL_STIHL_LOOKUP
163122875;SP 450 Anbaumotor;;Algemeen gemotoriseerd;Benzine;MY_STIHL;https://app.stihl.com/nl-nl/mystihl/tools/add/serial-number;2026-10-06;authenticated MY STIHL UI lookup;OFFICIAL_WEB_LOOKUP;OFFICIAL_STIHL_LOOKUP
163122880;SP 450 Anbaumotor;;Algemeen gemotoriseerd;Benzine;MY_STIHL;https://app.stihl.com/nl-nl/mystihl/tools/add/serial-number;2026-10-06;authenticated MY STIHL UI lookup;OFFICIAL_WEB_LOOKUP;OFFICIAL_STIHL_LOOKUP
163122885;SP 450 Anbaumotor;;Algemeen gemotoriseerd;Benzine;MY_STIHL;https://app.stihl.com/nl-nl/mystihl/tools/add/serial-number;2026-10-06;authenticated MY STIHL UI lookup;OFFICIAL_WEB_LOOKUP;OFFICIAL_STIHL_LOOKUP
163123040;"HS 75 Heckenschere,600mm/24""";;Heggenschaar;Benzine;MY_STIHL;https://app.stihl.com/nl-nl/mystihl/tools/add/serial-number;2026-10-06;authenticated MY STIHL UI lookup;OFFICIAL_WEB_LOOKUP;OFFICIAL_STIHL_LOOKUP
163123045;"HS 75 Heckenschere,600mm/24""";;Heggenschaar;Benzine;MY_STIHL;https://app.stihl.com/nl-nl/mystihl/tools/add/serial-number;2026-10-06;authenticated MY STIHL UI lookup;OFFICIAL_WEB_LOOKUP;OFFICIAL_STIHL_LOOKUP
163123050;"HS 75 Heckenschere,600mm/24""";;Heggenschaar;Benzine;MY_STIHL;https://app.stihl.com/nl-nl/mystihl/tools/add/serial-number;2026-10-06;authenticated MY STIHL UI lookup;OFFICIAL_WEB_LOOKUP;OFFICIAL_STIHL_LOOKUP
163123055;"HS 75 Heckenschere,600mm/24""";;Heggenschaar;Benzine;MY_STIHL;https://app.stihl.com/nl-nl/mystihl/tools/add/serial-number;2026-10-06;authenticated MY STIHL UI lookup;OFFICIAL_WEB_LOOKUP;OFFICIAL_STIHL_LOOKUP
163123060;"HS 75 Heckenschere,600mm/24""";;Heggenschaar;Benzine;MY_STIHL;https://app.stihl.com/nl-nl/mystihl/tools/add/serial-number;2026-10-06;authenticated MY STIHL UI lookup;OFFICIAL_WEB_LOOKUP;OFFICIAL_STIHL_LOOKUP
163123065;"HS 75 Heckenschere,600mm/24""";;Heggenschaar;Benzine;MY_STIHL;https://app.stihl.com/nl-nl/mystihl/tools/add/serial-number;2026-10-06;authenticated MY STIHL UI lookup;OFFICIAL_WEB_LOOKUP;OFFICIAL_STIHL_LOOKUP
163123070;"HS 75 Heckenschere,600mm/24""";;Heggenschaar;Benzine;MY_STIHL;https://app.stihl.com/nl-nl/mystihl/tools/add/serial-number;2026-10-06;authenticated MY STIHL UI lookup;OFFICIAL_WEB_LOOKUP;OFFICIAL_STIHL_LOOKUP
163123075;"HS 75 Heckenschere,600mm/24""";;Heggenschaar;Benzine;MY_STIHL;https://app.stihl.com/nl-nl/mystihl/tools/add/serial-number;2026-10-06;authenticated MY STIHL UI lookup;OFFICIAL_WEB_LOOKUP;OFFICIAL_STIHL_LOOKUP
163123080;"HS 75 Heckenschere,600mm/24""";;Heggenschaar;Benzine;MY_STIHL;https://app.stihl.com/nl-nl/mystihl/tools/add/serial-number;2026-10-06;authenticated MY STIHL UI lookup;OFFICIAL_WEB_LOOKUP;OFFICIAL_STIHL_LOOKUP
163123085;"HS 75 Heckenschere,600mm/24""";;Heggenschaar;Benzine;MY_STIHL;https://app.stihl.com/nl-nl/mystihl/tools/add/serial-number;2026-10-06;authenticated MY STIHL UI lookup;OFFICIAL_WEB_LOOKUP;OFFICIAL_STIHL_LOOKUP
163123090;"HS 75 Heckenschere,600mm/24""";;Heggenschaar;Benzine;MY_STIHL;https://app.stihl.com/nl-nl/mystihl/tools/add/serial-number;2026-10-06;authenticated MY STIHL UI lookup;OFFICIAL_WEB_LOOKUP;OFFICIAL_STIHL_LOOKUP
163123095;"HS 75 Heckenschere,600mm/24""";;Heggenschaar;Benzine;MY_STIHL;https://app.stihl.com/nl-nl/mystihl/tools/add/serial-number;2026-10-06;authenticated MY STIHL UI lookup;OFFICIAL_WEB_LOOKUP;OFFICIAL_STIHL_LOOKUP
163123100;"HS 75 Heckenschere,600mm/24""";;Heggenschaar;Benzine;MY_STIHL;https://app.stihl.com/nl-nl/mystihl/tools/add/serial-number;2026-10-06;authenticated MY STIHL UI lookup;OFFICIAL_WEB_LOOKUP;OFFICIAL_STIHL_LOOKUP
163123105;"HS 75 Heckenschere,600mm/24""";;Heggenschaar;Benzine;MY_STIHL;https://app.stihl.com/nl-nl/mystihl/tools/add/serial-number;2026-10-06;authenticated MY STIHL UI lookup;OFFICIAL_WEB_LOOKUP;OFFICIAL_STIHL_LOOKUP
163123110;"HS 75 Heckenschere,600mm/24""";;Heggenschaar;Benzine;MY_STIHL;https://app.stihl.com/nl-nl/mystihl/tools/add/serial-number;2026-10-06;authenticated MY STIHL UI lookup;OFFICIAL_WEB_LOOKUP;OFFICIAL_STIHL_LOOKUP
163123115;"HS 75 Heckenschere,600mm/24""";;Heggenschaar;Benzine;MY_STIHL;https://app.stihl.com/nl-nl/mystihl/tools/add/serial-number;2026-10-06;authenticated MY STIHL UI lookup;OFFICIAL_WEB_LOOKUP;OFFICIAL_STIHL_LOOKUP
163123120;"HS 75 Heckenschere,600mm/24""";;Heggenschaar;Benzine;MY_STIHL;https://app.stihl.com/nl-nl/mystihl/tools/add/serial-number;2026-10-06;authenticated MY STIHL UI lookup;OFFICIAL_WEB_LOOKUP;OFFICIAL_STIHL_LOOKUP
163123125;"HS 75 Heckenschere,600mm/24""";;Heggenschaar;Benzine;MY_STIHL;https://app.stihl.com/nl-nl/mystihl/tools/add/serial-number;2026-10-06;authenticated MY STIHL UI lookup;OFFICIAL_WEB_LOOKUP;OFFICIAL_STIHL_LOOKUP
163123130;"HS 75 Heckenschere,600mm/24""";;Heggenschaar;Benzine;MY_STIHL;https://app.stihl.com/nl-nl/mystihl/tools/add/serial-number;2026-10-06;authenticated MY STIHL UI lookup;OFFICIAL_WEB_LOOKUP;OFFICIAL_STIHL_LOOKUP
163123135;"HS 75 Heckenschere,600mm/24""";;Heggenschaar;Benzine;MY_STIHL;https://app.stihl.com/nl-nl/mystihl/tools/add/serial-number;2026-10-06;authenticated MY STIHL UI lookup;OFFICIAL_WEB_LOOKUP;OFFICIAL_STIHL_LOOKUP
163123140;"HS 75 Heckenschere,600mm/24""";;Heggenschaar;Benzine;MY_STIHL;https://app.stihl.com/nl-nl/mystihl/tools/add/serial-number;2026-10-06;authenticated MY STIHL UI lookup;OFFICIAL_WEB_LOOKUP;OFFICIAL_STIHL_LOOKUP
163123145;"HS 75 Heckenschere,600mm/24""";;Heggenschaar;Benzine;MY_STIHL;https://app.stihl.com/nl-nl/mystihl/tools/add/serial-number;2026-10-06;authenticated MY STIHL UI lookup;OFFICIAL_WEB_LOOKUP;OFFICIAL_STIHL_LOOKUP
163123150;"HS 75 Heckenschere,600mm/24""";;Heggenschaar;Benzine;MY_STIHL;https://app.stihl.com/nl-nl/mystihl/tools/add/serial-number;2026-10-06;authenticated MY STIHL UI lookup;OFFICIAL_WEB_LOOKUP;OFFICIAL_STIHL_LOOKUP
163123155;"HS 75 Heckenschere,600mm/24""";;Heggenschaar;Benzine;MY_STIHL;https://app.stihl.com/nl-nl/mystihl/tools/add/serial-number;2026-10-06;authenticated MY STIHL UI lookup;OFFICIAL_WEB_LOOKUP;OFFICIAL_STIHL_LOOKUP
163123160;"HS 75 Heckenschere,600mm/24""";;Heggenschaar;Benzine;MY_STIHL;https://app.stihl.com/nl-nl/mystihl/tools/add/serial-number;2026-10-06;authenticated MY STIHL UI lookup;OFFICIAL_WEB_LOOKUP;OFFICIAL_STIHL_LOOKUP
163123165;"HS 75 Heckenschere,600mm/24""";;Heggenschaar;Benzine;MY_STIHL;https://app.stihl.com/nl-nl/mystihl/tools/add/serial-number;2026-10-06;authenticated MY STIHL UI lookup;OFFICIAL_WEB_LOOKUP;OFFICIAL_STIHL_LOOKUP
163123170;"HS 75 Heckenschere,600mm/24""";;Heggenschaar;Benzine;MY_STIHL;https://app.stihl.com/nl-nl/mystihl/tools/add/serial-number;2026-10-06;authenticated MY STIHL UI lookup;OFFICIAL_WEB_LOOKUP;OFFICIAL_STIHL_LOOKUP
163123175;"HS 75 Heckenschere,600mm/24""";;Heggenschaar;Benzine;MY_STIHL;https://app.stihl.com/nl-nl/mystihl/tools/add/serial-number;2026-10-06;authenticated MY STIHL UI lookup;OFFICIAL_WEB_LOOKUP;OFFICIAL_STIHL_LOOKUP
163123180;"HS 75 Heckenschere,600mm/24""";;Heggenschaar;Benzine;MY_STIHL;https://app.stihl.com/nl-nl/mystihl/tools/add/serial-number;2026-10-06;authenticated MY STIHL UI lookup;OFFICIAL_WEB_LOOKUP;OFFICIAL_STIHL_LOOKUP
163123185;"HS 75 Heckenschere,600mm/24""";;Heggenschaar;Benzine;MY_STIHL;https://app.stihl.com/nl-nl/mystihl/tools/add/serial-number;2026-10-06;authenticated MY STIHL UI lookup;OFFICIAL_WEB_LOOKUP;OFFICIAL_STIHL_LOOKUP
163123190;"HS 75 Heckenschere,600mm/24""";;Heggenschaar;Benzine;MY_STIHL;https://app.stihl.com/nl-nl/mystihl/tools/add/serial-number;2026-10-06;authenticated MY STIHL UI lookup;OFFICIAL_WEB_LOOKUP;OFFICIAL_STIHL_LOOKUP
163123195;"HS 75 Heckenschere,600mm/24""";;Heggenschaar;Benzine;MY_STIHL;https://app.stihl.com/nl-nl/mystihl/tools/add/serial-number;2026-10-06;authenticated MY STIHL UI lookup;OFFICIAL_WEB_LOOKUP;OFFICIAL_STIHL_LOOKUP
163123200;"HS 75 Heckenschere,600mm/24""";;Heggenschaar;Benzine;MY_STIHL;https://app.stihl.com/nl-nl/mystihl/tools/add/serial-number;2026-10-06;authenticated MY STIHL UI lookup;OFFICIAL_WEB_LOOKUP;OFFICIAL_STIHL_LOOKUP
163123205;"HS 75 Heckenschere,600mm/24""";;Heggenschaar;Benzine;MY_STIHL;https://app.stihl.com/nl-nl/mystihl/tools/add/serial-number;2026-10-06;authenticated MY STIHL UI lookup;OFFICIAL_WEB_LOOKUP;OFFICIAL_STIHL_LOOKUP
163123210;"HS 75 Heckenschere,600mm/24""";;Heggenschaar;Benzine;MY_STIHL;https://app.stihl.com/nl-nl/mystihl/tools/add/serial-number;2026-10-06;authenticated MY STIHL UI lookup;OFFICIAL_WEB_LOOKUP;OFFICIAL_STIHL_LOOKUP
163123215;"HS 75 Heckenschere,600mm/24""";;Heggenschaar;Benzine;MY_STIHL;https://app.stihl.com/nl-nl/mystihl/tools/add/serial-number;2026-10-06;authenticated MY STIHL UI lookup;OFFICIAL_WEB_LOOKUP;OFFICIAL_STIHL_LOOKUP
163123220;"HS 75 Heckenschere,600mm/24""";;Heggenschaar;Benzine;MY_STIHL;https://app.stihl.com/nl-nl/mystihl/tools/add/serial-number;2026-10-06;authenticated MY STIHL UI lookup;OFFICIAL_WEB_LOOKUP;OFFICIAL_STIHL_LOOKUP
163123225;"HS 75 Heckenschere,600mm/24""";;Heggenschaar;Benzine;MY_STIHL;https://app.stihl.com/nl-nl/mystihl/tools/add/serial-number;2026-10-06;authenticated MY STIHL UI lookup;OFFICIAL_WEB_LOOKUP;OFFICIAL_STIHL_LOOKUP
163123230;"HS 75 Heckenschere,600mm/24""";;Heggenschaar;Benzine;MY_STIHL;https://app.stihl.com/nl-nl/mystihl/tools/add/serial-number;2026-10-06;authenticated MY STIHL UI lookup;OFFICIAL_WEB_LOOKUP;OFFICIAL_STIHL_LOOKUP
163123235;"HS 75 Heckenschere,600mm/24""";;Heggenschaar;Benzine;MY_STIHL;https://app.stihl.com/nl-nl/mystihl/tools/add/serial-number;2026-10-06;authenticated MY STIHL UI lookup;OFFICIAL_WEB_LOOKUP;OFFICIAL_STIHL_LOOKUP
163123240;"HS 75 Heckenschere,600mm/24""";;Heggenschaar;Benzine;MY_STIHL;https://app.stihl.com/nl-nl/mystihl/tools/add/serial-number;2026-10-06;authenticated MY STIHL UI lookup;OFFICIAL_WEB_LOOKUP;OFFICIAL_STIHL_LOOKUP
163123245;"HS 75 Heckenschere,600mm/24""";;Heggenschaar;Benzine;MY_STIHL;https://app.stihl.com/nl-nl/mystihl/tools/add/serial-number;2026-10-06;authenticated MY STIHL UI lookup;OFFICIAL_WEB_LOOKUP;OFFICIAL_STIHL_LOOKUP
163123250;"HS 75 Heckenschere,600mm/24""";;Heggenschaar;Benzine;MY_STIHL;https://app.stihl.com/nl-nl/mystihl/tools/add/serial-number;2026-10-06;authenticated MY STIHL UI lookup;OFFICIAL_WEB_LOOKUP;OFFICIAL_STIHL_LOOKUP
163123255;"HS 75 Heckenschere,600mm/24""";;Heggenschaar;Benzine;MY_STIHL;https://app.stihl.com/nl-nl/mystihl/tools/add/serial-number;2026-10-06;authenticated MY STIHL UI lookup;OFFICIAL_WEB_LOOKUP;OFFICIAL_STIHL_LOOKUP
163123260;"HS 75 Heckenschere,600mm/24""";;Heggenschaar;Benzine;MY_STIHL;https://app.stihl.com/nl-nl/mystihl/tools/add/serial-number;2026-10-06;authenticated MY STIHL UI lookup;OFFICIAL_WEB_LOOKUP;OFFICIAL_STIHL_LOOKUP
163123265;"HS 75 Heckenschere,600mm/24""";;Heggenschaar;Benzine;MY_STIHL;https://app.stihl.com/nl-nl/mystihl/tools/add/serial-number;2026-10-06;authenticated MY STIHL UI lookup;OFFICIAL_WEB_LOOKUP;OFFICIAL_STIHL_LOOKUP
163123270;"HS 75 Heckenschere,600mm/24""";;Heggenschaar;Benzine;MY_STIHL;https://app.stihl.com/nl-nl/mystihl/tools/add/serial-number;2026-10-06;authenticated MY STIHL UI lookup;OFFICIAL_WEB_LOOKUP;OFFICIAL_STIHL_LOOKUP
163123275;"HS 75 Heckenschere,600mm/24""";;Heggenschaar;Benzine;MY_STIHL;https://app.stihl.com/nl-nl/mystihl/tools/add/serial-number;2026-10-06;authenticated MY STIHL UI lookup;OFFICIAL_WEB_LOOKUP;OFFICIAL_STIHL_LOOKUP
163123280;"HS 75 Heckenschere,600mm/24""";;Heggenschaar;Benzine;MY_STIHL;https://app.stihl.com/nl-nl/mystihl/tools/add/serial-number;2026-10-06;authenticated MY STIHL UI lookup;OFFICIAL_WEB_LOOKUP;OFFICIAL_STIHL_LOOKUP
163123285;"HS 75 Heckenschere,600mm/24""";;Heggenschaar;Benzine;MY_STIHL;https://app.stihl.com/nl-nl/mystihl/tools/add/serial-number;2026-10-06;authenticated MY STIHL UI lookup;OFFICIAL_WEB_LOOKUP;OFFICIAL_STIHL_LOOKUP
163123290;"HS 75 Heckenschere,600mm/24""";;Heggenschaar;Benzine;MY_STIHL;https://app.stihl.com/nl-nl/mystihl/tools/add/serial-number;2026-10-06;authenticated MY STIHL UI lookup;OFFICIAL_WEB_LOOKUP;OFFICIAL_STIHL_LOOKUP
163123295;"HS 75 Heckenschere,600mm/24""";;Heggenschaar;Benzine;MY_STIHL;https://app.stihl.com/nl-nl/mystihl/tools/add/serial-number;2026-10-06;authenticated MY STIHL UI lookup;OFFICIAL_WEB_LOOKUP;OFFICIAL_STIHL_LOOKUP
163123300;"HS 75 Heckenschere,600mm/24""";;Heggenschaar;Benzine;MY_STIHL;https://app.stihl.com/nl-nl/mystihl/tools/add/serial-number;2026-10-06;authenticated MY STIHL UI lookup;OFFICIAL_WEB_LOOKUP;OFFICIAL_STIHL_LOOKUP
163123305;"HS 75 Heckenschere,600mm/24""";;Heggenschaar;Benzine;MY_STIHL;https://app.stihl.com/nl-nl/mystihl/tools/add/serial-number;2026-10-06;authenticated MY STIHL UI lookup;OFFICIAL_WEB_LOOKUP;OFFICIAL_STIHL_LOOKUP
163123310;"HS 75 Heckenschere,600mm/24""";;Heggenschaar;Benzine;MY_STIHL;https://app.stihl.com/nl-nl/mystihl/tools/add/serial-number;2026-10-06;authenticated MY STIHL UI lookup;OFFICIAL_WEB_LOOKUP;OFFICIAL_STIHL_LOOKUP
163123315;"HS 75 Heckenschere,600mm/24""";;Heggenschaar;Benzine;MY_STIHL;https://app.stihl.com/nl-nl/mystihl/tools/add/serial-number;2026-10-06;authenticated MY STIHL UI lookup;OFFICIAL_WEB_LOOKUP;OFFICIAL_STIHL_LOOKUP
163123320;"HS 75 Heckenschere,600mm/24""";;Heggenschaar;Benzine;MY_STIHL;https://app.stihl.com/nl-nl/mystihl/tools/add/serial-number;2026-10-06;authenticated MY STIHL UI lookup;OFFICIAL_WEB_LOOKUP;OFFICIAL_STIHL_LOOKUP
163123325;"HS 75 Heckenschere,600mm/24""";;Heggenschaar;Benzine;MY_STIHL;https://app.stihl.com/nl-nl/mystihl/tools/add/serial-number;2026-10-06;authenticated MY STIHL UI lookup;OFFICIAL_WEB_LOOKUP;OFFICIAL_STIHL_LOOKUP
163123330;"HS 75 Heckenschere,600mm/24""";;Heggenschaar;Benzine;MY_STIHL;https://app.stihl.com/nl-nl/mystihl/tools/add/serial-number;2026-10-06;authenticated MY STIHL UI lookup;OFFICIAL_WEB_LOOKUP;OFFICIAL_STIHL_LOOKUP
163123335;"HS 75 Heckenschere,600mm/24""";;Heggenschaar;Benzine;MY_STIHL;https://app.stihl.com/nl-nl/mystihl/tools/add/serial-number;2026-10-06;authenticated MY STIHL UI lookup;OFFICIAL_WEB_LOOKUP;OFFICIAL_STIHL_LOOKUP
163123340;"HS 75 Heckenschere,600mm/24""";;Heggenschaar;Benzine;MY_STIHL;https://app.stihl.com/nl-nl/mystihl/tools/add/serial-number;2026-10-06;authenticated MY STIHL UI lookup;OFFICIAL_WEB_LOOKUP;OFFICIAL_STIHL_LOOKUP
163123345;"HS 75 Heckenschere,600mm/24""";;Heggenschaar;Benzine;MY_STIHL;https://app.stihl.com/nl-nl/mystihl/tools/add/serial-number;2026-10-06;authenticated MY STIHL UI lookup;OFFICIAL_WEB_LOOKUP;OFFICIAL_STIHL_LOOKUP
163123350;"HS 75 Heckenschere,600mm/24""";;Heggenschaar;Benzine;MY_STIHL;https://app.stihl.com/nl-nl/mystihl/tools/add/serial-number;2026-10-06;authenticated MY STIHL UI lookup;OFFICIAL_WEB_LOOKUP;OFFICIAL_STIHL_LOOKUP
163123355;"HS 75 Heckenschere,600mm/24""";;Heggenschaar;Benzine;MY_STIHL;https://app.stihl.com/nl-nl/mystihl/tools/add/serial-number;2026-10-06;authenticated MY STIHL UI lookup;OFFICIAL_WEB_LOOKUP;OFFICIAL_STIHL_LOOKUP
163123365;"HS 75 Heckenschere,600mm/24""";;Heggenschaar;Benzine;MY_STIHL;https://app.stihl.com/nl-nl/mystihl/tools/add/serial-number;2026-10-06;authenticated MY STIHL UI lookup;OFFICIAL_WEB_LOOKUP;OFFICIAL_STIHL_LOOKUP
163123370;"HS 75 Heckenschere,600mm/24""";;Heggenschaar;Benzine;MY_STIHL;https://app.stihl.com/nl-nl/mystihl/tools/add/serial-number;2026-10-06;authenticated MY STIHL UI lookup;OFFICIAL_WEB_LOOKUP;OFFICIAL_STIHL_LOOKUP
163123375;"HS 75 Heckenschere,600mm/24""";;Heggenschaar;Benzine;MY_STIHL;https://app.stihl.com/nl-nl/mystihl/tools/add/serial-number;2026-10-06;authenticated MY STIHL UI lookup;OFFICIAL_WEB_LOOKUP;OFFICIAL_STIHL_LOOKUP
163123380;"HS 75 Heckenschere,600mm/24""";;Heggenschaar;Benzine;MY_STIHL;https://app.stihl.com/nl-nl/mystihl/tools/add/serial-number;2026-10-06;authenticated MY STIHL UI lookup;OFFICIAL_WEB_LOOKUP;OFFICIAL_STIHL_LOOKUP
163123385;"HS 75 Heckenschere,600mm/24""";;Heggenschaar;Benzine;MY_STIHL;https://app.stihl.com/nl-nl/mystihl/tools/add/serial-number;2026-10-06;authenticated MY STIHL UI lookup;OFFICIAL_WEB_LOOKUP;OFFICIAL_STIHL_LOOKUP
163123390;"HS 75 Heckenschere,600mm/24""";;Heggenschaar;Benzine;MY_STIHL;https://app.stihl.com/nl-nl/mystihl/tools/add/serial-number;2026-10-06;authenticated MY STIHL UI lookup;OFFICIAL_WEB_LOOKUP;OFFICIAL_STIHL_LOOKUP
163123395;"HS 75 Heckenschere,600mm/24""";;Heggenschaar;Benzine;MY_STIHL;https://app.stihl.com/nl-nl/mystihl/tools/add/serial-number;2026-10-06;authenticated MY STIHL UI lookup;OFFICIAL_WEB_LOOKUP;OFFICIAL_STIHL_LOOKUP
163123400;"HS 75 Heckenschere,600mm/24""";;Heggenschaar;Benzine;MY_STIHL;https://app.stihl.com/nl-nl/mystihl/tools/add/serial-number;2026-10-06;authenticated MY STIHL UI lookup;OFFICIAL_WEB_LOOKUP;OFFICIAL_STIHL_LOOKUP
163123405;"HS 75 Heckenschere,600mm/24""";;Heggenschaar;Benzine;MY_STIHL;https://app.stihl.com/nl-nl/mystihl/tools/add/serial-number;2026-10-06;authenticated MY STIHL UI lookup;OFFICIAL_WEB_LOOKUP;OFFICIAL_STIHL_LOOKUP
163123410;"HS 75 Heckenschere,600mm/24""";;Heggenschaar;Benzine;MY_STIHL;https://app.stihl.com/nl-nl/mystihl/tools/add/serial-number;2026-10-06;authenticated MY STIHL UI lookup;OFFICIAL_WEB_LOOKUP;OFFICIAL_STIHL_LOOKUP
163123415;"HS 75 Heckenschere,600mm/24""";;Heggenschaar;Benzine;MY_STIHL;https://app.stihl.com/nl-nl/mystihl/tools/add/serial-number;2026-10-06;authenticated MY STIHL UI lookup;OFFICIAL_WEB_LOOKUP;OFFICIAL_STIHL_LOOKUP
163123420;"HS 75 Heckenschere,600mm/24""";;Heggenschaar;Benzine;MY_STIHL;https://app.stihl.com/nl-nl/mystihl/tools/add/serial-number;2026-10-06;authenticated MY STIHL UI lookup;OFFICIAL_WEB_LOOKUP;OFFICIAL_STIHL_LOOKUP
163123425;"HS 75 Heckenschere,600mm/24""";;Heggenschaar;Benzine;MY_STIHL;https://app.stihl.com/nl-nl/mystihl/tools/add/serial-number;2026-10-06;authenticated MY STIHL UI lookup;OFFICIAL_WEB_LOOKUP;OFFICIAL_STIHL_LOOKUP
163123430;"HS 75 Heckenschere,600mm/24""";;Heggenschaar;Benzine;MY_STIHL;https://app.stihl.com/nl-nl/mystihl/tools/add/serial-number;2026-10-06;authenticated MY STIHL UI lookup;OFFICIAL_WEB_LOOKUP;OFFICIAL_STIHL_LOOKUP
163123435;"HS 75 Heckenschere,600mm/24""";;Heggenschaar;Benzine;MY_STIHL;https://app.stihl.com/nl-nl/mystihl/tools/add/serial-number;2026-10-06;authenticated MY STIHL UI lookup;OFFICIAL_WEB_LOOKUP;OFFICIAL_STIHL_LOOKUP
163123440;"HS 75 Heckenschere,600mm/24""";;Heggenschaar;Benzine;MY_STIHL;https://app.stihl.com/nl-nl/mystihl/tools/add/serial-number;2026-10-06;authenticated MY STIHL UI lookup;OFFICIAL_WEB_LOOKUP;OFFICIAL_STIHL_LOOKUP
163123445;"HS 75 Heckenschere,600mm/24""";;Heggenschaar;Benzine;MY_STIHL;https://app.stihl.com/nl-nl/mystihl/tools/add/serial-number;2026-10-06;authenticated MY STIHL UI lookup;OFFICIAL_WEB_LOOKUP;OFFICIAL_STIHL_LOOKUP
163123450;"HS 75 Heckenschere,600mm/24""";;Heggenschaar;Benzine;MY_STIHL;https://app.stihl.com/nl-nl/mystihl/tools/add/serial-number;2026-10-06;authenticated MY STIHL UI lookup;OFFICIAL_WEB_LOOKUP;OFFICIAL_STIHL_LOOKUP
163123455;"HS 75 Heckenschere,600mm/24""";;Heggenschaar;Benzine;MY_STIHL;https://app.stihl.com/nl-nl/mystihl/tools/add/serial-number;2026-10-06;authenticated MY STIHL UI lookup;OFFICIAL_WEB_LOOKUP;OFFICIAL_STIHL_LOOKUP
163123460;"HS 75 Heckenschere,600mm/24""";;Heggenschaar;Benzine;MY_STIHL;https://app.stihl.com/nl-nl/mystihl/tools/add/serial-number;2026-10-06;authenticated MY STIHL UI lookup;OFFICIAL_WEB_LOOKUP;OFFICIAL_STIHL_LOOKUP
163123465;"HS 75 Heckenschere,600mm/24""";;Heggenschaar;Benzine;MY_STIHL;https://app.stihl.com/nl-nl/mystihl/tools/add/serial-number;2026-10-06;authenticated MY STIHL UI lookup;OFFICIAL_WEB_LOOKUP;OFFICIAL_STIHL_LOOKUP
163123470;"HS 80 Heckenschere,600mm/24""";;Heggenschaar;Benzine;MY_STIHL;https://app.stihl.com/nl-nl/mystihl/tools/add/serial-number;2026-10-06;authenticated MY STIHL UI lookup;OFFICIAL_WEB_LOOKUP;OFFICIAL_STIHL_LOOKUP
163123475;"HS 80 Heckenschere,600mm/24""";;Heggenschaar;Benzine;MY_STIHL;https://app.stihl.com/nl-nl/mystihl/tools/add/serial-number;2026-10-06;authenticated MY STIHL UI lookup;OFFICIAL_WEB_LOOKUP;OFFICIAL_STIHL_LOOKUP
163123480;"HS 80 Heckenschere,600mm/24""";;Heggenschaar;Benzine;MY_STIHL;https://app.stihl.com/nl-nl/mystihl/tools/add/serial-number;2026-10-06;authenticated MY STIHL UI lookup;OFFICIAL_WEB_LOOKUP;OFFICIAL_STIHL_LOOKUP
163123485;"HS 80 Heckenschere,600mm/24""";;Heggenschaar;Benzine;MY_STIHL;https://app.stihl.com/nl-nl/mystihl/tools/add/serial-number;2026-10-06;authenticated MY STIHL UI lookup;OFFICIAL_WEB_LOOKUP;OFFICIAL_STIHL_LOOKUP
163123490;"HS 80 Heckenschere,600mm/24""";;Heggenschaar;Benzine;MY_STIHL;https://app.stihl.com/nl-nl/mystihl/tools/add/serial-number;2026-10-06;authenticated MY STIHL UI lookup;OFFICIAL_WEB_LOOKUP;OFFICIAL_STIHL_LOOKUP
163123495;"HS 80 Heckenschere,600mm/24""";;Heggenschaar;Benzine;MY_STIHL;https://app.stihl.com/nl-nl/mystihl/tools/add/serial-number;2026-10-06;authenticated MY STIHL UI lookup;OFFICIAL_WEB_LOOKUP;OFFICIAL_STIHL_LOOKUP
163123500;"HS 80 Heckenschere,600mm/24""";;Heggenschaar;Benzine;MY_STIHL;https://app.stihl.com/nl-nl/mystihl/tools/add/serial-number;2026-10-06;authenticated MY STIHL UI lookup;OFFICIAL_WEB_LOOKUP;OFFICIAL_STIHL_LOOKUP
163123505;"HS 80 Heckenschere,600mm/24""";;Heggenschaar;Benzine;MY_STIHL;https://app.stihl.com/nl-nl/mystihl/tools/add/serial-number;2026-10-06;authenticated MY STIHL UI lookup;OFFICIAL_WEB_LOOKUP;OFFICIAL_STIHL_LOOKUP
163123510;"HS 80 Heckenschere,600mm/24""";;Heggenschaar;Benzine;MY_STIHL;https://app.stihl.com/nl-nl/mystihl/tools/add/serial-number;2026-10-06;authenticated MY STIHL UI lookup;OFFICIAL_WEB_LOOKUP;OFFICIAL_STIHL_LOOKUP
163123515;"HS 80 Heckenschere,600mm/24""";;Heggenschaar;Benzine;MY_STIHL;https://app.stihl.com/nl-nl/mystihl/tools/add/serial-number;2026-10-06;authenticated MY STIHL UI lookup;OFFICIAL_WEB_LOOKUP;OFFICIAL_STIHL_LOOKUP
163123520;"HS 80 Heckenschere,600mm/24""";;Heggenschaar;Benzine;MY_STIHL;https://app.stihl.com/nl-nl/mystihl/tools/add/serial-number;2026-10-06;authenticated MY STIHL UI lookup;OFFICIAL_WEB_LOOKUP;OFFICIAL_STIHL_LOOKUP
163123525;"HS 80 Heckenschere,600mm/24""";;Heggenschaar;Benzine;MY_STIHL;https://app.stihl.com/nl-nl/mystihl/tools/add/serial-number;2026-10-06;authenticated MY STIHL UI lookup;OFFICIAL_WEB_LOOKUP;OFFICIAL_STIHL_LOOKUP
163123530;"HS 80 Heckenschere,600mm/24""";;Heggenschaar;Benzine;MY_STIHL;https://app.stihl.com/nl-nl/mystihl/tools/add/serial-number;2026-10-06;authenticated MY STIHL UI lookup;OFFICIAL_WEB_LOOKUP;OFFICIAL_STIHL_LOOKUP
163123535;"HS 80 Heckenschere,600mm/24""";;Heggenschaar;Benzine;MY_STIHL;https://app.stihl.com/nl-nl/mystihl/tools/add/serial-number;2026-10-06;authenticated MY STIHL UI lookup;OFFICIAL_WEB_LOOKUP;OFFICIAL_STIHL_LOOKUP
163123540;"HS 80 Heckenschere,600mm/24""";;Heggenschaar;Benzine;MY_STIHL;https://app.stihl.com/nl-nl/mystihl/tools/add/serial-number;2026-10-06;authenticated MY STIHL UI lookup;OFFICIAL_WEB_LOOKUP;OFFICIAL_STIHL_LOOKUP
163123545;"HS 80 Heckenschere,600mm/24""";;Heggenschaar;Benzine;MY_STIHL;https://app.stihl.com/nl-nl/mystihl/tools/add/serial-number;2026-10-06;authenticated MY STIHL UI lookup;OFFICIAL_WEB_LOOKUP;OFFICIAL_STIHL_LOOKUP
163123550;"HS 80 Heckenschere,600mm/24""";;Heggenschaar;Benzine;MY_STIHL;https://app.stihl.com/nl-nl/mystihl/tools/add/serial-number;2026-10-06;authenticated MY STIHL UI lookup;OFFICIAL_WEB_LOOKUP;OFFICIAL_STIHL_LOOKUP
163123555;"HS 80 Heckenschere,600mm/24""";;Heggenschaar;Benzine;MY_STIHL;https://app.stihl.com/nl-nl/mystihl/tools/add/serial-number;2026-10-06;authenticated MY STIHL UI lookup;OFFICIAL_WEB_LOOKUP;OFFICIAL_STIHL_LOOKUP
163123560;"HS 80 Heckenschere,600mm/24""";;Heggenschaar;Benzine;MY_STIHL;https://app.stihl.com/nl-nl/mystihl/tools/add/serial-number;2026-10-06;authenticated MY STIHL UI lookup;OFFICIAL_WEB_LOOKUP;OFFICIAL_STIHL_LOOKUP
163123565;"HS 80 Heckenschere,600mm/24""";;Heggenschaar;Benzine;MY_STIHL;https://app.stihl.com/nl-nl/mystihl/tools/add/serial-number;2026-10-06;authenticated MY STIHL UI lookup;OFFICIAL_WEB_LOOKUP;OFFICIAL_STIHL_LOOKUP
163123570;"HS 80 Heckenschere,600mm/24""";;Heggenschaar;Benzine;MY_STIHL;https://app.stihl.com/nl-nl/mystihl/tools/add/serial-number;2026-10-06;authenticated MY STIHL UI lookup;OFFICIAL_WEB_LOOKUP;OFFICIAL_STIHL_LOOKUP
163123575;"HS 80 Heckenschere,600mm/24""";;Heggenschaar;Benzine;MY_STIHL;https://app.stihl.com/nl-nl/mystihl/tools/add/serial-number;2026-10-06;authenticated MY STIHL UI lookup;OFFICIAL_WEB_LOOKUP;OFFICIAL_STIHL_LOOKUP
163123580;"HS 80 Heckenschere,600mm/24""";;Heggenschaar;Benzine;MY_STIHL;https://app.stihl.com/nl-nl/mystihl/tools/add/serial-number;2026-10-06;authenticated MY STIHL UI lookup;OFFICIAL_WEB_LOOKUP;OFFICIAL_STIHL_LOOKUP
163123585;"HS 80 Heckenschere,600mm/24""";;Heggenschaar;Benzine;MY_STIHL;https://app.stihl.com/nl-nl/mystihl/tools/add/serial-number;2026-10-06;authenticated MY STIHL UI lookup;OFFICIAL_WEB_LOOKUP;OFFICIAL_STIHL_LOOKUP
163123590;"HS 80 Heckenschere,600mm/24""";;Heggenschaar;Benzine;MY_STIHL;https://app.stihl.com/nl-nl/mystihl/tools/add/serial-number;2026-10-06;authenticated MY STIHL UI lookup;OFFICIAL_WEB_LOOKUP;OFFICIAL_STIHL_LOOKUP
163123595;"HS 80 Heckenschere,600mm/24""";;Heggenschaar;Benzine;MY_STIHL;https://app.stihl.com/nl-nl/mystihl/tools/add/serial-number;2026-10-06;authenticated MY STIHL UI lookup;OFFICIAL_WEB_LOOKUP;OFFICIAL_STIHL_LOOKUP
163123600;"HS 80 Heckenschere,600mm/24""";;Heggenschaar;Benzine;MY_STIHL;https://app.stihl.com/nl-nl/mystihl/tools/add/serial-number;2026-10-06;authenticated MY STIHL UI lookup;OFFICIAL_WEB_LOOKUP;OFFICIAL_STIHL_LOOKUP
163123605;"HS 80 Heckenschere,600mm/24""";;Heggenschaar;Benzine;MY_STIHL;https://app.stihl.com/nl-nl/mystihl/tools/add/serial-number;2026-10-06;authenticated MY STIHL UI lookup;OFFICIAL_WEB_LOOKUP;OFFICIAL_STIHL_LOOKUP
163123610;"HS 80 Heckenschere,600mm/24""";;Heggenschaar;Benzine;MY_STIHL;https://app.stihl.com/nl-nl/mystihl/tools/add/serial-number;2026-10-06;authenticated MY STIHL UI lookup;OFFICIAL_WEB_LOOKUP;OFFICIAL_STIHL_LOOKUP
163123615;"HS 80 Heckenschere,600mm/24""";;Heggenschaar;Benzine;MY_STIHL;https://app.stihl.com/nl-nl/mystihl/tools/add/serial-number;2026-10-06;authenticated MY STIHL UI lookup;OFFICIAL_WEB_LOOKUP;OFFICIAL_STIHL_LOOKUP
163123620;"HS 80 Heckenschere,600mm/24""";;Heggenschaar;Benzine;MY_STIHL;https://app.stihl.com/nl-nl/mystihl/tools/add/serial-number;2026-10-06;authenticated MY STIHL UI lookup;OFFICIAL_WEB_LOOKUP;OFFICIAL_STIHL_LOOKUP
163123625;"HS 80 Heckenschere,600mm/24""";;Heggenschaar;Benzine;MY_STIHL;https://app.stihl.com/nl-nl/mystihl/tools/add/serial-number;2026-10-06;authenticated MY STIHL UI lookup;OFFICIAL_WEB_LOOKUP;OFFICIAL_STIHL_LOOKUP
163123630;"HS 80 Heckenschere,600mm/24""";;Heggenschaar;Benzine;MY_STIHL;https://app.stihl.com/nl-nl/mystihl/tools/add/serial-number;2026-10-06;authenticated MY STIHL UI lookup;OFFICIAL_WEB_LOOKUP;OFFICIAL_STIHL_LOOKUP
163123635;"HS 80 Heckenschere,600mm/24""";;Heggenschaar;Benzine;MY_STIHL;https://app.stihl.com/nl-nl/mystihl/tools/add/serial-number;2026-10-06;authenticated MY STIHL UI lookup;OFFICIAL_WEB_LOOKUP;OFFICIAL_STIHL_LOOKUP
163123640;"HS 80 Heckenschere,600mm/24""";;Heggenschaar;Benzine;MY_STIHL;https://app.stihl.com/nl-nl/mystihl/tools/add/serial-number;2026-10-06;authenticated MY STIHL UI lookup;OFFICIAL_WEB_LOOKUP;OFFICIAL_STIHL_LOOKUP
163123645;"HS 80 Heckenschere,600mm/24""";;Heggenschaar;Benzine;MY_STIHL;https://app.stihl.com/nl-nl/mystihl/tools/add/serial-number;2026-10-06;authenticated MY STIHL UI lookup;OFFICIAL_WEB_LOOKUP;OFFICIAL_STIHL_LOOKUP
163123650;"HS 80 Heckenschere,600mm/24""";;Heggenschaar;Benzine;MY_STIHL;https://app.stihl.com/nl-nl/mystihl/tools/add/serial-number;2026-10-06;authenticated MY STIHL UI lookup;OFFICIAL_WEB_LOOKUP;OFFICIAL_STIHL_LOOKUP
163123655;"HS 80 Heckenschere,600mm/24""";;Heggenschaar;Benzine;MY_STIHL;https://app.stihl.com/nl-nl/mystihl/tools/add/serial-number;2026-10-06;authenticated MY STIHL UI lookup;OFFICIAL_WEB_LOOKUP;OFFICIAL_STIHL_LOOKUP
163123660;"HS 80 Heckenschere,600mm/24""";;Heggenschaar;Benzine;MY_STIHL;https://app.stihl.com/nl-nl/mystihl/tools/add/serial-number;2026-10-06;authenticated MY STIHL UI lookup;OFFICIAL_WEB_LOOKUP;OFFICIAL_STIHL_LOOKUP
163123665;"HS 80 Heckenschere,600mm/24""";;Heggenschaar;Benzine;MY_STIHL;https://app.stihl.com/nl-nl/mystihl/tools/add/serial-number;2026-10-06;authenticated MY STIHL UI lookup;OFFICIAL_WEB_LOOKUP;OFFICIAL_STIHL_LOOKUP
163123670;"HS 80 Heckenschere,600mm/24""";;Heggenschaar;Benzine;MY_STIHL;https://app.stihl.com/nl-nl/mystihl/tools/add/serial-number;2026-10-06;authenticated MY STIHL UI lookup;OFFICIAL_WEB_LOOKUP;OFFICIAL_STIHL_LOOKUP
163123675;"HS 80 Heckenschere,600mm/24""";;Heggenschaar;Benzine;MY_STIHL;https://app.stihl.com/nl-nl/mystihl/tools/add/serial-number;2026-10-06;authenticated MY STIHL UI lookup;OFFICIAL_WEB_LOOKUP;OFFICIAL_STIHL_LOOKUP
163123680;"HS 80 Heckenschere,600mm/24""";;Heggenschaar;Benzine;MY_STIHL;https://app.stihl.com/nl-nl/mystihl/tools/add/serial-number;2026-10-06;authenticated MY STIHL UI lookup;OFFICIAL_WEB_LOOKUP;OFFICIAL_STIHL_LOOKUP
163123685;"HS 80 Heckenschere,600mm/24""";;Heggenschaar;Benzine;MY_STIHL;https://app.stihl.com/nl-nl/mystihl/tools/add/serial-number;2026-10-06;authenticated MY STIHL UI lookup;OFFICIAL_WEB_LOOKUP;OFFICIAL_STIHL_LOOKUP
163123690;"HS 80 Heckenschere,600mm/24""";;Heggenschaar;Benzine;MY_STIHL;https://app.stihl.com/nl-nl/mystihl/tools/add/serial-number;2026-10-06;authenticated MY STIHL UI lookup;OFFICIAL_WEB_LOOKUP;OFFICIAL_STIHL_LOOKUP
163123695;"HS 80 Heckenschere,600mm/24""";;Heggenschaar;Benzine;MY_STIHL;https://app.stihl.com/nl-nl/mystihl/tools/add/serial-number;2026-10-06;authenticated MY STIHL UI lookup;OFFICIAL_WEB_LOOKUP;OFFICIAL_STIHL_LOOKUP
163123700;"HS 80 Heckenschere,600mm/24""";;Heggenschaar;Benzine;MY_STIHL;https://app.stihl.com/nl-nl/mystihl/tools/add/serial-number;2026-10-06;authenticated MY STIHL UI lookup;OFFICIAL_WEB_LOOKUP;OFFICIAL_STIHL_LOOKUP
163123705;"HS 80 Heckenschere,600mm/24""";;Heggenschaar;Benzine;MY_STIHL;https://app.stihl.com/nl-nl/mystihl/tools/add/serial-number;2026-10-06;authenticated MY STIHL UI lookup;OFFICIAL_WEB_LOOKUP;OFFICIAL_STIHL_LOOKUP
163123710;"HS 80 Heckenschere,600mm/24""";;Heggenschaar;Benzine;MY_STIHL;https://app.stihl.com/nl-nl/mystihl/tools/add/serial-number;2026-10-06;authenticated MY STIHL UI lookup;OFFICIAL_WEB_LOOKUP;OFFICIAL_STIHL_LOOKUP
163123715;"HS 80 Heckenschere,600mm/24""";;Heggenschaar;Benzine;MY_STIHL;https://app.stihl.com/nl-nl/mystihl/tools/add/serial-number;2026-10-06;authenticated MY STIHL UI lookup;OFFICIAL_WEB_LOOKUP;OFFICIAL_STIHL_LOOKUP
163123720;"HS 80 Heckenschere,600mm/24""";;Heggenschaar;Benzine;MY_STIHL;https://app.stihl.com/nl-nl/mystihl/tools/add/serial-number;2026-10-06;authenticated MY STIHL UI lookup;OFFICIAL_WEB_LOOKUP;OFFICIAL_STIHL_LOOKUP
163123725;"HS 80 Heckenschere,600mm/24""";;Heggenschaar;Benzine;MY_STIHL;https://app.stihl.com/nl-nl/mystihl/tools/add/serial-number;2026-10-06;authenticated MY STIHL UI lookup;OFFICIAL_WEB_LOOKUP;OFFICIAL_STIHL_LOOKUP
163123730;"HS 80 Heckenschere,600mm/24""";;Heggenschaar;Benzine;MY_STIHL;https://app.stihl.com/nl-nl/mystihl/tools/add/serial-number;2026-10-06;authenticated MY STIHL UI lookup;OFFICIAL_WEB_LOOKUP;OFFICIAL_STIHL_LOOKUP
163123735;"HS 80 Heckenschere,600mm/24""";;Heggenschaar;Benzine;MY_STIHL;https://app.stihl.com/nl-nl/mystihl/tools/add/serial-number;2026-10-06;authenticated MY STIHL UI lookup;OFFICIAL_WEB_LOOKUP;OFFICIAL_STIHL_LOOKUP
163123740;"HS 80 Heckenschere,600mm/24""";;Heggenschaar;Benzine;MY_STIHL;https://app.stihl.com/nl-nl/mystihl/tools/add/serial-number;2026-10-06;authenticated MY STIHL UI lookup;OFFICIAL_WEB_LOOKUP;OFFICIAL_STIHL_LOOKUP
163123745;"HS 80 Heckenschere,600mm/24""";;Heggenschaar;Benzine;MY_STIHL;https://app.stihl.com/nl-nl/mystihl/tools/add/serial-number;2026-10-06;authenticated MY STIHL UI lookup;OFFICIAL_WEB_LOOKUP;OFFICIAL_STIHL_LOOKUP
163123750;"HS 80 Heckenschere,600mm/24""";;Heggenschaar;Benzine;MY_STIHL;https://app.stihl.com/nl-nl/mystihl/tools/add/serial-number;2026-10-06;authenticated MY STIHL UI lookup;OFFICIAL_WEB_LOOKUP;OFFICIAL_STIHL_LOOKUP
163123755;"HS 80 Heckenschere,600mm/24""";;Heggenschaar;Benzine;MY_STIHL;https://app.stihl.com/nl-nl/mystihl/tools/add/serial-number;2026-10-06;authenticated MY STIHL UI lookup;OFFICIAL_WEB_LOOKUP;OFFICIAL_STIHL_LOOKUP
163123760;"HS 80 Heckenschere,600mm/24""";;Heggenschaar;Benzine;MY_STIHL;https://app.stihl.com/nl-nl/mystihl/tools/add/serial-number;2026-10-06;authenticated MY STIHL UI lookup;OFFICIAL_WEB_LOOKUP;OFFICIAL_STIHL_LOOKUP
163123765;"HS 80 Heckenschere,600mm/24""";;Heggenschaar;Benzine;MY_STIHL;https://app.stihl.com/nl-nl/mystihl/tools/add/serial-number;2026-10-06;authenticated MY STIHL UI lookup;OFFICIAL_WEB_LOOKUP;OFFICIAL_STIHL_LOOKUP
163123770;"HS 80 Heckenschere,600mm/24""";;Heggenschaar;Benzine;MY_STIHL;https://app.stihl.com/nl-nl/mystihl/tools/add/serial-number;2026-10-06;authenticated MY STIHL UI lookup;OFFICIAL_WEB_LOOKUP;OFFICIAL_STIHL_LOOKUP
163123775;"HS 80 Heckenschere,600mm/24""";;Heggenschaar;Benzine;MY_STIHL;https://app.stihl.com/nl-nl/mystihl/tools/add/serial-number;2026-10-06;authenticated MY STIHL UI lookup;OFFICIAL_WEB_LOOKUP;OFFICIAL_STIHL_LOOKUP
163123780;"HS 80 Heckenschere,600mm/24""";;Heggenschaar;Benzine;MY_STIHL;https://app.stihl.com/nl-nl/mystihl/tools/add/serial-number;2026-10-06;authenticated MY STIHL UI lookup;OFFICIAL_WEB_LOOKUP;OFFICIAL_STIHL_LOOKUP
163123785;"HS 80 Heckenschere,600mm/24""";;Heggenschaar;Benzine;MY_STIHL;https://app.stihl.com/nl-nl/mystihl/tools/add/serial-number;2026-10-06;authenticated MY STIHL UI lookup;OFFICIAL_WEB_LOOKUP;OFFICIAL_STIHL_LOOKUP
163123790;"HS 80 Heckenschere,600mm/24""";;Heggenschaar;Benzine;MY_STIHL;https://app.stihl.com/nl-nl/mystihl/tools/add/serial-number;2026-10-06;authenticated MY STIHL UI lookup;OFFICIAL_WEB_LOOKUP;OFFICIAL_STIHL_LOOKUP
163123795;"HS 80 Heckenschere,600mm/24""";;Heggenschaar;Benzine;MY_STIHL;https://app.stihl.com/nl-nl/mystihl/tools/add/serial-number;2026-10-06;authenticated MY STIHL UI lookup;OFFICIAL_WEB_LOOKUP;OFFICIAL_STIHL_LOOKUP
163123800;"HS 80 Heckenschere,600mm/24""";;Heggenschaar;Benzine;MY_STIHL;https://app.stihl.com/nl-nl/mystihl/tools/add/serial-number;2026-10-06;authenticated MY STIHL UI lookup;OFFICIAL_WEB_LOOKUP;OFFICIAL_STIHL_LOOKUP
163123805;"HS 80 Heckenschere,600mm/24""";;Heggenschaar;Benzine;MY_STIHL;https://app.stihl.com/nl-nl/mystihl/tools/add/serial-number;2026-10-06;authenticated MY STIHL UI lookup;OFFICIAL_WEB_LOOKUP;OFFICIAL_STIHL_LOOKUP
163123810;"HS 80 Heckenschere,600mm/24""";;Heggenschaar;Benzine;MY_STIHL;https://app.stihl.com/nl-nl/mystihl/tools/add/serial-number;2026-10-06;authenticated MY STIHL UI lookup;OFFICIAL_WEB_LOOKUP;OFFICIAL_STIHL_LOOKUP
163123815;"HS 80 Heckenschere,600mm/24""";;Heggenschaar;Benzine;MY_STIHL;https://app.stihl.com/nl-nl/mystihl/tools/add/serial-number;2026-10-06;authenticated MY STIHL UI lookup;OFFICIAL_WEB_LOOKUP;OFFICIAL_STIHL_LOOKUP
163123820;"HS 80 Heckenschere,600mm/24""";;Heggenschaar;Benzine;MY_STIHL;https://app.stihl.com/nl-nl/mystihl/tools/add/serial-number;2026-10-06;authenticated MY STIHL UI lookup;OFFICIAL_WEB_LOOKUP;OFFICIAL_STIHL_LOOKUP
163123825;"HS 80 Heckenschere,600mm/24""";;Heggenschaar;Benzine;MY_STIHL;https://app.stihl.com/nl-nl/mystihl/tools/add/serial-number;2026-10-06;authenticated MY STIHL UI lookup;OFFICIAL_WEB_LOOKUP;OFFICIAL_STIHL_LOOKUP
163123830;"HS 80 Heckenschere,600mm/24""";;Heggenschaar;Benzine;MY_STIHL;https://app.stihl.com/nl-nl/mystihl/tools/add/serial-number;2026-10-06;authenticated MY STIHL UI lookup;OFFICIAL_WEB_LOOKUP;OFFICIAL_STIHL_LOOKUP
163123835;"HS 80 Heckenschere,600mm/24""";;Heggenschaar;Benzine;MY_STIHL;https://app.stihl.com/nl-nl/mystihl/tools/add/serial-number;2026-10-06;authenticated MY STIHL UI lookup;OFFICIAL_WEB_LOOKUP;OFFICIAL_STIHL_LOOKUP
163123840;"HS 80 Heckenschere,600mm/24""";;Heggenschaar;Benzine;MY_STIHL;https://app.stihl.com/nl-nl/mystihl/tools/add/serial-number;2026-10-06;authenticated MY STIHL UI lookup;OFFICIAL_WEB_LOOKUP;OFFICIAL_STIHL_LOOKUP
163123845;"HS 80 Heckenschere,600mm/24""";;Heggenschaar;Benzine;MY_STIHL;https://app.stihl.com/nl-nl/mystihl/tools/add/serial-number;2026-10-06;authenticated MY STIHL UI lookup;OFFICIAL_WEB_LOOKUP;OFFICIAL_STIHL_LOOKUP
163123850;"HS 80 Heckenschere,600mm/24""";;Heggenschaar;Benzine;MY_STIHL;https://app.stihl.com/nl-nl/mystihl/tools/add/serial-number;2026-10-06;authenticated MY STIHL UI lookup;OFFICIAL_WEB_LOOKUP;OFFICIAL_STIHL_LOOKUP
163123855;"HS 80 Heckenschere,600mm/24""";;Heggenschaar;Benzine;MY_STIHL;https://app.stihl.com/nl-nl/mystihl/tools/add/serial-number;2026-10-06;authenticated MY STIHL UI lookup;OFFICIAL_WEB_LOOKUP;OFFICIAL_STIHL_LOOKUP
163123860;"HS 80 Heckenschere,600mm/24""";;Heggenschaar;Benzine;MY_STIHL;https://app.stihl.com/nl-nl/mystihl/tools/add/serial-number;2026-10-06;authenticated MY STIHL UI lookup;OFFICIAL_WEB_LOOKUP;OFFICIAL_STIHL_LOOKUP
163123865;"HS 80 Heckenschere,600mm/24""";;Heggenschaar;Benzine;MY_STIHL;https://app.stihl.com/nl-nl/mystihl/tools/add/serial-number;2026-10-06;authenticated MY STIHL UI lookup;OFFICIAL_WEB_LOOKUP;OFFICIAL_STIHL_LOOKUP
163123870;"HS 80 Heckenschere,600mm/24""";;Heggenschaar;Benzine;MY_STIHL;https://app.stihl.com/nl-nl/mystihl/tools/add/serial-number;2026-10-06;authenticated MY STIHL UI lookup;OFFICIAL_WEB_LOOKUP;OFFICIAL_STIHL_LOOKUP
163123880;"HS 80 Heckenschere,600mm/24""";;Heggenschaar;Benzine;MY_STIHL;https://app.stihl.com/nl-nl/mystihl/tools/add/serial-number;2026-10-06;authenticated MY STIHL UI lookup;OFFICIAL_WEB_LOOKUP;OFFICIAL_STIHL_LOOKUP
163123885;"HS 80 Heckenschere,600mm/24""";;Heggenschaar;Benzine;MY_STIHL;https://app.stihl.com/nl-nl/mystihl/tools/add/serial-number;2026-10-06;authenticated MY STIHL UI lookup;OFFICIAL_WEB_LOOKUP;OFFICIAL_STIHL_LOOKUP
163123890;"HS 80 Heckenschere,600mm/24""";;Heggenschaar;Benzine;MY_STIHL;https://app.stihl.com/nl-nl/mystihl/tools/add/serial-number;2026-10-06;authenticated MY STIHL UI lookup;OFFICIAL_WEB_LOOKUP;OFFICIAL_STIHL_LOOKUP
163123900;"HS 80 Heckenschere,600mm/24""";;Heggenschaar;Benzine;MY_STIHL;https://app.stihl.com/nl-nl/mystihl/tools/add/serial-number;2026-10-06;authenticated MY STIHL UI lookup;OFFICIAL_WEB_LOOKUP;OFFICIAL_STIHL_LOOKUP
163123905;"HS 80 Heckenschere,600mm/24""";;Heggenschaar;Benzine;MY_STIHL;https://app.stihl.com/nl-nl/mystihl/tools/add/serial-number;2026-10-06;authenticated MY STIHL UI lookup;OFFICIAL_WEB_LOOKUP;OFFICIAL_STIHL_LOOKUP
163123910;"HS 80 Heckenschere,600mm/24""";;Heggenschaar;Benzine;MY_STIHL;https://app.stihl.com/nl-nl/mystihl/tools/add/serial-number;2026-10-06;authenticated MY STIHL UI lookup;OFFICIAL_WEB_LOOKUP;OFFICIAL_STIHL_LOOKUP
163123915;"HS 80 Heckenschere,600mm/24""";;Heggenschaar;Benzine;MY_STIHL;https://app.stihl.com/nl-nl/mystihl/tools/add/serial-number;2026-10-06;authenticated MY STIHL UI lookup;OFFICIAL_WEB_LOOKUP;OFFICIAL_STIHL_LOOKUP
163123920;"HS 80 Heckenschere,600mm/24""";;Heggenschaar;Benzine;MY_STIHL;https://app.stihl.com/nl-nl/mystihl/tools/add/serial-number;2026-10-06;authenticated MY STIHL UI lookup;OFFICIAL_WEB_LOOKUP;OFFICIAL_STIHL_LOOKUP
163123925;"HS 80 Heckenschere,600mm/24""";;Heggenschaar;Benzine;MY_STIHL;https://app.stihl.com/nl-nl/mystihl/tools/add/serial-number;2026-10-06;authenticated MY STIHL UI lookup;OFFICIAL_WEB_LOOKUP;OFFICIAL_STIHL_LOOKUP
163123935;"HS 80 Heckenschere,600mm/24""";;Heggenschaar;Benzine;MY_STIHL;https://app.stihl.com/nl-nl/mystihl/tools/add/serial-number;2026-10-06;authenticated MY STIHL UI lookup;OFFICIAL_WEB_LOOKUP;OFFICIAL_STIHL_LOOKUP
163123940;"HS 80 Heckenschere,600mm/24""";;Heggenschaar;Benzine;MY_STIHL;https://app.stihl.com/nl-nl/mystihl/tools/add/serial-number;2026-10-06;authenticated MY STIHL UI lookup;OFFICIAL_WEB_LOOKUP;OFFICIAL_STIHL_LOOKUP
163123945;"HS 80 Heckenschere,600mm/24""";;Heggenschaar;Benzine;MY_STIHL;https://app.stihl.com/nl-nl/mystihl/tools/add/serial-number;2026-10-06;authenticated MY STIHL UI lookup;OFFICIAL_WEB_LOOKUP;OFFICIAL_STIHL_LOOKUP
163123955;"HS 80 Heckenschere,600mm/24""";;Heggenschaar;Benzine;MY_STIHL;https://app.stihl.com/nl-nl/mystihl/tools/add/serial-number;2026-10-06;authenticated MY STIHL UI lookup;OFFICIAL_WEB_LOOKUP;OFFICIAL_STIHL_LOOKUP
163123960;"HS 80 Heckenschere,600mm/24""";;Heggenschaar;Benzine;MY_STIHL;https://app.stihl.com/nl-nl/mystihl/tools/add/serial-number;2026-10-06;authenticated MY STIHL UI lookup;OFFICIAL_WEB_LOOKUP;OFFICIAL_STIHL_LOOKUP
163123965;"HS 80 Heckenschere,600mm/24""";;Heggenschaar;Benzine;MY_STIHL;https://app.stihl.com/nl-nl/mystihl/tools/add/serial-number;2026-10-06;authenticated MY STIHL UI lookup;OFFICIAL_WEB_LOOKUP;OFFICIAL_STIHL_LOOKUP
163123970;"HS 80 Heckenschere,600mm/24""";;Heggenschaar;Benzine;MY_STIHL;https://app.stihl.com/nl-nl/mystihl/tools/add/serial-number;2026-10-06;authenticated MY STIHL UI lookup;OFFICIAL_WEB_LOOKUP;OFFICIAL_STIHL_LOOKUP
163123975;"HS 80 Heckenschere,600mm/24""";;Heggenschaar;Benzine;MY_STIHL;https://app.stihl.com/nl-nl/mystihl/tools/add/serial-number;2026-10-06;authenticated MY STIHL UI lookup;OFFICIAL_WEB_LOOKUP;OFFICIAL_STIHL_LOOKUP
163123980;"HS 80 Heckenschere,600mm/24""";;Heggenschaar;Benzine;MY_STIHL;https://app.stihl.com/nl-nl/mystihl/tools/add/serial-number;2026-10-06;authenticated MY STIHL UI lookup;OFFICIAL_WEB_LOOKUP;OFFICIAL_STIHL_LOOKUP
163123985;"HS 80 Heckenschere,600mm/24""";;Heggenschaar;Benzine;MY_STIHL;https://app.stihl.com/nl-nl/mystihl/tools/add/serial-number;2026-10-06;authenticated MY STIHL UI lookup;OFFICIAL_WEB_LOOKUP;OFFICIAL_STIHL_LOOKUP
163123990;"HS 80 Heckenschere,600mm/24""";;Heggenschaar;Benzine;MY_STIHL;https://app.stihl.com/nl-nl/mystihl/tools/add/serial-number;2026-10-06;authenticated MY STIHL UI lookup;OFFICIAL_WEB_LOOKUP;OFFICIAL_STIHL_LOOKUP
163123995;"HS 80 Heckenschere,600mm/24""";;Heggenschaar;Benzine;MY_STIHL;https://app.stihl.com/nl-nl/mystihl/tools/add/serial-number;2026-10-06;authenticated MY STIHL UI lookup;OFFICIAL_WEB_LOOKUP;OFFICIAL_STIHL_LOOKUP
163124000;"HS 80 Heckenschere,600mm/24""";;Heggenschaar;Benzine;MY_STIHL;https://app.stihl.com/nl-nl/mystihl/tools/add/serial-number;2026-10-06;authenticated MY STIHL UI lookup;OFFICIAL_WEB_LOOKUP;OFFICIAL_STIHL_LOOKUP
163124005;"HS 80 Heckenschere,600mm/24""";;Heggenschaar;Benzine;MY_STIHL;https://app.stihl.com/nl-nl/mystihl/tools/add/serial-number;2026-10-06;authenticated MY STIHL UI lookup;OFFICIAL_WEB_LOOKUP;OFFICIAL_STIHL_LOOKUP
163124010;"HS 80 Heckenschere,600mm/24""";;Heggenschaar;Benzine;MY_STIHL;https://app.stihl.com/nl-nl/mystihl/tools/add/serial-number;2026-10-06;authenticated MY STIHL UI lookup;OFFICIAL_WEB_LOOKUP;OFFICIAL_STIHL_LOOKUP
163124015;"HS 80 Heckenschere,600mm/24""";;Heggenschaar;Benzine;MY_STIHL;https://app.stihl.com/nl-nl/mystihl/tools/add/serial-number;2026-10-06;authenticated MY STIHL UI lookup;OFFICIAL_WEB_LOOKUP;OFFICIAL_STIHL_LOOKUP
163124020;"HS 80 Heckenschere,600mm/24""";;Heggenschaar;Benzine;MY_STIHL;https://app.stihl.com/nl-nl/mystihl/tools/add/serial-number;2026-10-06;authenticated MY STIHL UI lookup;OFFICIAL_WEB_LOOKUP;OFFICIAL_STIHL_LOOKUP
163124025;"HS 80 Heckenschere,600mm/24""";;Heggenschaar;Benzine;MY_STIHL;https://app.stihl.com/nl-nl/mystihl/tools/add/serial-number;2026-10-06;authenticated MY STIHL UI lookup;OFFICIAL_WEB_LOOKUP;OFFICIAL_STIHL_LOOKUP
163124030;"HS 80 Heckenschere,600mm/24""";;Heggenschaar;Benzine;MY_STIHL;https://app.stihl.com/nl-nl/mystihl/tools/add/serial-number;2026-10-06;authenticated MY STIHL UI lookup;OFFICIAL_WEB_LOOKUP;OFFICIAL_STIHL_LOOKUP
163124040;"HS 80 Heckenschere,600mm/24""";;Heggenschaar;Benzine;MY_STIHL;https://app.stihl.com/nl-nl/mystihl/tools/add/serial-number;2026-10-06;authenticated MY STIHL UI lookup;OFFICIAL_WEB_LOOKUP;OFFICIAL_STIHL_LOOKUP
163124045;"HS 80 Heckenschere,600mm/24""";;Heggenschaar;Benzine;MY_STIHL;https://app.stihl.com/nl-nl/mystihl/tools/add/serial-number;2026-10-06;authenticated MY STIHL UI lookup;OFFICIAL_WEB_LOOKUP;OFFICIAL_STIHL_LOOKUP
163124050;"HS 80 Heckenschere,600mm/24""";;Heggenschaar;Benzine;MY_STIHL;https://app.stihl.com/nl-nl/mystihl/tools/add/serial-number;2026-10-06;authenticated MY STIHL UI lookup;OFFICIAL_WEB_LOOKUP;OFFICIAL_STIHL_LOOKUP
163124055;"HS 80 Heckenschere,600mm/24""";;Heggenschaar;Benzine;MY_STIHL;https://app.stihl.com/nl-nl/mystihl/tools/add/serial-number;2026-10-06;authenticated MY STIHL UI lookup;OFFICIAL_WEB_LOOKUP;OFFICIAL_STIHL_LOOKUP
163124060;"HS 80 Heckenschere,600mm/24""";;Heggenschaar;Benzine;MY_STIHL;https://app.stihl.com/nl-nl/mystihl/tools/add/serial-number;2026-10-06;authenticated MY STIHL UI lookup;OFFICIAL_WEB_LOOKUP;OFFICIAL_STIHL_LOOKUP
163124065;"HS 80 Heckenschere,600mm/24""";;Heggenschaar;Benzine;MY_STIHL;https://app.stihl.com/nl-nl/mystihl/tools/add/serial-number;2026-10-06;authenticated MY STIHL UI lookup;OFFICIAL_WEB_LOOKUP;OFFICIAL_STIHL_LOOKUP
163124075;"HS 80 Heckenschere,600mm/24""";;Heggenschaar;Benzine;MY_STIHL;https://app.stihl.com/nl-nl/mystihl/tools/add/serial-number;2026-10-06;authenticated MY STIHL UI lookup;OFFICIAL_WEB_LOOKUP;OFFICIAL_STIHL_LOOKUP
163124080;"HS 80 Heckenschere,600mm/24""";;Heggenschaar;Benzine;MY_STIHL;https://app.stihl.com/nl-nl/mystihl/tools/add/serial-number;2026-10-06;authenticated MY STIHL UI lookup;OFFICIAL_WEB_LOOKUP;OFFICIAL_STIHL_LOOKUP
163124085;"HS 80 Heckenschere,600mm/24""";;Heggenschaar;Benzine;MY_STIHL;https://app.stihl.com/nl-nl/mystihl/tools/add/serial-number;2026-10-06;authenticated MY STIHL UI lookup;OFFICIAL_WEB_LOOKUP;OFFICIAL_STIHL_LOOKUP
163124090;"HS 80 Heckenschere,600mm/24""";;Heggenschaar;Benzine;MY_STIHL;https://app.stihl.com/nl-nl/mystihl/tools/add/serial-number;2026-10-06;authenticated MY STIHL UI lookup;OFFICIAL_WEB_LOOKUP;OFFICIAL_STIHL_LOOKUP
163124095;"HS 80 Heckenschere,600mm/24""";;Heggenschaar;Benzine;MY_STIHL;https://app.stihl.com/nl-nl/mystihl/tools/add/serial-number;2026-10-06;authenticated MY STIHL UI lookup;OFFICIAL_WEB_LOOKUP;OFFICIAL_STIHL_LOOKUP
163124110;"HS 80 Heckenschere,600mm/24""";;Heggenschaar;Benzine;MY_STIHL;https://app.stihl.com/nl-nl/mystihl/tools/add/serial-number;2026-10-06;authenticated MY STIHL UI lookup;OFFICIAL_WEB_LOOKUP;OFFICIAL_STIHL_LOOKUP
163124115;"HS 80 Heckenschere,600mm/24""";;Heggenschaar;Benzine;MY_STIHL;https://app.stihl.com/nl-nl/mystihl/tools/add/serial-number;2026-10-06;authenticated MY STIHL UI lookup;OFFICIAL_WEB_LOOKUP;OFFICIAL_STIHL_LOOKUP
163124120;FR 450 Motorsense rückentragbar;;Bosmaaier;Benzine;MY_STIHL;https://app.stihl.com/nl-nl/mystihl/tools/add/serial-number;2026-10-06;authenticated MY STIHL UI lookup;OFFICIAL_WEB_LOOKUP;OFFICIAL_STIHL_LOOKUP
163124130;FR 450 Motorsense rückentragbar;;Bosmaaier;Benzine;MY_STIHL;https://app.stihl.com/nl-nl/mystihl/tools/add/serial-number;2026-10-06;authenticated MY STIHL UI lookup;OFFICIAL_WEB_LOOKUP;OFFICIAL_STIHL_LOOKUP
163124135;FR 450 Motorsense rückentragbar;;Bosmaaier;Benzine;MY_STIHL;https://app.stihl.com/nl-nl/mystihl/tools/add/serial-number;2026-10-06;authenticated MY STIHL UI lookup;OFFICIAL_WEB_LOOKUP;OFFICIAL_STIHL_LOOKUP
163124140;FR 450 Motorsense rückentragbar;;Bosmaaier;Benzine;MY_STIHL;https://app.stihl.com/nl-nl/mystihl/tools/add/serial-number;2026-10-06;authenticated MY STIHL UI lookup;OFFICIAL_WEB_LOOKUP;OFFICIAL_STIHL_LOOKUP
163124145;FR 450 Motorsense rückentragbar;;Bosmaaier;Benzine;MY_STIHL;https://app.stihl.com/nl-nl/mystihl/tools/add/serial-number;2026-10-06;authenticated MY STIHL UI lookup;OFFICIAL_WEB_LOOKUP;OFFICIAL_STIHL_LOOKUP
163124150;FR 450 Motorsense rückentragbar;;Bosmaaier;Benzine;MY_STIHL;https://app.stihl.com/nl-nl/mystihl/tools/add/serial-number;2026-10-06;authenticated MY STIHL UI lookup;OFFICIAL_WEB_LOOKUP;OFFICIAL_STIHL_LOOKUP
163124155;FR 450 Motorsense rückentragbar;;Bosmaaier;Benzine;MY_STIHL;https://app.stihl.com/nl-nl/mystihl/tools/add/serial-number;2026-10-06;authenticated MY STIHL UI lookup;OFFICIAL_WEB_LOOKUP;OFFICIAL_STIHL_LOOKUP
163124165;FR 450 Motorsense rückentragbar;;Bosmaaier;Benzine;MY_STIHL;https://app.stihl.com/nl-nl/mystihl/tools/add/serial-number;2026-10-06;authenticated MY STIHL UI lookup;OFFICIAL_WEB_LOOKUP;OFFICIAL_STIHL_LOOKUP
163124170;FR 450 Motorsense rückentragbar;;Bosmaaier;Benzine;MY_STIHL;https://app.stihl.com/nl-nl/mystihl/tools/add/serial-number;2026-10-06;authenticated MY STIHL UI lookup;OFFICIAL_WEB_LOOKUP;OFFICIAL_STIHL_LOOKUP
163124175;FR 450 Motorsense rückentragbar;;Bosmaaier;Benzine;MY_STIHL;https://app.stihl.com/nl-nl/mystihl/tools/add/serial-number;2026-10-06;authenticated MY STIHL UI lookup;OFFICIAL_WEB_LOOKUP;OFFICIAL_STIHL_LOOKUP
163124180;FR 450 Motorsense rückentragbar;;Bosmaaier;Benzine;MY_STIHL;https://app.stihl.com/nl-nl/mystihl/tools/add/serial-number;2026-10-06;authenticated MY STIHL UI lookup;OFFICIAL_WEB_LOOKUP;OFFICIAL_STIHL_LOOKUP
163124185;FR 450 Motorsense rückentragbar;;Bosmaaier;Benzine;MY_STIHL;https://app.stihl.com/nl-nl/mystihl/tools/add/serial-number;2026-10-06;authenticated MY STIHL UI lookup;OFFICIAL_WEB_LOOKUP;OFFICIAL_STIHL_LOOKUP
163124190;FR 450 Motorsense rückentragbar;;Bosmaaier;Benzine;MY_STIHL;https://app.stihl.com/nl-nl/mystihl/tools/add/serial-number;2026-10-06;authenticated MY STIHL UI lookup;OFFICIAL_WEB_LOOKUP;OFFICIAL_STIHL_LOOKUP
163124195;FR 450 Motorsense rückentragbar;;Bosmaaier;Benzine;MY_STIHL;https://app.stihl.com/nl-nl/mystihl/tools/add/serial-number;2026-10-06;authenticated MY STIHL UI lookup;OFFICIAL_WEB_LOOKUP;OFFICIAL_STIHL_LOOKUP
163124200;FR 450 Motorsense rückentragbar;;Bosmaaier;Benzine;MY_STIHL;https://app.stihl.com/nl-nl/mystihl/tools/add/serial-number;2026-10-06;authenticated MY STIHL UI lookup;OFFICIAL_WEB_LOOKUP;OFFICIAL_STIHL_LOOKUP
163124205;FR 450 Motorsense rückentragbar;;Bosmaaier;Benzine;MY_STIHL;https://app.stihl.com/nl-nl/mystihl/tools/add/serial-number;2026-10-06;authenticated MY STIHL UI lookup;OFFICIAL_WEB_LOOKUP;OFFICIAL_STIHL_LOOKUP
163124210;FR 450 Motorsense rückentragbar;;Bosmaaier;Benzine;MY_STIHL;https://app.stihl.com/nl-nl/mystihl/tools/add/serial-number;2026-10-06;authenticated MY STIHL UI lookup;OFFICIAL_WEB_LOOKUP;OFFICIAL_STIHL_LOOKUP
163124215;FR 450 Motorsense rückentragbar;;Bosmaaier;Benzine;MY_STIHL;https://app.stihl.com/nl-nl/mystihl/tools/add/serial-number;2026-10-06;authenticated MY STIHL UI lookup;OFFICIAL_WEB_LOOKUP;OFFICIAL_STIHL_LOOKUP
163124220;FR 450 Motorsense rückentragbar;;Bosmaaier;Benzine;MY_STIHL;https://app.stihl.com/nl-nl/mystihl/tools/add/serial-number;2026-10-06;authenticated MY STIHL UI lookup;OFFICIAL_WEB_LOOKUP;OFFICIAL_STIHL_LOOKUP
163124225;FR 450 Motorsense rückentragbar;;Bosmaaier;Benzine;MY_STIHL;https://app.stihl.com/nl-nl/mystihl/tools/add/serial-number;2026-10-06;authenticated MY STIHL UI lookup;OFFICIAL_WEB_LOOKUP;OFFICIAL_STIHL_LOOKUP
163124230;FR 450 Motorsense rückentragbar;;Bosmaaier;Benzine;MY_STIHL;https://app.stihl.com/nl-nl/mystihl/tools/add/serial-number;2026-10-06;authenticated MY STIHL UI lookup;OFFICIAL_WEB_LOOKUP;OFFICIAL_STIHL_LOOKUP
163124235;FR 450 Motorsense rückentragbar;;Bosmaaier;Benzine;MY_STIHL;https://app.stihl.com/nl-nl/mystihl/tools/add/serial-number;2026-10-06;authenticated MY STIHL UI lookup;OFFICIAL_WEB_LOOKUP;OFFICIAL_STIHL_LOOKUP
163124240;FR 450 Motorsense rückentragbar;;Bosmaaier;Benzine;MY_STIHL;https://app.stihl.com/nl-nl/mystihl/tools/add/serial-number;2026-10-06;authenticated MY STIHL UI lookup;OFFICIAL_WEB_LOOKUP;OFFICIAL_STIHL_LOOKUP
163124245;FR 450 Motorsense rückentragbar;;Bosmaaier;Benzine;MY_STIHL;https://app.stihl.com/nl-nl/mystihl/tools/add/serial-number;2026-10-06;authenticated MY STIHL UI lookup;OFFICIAL_WEB_LOOKUP;OFFICIAL_STIHL_LOOKUP
163124255;FR 450 Motorsense rückentragbar;;Bosmaaier;Benzine;MY_STIHL;https://app.stihl.com/nl-nl/mystihl/tools/add/serial-number;2026-10-06;authenticated MY STIHL UI lookup;OFFICIAL_WEB_LOOKUP;OFFICIAL_STIHL_LOOKUP
163124260;FR 450 Motorsense rückentragbar;;Bosmaaier;Benzine;MY_STIHL;https://app.stihl.com/nl-nl/mystihl/tools/add/serial-number;2026-10-06;authenticated MY STIHL UI lookup;OFFICIAL_WEB_LOOKUP;OFFICIAL_STIHL_LOOKUP
163124265;FR 450 Motorsense rückentragbar;;Bosmaaier;Benzine;MY_STIHL;https://app.stihl.com/nl-nl/mystihl/tools/add/serial-number;2026-10-06;authenticated MY STIHL UI lookup;OFFICIAL_WEB_LOOKUP;OFFICIAL_STIHL_LOOKUP
163124270;FR 450 Motorsense rückentragbar;;Bosmaaier;Benzine;MY_STIHL;https://app.stihl.com/nl-nl/mystihl/tools/add/serial-number;2026-10-06;authenticated MY STIHL UI lookup;OFFICIAL_WEB_LOOKUP;OFFICIAL_STIHL_LOOKUP
163124275;FR 450 Motorsense rückentragbar;;Bosmaaier;Benzine;MY_STIHL;https://app.stihl.com/nl-nl/mystihl/tools/add/serial-number;2026-10-06;authenticated MY STIHL UI lookup;OFFICIAL_WEB_LOOKUP;OFFICIAL_STIHL_LOOKUP
163124280;FR 450 Motorsense rückentragbar;;Bosmaaier;Benzine;MY_STIHL;https://app.stihl.com/nl-nl/mystihl/tools/add/serial-number;2026-10-06;authenticated MY STIHL UI lookup;OFFICIAL_WEB_LOOKUP;OFFICIAL_STIHL_LOOKUP
163124285;FR 450 Motorsense rückentragbar;;Bosmaaier;Benzine;MY_STIHL;https://app.stihl.com/nl-nl/mystihl/tools/add/serial-number;2026-10-06;authenticated MY STIHL UI lookup;OFFICIAL_WEB_LOOKUP;OFFICIAL_STIHL_LOOKUP
163124290;FR 450 Motorsense rückentragbar;;Bosmaaier;Benzine;MY_STIHL;https://app.stihl.com/nl-nl/mystihl/tools/add/serial-number;2026-10-06;authenticated MY STIHL UI lookup;OFFICIAL_WEB_LOOKUP;OFFICIAL_STIHL_LOOKUP
163124295;FR 450 Motorsense rückentragbar;;Bosmaaier;Benzine;MY_STIHL;https://app.stihl.com/nl-nl/mystihl/tools/add/serial-number;2026-10-06;authenticated MY STIHL UI lookup;OFFICIAL_WEB_LOOKUP;OFFICIAL_STIHL_LOOKUP
163124300;FR 450 Motorsense rückentragbar;;Bosmaaier;Benzine;MY_STIHL;https://app.stihl.com/nl-nl/mystihl/tools/add/serial-number;2026-10-06;authenticated MY STIHL UI lookup;OFFICIAL_WEB_LOOKUP;OFFICIAL_STIHL_LOOKUP
163124305;FR 450 Motorsense rückentragbar;;Bosmaaier;Benzine;MY_STIHL;https://app.stihl.com/nl-nl/mystihl/tools/add/serial-number;2026-10-06;authenticated MY STIHL UI lookup;OFFICIAL_WEB_LOOKUP;OFFICIAL_STIHL_LOOKUP
163124310;FR 450 Motorsense rückentragbar;;Bosmaaier;Benzine;MY_STIHL;https://app.stihl.com/nl-nl/mystihl/tools/add/serial-number;2026-10-06;authenticated MY STIHL UI lookup;OFFICIAL_WEB_LOOKUP;OFFICIAL_STIHL_LOOKUP
163124315;FR 450 Motorsense rückentragbar;;Bosmaaier;Benzine;MY_STIHL;https://app.stihl.com/nl-nl/mystihl/tools/add/serial-number;2026-10-06;authenticated MY STIHL UI lookup;OFFICIAL_WEB_LOOKUP;OFFICIAL_STIHL_LOOKUP
163124320;FR 450 Motorsense rückentragbar;;Bosmaaier;Benzine;MY_STIHL;https://app.stihl.com/nl-nl/mystihl/tools/add/serial-number;2026-10-06;authenticated MY STIHL UI lookup;OFFICIAL_WEB_LOOKUP;OFFICIAL_STIHL_LOOKUP
163124325;FR 450 Motorsense rückentragbar;;Bosmaaier;Benzine;MY_STIHL;https://app.stihl.com/nl-nl/mystihl/tools/add/serial-number;2026-10-06;authenticated MY STIHL UI lookup;OFFICIAL_WEB_LOOKUP;OFFICIAL_STIHL_LOOKUP
163124330;FR 450 Motorsense rückentragbar;;Bosmaaier;Benzine;MY_STIHL;https://app.stihl.com/nl-nl/mystihl/tools/add/serial-number;2026-10-06;authenticated MY STIHL UI lookup;OFFICIAL_WEB_LOOKUP;OFFICIAL_STIHL_LOOKUP
163124335;FR 450 Motorsense rückentragbar;;Bosmaaier;Benzine;MY_STIHL;https://app.stihl.com/nl-nl/mystihl/tools/add/serial-number;2026-10-06;authenticated MY STIHL UI lookup;OFFICIAL_WEB_LOOKUP;OFFICIAL_STIHL_LOOKUP
163124340;FR 450 Motorsense rückentragbar;;Bosmaaier;Benzine;MY_STIHL;https://app.stihl.com/nl-nl/mystihl/tools/add/serial-number;2026-10-06;authenticated MY STIHL UI lookup;OFFICIAL_WEB_LOOKUP;OFFICIAL_STIHL_LOOKUP
163124345;FR 450 Motorsense rückentragbar;;Bosmaaier;Benzine;MY_STIHL;https://app.stihl.com/nl-nl/mystihl/tools/add/serial-number;2026-10-06;authenticated MY STIHL UI lookup;OFFICIAL_WEB_LOOKUP;OFFICIAL_STIHL_LOOKUP
163124350;FR 450 Motorsense rückentragbar;;Bosmaaier;Benzine;MY_STIHL;https://app.stihl.com/nl-nl/mystihl/tools/add/serial-number;2026-10-06;authenticated MY STIHL UI lookup;OFFICIAL_WEB_LOOKUP;OFFICIAL_STIHL_LOOKUP
163124355;FR 450 Motorsense rückentragbar;;Bosmaaier;Benzine;MY_STIHL;https://app.stihl.com/nl-nl/mystihl/tools/add/serial-number;2026-10-06;authenticated MY STIHL UI lookup;OFFICIAL_WEB_LOOKUP;OFFICIAL_STIHL_LOOKUP
163124360;FR 450 Motorsense rückentragbar;;Bosmaaier;Benzine;MY_STIHL;https://app.stihl.com/nl-nl/mystihl/tools/add/serial-number;2026-10-06;authenticated MY STIHL UI lookup;OFFICIAL_WEB_LOOKUP;OFFICIAL_STIHL_LOOKUP
163124365;FR 450 Motorsense rückentragbar;;Bosmaaier;Benzine;MY_STIHL;https://app.stihl.com/nl-nl/mystihl/tools/add/serial-number;2026-10-06;authenticated MY STIHL UI lookup;OFFICIAL_WEB_LOOKUP;OFFICIAL_STIHL_LOOKUP
163124370;FR 450 Motorsense rückentragbar;;Bosmaaier;Benzine;MY_STIHL;https://app.stihl.com/nl-nl/mystihl/tools/add/serial-number;2026-10-06;authenticated MY STIHL UI lookup;OFFICIAL_WEB_LOOKUP;OFFICIAL_STIHL_LOOKUP
163124375;FR 450 Motorsense rückentragbar;;Bosmaaier;Benzine;MY_STIHL;https://app.stihl.com/nl-nl/mystihl/tools/add/serial-number;2026-10-06;authenticated MY STIHL UI lookup;OFFICIAL_WEB_LOOKUP;OFFICIAL_STIHL_LOOKUP
163124380;FR 450 Motorsense rückentragbar;;Bosmaaier;Benzine;MY_STIHL;https://app.stihl.com/nl-nl/mystihl/tools/add/serial-number;2026-10-06;authenticated MY STIHL UI lookup;OFFICIAL_WEB_LOOKUP;OFFICIAL_STIHL_LOOKUP
163124385;FR 450 Motorsense rückentragbar;;Bosmaaier;Benzine;MY_STIHL;https://app.stihl.com/nl-nl/mystihl/tools/add/serial-number;2026-10-06;authenticated MY STIHL UI lookup;OFFICIAL_WEB_LOOKUP;OFFICIAL_STIHL_LOOKUP
163124390;FR 450 Motorsense rückentragbar;;Bosmaaier;Benzine;MY_STIHL;https://app.stihl.com/nl-nl/mystihl/tools/add/serial-number;2026-10-06;authenticated MY STIHL UI lookup;OFFICIAL_WEB_LOOKUP;OFFICIAL_STIHL_LOOKUP
163124395;FR 450 Motorsense rückentragbar;;Bosmaaier;Benzine;MY_STIHL;https://app.stihl.com/nl-nl/mystihl/tools/add/serial-number;2026-10-06;authenticated MY STIHL UI lookup;OFFICIAL_WEB_LOOKUP;OFFICIAL_STIHL_LOOKUP
163124400;FR 450 Motorsense rückentragbar;;Bosmaaier;Benzine;MY_STIHL;https://app.stihl.com/nl-nl/mystihl/tools/add/serial-number;2026-10-06;authenticated MY STIHL UI lookup;OFFICIAL_WEB_LOOKUP;OFFICIAL_STIHL_LOOKUP
163124405;FR 450 Motorsense rückentragbar;;Bosmaaier;Benzine;MY_STIHL;https://app.stihl.com/nl-nl/mystihl/tools/add/serial-number;2026-10-06;authenticated MY STIHL UI lookup;OFFICIAL_WEB_LOOKUP;OFFICIAL_STIHL_LOOKUP
163124410;FR 450 Motorsense rückentragbar;;Bosmaaier;Benzine;MY_STIHL;https://app.stihl.com/nl-nl/mystihl/tools/add/serial-number;2026-10-06;authenticated MY STIHL UI lookup;OFFICIAL_WEB_LOOKUP;OFFICIAL_STIHL_LOOKUP
163124415;FR 450 Motorsense rückentragbar;;Bosmaaier;Benzine;MY_STIHL;https://app.stihl.com/nl-nl/mystihl/tools/add/serial-number;2026-10-06;authenticated MY STIHL UI lookup;OFFICIAL_WEB_LOOKUP;OFFICIAL_STIHL_LOOKUP
163124425;FR 450 Motorsense rückentragbar;;Bosmaaier;Benzine;MY_STIHL;https://app.stihl.com/nl-nl/mystihl/tools/add/serial-number;2026-10-06;authenticated MY STIHL UI lookup;OFFICIAL_WEB_LOOKUP;OFFICIAL_STIHL_LOOKUP
163124430;FR 450 Motorsense rückentragbar;;Bosmaaier;Benzine;MY_STIHL;https://app.stihl.com/nl-nl/mystihl/tools/add/serial-number;2026-10-06;authenticated MY STIHL UI lookup;OFFICIAL_WEB_LOOKUP;OFFICIAL_STIHL_LOOKUP
163124435;FR 450 Motorsense rückentragbar;;Bosmaaier;Benzine;MY_STIHL;https://app.stihl.com/nl-nl/mystihl/tools/add/serial-number;2026-10-06;authenticated MY STIHL UI lookup;OFFICIAL_WEB_LOOKUP;OFFICIAL_STIHL_LOOKUP
163124440;FR 450 Motorsense rückentragbar;;Bosmaaier;Benzine;MY_STIHL;https://app.stihl.com/nl-nl/mystihl/tools/add/serial-number;2026-10-06;authenticated MY STIHL UI lookup;OFFICIAL_WEB_LOOKUP;OFFICIAL_STIHL_LOOKUP
163124445;FR 450 Motorsense rückentragbar;;Bosmaaier;Benzine;MY_STIHL;https://app.stihl.com/nl-nl/mystihl/tools/add/serial-number;2026-10-06;authenticated MY STIHL UI lookup;OFFICIAL_WEB_LOOKUP;OFFICIAL_STIHL_LOOKUP
163124450;FR 450 Motorsense rückentragbar;;Bosmaaier;Benzine;MY_STIHL;https://app.stihl.com/nl-nl/mystihl/tools/add/serial-number;2026-10-06;authenticated MY STIHL UI lookup;OFFICIAL_WEB_LOOKUP;OFFICIAL_STIHL_LOOKUP
163124455;FR 450 Motorsense rückentragbar;;Bosmaaier;Benzine;MY_STIHL;https://app.stihl.com/nl-nl/mystihl/tools/add/serial-number;2026-10-06;authenticated MY STIHL UI lookup;OFFICIAL_WEB_LOOKUP;OFFICIAL_STIHL_LOOKUP
163124460;FR 450 Motorsense rückentragbar;;Bosmaaier;Benzine;MY_STIHL;https://app.stihl.com/nl-nl/mystihl/tools/add/serial-number;2026-10-06;authenticated MY STIHL UI lookup;OFFICIAL_WEB_LOOKUP;OFFICIAL_STIHL_LOOKUP
163124465;FR 450 Motorsense rückentragbar;;Bosmaaier;Benzine;MY_STIHL;https://app.stihl.com/nl-nl/mystihl/tools/add/serial-number;2026-10-06;authenticated MY STIHL UI lookup;OFFICIAL_WEB_LOOKUP;OFFICIAL_STIHL_LOOKUP
163124470;FR 450 Motorsense rückentragbar;;Bosmaaier;Benzine;MY_STIHL;https://app.stihl.com/nl-nl/mystihl/tools/add/serial-number;2026-10-06;authenticated MY STIHL UI lookup;OFFICIAL_WEB_LOOKUP;OFFICIAL_STIHL_LOOKUP
163124475;FR 450 Motorsense rückentragbar;;Bosmaaier;Benzine;MY_STIHL;https://app.stihl.com/nl-nl/mystihl/tools/add/serial-number;2026-10-06;authenticated MY STIHL UI lookup;OFFICIAL_WEB_LOOKUP;OFFICIAL_STIHL_LOOKUP
163124480;FR 450 Motorsense rückentragbar;;Bosmaaier;Benzine;MY_STIHL;https://app.stihl.com/nl-nl/mystihl/tools/add/serial-number;2026-10-06;authenticated MY STIHL UI lookup;OFFICIAL_WEB_LOOKUP;OFFICIAL_STIHL_LOOKUP
163124485;FR 450 Motorsense rückentragbar;;Bosmaaier;Benzine;MY_STIHL;https://app.stihl.com/nl-nl/mystihl/tools/add/serial-number;2026-10-06;authenticated MY STIHL UI lookup;OFFICIAL_WEB_LOOKUP;OFFICIAL_STIHL_LOOKUP
163124490;FR 450 Motorsense rückentragbar;;Bosmaaier;Benzine;MY_STIHL;https://app.stihl.com/nl-nl/mystihl/tools/add/serial-number;2026-10-06;authenticated MY STIHL UI lookup;OFFICIAL_WEB_LOOKUP;OFFICIAL_STIHL_LOOKUP
163124495;FR 450 Motorsense rückentragbar;;Bosmaaier;Benzine;MY_STIHL;https://app.stihl.com/nl-nl/mystihl/tools/add/serial-number;2026-10-06;authenticated MY STIHL UI lookup;OFFICIAL_WEB_LOOKUP;OFFICIAL_STIHL_LOOKUP
163124500;FR 450 Motorsense rückentragbar;;Bosmaaier;Benzine;MY_STIHL;https://app.stihl.com/nl-nl/mystihl/tools/add/serial-number;2026-10-06;authenticated MY STIHL UI lookup;OFFICIAL_WEB_LOOKUP;OFFICIAL_STIHL_LOOKUP
163124505;FR 450 Motorsense rückentragbar;;Bosmaaier;Benzine;MY_STIHL;https://app.stihl.com/nl-nl/mystihl/tools/add/serial-number;2026-10-06;authenticated MY STIHL UI lookup;OFFICIAL_WEB_LOOKUP;OFFICIAL_STIHL_LOOKUP
163124510;FR 450 Motorsense rückentragbar;;Bosmaaier;Benzine;MY_STIHL;https://app.stihl.com/nl-nl/mystihl/tools/add/serial-number;2026-10-06;authenticated MY STIHL UI lookup;OFFICIAL_WEB_LOOKUP;OFFICIAL_STIHL_LOOKUP
163124515;FR 450 Motorsense rückentragbar;;Bosmaaier;Benzine;MY_STIHL;https://app.stihl.com/nl-nl/mystihl/tools/add/serial-number;2026-10-06;authenticated MY STIHL UI lookup;OFFICIAL_WEB_LOOKUP;OFFICIAL_STIHL_LOOKUP
163124520;FR 450 Motorsense rückentragbar;;Bosmaaier;Benzine;MY_STIHL;https://app.stihl.com/nl-nl/mystihl/tools/add/serial-number;2026-10-06;authenticated MY STIHL UI lookup;OFFICIAL_WEB_LOOKUP;OFFICIAL_STIHL_LOOKUP
163124525;FR 450 Motorsense rückentragbar;;Bosmaaier;Benzine;MY_STIHL;https://app.stihl.com/nl-nl/mystihl/tools/add/serial-number;2026-10-06;authenticated MY STIHL UI lookup;OFFICIAL_WEB_LOOKUP;OFFICIAL_STIHL_LOOKUP
163124555;FR 450 Motorsense rückentragbar;;Bosmaaier;Benzine;MY_STIHL;https://app.stihl.com/nl-nl/mystihl/tools/add/serial-number;2026-10-06;authenticated MY STIHL UI lookup;OFFICIAL_WEB_LOOKUP;OFFICIAL_STIHL_LOOKUP
163124565;FR 450 Motorsense rückentragbar;;Bosmaaier;Benzine;MY_STIHL;https://app.stihl.com/nl-nl/mystihl/tools/add/serial-number;2026-10-06;authenticated MY STIHL UI lookup;OFFICIAL_WEB_LOOKUP;OFFICIAL_STIHL_LOOKUP
163124570;FR 450 Motorsense rückentragbar;;Bosmaaier;Benzine;MY_STIHL;https://app.stihl.com/nl-nl/mystihl/tools/add/serial-number;2026-10-06;authenticated MY STIHL UI lookup;OFFICIAL_WEB_LOOKUP;OFFICIAL_STIHL_LOOKUP
163124575;FR 450 Motorsense rückentragbar;;Bosmaaier;Benzine;MY_STIHL;https://app.stihl.com/nl-nl/mystihl/tools/add/serial-number;2026-10-06;authenticated MY STIHL UI lookup;OFFICIAL_WEB_LOOKUP;OFFICIAL_STIHL_LOOKUP
163124580;FR 450 Motorsense rückentragbar;;Bosmaaier;Benzine;MY_STIHL;https://app.stihl.com/nl-nl/mystihl/tools/add/serial-number;2026-10-06;authenticated MY STIHL UI lookup;OFFICIAL_WEB_LOOKUP;OFFICIAL_STIHL_LOOKUP
163124585;FR 450 Motorsense rückentragbar;;Bosmaaier;Benzine;MY_STIHL;https://app.stihl.com/nl-nl/mystihl/tools/add/serial-number;2026-10-06;authenticated MY STIHL UI lookup;OFFICIAL_WEB_LOOKUP;OFFICIAL_STIHL_LOOKUP
163124590;FR 450 Motorsense rückentragbar;;Bosmaaier;Benzine;MY_STIHL;https://app.stihl.com/nl-nl/mystihl/tools/add/serial-number;2026-10-06;authenticated MY STIHL UI lookup;OFFICIAL_WEB_LOOKUP;OFFICIAL_STIHL_LOOKUP
163124595;FR 450 Motorsense rückentragbar;;Bosmaaier;Benzine;MY_STIHL;https://app.stihl.com/nl-nl/mystihl/tools/add/serial-number;2026-10-06;authenticated MY STIHL UI lookup;OFFICIAL_WEB_LOOKUP;OFFICIAL_STIHL_LOOKUP
163124600;FR 450 Motorsense rückentragbar;;Bosmaaier;Benzine;MY_STIHL;https://app.stihl.com/nl-nl/mystihl/tools/add/serial-number;2026-10-06;authenticated MY STIHL UI lookup;OFFICIAL_WEB_LOOKUP;OFFICIAL_STIHL_LOOKUP
163124605;FR 450 Motorsense rückentragbar;;Bosmaaier;Benzine;MY_STIHL;https://app.stihl.com/nl-nl/mystihl/tools/add/serial-number;2026-10-06;authenticated MY STIHL UI lookup;OFFICIAL_WEB_LOOKUP;OFFICIAL_STIHL_LOOKUP
163124610;FR 450 Motorsense rückentragbar;;Bosmaaier;Benzine;MY_STIHL;https://app.stihl.com/nl-nl/mystihl/tools/add/serial-number;2026-10-06;authenticated MY STIHL UI lookup;OFFICIAL_WEB_LOOKUP;OFFICIAL_STIHL_LOOKUP
163124615;FR 450 Motorsense rückentragbar;;Bosmaaier;Benzine;MY_STIHL;https://app.stihl.com/nl-nl/mystihl/tools/add/serial-number;2026-10-06;authenticated MY STIHL UI lookup;OFFICIAL_WEB_LOOKUP;OFFICIAL_STIHL_LOOKUP
163124620;FR 450 Motorsense rückentragbar;;Bosmaaier;Benzine;MY_STIHL;https://app.stihl.com/nl-nl/mystihl/tools/add/serial-number;2026-10-06;authenticated MY STIHL UI lookup;OFFICIAL_WEB_LOOKUP;OFFICIAL_STIHL_LOOKUP
163124625;FR 450 Motorsense rückentragbar;;Bosmaaier;Benzine;MY_STIHL;https://app.stihl.com/nl-nl/mystihl/tools/add/serial-number;2026-10-06;authenticated MY STIHL UI lookup;OFFICIAL_WEB_LOOKUP;OFFICIAL_STIHL_LOOKUP
163124630;FR 450 Motorsense rückentragbar;;Bosmaaier;Benzine;MY_STIHL;https://app.stihl.com/nl-nl/mystihl/tools/add/serial-number;2026-10-06;authenticated MY STIHL UI lookup;OFFICIAL_WEB_LOOKUP;OFFICIAL_STIHL_LOOKUP
163124635;FR 450 Motorsense rückentragbar;;Bosmaaier;Benzine;MY_STIHL;https://app.stihl.com/nl-nl/mystihl/tools/add/serial-number;2026-10-06;authenticated MY STIHL UI lookup;OFFICIAL_WEB_LOOKUP;OFFICIAL_STIHL_LOOKUP
163124640;FR 450 Motorsense rückentragbar;;Bosmaaier;Benzine;MY_STIHL;https://app.stihl.com/nl-nl/mystihl/tools/add/serial-number;2026-10-06;authenticated MY STIHL UI lookup;OFFICIAL_WEB_LOOKUP;OFFICIAL_STIHL_LOOKUP
163124645;FR 450 Motorsense rückentragbar;;Bosmaaier;Benzine;MY_STIHL;https://app.stihl.com/nl-nl/mystihl/tools/add/serial-number;2026-10-06;authenticated MY STIHL UI lookup;OFFICIAL_WEB_LOOKUP;OFFICIAL_STIHL_LOOKUP
163124650;FR 450 Motorsense rückentragbar;;Bosmaaier;Benzine;MY_STIHL;https://app.stihl.com/nl-nl/mystihl/tools/add/serial-number;2026-10-06;authenticated MY STIHL UI lookup;OFFICIAL_WEB_LOOKUP;OFFICIAL_STIHL_LOOKUP
163124655;FR 450 Motorsense rückentragbar;;Bosmaaier;Benzine;MY_STIHL;https://app.stihl.com/nl-nl/mystihl/tools/add/serial-number;2026-10-06;authenticated MY STIHL UI lookup;OFFICIAL_WEB_LOOKUP;OFFICIAL_STIHL_LOOKUP
163124660;FR 450 Motorsense rückentragbar;;Bosmaaier;Benzine;MY_STIHL;https://app.stihl.com/nl-nl/mystihl/tools/add/serial-number;2026-10-06;authenticated MY STIHL UI lookup;OFFICIAL_WEB_LOOKUP;OFFICIAL_STIHL_LOOKUP
163124665;FR 450 Motorsense rückentragbar;;Bosmaaier;Benzine;MY_STIHL;https://app.stihl.com/nl-nl/mystihl/tools/add/serial-number;2026-10-06;authenticated MY STIHL UI lookup;OFFICIAL_WEB_LOOKUP;OFFICIAL_STIHL_LOOKUP
163124670;FR 450 Motorsense rückentragbar;;Bosmaaier;Benzine;MY_STIHL;https://app.stihl.com/nl-nl/mystihl/tools/add/serial-number;2026-10-06;authenticated MY STIHL UI lookup;OFFICIAL_WEB_LOOKUP;OFFICIAL_STIHL_LOOKUP
163124675;FR 450 Motorsense rückentragbar;;Bosmaaier;Benzine;MY_STIHL;https://app.stihl.com/nl-nl/mystihl/tools/add/serial-number;2026-10-06;authenticated MY STIHL UI lookup;OFFICIAL_WEB_LOOKUP;OFFICIAL_STIHL_LOOKUP
163124680;FR 450 Motorsense rückentragbar;;Bosmaaier;Benzine;MY_STIHL;https://app.stihl.com/nl-nl/mystihl/tools/add/serial-number;2026-10-06;authenticated MY STIHL UI lookup;OFFICIAL_WEB_LOOKUP;OFFICIAL_STIHL_LOOKUP
163124765;FR 450 Motorsense rückentragbar;;Bosmaaier;Benzine;MY_STIHL;https://app.stihl.com/nl-nl/mystihl/tools/add/serial-number;2026-10-06;authenticated MY STIHL UI lookup;OFFICIAL_WEB_LOOKUP;OFFICIAL_STIHL_LOOKUP
163124770;FR 450 Motorsense rückentragbar;;Bosmaaier;Benzine;MY_STIHL;https://app.stihl.com/nl-nl/mystihl/tools/add/serial-number;2026-10-06;authenticated MY STIHL UI lookup;OFFICIAL_WEB_LOOKUP;OFFICIAL_STIHL_LOOKUP
163124775;FR 450 Motorsense rückentragbar;;Bosmaaier;Benzine;MY_STIHL;https://app.stihl.com/nl-nl/mystihl/tools/add/serial-number;2026-10-06;authenticated MY STIHL UI lookup;OFFICIAL_WEB_LOOKUP;OFFICIAL_STIHL_LOOKUP
163124780;FR 450 Motorsense rückentragbar;;Bosmaaier;Benzine;MY_STIHL;https://app.stihl.com/nl-nl/mystihl/tools/add/serial-number;2026-10-06;authenticated MY STIHL UI lookup;OFFICIAL_WEB_LOOKUP;OFFICIAL_STIHL_LOOKUP
163124785;FR 450 Motorsense rückentragbar;;Bosmaaier;Benzine;MY_STIHL;https://app.stihl.com/nl-nl/mystihl/tools/add/serial-number;2026-10-06;authenticated MY STIHL UI lookup;OFFICIAL_WEB_LOOKUP;OFFICIAL_STIHL_LOOKUP
163124790;FR 450 Motorsense rückentragbar;;Bosmaaier;Benzine;MY_STIHL;https://app.stihl.com/nl-nl/mystihl/tools/add/serial-number;2026-10-06;authenticated MY STIHL UI lookup;OFFICIAL_WEB_LOOKUP;OFFICIAL_STIHL_LOOKUP
163124795;FR 450 Motorsense rückentragbar;;Bosmaaier;Benzine;MY_STIHL;https://app.stihl.com/nl-nl/mystihl/tools/add/serial-number;2026-10-06;authenticated MY STIHL UI lookup;OFFICIAL_WEB_LOOKUP;OFFICIAL_STIHL_LOOKUP
163124800;FR 450 Motorsense rückentragbar;;Bosmaaier;Benzine;MY_STIHL;https://app.stihl.com/nl-nl/mystihl/tools/add/serial-number;2026-10-06;authenticated MY STIHL UI lookup;OFFICIAL_WEB_LOOKUP;OFFICIAL_STIHL_LOOKUP
163124805;FR 450 Motorsense rückentragbar;;Bosmaaier;Benzine;MY_STIHL;https://app.stihl.com/nl-nl/mystihl/tools/add/serial-number;2026-10-06;authenticated MY STIHL UI lookup;OFFICIAL_WEB_LOOKUP;OFFICIAL_STIHL_LOOKUP
163124810;FR 450 Motorsense rückentragbar;;Bosmaaier;Benzine;MY_STIHL;https://app.stihl.com/nl-nl/mystihl/tools/add/serial-number;2026-10-06;authenticated MY STIHL UI lookup;OFFICIAL_WEB_LOOKUP;OFFICIAL_STIHL_LOOKUP
163124815;FR 450 Motorsense rückentragbar;;Bosmaaier;Benzine;MY_STIHL;https://app.stihl.com/nl-nl/mystihl/tools/add/serial-number;2026-10-06;authenticated MY STIHL UI lookup;OFFICIAL_WEB_LOOKUP;OFFICIAL_STIHL_LOOKUP
163124820;FR 450 Motorsense rückentragbar;;Bosmaaier;Benzine;MY_STIHL;https://app.stihl.com/nl-nl/mystihl/tools/add/serial-number;2026-10-06;authenticated MY STIHL UI lookup;OFFICIAL_WEB_LOOKUP;OFFICIAL_STIHL_LOOKUP
163124905;FR 450 Motorsense rückentragbar;;Bosmaaier;Benzine;MY_STIHL;https://app.stihl.com/nl-nl/mystihl/tools/add/serial-number;2026-10-06;authenticated MY STIHL UI lookup;OFFICIAL_WEB_LOOKUP;OFFICIAL_STIHL_LOOKUP
163124985;FR 450 Motorsense rückentragbar;;Bosmaaier;Benzine;MY_STIHL;https://app.stihl.com/nl-nl/mystihl/tools/add/serial-number;2026-10-06;authenticated MY STIHL UI lookup;OFFICIAL_WEB_LOOKUP;OFFICIAL_STIHL_LOOKUP
163124990;FR 450 Motorsense rückentragbar;;Bosmaaier;Benzine;MY_STIHL;https://app.stihl.com/nl-nl/mystihl/tools/add/serial-number;2026-10-06;authenticated MY STIHL UI lookup;OFFICIAL_WEB_LOOKUP;OFFICIAL_STIHL_LOOKUP
163124995;FR 450 Motorsense rückentragbar;;Bosmaaier;Benzine;MY_STIHL;https://app.stihl.com/nl-nl/mystihl/tools/add/serial-number;2026-10-06;authenticated MY STIHL UI lookup;OFFICIAL_WEB_LOOKUP;OFFICIAL_STIHL_LOOKUP
163125000;FR 450 Motorsense rückentragbar;;Bosmaaier;Benzine;MY_STIHL;https://app.stihl.com/nl-nl/mystihl/tools/add/serial-number;2026-10-06;authenticated MY STIHL UI lookup;OFFICIAL_WEB_LOOKUP;OFFICIAL_STIHL_LOOKUP
163125005;FR 450 Motorsense rückentragbar;;Bosmaaier;Benzine;MY_STIHL;https://app.stihl.com/nl-nl/mystihl/tools/add/serial-number;2026-10-06;authenticated MY STIHL UI lookup;OFFICIAL_WEB_LOOKUP;OFFICIAL_STIHL_LOOKUP
163125010;FR 450 Motorsense rückentragbar;;Bosmaaier;Benzine;MY_STIHL;https://app.stihl.com/nl-nl/mystihl/tools/add/serial-number;2026-10-06;authenticated MY STIHL UI lookup;OFFICIAL_WEB_LOOKUP;OFFICIAL_STIHL_LOOKUP
163125015;"MS 260 .325"" P Motorsäge";;Kettingzaag;Benzine;MY_STIHL;https://app.stihl.com/nl-nl/mystihl/tools/add/serial-number;2026-10-06;authenticated MY STIHL UI lookup;OFFICIAL_WEB_LOOKUP;OFFICIAL_STIHL_LOOKUP
163125020;"MS 260 .325"" P Motorsäge";;Kettingzaag;Benzine;MY_STIHL;https://app.stihl.com/nl-nl/mystihl/tools/add/serial-number;2026-10-06;authenticated MY STIHL UI lookup;OFFICIAL_WEB_LOOKUP;OFFICIAL_STIHL_LOOKUP
163125025;"MS 260 .325"" P Motorsäge";;Kettingzaag;Benzine;MY_STIHL;https://app.stihl.com/nl-nl/mystihl/tools/add/serial-number;2026-10-06;authenticated MY STIHL UI lookup;OFFICIAL_WEB_LOOKUP;OFFICIAL_STIHL_LOOKUP
163125030;"MS 260 .325"" P Motorsäge";;Kettingzaag;Benzine;MY_STIHL;https://app.stihl.com/nl-nl/mystihl/tools/add/serial-number;2026-10-06;authenticated MY STIHL UI lookup;OFFICIAL_WEB_LOOKUP;OFFICIAL_STIHL_LOOKUP
163125035;"MS 260 .325"" P Motorsäge";;Kettingzaag;Benzine;MY_STIHL;https://app.stihl.com/nl-nl/mystihl/tools/add/serial-number;2026-10-06;authenticated MY STIHL UI lookup;OFFICIAL_WEB_LOOKUP;OFFICIAL_STIHL_LOOKUP
163125040;"MS 260 .325"" P Motorsäge";;Kettingzaag;Benzine;MY_STIHL;https://app.stihl.com/nl-nl/mystihl/tools/add/serial-number;2026-10-06;authenticated MY STIHL UI lookup;OFFICIAL_WEB_LOOKUP;OFFICIAL_STIHL_LOOKUP
163125045;"MS 260 .325"" P Motorsäge";;Kettingzaag;Benzine;MY_STIHL;https://app.stihl.com/nl-nl/mystihl/tools/add/serial-number;2026-10-06;authenticated MY STIHL UI lookup;OFFICIAL_WEB_LOOKUP;OFFICIAL_STIHL_LOOKUP
163125050;"MS 260 .325"" P Motorsäge";;Kettingzaag;Benzine;MY_STIHL;https://app.stihl.com/nl-nl/mystihl/tools/add/serial-number;2026-10-06;authenticated MY STIHL UI lookup;OFFICIAL_WEB_LOOKUP;OFFICIAL_STIHL_LOOKUP
163125055;"MS 260 .325"" P Motorsäge";;Kettingzaag;Benzine;MY_STIHL;https://app.stihl.com/nl-nl/mystihl/tools/add/serial-number;2026-10-06;authenticated MY STIHL UI lookup;OFFICIAL_WEB_LOOKUP;OFFICIAL_STIHL_LOOKUP
163125060;"MS 260 .325"" P Motorsäge";;Kettingzaag;Benzine;MY_STIHL;https://app.stihl.com/nl-nl/mystihl/tools/add/serial-number;2026-10-06;authenticated MY STIHL UI lookup;OFFICIAL_WEB_LOOKUP;OFFICIAL_STIHL_LOOKUP
163125065;"MS 260 .325"" P Motorsäge";;Kettingzaag;Benzine;MY_STIHL;https://app.stihl.com/nl-nl/mystihl/tools/add/serial-number;2026-10-06;authenticated MY STIHL UI lookup;OFFICIAL_WEB_LOOKUP;OFFICIAL_STIHL_LOOKUP
163125070;"MS 260 .325"" P Motorsäge";;Kettingzaag;Benzine;MY_STIHL;https://app.stihl.com/nl-nl/mystihl/tools/add/serial-number;2026-10-06;authenticated MY STIHL UI lookup;OFFICIAL_WEB_LOOKUP;OFFICIAL_STIHL_LOOKUP
163125075;"MS 260 .325"" P Motorsäge";;Kettingzaag;Benzine;MY_STIHL;https://app.stihl.com/nl-nl/mystihl/tools/add/serial-number;2026-10-06;authenticated MY STIHL UI lookup;OFFICIAL_WEB_LOOKUP;OFFICIAL_STIHL_LOOKUP
163125080;"MS 260 .325"" P Motorsäge";;Kettingzaag;Benzine;MY_STIHL;https://app.stihl.com/nl-nl/mystihl/tools/add/serial-number;2026-10-06;authenticated MY STIHL UI lookup;OFFICIAL_WEB_LOOKUP;OFFICIAL_STIHL_LOOKUP
163125085;"MS 260 .325"" P Motorsäge";;Kettingzaag;Benzine;MY_STIHL;https://app.stihl.com/nl-nl/mystihl/tools/add/serial-number;2026-10-06;authenticated MY STIHL UI lookup;OFFICIAL_WEB_LOOKUP;OFFICIAL_STIHL_LOOKUP
163125090;"MS 260 .325"" P Motorsäge";;Kettingzaag;Benzine;MY_STIHL;https://app.stihl.com/nl-nl/mystihl/tools/add/serial-number;2026-10-06;authenticated MY STIHL UI lookup;OFFICIAL_WEB_LOOKUP;OFFICIAL_STIHL_LOOKUP
163125095;"MS 260 .325"" P Motorsäge";;Kettingzaag;Benzine;MY_STIHL;https://app.stihl.com/nl-nl/mystihl/tools/add/serial-number;2026-10-06;authenticated MY STIHL UI lookup;OFFICIAL_WEB_LOOKUP;OFFICIAL_STIHL_LOOKUP
163125100;"MS 260 .325"" P Motorsäge";;Kettingzaag;Benzine;MY_STIHL;https://app.stihl.com/nl-nl/mystihl/tools/add/serial-number;2026-10-06;authenticated MY STIHL UI lookup;OFFICIAL_WEB_LOOKUP;OFFICIAL_STIHL_LOOKUP
163125105;"MS 260 .325"" P Motorsäge";;Kettingzaag;Benzine;MY_STIHL;https://app.stihl.com/nl-nl/mystihl/tools/add/serial-number;2026-10-06;authenticated MY STIHL UI lookup;OFFICIAL_WEB_LOOKUP;OFFICIAL_STIHL_LOOKUP
163125110;"MS 260 .325"" P Motorsäge";;Kettingzaag;Benzine;MY_STIHL;https://app.stihl.com/nl-nl/mystihl/tools/add/serial-number;2026-10-06;authenticated MY STIHL UI lookup;OFFICIAL_WEB_LOOKUP;OFFICIAL_STIHL_LOOKUP
163125115;"MS 260 .325"" P Motorsäge";;Kettingzaag;Benzine;MY_STIHL;https://app.stihl.com/nl-nl/mystihl/tools/add/serial-number;2026-10-06;authenticated MY STIHL UI lookup;OFFICIAL_WEB_LOOKUP;OFFICIAL_STIHL_LOOKUP
163125120;"MS 260 .325"" P Motorsäge";;Kettingzaag;Benzine;MY_STIHL;https://app.stihl.com/nl-nl/mystihl/tools/add/serial-number;2026-10-06;authenticated MY STIHL UI lookup;OFFICIAL_WEB_LOOKUP;OFFICIAL_STIHL_LOOKUP
163125125;"MS 260 .325"" P Motorsäge";;Kettingzaag;Benzine;MY_STIHL;https://app.stihl.com/nl-nl/mystihl/tools/add/serial-number;2026-10-06;authenticated MY STIHL UI lookup;OFFICIAL_WEB_LOOKUP;OFFICIAL_STIHL_LOOKUP
163125130;"MS 260 .325"" P Motorsäge";;Kettingzaag;Benzine;MY_STIHL;https://app.stihl.com/nl-nl/mystihl/tools/add/serial-number;2026-10-06;authenticated MY STIHL UI lookup;OFFICIAL_WEB_LOOKUP;OFFICIAL_STIHL_LOOKUP
163125135;"MS 260 .325"" P Motorsäge";;Kettingzaag;Benzine;MY_STIHL;https://app.stihl.com/nl-nl/mystihl/tools/add/serial-number;2026-10-06;authenticated MY STIHL UI lookup;OFFICIAL_WEB_LOOKUP;OFFICIAL_STIHL_LOOKUP
163125140;"MS 260 .325"" P Motorsäge";;Kettingzaag;Benzine;MY_STIHL;https://app.stihl.com/nl-nl/mystihl/tools/add/serial-number;2026-10-06;authenticated MY STIHL UI lookup;OFFICIAL_WEB_LOOKUP;OFFICIAL_STIHL_LOOKUP
163125145;"MS 260 .325"" P Motorsäge";;Kettingzaag;Benzine;MY_STIHL;https://app.stihl.com/nl-nl/mystihl/tools/add/serial-number;2026-10-06;authenticated MY STIHL UI lookup;OFFICIAL_WEB_LOOKUP;OFFICIAL_STIHL_LOOKUP
163125150;"MS 260 .325"" P Motorsäge";;Kettingzaag;Benzine;MY_STIHL;https://app.stihl.com/nl-nl/mystihl/tools/add/serial-number;2026-10-06;authenticated MY STIHL UI lookup;OFFICIAL_WEB_LOOKUP;OFFICIAL_STIHL_LOOKUP
163125155;"MS 260 .325"" P Motorsäge";;Kettingzaag;Benzine;MY_STIHL;https://app.stihl.com/nl-nl/mystihl/tools/add/serial-number;2026-10-06;authenticated MY STIHL UI lookup;OFFICIAL_WEB_LOOKUP;OFFICIAL_STIHL_LOOKUP
163125160;"MS 260 .325"" P Motorsäge";;Kettingzaag;Benzine;MY_STIHL;https://app.stihl.com/nl-nl/mystihl/tools/add/serial-number;2026-10-06;authenticated MY STIHL UI lookup;OFFICIAL_WEB_LOOKUP;OFFICIAL_STIHL_LOOKUP
163125165;"MS 260 .325"" P Motorsäge";;Kettingzaag;Benzine;MY_STIHL;https://app.stihl.com/nl-nl/mystihl/tools/add/serial-number;2026-10-06;authenticated MY STIHL UI lookup;OFFICIAL_WEB_LOOKUP;OFFICIAL_STIHL_LOOKUP
163125170;"MS 260 .325"" P Motorsäge";;Kettingzaag;Benzine;MY_STIHL;https://app.stihl.com/nl-nl/mystihl/tools/add/serial-number;2026-10-06;authenticated MY STIHL UI lookup;OFFICIAL_WEB_LOOKUP;OFFICIAL_STIHL_LOOKUP
163125175;"MS 260 .325"" P Motorsäge";;Kettingzaag;Benzine;MY_STIHL;https://app.stihl.com/nl-nl/mystihl/tools/add/serial-number;2026-10-06;authenticated MY STIHL UI lookup;OFFICIAL_WEB_LOOKUP;OFFICIAL_STIHL_LOOKUP
163125180;"MS 260 .325"" P Motorsäge";;Kettingzaag;Benzine;MY_STIHL;https://app.stihl.com/nl-nl/mystihl/tools/add/serial-number;2026-10-06;authenticated MY STIHL UI lookup;OFFICIAL_WEB_LOOKUP;OFFICIAL_STIHL_LOOKUP
163125185;"MS 260 .325"" P Motorsäge";;Kettingzaag;Benzine;MY_STIHL;https://app.stihl.com/nl-nl/mystihl/tools/add/serial-number;2026-10-06;authenticated MY STIHL UI lookup;OFFICIAL_WEB_LOOKUP;OFFICIAL_STIHL_LOOKUP
163125190;"MS 260 .325"" P Motorsäge";;Kettingzaag;Benzine;MY_STIHL;https://app.stihl.com/nl-nl/mystihl/tools/add/serial-number;2026-10-06;authenticated MY STIHL UI lookup;OFFICIAL_WEB_LOOKUP;OFFICIAL_STIHL_LOOKUP
163125195;"MS 260 .325"" P Motorsäge";;Kettingzaag;Benzine;MY_STIHL;https://app.stihl.com/nl-nl/mystihl/tools/add/serial-number;2026-10-06;authenticated MY STIHL UI lookup;OFFICIAL_WEB_LOOKUP;OFFICIAL_STIHL_LOOKUP
163125200;"MS 260 .325"" P Motorsäge";;Kettingzaag;Benzine;MY_STIHL;https://app.stihl.com/nl-nl/mystihl/tools/add/serial-number;2026-10-06;authenticated MY STIHL UI lookup;OFFICIAL_WEB_LOOKUP;OFFICIAL_STIHL_LOOKUP
163125205;"MS 260 .325"" P Motorsäge";;Kettingzaag;Benzine;MY_STIHL;https://app.stihl.com/nl-nl/mystihl/tools/add/serial-number;2026-10-06;authenticated MY STIHL UI lookup;OFFICIAL_WEB_LOOKUP;OFFICIAL_STIHL_LOOKUP
163125210;"MS 260 .325"" P Motorsäge";;Kettingzaag;Benzine;MY_STIHL;https://app.stihl.com/nl-nl/mystihl/tools/add/serial-number;2026-10-06;authenticated MY STIHL UI lookup;OFFICIAL_WEB_LOOKUP;OFFICIAL_STIHL_LOOKUP
163125215;"MS 260 .325"" P Motorsäge";;Kettingzaag;Benzine;MY_STIHL;https://app.stihl.com/nl-nl/mystihl/tools/add/serial-number;2026-10-06;authenticated MY STIHL UI lookup;OFFICIAL_WEB_LOOKUP;OFFICIAL_STIHL_LOOKUP
163125220;"MS 260 .325"" P Motorsäge";;Kettingzaag;Benzine;MY_STIHL;https://app.stihl.com/nl-nl/mystihl/tools/add/serial-number;2026-10-06;authenticated MY STIHL UI lookup;OFFICIAL_WEB_LOOKUP;OFFICIAL_STIHL_LOOKUP
163125225;"MS 260 .325"" P Motorsäge";;Kettingzaag;Benzine;MY_STIHL;https://app.stihl.com/nl-nl/mystihl/tools/add/serial-number;2026-10-06;authenticated MY STIHL UI lookup;OFFICIAL_WEB_LOOKUP;OFFICIAL_STIHL_LOOKUP
163125230;"MS 260 .325"" P Motorsäge";;Kettingzaag;Benzine;MY_STIHL;https://app.stihl.com/nl-nl/mystihl/tools/add/serial-number;2026-10-06;authenticated MY STIHL UI lookup;OFFICIAL_WEB_LOOKUP;OFFICIAL_STIHL_LOOKUP
163125235;"MS 260 .325"" P Motorsäge";;Kettingzaag;Benzine;MY_STIHL;https://app.stihl.com/nl-nl/mystihl/tools/add/serial-number;2026-10-06;authenticated MY STIHL UI lookup;OFFICIAL_WEB_LOOKUP;OFFICIAL_STIHL_LOOKUP
163125240;"MS 260 .325"" P Motorsäge";;Kettingzaag;Benzine;MY_STIHL;https://app.stihl.com/nl-nl/mystihl/tools/add/serial-number;2026-10-06;authenticated MY STIHL UI lookup;OFFICIAL_WEB_LOOKUP;OFFICIAL_STIHL_LOOKUP
163125245;"MS 260 .325"" P Motorsäge";;Kettingzaag;Benzine;MY_STIHL;https://app.stihl.com/nl-nl/mystihl/tools/add/serial-number;2026-10-06;authenticated MY STIHL UI lookup;OFFICIAL_WEB_LOOKUP;OFFICIAL_STIHL_LOOKUP
163125250;"MS 260 .325"" P Motorsäge";;Kettingzaag;Benzine;MY_STIHL;https://app.stihl.com/nl-nl/mystihl/tools/add/serial-number;2026-10-06;authenticated MY STIHL UI lookup;OFFICIAL_WEB_LOOKUP;OFFICIAL_STIHL_LOOKUP
163125255;"MS 260 .325"" P Motorsäge";;Kettingzaag;Benzine;MY_STIHL;https://app.stihl.com/nl-nl/mystihl/tools/add/serial-number;2026-10-06;authenticated MY STIHL UI lookup;OFFICIAL_WEB_LOOKUP;OFFICIAL_STIHL_LOOKUP
163125260;"MS 260 .325"" P Motorsäge";;Kettingzaag;Benzine;MY_STIHL;https://app.stihl.com/nl-nl/mystihl/tools/add/serial-number;2026-10-06;authenticated MY STIHL UI lookup;OFFICIAL_WEB_LOOKUP;OFFICIAL_STIHL_LOOKUP
163125265;"MS 260 .325"" P Motorsäge";;Kettingzaag;Benzine;MY_STIHL;https://app.stihl.com/nl-nl/mystihl/tools/add/serial-number;2026-10-06;authenticated MY STIHL UI lookup;OFFICIAL_WEB_LOOKUP;OFFICIAL_STIHL_LOOKUP
163125270;"MS 260 .325"" P Motorsäge";;Kettingzaag;Benzine;MY_STIHL;https://app.stihl.com/nl-nl/mystihl/tools/add/serial-number;2026-10-06;authenticated MY STIHL UI lookup;OFFICIAL_WEB_LOOKUP;OFFICIAL_STIHL_LOOKUP
163125275;"MS 260 .325"" P Motorsäge";;Kettingzaag;Benzine;MY_STIHL;https://app.stihl.com/nl-nl/mystihl/tools/add/serial-number;2026-10-06;authenticated MY STIHL UI lookup;OFFICIAL_WEB_LOOKUP;OFFICIAL_STIHL_LOOKUP
163125280;"MS 260 .325"" P Motorsäge";;Kettingzaag;Benzine;MY_STIHL;https://app.stihl.com/nl-nl/mystihl/tools/add/serial-number;2026-10-06;authenticated MY STIHL UI lookup;OFFICIAL_WEB_LOOKUP;OFFICIAL_STIHL_LOOKUP
163125285;"MS 260 .325"" P Motorsäge";;Kettingzaag;Benzine;MY_STIHL;https://app.stihl.com/nl-nl/mystihl/tools/add/serial-number;2026-10-06;authenticated MY STIHL UI lookup;OFFICIAL_WEB_LOOKUP;OFFICIAL_STIHL_LOOKUP
163125290;"MS 260 .325"" P Motorsäge";;Kettingzaag;Benzine;MY_STIHL;https://app.stihl.com/nl-nl/mystihl/tools/add/serial-number;2026-10-06;authenticated MY STIHL UI lookup;OFFICIAL_WEB_LOOKUP;OFFICIAL_STIHL_LOOKUP
163125295;"MS 260 .325"" P Motorsäge";;Kettingzaag;Benzine;MY_STIHL;https://app.stihl.com/nl-nl/mystihl/tools/add/serial-number;2026-10-06;authenticated MY STIHL UI lookup;OFFICIAL_WEB_LOOKUP;OFFICIAL_STIHL_LOOKUP
163125300;"MS 260 .325"" P Motorsäge";;Kettingzaag;Benzine;MY_STIHL;https://app.stihl.com/nl-nl/mystihl/tools/add/serial-number;2026-10-06;authenticated MY STIHL UI lookup;OFFICIAL_WEB_LOOKUP;OFFICIAL_STIHL_LOOKUP
163125305;"MS 260 .325"" P Motorsäge";;Kettingzaag;Benzine;MY_STIHL;https://app.stihl.com/nl-nl/mystihl/tools/add/serial-number;2026-10-06;authenticated MY STIHL UI lookup;OFFICIAL_WEB_LOOKUP;OFFICIAL_STIHL_LOOKUP
163125310;"MS 260 .325"" P Motorsäge";;Kettingzaag;Benzine;MY_STIHL;https://app.stihl.com/nl-nl/mystihl/tools/add/serial-number;2026-10-06;authenticated MY STIHL UI lookup;OFFICIAL_WEB_LOOKUP;OFFICIAL_STIHL_LOOKUP
163125315;"MS 260 .325"" P Motorsäge";;Kettingzaag;Benzine;MY_STIHL;https://app.stihl.com/nl-nl/mystihl/tools/add/serial-number;2026-10-06;authenticated MY STIHL UI lookup;OFFICIAL_WEB_LOOKUP;OFFICIAL_STIHL_LOOKUP
163125320;"MS 260 .325"" P Motorsäge";;Kettingzaag;Benzine;MY_STIHL;https://app.stihl.com/nl-nl/mystihl/tools/add/serial-number;2026-10-06;authenticated MY STIHL UI lookup;OFFICIAL_WEB_LOOKUP;OFFICIAL_STIHL_LOOKUP
163125325;"MS 260 .325"" P Motorsäge";;Kettingzaag;Benzine;MY_STIHL;https://app.stihl.com/nl-nl/mystihl/tools/add/serial-number;2026-10-06;authenticated MY STIHL UI lookup;OFFICIAL_WEB_LOOKUP;OFFICIAL_STIHL_LOOKUP
163125330;"MS 260 .325"" P Motorsäge";;Kettingzaag;Benzine;MY_STIHL;https://app.stihl.com/nl-nl/mystihl/tools/add/serial-number;2026-10-06;authenticated MY STIHL UI lookup;OFFICIAL_WEB_LOOKUP;OFFICIAL_STIHL_LOOKUP
163125335;"MS 260 .325"" P Motorsäge";;Kettingzaag;Benzine;MY_STIHL;https://app.stihl.com/nl-nl/mystihl/tools/add/serial-number;2026-10-06;authenticated MY STIHL UI lookup;OFFICIAL_WEB_LOOKUP;OFFICIAL_STIHL_LOOKUP
163125340;"MS 260 .325"" P Motorsäge";;Kettingzaag;Benzine;MY_STIHL;https://app.stihl.com/nl-nl/mystihl/tools/add/serial-number;2026-10-06;authenticated MY STIHL UI lookup;OFFICIAL_WEB_LOOKUP;OFFICIAL_STIHL_LOOKUP
163125345;"MS 260 .325"" P Motorsäge";;Kettingzaag;Benzine;MY_STIHL;https://app.stihl.com/nl-nl/mystihl/tools/add/serial-number;2026-10-06;authenticated MY STIHL UI lookup;OFFICIAL_WEB_LOOKUP;OFFICIAL_STIHL_LOOKUP
163125350;"MS 260 .325"" P Motorsäge";;Kettingzaag;Benzine;MY_STIHL;https://app.stihl.com/nl-nl/mystihl/tools/add/serial-number;2026-10-06;authenticated MY STIHL UI lookup;OFFICIAL_WEB_LOOKUP;OFFICIAL_STIHL_LOOKUP
163125355;"MS 260 .325"" P Motorsäge";;Kettingzaag;Benzine;MY_STIHL;https://app.stihl.com/nl-nl/mystihl/tools/add/serial-number;2026-10-06;authenticated MY STIHL UI lookup;OFFICIAL_WEB_LOOKUP;OFFICIAL_STIHL_LOOKUP
163125360;"MS 260 .325"" P Motorsäge";;Kettingzaag;Benzine;MY_STIHL;https://app.stihl.com/nl-nl/mystihl/tools/add/serial-number;2026-10-06;authenticated MY STIHL UI lookup;OFFICIAL_WEB_LOOKUP;OFFICIAL_STIHL_LOOKUP
163125365;"MS 260 .325"" P Motorsäge";;Kettingzaag;Benzine;MY_STIHL;https://app.stihl.com/nl-nl/mystihl/tools/add/serial-number;2026-10-06;authenticated MY STIHL UI lookup;OFFICIAL_WEB_LOOKUP;OFFICIAL_STIHL_LOOKUP
163125370;"MS 260 .325"" P Motorsäge";;Kettingzaag;Benzine;MY_STIHL;https://app.stihl.com/nl-nl/mystihl/tools/add/serial-number;2026-10-06;authenticated MY STIHL UI lookup;OFFICIAL_WEB_LOOKUP;OFFICIAL_STIHL_LOOKUP
163125375;"MS 260 .325"" P Motorsäge";;Kettingzaag;Benzine;MY_STIHL;https://app.stihl.com/nl-nl/mystihl/tools/add/serial-number;2026-10-06;authenticated MY STIHL UI lookup;OFFICIAL_WEB_LOOKUP;OFFICIAL_STIHL_LOOKUP
163125380;"MS 260 .325"" P Motorsäge";;Kettingzaag;Benzine;MY_STIHL;https://app.stihl.com/nl-nl/mystihl/tools/add/serial-number;2026-10-06;authenticated MY STIHL UI lookup;OFFICIAL_WEB_LOOKUP;OFFICIAL_STIHL_LOOKUP
163125385;"MS 260 .325"" P Motorsäge";;Kettingzaag;Benzine;MY_STIHL;https://app.stihl.com/nl-nl/mystihl/tools/add/serial-number;2026-10-06;authenticated MY STIHL UI lookup;OFFICIAL_WEB_LOOKUP;OFFICIAL_STIHL_LOOKUP
163125390;"MS 260 .325"" P Motorsäge";;Kettingzaag;Benzine;MY_STIHL;https://app.stihl.com/nl-nl/mystihl/tools/add/serial-number;2026-10-06;authenticated MY STIHL UI lookup;OFFICIAL_WEB_LOOKUP;OFFICIAL_STIHL_LOOKUP
163125395;"MS 260 .325"" P Motorsäge";;Kettingzaag;Benzine;MY_STIHL;https://app.stihl.com/nl-nl/mystihl/tools/add/serial-number;2026-10-06;authenticated MY STIHL UI lookup;OFFICIAL_WEB_LOOKUP;OFFICIAL_STIHL_LOOKUP
163125400;"MS 260 .325"" P Motorsäge";;Kettingzaag;Benzine;MY_STIHL;https://app.stihl.com/nl-nl/mystihl/tools/add/serial-number;2026-10-06;authenticated MY STIHL UI lookup;OFFICIAL_WEB_LOOKUP;OFFICIAL_STIHL_LOOKUP
163125405;"MS 260 .325"" P Motorsäge";;Kettingzaag;Benzine;MY_STIHL;https://app.stihl.com/nl-nl/mystihl/tools/add/serial-number;2026-10-06;authenticated MY STIHL UI lookup;OFFICIAL_WEB_LOOKUP;OFFICIAL_STIHL_LOOKUP
163125410;"MS 260 .325"" P Motorsäge";;Kettingzaag;Benzine;MY_STIHL;https://app.stihl.com/nl-nl/mystihl/tools/add/serial-number;2026-10-06;authenticated MY STIHL UI lookup;OFFICIAL_WEB_LOOKUP;OFFICIAL_STIHL_LOOKUP
163125415;"MS 260 .325"" P Motorsäge";;Kettingzaag;Benzine;MY_STIHL;https://app.stihl.com/nl-nl/mystihl/tools/add/serial-number;2026-10-06;authenticated MY STIHL UI lookup;OFFICIAL_WEB_LOOKUP;OFFICIAL_STIHL_LOOKUP
163125420;"MS 260 .325"" P Motorsäge";;Kettingzaag;Benzine;MY_STIHL;https://app.stihl.com/nl-nl/mystihl/tools/add/serial-number;2026-10-06;authenticated MY STIHL UI lookup;OFFICIAL_WEB_LOOKUP;OFFICIAL_STIHL_LOOKUP
163125425;"MS 260 .325"" P Motorsäge";;Kettingzaag;Benzine;MY_STIHL;https://app.stihl.com/nl-nl/mystihl/tools/add/serial-number;2026-10-06;authenticated MY STIHL UI lookup;OFFICIAL_WEB_LOOKUP;OFFICIAL_STIHL_LOOKUP
163125430;"MS 260 .325"" P Motorsäge";;Kettingzaag;Benzine;MY_STIHL;https://app.stihl.com/nl-nl/mystihl/tools/add/serial-number;2026-10-06;authenticated MY STIHL UI lookup;OFFICIAL_WEB_LOOKUP;OFFICIAL_STIHL_LOOKUP
163125435;"MS 260 .325"" P Motorsäge";;Kettingzaag;Benzine;MY_STIHL;https://app.stihl.com/nl-nl/mystihl/tools/add/serial-number;2026-10-06;authenticated MY STIHL UI lookup;OFFICIAL_WEB_LOOKUP;OFFICIAL_STIHL_LOOKUP
163125440;"MS 260 .325"" P Motorsäge";;Kettingzaag;Benzine;MY_STIHL;https://app.stihl.com/nl-nl/mystihl/tools/add/serial-number;2026-10-06;authenticated MY STIHL UI lookup;OFFICIAL_WEB_LOOKUP;OFFICIAL_STIHL_LOOKUP
163125445;"MS 260 .325"" P Motorsäge";;Kettingzaag;Benzine;MY_STIHL;https://app.stihl.com/nl-nl/mystihl/tools/add/serial-number;2026-10-06;authenticated MY STIHL UI lookup;OFFICIAL_WEB_LOOKUP;OFFICIAL_STIHL_LOOKUP
163125450;"MS 260 .325"" P Motorsäge";;Kettingzaag;Benzine;MY_STIHL;https://app.stihl.com/nl-nl/mystihl/tools/add/serial-number;2026-10-06;authenticated MY STIHL UI lookup;OFFICIAL_WEB_LOOKUP;OFFICIAL_STIHL_LOOKUP
163125455;"MS 260 .325"" P Motorsäge";;Kettingzaag;Benzine;MY_STIHL;https://app.stihl.com/nl-nl/mystihl/tools/add/serial-number;2026-10-06;authenticated MY STIHL UI lookup;OFFICIAL_WEB_LOOKUP;OFFICIAL_STIHL_LOOKUP
163125460;"MS 260 .325"" P Motorsäge";;Kettingzaag;Benzine;MY_STIHL;https://app.stihl.com/nl-nl/mystihl/tools/add/serial-number;2026-10-06;authenticated MY STIHL UI lookup;OFFICIAL_WEB_LOOKUP;OFFICIAL_STIHL_LOOKUP
163125465;"MS 260 .325"" P Motorsäge";;Kettingzaag;Benzine;MY_STIHL;https://app.stihl.com/nl-nl/mystihl/tools/add/serial-number;2026-10-06;authenticated MY STIHL UI lookup;OFFICIAL_WEB_LOOKUP;OFFICIAL_STIHL_LOOKUP
163125470;"MS 260 .325"" P Motorsäge";;Kettingzaag;Benzine;MY_STIHL;https://app.stihl.com/nl-nl/mystihl/tools/add/serial-number;2026-10-06;authenticated MY STIHL UI lookup;OFFICIAL_WEB_LOOKUP;OFFICIAL_STIHL_LOOKUP
163125475;"MS 260 .325"" P Motorsäge";;Kettingzaag;Benzine;MY_STIHL;https://app.stihl.com/nl-nl/mystihl/tools/add/serial-number;2026-10-06;authenticated MY STIHL UI lookup;OFFICIAL_WEB_LOOKUP;OFFICIAL_STIHL_LOOKUP
163125480;"MS 260 .325"" P Motorsäge";;Kettingzaag;Benzine;MY_STIHL;https://app.stihl.com/nl-nl/mystihl/tools/add/serial-number;2026-10-06;authenticated MY STIHL UI lookup;OFFICIAL_WEB_LOOKUP;OFFICIAL_STIHL_LOOKUP
163125485;"MS 260 .325"" P Motorsäge";;Kettingzaag;Benzine;MY_STIHL;https://app.stihl.com/nl-nl/mystihl/tools/add/serial-number;2026-10-06;authenticated MY STIHL UI lookup;OFFICIAL_WEB_LOOKUP;OFFICIAL_STIHL_LOOKUP
163125490;"MS 260 .325"" P Motorsäge";;Kettingzaag;Benzine;MY_STIHL;https://app.stihl.com/nl-nl/mystihl/tools/add/serial-number;2026-10-06;authenticated MY STIHL UI lookup;OFFICIAL_WEB_LOOKUP;OFFICIAL_STIHL_LOOKUP
163125495;"MS 260 .325"" P Motorsäge";;Kettingzaag;Benzine;MY_STIHL;https://app.stihl.com/nl-nl/mystihl/tools/add/serial-number;2026-10-06;authenticated MY STIHL UI lookup;OFFICIAL_WEB_LOOKUP;OFFICIAL_STIHL_LOOKUP
163125500;"MS 260 .325"" P Motorsäge";;Kettingzaag;Benzine;MY_STIHL;https://app.stihl.com/nl-nl/mystihl/tools/add/serial-number;2026-10-06;authenticated MY STIHL UI lookup;OFFICIAL_WEB_LOOKUP;OFFICIAL_STIHL_LOOKUP
163125505;"MS 260 .325"" P Motorsäge";;Kettingzaag;Benzine;MY_STIHL;https://app.stihl.com/nl-nl/mystihl/tools/add/serial-number;2026-10-06;authenticated MY STIHL UI lookup;OFFICIAL_WEB_LOOKUP;OFFICIAL_STIHL_LOOKUP
163125510;"MS 260 .325"" P Motorsäge";;Kettingzaag;Benzine;MY_STIHL;https://app.stihl.com/nl-nl/mystihl/tools/add/serial-number;2026-10-06;authenticated MY STIHL UI lookup;OFFICIAL_WEB_LOOKUP;OFFICIAL_STIHL_LOOKUP
163125515;"MS 260 .325"" P Motorsäge";;Kettingzaag;Benzine;MY_STIHL;https://app.stihl.com/nl-nl/mystihl/tools/add/serial-number;2026-10-06;authenticated MY STIHL UI lookup;OFFICIAL_WEB_LOOKUP;OFFICIAL_STIHL_LOOKUP
163125520;"MS 260 .325"" P Motorsäge";;Kettingzaag;Benzine;MY_STIHL;https://app.stihl.com/nl-nl/mystihl/tools/add/serial-number;2026-10-06;authenticated MY STIHL UI lookup;OFFICIAL_WEB_LOOKUP;OFFICIAL_STIHL_LOOKUP
163125525;"MS 260 .325"" P Motorsäge";;Kettingzaag;Benzine;MY_STIHL;https://app.stihl.com/nl-nl/mystihl/tools/add/serial-number;2026-10-06;authenticated MY STIHL UI lookup;OFFICIAL_WEB_LOOKUP;OFFICIAL_STIHL_LOOKUP
163125530;"MS 260 .325"" P Motorsäge";;Kettingzaag;Benzine;MY_STIHL;https://app.stihl.com/nl-nl/mystihl/tools/add/serial-number;2026-10-06;authenticated MY STIHL UI lookup;OFFICIAL_WEB_LOOKUP;OFFICIAL_STIHL_LOOKUP
163125535;"MS 260 .325"" P Motorsäge";;Kettingzaag;Benzine;MY_STIHL;https://app.stihl.com/nl-nl/mystihl/tools/add/serial-number;2026-10-06;authenticated MY STIHL UI lookup;OFFICIAL_WEB_LOOKUP;OFFICIAL_STIHL_LOOKUP
163125540;"MS 260 .325"" P Motorsäge";;Kettingzaag;Benzine;MY_STIHL;https://app.stihl.com/nl-nl/mystihl/tools/add/serial-number;2026-10-06;authenticated MY STIHL UI lookup;OFFICIAL_WEB_LOOKUP;OFFICIAL_STIHL_LOOKUP
163125545;"MS 260 .325"" P Motorsäge";;Kettingzaag;Benzine;MY_STIHL;https://app.stihl.com/nl-nl/mystihl/tools/add/serial-number;2026-10-06;authenticated MY STIHL UI lookup;OFFICIAL_WEB_LOOKUP;OFFICIAL_STIHL_LOOKUP
163125550;"MS 260 .325"" P Motorsäge";;Kettingzaag;Benzine;MY_STIHL;https://app.stihl.com/nl-nl/mystihl/tools/add/serial-number;2026-10-06;authenticated MY STIHL UI lookup;OFFICIAL_WEB_LOOKUP;OFFICIAL_STIHL_LOOKUP
163125555;"MS 260 .325"" P Motorsäge";;Kettingzaag;Benzine;MY_STIHL;https://app.stihl.com/nl-nl/mystihl/tools/add/serial-number;2026-10-06;authenticated MY STIHL UI lookup;OFFICIAL_WEB_LOOKUP;OFFICIAL_STIHL_LOOKUP
163125560;"MS 260 .325"" P Motorsäge";;Kettingzaag;Benzine;MY_STIHL;https://app.stihl.com/nl-nl/mystihl/tools/add/serial-number;2026-10-06;authenticated MY STIHL UI lookup;OFFICIAL_WEB_LOOKUP;OFFICIAL_STIHL_LOOKUP
163125565;"MS 260 .325"" P Motorsäge";;Kettingzaag;Benzine;MY_STIHL;https://app.stihl.com/nl-nl/mystihl/tools/add/serial-number;2026-10-06;authenticated MY STIHL UI lookup;OFFICIAL_WEB_LOOKUP;OFFICIAL_STIHL_LOOKUP
163125570;"MS 260 .325"" P Motorsäge";;Kettingzaag;Benzine;MY_STIHL;https://app.stihl.com/nl-nl/mystihl/tools/add/serial-number;2026-10-06;authenticated MY STIHL UI lookup;OFFICIAL_WEB_LOOKUP;OFFICIAL_STIHL_LOOKUP
163125575;"MS 260 .325"" P Motorsäge";;Kettingzaag;Benzine;MY_STIHL;https://app.stihl.com/nl-nl/mystihl/tools/add/serial-number;2026-10-06;authenticated MY STIHL UI lookup;OFFICIAL_WEB_LOOKUP;OFFICIAL_STIHL_LOOKUP
163125580;"MS 260 .325"" P Motorsäge";;Kettingzaag;Benzine;MY_STIHL;https://app.stihl.com/nl-nl/mystihl/tools/add/serial-number;2026-10-06;authenticated MY STIHL UI lookup;OFFICIAL_WEB_LOOKUP;OFFICIAL_STIHL_LOOKUP
163125585;"MS 260 .325"" P Motorsäge";;Kettingzaag;Benzine;MY_STIHL;https://app.stihl.com/nl-nl/mystihl/tools/add/serial-number;2026-10-06;authenticated MY STIHL UI lookup;OFFICIAL_WEB_LOOKUP;OFFICIAL_STIHL_LOOKUP
163125590;"MS 260 .325"" P Motorsäge";;Kettingzaag;Benzine;MY_STIHL;https://app.stihl.com/nl-nl/mystihl/tools/add/serial-number;2026-10-06;authenticated MY STIHL UI lookup;OFFICIAL_WEB_LOOKUP;OFFICIAL_STIHL_LOOKUP
163125595;"MS 260 .325"" P Motorsäge";;Kettingzaag;Benzine;MY_STIHL;https://app.stihl.com/nl-nl/mystihl/tools/add/serial-number;2026-10-06;authenticated MY STIHL UI lookup;OFFICIAL_WEB_LOOKUP;OFFICIAL_STIHL_LOOKUP
163125600;"MS 260 .325"" P Motorsäge";;Kettingzaag;Benzine;MY_STIHL;https://app.stihl.com/nl-nl/mystihl/tools/add/serial-number;2026-10-06;authenticated MY STIHL UI lookup;OFFICIAL_WEB_LOOKUP;OFFICIAL_STIHL_LOOKUP
163125605;"MS 260 .325"" P Motorsäge";;Kettingzaag;Benzine;MY_STIHL;https://app.stihl.com/nl-nl/mystihl/tools/add/serial-number;2026-10-06;authenticated MY STIHL UI lookup;OFFICIAL_WEB_LOOKUP;OFFICIAL_STIHL_LOOKUP
163125610;"MS 260 .325"" P Motorsäge";;Kettingzaag;Benzine;MY_STIHL;https://app.stihl.com/nl-nl/mystihl/tools/add/serial-number;2026-10-06;authenticated MY STIHL UI lookup;OFFICIAL_WEB_LOOKUP;OFFICIAL_STIHL_LOOKUP
163125615;"MS 260 .325"" P Motorsäge";;Kettingzaag;Benzine;MY_STIHL;https://app.stihl.com/nl-nl/mystihl/tools/add/serial-number;2026-10-06;authenticated MY STIHL UI lookup;OFFICIAL_WEB_LOOKUP;OFFICIAL_STIHL_LOOKUP
163125620;"MS 260 .325"" P Motorsäge";;Kettingzaag;Benzine;MY_STIHL;https://app.stihl.com/nl-nl/mystihl/tools/add/serial-number;2026-10-06;authenticated MY STIHL UI lookup;OFFICIAL_WEB_LOOKUP;OFFICIAL_STIHL_LOOKUP
163125625;"MS 260 .325"" P Motorsäge";;Kettingzaag;Benzine;MY_STIHL;https://app.stihl.com/nl-nl/mystihl/tools/add/serial-number;2026-10-06;authenticated MY STIHL UI lookup;OFFICIAL_WEB_LOOKUP;OFFICIAL_STIHL_LOOKUP
163125630;"MS 260 .325"" P Motorsäge";;Kettingzaag;Benzine;MY_STIHL;https://app.stihl.com/nl-nl/mystihl/tools/add/serial-number;2026-10-06;authenticated MY STIHL UI lookup;OFFICIAL_WEB_LOOKUP;OFFICIAL_STIHL_LOOKUP
163125635;"MS 260 .325"" P Motorsäge";;Kettingzaag;Benzine;MY_STIHL;https://app.stihl.com/nl-nl/mystihl/tools/add/serial-number;2026-10-06;authenticated MY STIHL UI lookup;OFFICIAL_WEB_LOOKUP;OFFICIAL_STIHL_LOOKUP
163125640;"MS 260 .325"" P Motorsäge";;Kettingzaag;Benzine;MY_STIHL;https://app.stihl.com/nl-nl/mystihl/tools/add/serial-number;2026-10-06;authenticated MY STIHL UI lookup;OFFICIAL_WEB_LOOKUP;OFFICIAL_STIHL_LOOKUP
163125645;"MS 260 .325"" P Motorsäge";;Kettingzaag;Benzine;MY_STIHL;https://app.stihl.com/nl-nl/mystihl/tools/add/serial-number;2026-10-06;authenticated MY STIHL UI lookup;OFFICIAL_WEB_LOOKUP;OFFICIAL_STIHL_LOOKUP
163125650;"MS 260 .325"" P Motorsäge";;Kettingzaag;Benzine;MY_STIHL;https://app.stihl.com/nl-nl/mystihl/tools/add/serial-number;2026-10-06;authenticated MY STIHL UI lookup;OFFICIAL_WEB_LOOKUP;OFFICIAL_STIHL_LOOKUP
163125655;"MS 260 .325"" P Motorsäge";;Kettingzaag;Benzine;MY_STIHL;https://app.stihl.com/nl-nl/mystihl/tools/add/serial-number;2026-10-06;authenticated MY STIHL UI lookup;OFFICIAL_WEB_LOOKUP;OFFICIAL_STIHL_LOOKUP
163125660;"MS 260 .325"" P Motorsäge";;Kettingzaag;Benzine;MY_STIHL;https://app.stihl.com/nl-nl/mystihl/tools/add/serial-number;2026-10-06;authenticated MY STIHL UI lookup;OFFICIAL_WEB_LOOKUP;OFFICIAL_STIHL_LOOKUP
163125665;"MS 260 .325"" P Motorsäge";;Kettingzaag;Benzine;MY_STIHL;https://app.stihl.com/nl-nl/mystihl/tools/add/serial-number;2026-10-06;authenticated MY STIHL UI lookup;OFFICIAL_WEB_LOOKUP;OFFICIAL_STIHL_LOOKUP
163125670;"MS 260 .325"" P Motorsäge";;Kettingzaag;Benzine;MY_STIHL;https://app.stihl.com/nl-nl/mystihl/tools/add/serial-number;2026-10-06;authenticated MY STIHL UI lookup;OFFICIAL_WEB_LOOKUP;OFFICIAL_STIHL_LOOKUP
163125675;"MS 260 .325"" P Motorsäge";;Kettingzaag;Benzine;MY_STIHL;https://app.stihl.com/nl-nl/mystihl/tools/add/serial-number;2026-10-06;authenticated MY STIHL UI lookup;OFFICIAL_WEB_LOOKUP;OFFICIAL_STIHL_LOOKUP
163125680;"MS 260 .325"" P Motorsäge";;Kettingzaag;Benzine;MY_STIHL;https://app.stihl.com/nl-nl/mystihl/tools/add/serial-number;2026-10-06;authenticated MY STIHL UI lookup;OFFICIAL_WEB_LOOKUP;OFFICIAL_STIHL_LOOKUP
163125685;"MS 260 .325"" P Motorsäge";;Kettingzaag;Benzine;MY_STIHL;https://app.stihl.com/nl-nl/mystihl/tools/add/serial-number;2026-10-06;authenticated MY STIHL UI lookup;OFFICIAL_WEB_LOOKUP;OFFICIAL_STIHL_LOOKUP
163125690;"MS 260 .325"" P Motorsäge";;Kettingzaag;Benzine;MY_STIHL;https://app.stihl.com/nl-nl/mystihl/tools/add/serial-number;2026-10-06;authenticated MY STIHL UI lookup;OFFICIAL_WEB_LOOKUP;OFFICIAL_STIHL_LOOKUP
163125695;"MS 260 .325"" P Motorsäge";;Kettingzaag;Benzine;MY_STIHL;https://app.stihl.com/nl-nl/mystihl/tools/add/serial-number;2026-10-06;authenticated MY STIHL UI lookup;OFFICIAL_WEB_LOOKUP;OFFICIAL_STIHL_LOOKUP
163125700;"MS 260 .325"" P Motorsäge";;Kettingzaag;Benzine;MY_STIHL;https://app.stihl.com/nl-nl/mystihl/tools/add/serial-number;2026-10-06;authenticated MY STIHL UI lookup;OFFICIAL_WEB_LOOKUP;OFFICIAL_STIHL_LOOKUP
163125705;"MS 260 .325"" P Motorsäge";;Kettingzaag;Benzine;MY_STIHL;https://app.stihl.com/nl-nl/mystihl/tools/add/serial-number;2026-10-06;authenticated MY STIHL UI lookup;OFFICIAL_WEB_LOOKUP;OFFICIAL_STIHL_LOOKUP
163125710;"MS 260 .325"" P Motorsäge";;Kettingzaag;Benzine;MY_STIHL;https://app.stihl.com/nl-nl/mystihl/tools/add/serial-number;2026-10-06;authenticated MY STIHL UI lookup;OFFICIAL_WEB_LOOKUP;OFFICIAL_STIHL_LOOKUP
163125715;"MS 260 .325"" P Motorsäge";;Kettingzaag;Benzine;MY_STIHL;https://app.stihl.com/nl-nl/mystihl/tools/add/serial-number;2026-10-06;authenticated MY STIHL UI lookup;OFFICIAL_WEB_LOOKUP;OFFICIAL_STIHL_LOOKUP
163125720;"MS 260 .325"" P Motorsäge";;Kettingzaag;Benzine;MY_STIHL;https://app.stihl.com/nl-nl/mystihl/tools/add/serial-number;2026-10-06;authenticated MY STIHL UI lookup;OFFICIAL_WEB_LOOKUP;OFFICIAL_STIHL_LOOKUP
163125725;"MS 260 .325"" P Motorsäge";;Kettingzaag;Benzine;MY_STIHL;https://app.stihl.com/nl-nl/mystihl/tools/add/serial-number;2026-10-06;authenticated MY STIHL UI lookup;OFFICIAL_WEB_LOOKUP;OFFICIAL_STIHL_LOOKUP
163125730;"MS 260 .325"" P Motorsäge";;Kettingzaag;Benzine;MY_STIHL;https://app.stihl.com/nl-nl/mystihl/tools/add/serial-number;2026-10-06;authenticated MY STIHL UI lookup;OFFICIAL_WEB_LOOKUP;OFFICIAL_STIHL_LOOKUP
163125735;"MS 260 .325"" P Motorsäge";;Kettingzaag;Benzine;MY_STIHL;https://app.stihl.com/nl-nl/mystihl/tools/add/serial-number;2026-10-06;authenticated MY STIHL UI lookup;OFFICIAL_WEB_LOOKUP;OFFICIAL_STIHL_LOOKUP
163125740;"MS 260 .325"" P Motorsäge";;Kettingzaag;Benzine;MY_STIHL;https://app.stihl.com/nl-nl/mystihl/tools/add/serial-number;2026-10-06;authenticated MY STIHL UI lookup;OFFICIAL_WEB_LOOKUP;OFFICIAL_STIHL_LOOKUP
163125745;"MS 260 .325"" P Motorsäge";;Kettingzaag;Benzine;MY_STIHL;https://app.stihl.com/nl-nl/mystihl/tools/add/serial-number;2026-10-06;authenticated MY STIHL UI lookup;OFFICIAL_WEB_LOOKUP;OFFICIAL_STIHL_LOOKUP
163125750;"MS 260 .325"" P Motorsäge";;Kettingzaag;Benzine;MY_STIHL;https://app.stihl.com/nl-nl/mystihl/tools/add/serial-number;2026-10-06;authenticated MY STIHL UI lookup;OFFICIAL_WEB_LOOKUP;OFFICIAL_STIHL_LOOKUP
163125755;"MS 260 .325"" P Motorsäge";;Kettingzaag;Benzine;MY_STIHL;https://app.stihl.com/nl-nl/mystihl/tools/add/serial-number;2026-10-06;authenticated MY STIHL UI lookup;OFFICIAL_WEB_LOOKUP;OFFICIAL_STIHL_LOOKUP
163125760;"MS 260 .325"" P Motorsäge";;Kettingzaag;Benzine;MY_STIHL;https://app.stihl.com/nl-nl/mystihl/tools/add/serial-number;2026-10-06;authenticated MY STIHL UI lookup;OFFICIAL_WEB_LOOKUP;OFFICIAL_STIHL_LOOKUP
163125765;"MS 260 .325"" P Motorsäge";;Kettingzaag;Benzine;MY_STIHL;https://app.stihl.com/nl-nl/mystihl/tools/add/serial-number;2026-10-06;authenticated MY STIHL UI lookup;OFFICIAL_WEB_LOOKUP;OFFICIAL_STIHL_LOOKUP
163125770;"MS 260 .325"" P Motorsäge";;Kettingzaag;Benzine;MY_STIHL;https://app.stihl.com/nl-nl/mystihl/tools/add/serial-number;2026-10-06;authenticated MY STIHL UI lookup;OFFICIAL_WEB_LOOKUP;OFFICIAL_STIHL_LOOKUP
163125775;"MS 260 .325"" P Motorsäge";;Kettingzaag;Benzine;MY_STIHL;https://app.stihl.com/nl-nl/mystihl/tools/add/serial-number;2026-10-06;authenticated MY STIHL UI lookup;OFFICIAL_WEB_LOOKUP;OFFICIAL_STIHL_LOOKUP
163125780;"MS 260 .325"" P Motorsäge";;Kettingzaag;Benzine;MY_STIHL;https://app.stihl.com/nl-nl/mystihl/tools/add/serial-number;2026-10-06;authenticated MY STIHL UI lookup;OFFICIAL_WEB_LOOKUP;OFFICIAL_STIHL_LOOKUP
163125785;"MS 260 .325"" P Motorsäge";;Kettingzaag;Benzine;MY_STIHL;https://app.stihl.com/nl-nl/mystihl/tools/add/serial-number;2026-10-06;authenticated MY STIHL UI lookup;OFFICIAL_WEB_LOOKUP;OFFICIAL_STIHL_LOOKUP
163125790;"MS 260 .325"" P Motorsäge";;Kettingzaag;Benzine;MY_STIHL;https://app.stihl.com/nl-nl/mystihl/tools/add/serial-number;2026-10-06;authenticated MY STIHL UI lookup;OFFICIAL_WEB_LOOKUP;OFFICIAL_STIHL_LOOKUP
163125795;"MS 260 .325"" P Motorsäge";;Kettingzaag;Benzine;MY_STIHL;https://app.stihl.com/nl-nl/mystihl/tools/add/serial-number;2026-10-06;authenticated MY STIHL UI lookup;OFFICIAL_WEB_LOOKUP;OFFICIAL_STIHL_LOOKUP
163125800;"MS 260 .325"" P Motorsäge";;Kettingzaag;Benzine;MY_STIHL;https://app.stihl.com/nl-nl/mystihl/tools/add/serial-number;2026-10-06;authenticated MY STIHL UI lookup;OFFICIAL_WEB_LOOKUP;OFFICIAL_STIHL_LOOKUP
163125805;"MS 260 .325"" P Motorsäge";;Kettingzaag;Benzine;MY_STIHL;https://app.stihl.com/nl-nl/mystihl/tools/add/serial-number;2026-10-06;authenticated MY STIHL UI lookup;OFFICIAL_WEB_LOOKUP;OFFICIAL_STIHL_LOOKUP
163125810;"MS 260 .325"" P Motorsäge";;Kettingzaag;Benzine;MY_STIHL;https://app.stihl.com/nl-nl/mystihl/tools/add/serial-number;2026-10-06;authenticated MY STIHL UI lookup;OFFICIAL_WEB_LOOKUP;OFFICIAL_STIHL_LOOKUP
163125815;"MS 260 .325"" P Motorsäge";;Kettingzaag;Benzine;MY_STIHL;https://app.stihl.com/nl-nl/mystihl/tools/add/serial-number;2026-10-06;authenticated MY STIHL UI lookup;OFFICIAL_WEB_LOOKUP;OFFICIAL_STIHL_LOOKUP
163125820;"MS 260 .325"" P Motorsäge";;Kettingzaag;Benzine;MY_STIHL;https://app.stihl.com/nl-nl/mystihl/tools/add/serial-number;2026-10-06;authenticated MY STIHL UI lookup;OFFICIAL_WEB_LOOKUP;OFFICIAL_STIHL_LOOKUP
163125825;"MS 260 .325"" P Motorsäge";;Kettingzaag;Benzine;MY_STIHL;https://app.stihl.com/nl-nl/mystihl/tools/add/serial-number;2026-10-06;authenticated MY STIHL UI lookup;OFFICIAL_WEB_LOOKUP;OFFICIAL_STIHL_LOOKUP
163125830;"MS 260 .325"" P Motorsäge";;Kettingzaag;Benzine;MY_STIHL;https://app.stihl.com/nl-nl/mystihl/tools/add/serial-number;2026-10-06;authenticated MY STIHL UI lookup;OFFICIAL_WEB_LOOKUP;OFFICIAL_STIHL_LOOKUP
163125835;"MS 260 .325"" P Motorsäge";;Kettingzaag;Benzine;MY_STIHL;https://app.stihl.com/nl-nl/mystihl/tools/add/serial-number;2026-10-06;authenticated MY STIHL UI lookup;OFFICIAL_WEB_LOOKUP;OFFICIAL_STIHL_LOOKUP
163125840;"MS 260 .325"" P Motorsäge";;Kettingzaag;Benzine;MY_STIHL;https://app.stihl.com/nl-nl/mystihl/tools/add/serial-number;2026-10-06;authenticated MY STIHL UI lookup;OFFICIAL_WEB_LOOKUP;OFFICIAL_STIHL_LOOKUP
163125845;"MS 260 .325"" P Motorsäge";;Kettingzaag;Benzine;MY_STIHL;https://app.stihl.com/nl-nl/mystihl/tools/add/serial-number;2026-10-06;authenticated MY STIHL UI lookup;OFFICIAL_WEB_LOOKUP;OFFICIAL_STIHL_LOOKUP
163125850;"MS 260 .325"" P Motorsäge";;Kettingzaag;Benzine;MY_STIHL;https://app.stihl.com/nl-nl/mystihl/tools/add/serial-number;2026-10-06;authenticated MY STIHL UI lookup;OFFICIAL_WEB_LOOKUP;OFFICIAL_STIHL_LOOKUP
163125855;"MS 260 .325"" P Motorsäge";;Kettingzaag;Benzine;MY_STIHL;https://app.stihl.com/nl-nl/mystihl/tools/add/serial-number;2026-10-06;authenticated MY STIHL UI lookup;OFFICIAL_WEB_LOOKUP;OFFICIAL_STIHL_LOOKUP
163125860;"MS 260 .325"" P Motorsäge";;Kettingzaag;Benzine;MY_STIHL;https://app.stihl.com/nl-nl/mystihl/tools/add/serial-number;2026-10-06;authenticated MY STIHL UI lookup;OFFICIAL_WEB_LOOKUP;OFFICIAL_STIHL_LOOKUP
163125865;"MS 260 .325"" P Motorsäge";;Kettingzaag;Benzine;MY_STIHL;https://app.stihl.com/nl-nl/mystihl/tools/add/serial-number;2026-10-06;authenticated MY STIHL UI lookup;OFFICIAL_WEB_LOOKUP;OFFICIAL_STIHL_LOOKUP
163125870;"MS 260 .325"" P Motorsäge";;Kettingzaag;Benzine;MY_STIHL;https://app.stihl.com/nl-nl/mystihl/tools/add/serial-number;2026-10-06;authenticated MY STIHL UI lookup;OFFICIAL_WEB_LOOKUP;OFFICIAL_STIHL_LOOKUP
163125875;"MS 260 .325"" P Motorsäge";;Kettingzaag;Benzine;MY_STIHL;https://app.stihl.com/nl-nl/mystihl/tools/add/serial-number;2026-10-06;authenticated MY STIHL UI lookup;OFFICIAL_WEB_LOOKUP;OFFICIAL_STIHL_LOOKUP
163125880;"MS 260 .325"" P Motorsäge";;Kettingzaag;Benzine;MY_STIHL;https://app.stihl.com/nl-nl/mystihl/tools/add/serial-number;2026-10-06;authenticated MY STIHL UI lookup;OFFICIAL_WEB_LOOKUP;OFFICIAL_STIHL_LOOKUP
163125885;"MS 260 .325"" P Motorsäge";;Kettingzaag;Benzine;MY_STIHL;https://app.stihl.com/nl-nl/mystihl/tools/add/serial-number;2026-10-06;authenticated MY STIHL UI lookup;OFFICIAL_WEB_LOOKUP;OFFICIAL_STIHL_LOOKUP
163125890;"MS 260 .325"" P Motorsäge";;Kettingzaag;Benzine;MY_STIHL;https://app.stihl.com/nl-nl/mystihl/tools/add/serial-number;2026-10-06;authenticated MY STIHL UI lookup;OFFICIAL_WEB_LOOKUP;OFFICIAL_STIHL_LOOKUP
163125895;"MS 260 .325"" P Motorsäge";;Kettingzaag;Benzine;MY_STIHL;https://app.stihl.com/nl-nl/mystihl/tools/add/serial-number;2026-10-06;authenticated MY STIHL UI lookup;OFFICIAL_WEB_LOOKUP;OFFICIAL_STIHL_LOOKUP
163125900;"MS 260 .325"" P Motorsäge";;Kettingzaag;Benzine;MY_STIHL;https://app.stihl.com/nl-nl/mystihl/tools/add/serial-number;2026-10-06;authenticated MY STIHL UI lookup;OFFICIAL_WEB_LOOKUP;OFFICIAL_STIHL_LOOKUP
163125905;"MS 260 .325"" P Motorsäge";;Kettingzaag;Benzine;MY_STIHL;https://app.stihl.com/nl-nl/mystihl/tools/add/serial-number;2026-10-06;authenticated MY STIHL UI lookup;OFFICIAL_WEB_LOOKUP;OFFICIAL_STIHL_LOOKUP
163125910;"MS 260 .325"" P Motorsäge";;Kettingzaag;Benzine;MY_STIHL;https://app.stihl.com/nl-nl/mystihl/tools/add/serial-number;2026-10-06;authenticated MY STIHL UI lookup;OFFICIAL_WEB_LOOKUP;OFFICIAL_STIHL_LOOKUP
163125915;"MS 250 .325"" Motorsäge";;Kettingzaag;Benzine;MY_STIHL;https://app.stihl.com/nl-nl/mystihl/tools/add/serial-number;2026-10-06;authenticated MY STIHL UI lookup;OFFICIAL_WEB_LOOKUP;OFFICIAL_STIHL_LOOKUP
163125920;"MS 250 .325"" Motorsäge";;Kettingzaag;Benzine;MY_STIHL;https://app.stihl.com/nl-nl/mystihl/tools/add/serial-number;2026-10-06;authenticated MY STIHL UI lookup;OFFICIAL_WEB_LOOKUP;OFFICIAL_STIHL_LOOKUP
163125925;"MS 250 .325"" Motorsäge";;Kettingzaag;Benzine;MY_STIHL;https://app.stihl.com/nl-nl/mystihl/tools/add/serial-number;2026-10-06;authenticated MY STIHL UI lookup;OFFICIAL_WEB_LOOKUP;OFFICIAL_STIHL_LOOKUP
163125930;"MS 250 .325"" Motorsäge";;Kettingzaag;Benzine;MY_STIHL;https://app.stihl.com/nl-nl/mystihl/tools/add/serial-number;2026-10-06;authenticated MY STIHL UI lookup;OFFICIAL_WEB_LOOKUP;OFFICIAL_STIHL_LOOKUP
163125935;"MS 250 .325"" Motorsäge";;Kettingzaag;Benzine;MY_STIHL;https://app.stihl.com/nl-nl/mystihl/tools/add/serial-number;2026-10-06;authenticated MY STIHL UI lookup;OFFICIAL_WEB_LOOKUP;OFFICIAL_STIHL_LOOKUP
163125940;"MS 250 .325"" Motorsäge";;Kettingzaag;Benzine;MY_STIHL;https://app.stihl.com/nl-nl/mystihl/tools/add/serial-number;2026-10-06;authenticated MY STIHL UI lookup;OFFICIAL_WEB_LOOKUP;OFFICIAL_STIHL_LOOKUP
163125945;"MS 250 .325"" Motorsäge";;Kettingzaag;Benzine;MY_STIHL;https://app.stihl.com/nl-nl/mystihl/tools/add/serial-number;2026-10-06;authenticated MY STIHL UI lookup;OFFICIAL_WEB_LOOKUP;OFFICIAL_STIHL_LOOKUP
163125950;"MS 250 .325"" Motorsäge";;Kettingzaag;Benzine;MY_STIHL;https://app.stihl.com/nl-nl/mystihl/tools/add/serial-number;2026-10-06;authenticated MY STIHL UI lookup;OFFICIAL_WEB_LOOKUP;OFFICIAL_STIHL_LOOKUP
163125955;"MS 250 .325"" Motorsäge";;Kettingzaag;Benzine;MY_STIHL;https://app.stihl.com/nl-nl/mystihl/tools/add/serial-number;2026-10-06;authenticated MY STIHL UI lookup;OFFICIAL_WEB_LOOKUP;OFFICIAL_STIHL_LOOKUP
163125960;"MS 250 .325"" Motorsäge";;Kettingzaag;Benzine;MY_STIHL;https://app.stihl.com/nl-nl/mystihl/tools/add/serial-number;2026-10-06;authenticated MY STIHL UI lookup;OFFICIAL_WEB_LOOKUP;OFFICIAL_STIHL_LOOKUP
163125965;"MS 250 .325"" Motorsäge";;Kettingzaag;Benzine;MY_STIHL;https://app.stihl.com/nl-nl/mystihl/tools/add/serial-number;2026-10-06;authenticated MY STIHL UI lookup;OFFICIAL_WEB_LOOKUP;OFFICIAL_STIHL_LOOKUP
163125970;"MS 250 .325"" Motorsäge";;Kettingzaag;Benzine;MY_STIHL;https://app.stihl.com/nl-nl/mystihl/tools/add/serial-number;2026-10-06;authenticated MY STIHL UI lookup;OFFICIAL_WEB_LOOKUP;OFFICIAL_STIHL_LOOKUP
163125975;"MS 250 .325"" Motorsäge";;Kettingzaag;Benzine;MY_STIHL;https://app.stihl.com/nl-nl/mystihl/tools/add/serial-number;2026-10-06;authenticated MY STIHL UI lookup;OFFICIAL_WEB_LOOKUP;OFFICIAL_STIHL_LOOKUP
163125980;"MS 250 .325"" Motorsäge";;Kettingzaag;Benzine;MY_STIHL;https://app.stihl.com/nl-nl/mystihl/tools/add/serial-number;2026-10-06;authenticated MY STIHL UI lookup;OFFICIAL_WEB_LOOKUP;OFFICIAL_STIHL_LOOKUP
163125985;"MS 250 .325"" Motorsäge";;Kettingzaag;Benzine;MY_STIHL;https://app.stihl.com/nl-nl/mystihl/tools/add/serial-number;2026-10-06;authenticated MY STIHL UI lookup;OFFICIAL_WEB_LOOKUP;OFFICIAL_STIHL_LOOKUP
163125990;"MS 250 .325"" Motorsäge";;Kettingzaag;Benzine;MY_STIHL;https://app.stihl.com/nl-nl/mystihl/tools/add/serial-number;2026-10-06;authenticated MY STIHL UI lookup;OFFICIAL_WEB_LOOKUP;OFFICIAL_STIHL_LOOKUP
163125995;"MS 250 .325"" Motorsäge";;Kettingzaag;Benzine;MY_STIHL;https://app.stihl.com/nl-nl/mystihl/tools/add/serial-number;2026-10-06;authenticated MY STIHL UI lookup;OFFICIAL_WEB_LOOKUP;OFFICIAL_STIHL_LOOKUP
163126000;"MS 250 .325"" Motorsäge";;Kettingzaag;Benzine;MY_STIHL;https://app.stihl.com/nl-nl/mystihl/tools/add/serial-number;2026-10-06;authenticated MY STIHL UI lookup;OFFICIAL_WEB_LOOKUP;OFFICIAL_STIHL_LOOKUP
163126005;"MS 250 .325"" Motorsäge";;Kettingzaag;Benzine;MY_STIHL;https://app.stihl.com/nl-nl/mystihl/tools/add/serial-number;2026-10-06;authenticated MY STIHL UI lookup;OFFICIAL_WEB_LOOKUP;OFFICIAL_STIHL_LOOKUP
163126010;"MS 250 .325"" Motorsäge";;Kettingzaag;Benzine;MY_STIHL;https://app.stihl.com/nl-nl/mystihl/tools/add/serial-number;2026-10-06;authenticated MY STIHL UI lookup;OFFICIAL_WEB_LOOKUP;OFFICIAL_STIHL_LOOKUP
163126015;"MS 250 .325"" Motorsäge";;Kettingzaag;Benzine;MY_STIHL;https://app.stihl.com/nl-nl/mystihl/tools/add/serial-number;2026-10-06;authenticated MY STIHL UI lookup;OFFICIAL_WEB_LOOKUP;OFFICIAL_STIHL_LOOKUP
163126020;"MS 250 .325"" Motorsäge";;Kettingzaag;Benzine;MY_STIHL;https://app.stihl.com/nl-nl/mystihl/tools/add/serial-number;2026-10-06;authenticated MY STIHL UI lookup;OFFICIAL_WEB_LOOKUP;OFFICIAL_STIHL_LOOKUP
163126025;"MS 250 .325"" Motorsäge";;Kettingzaag;Benzine;MY_STIHL;https://app.stihl.com/nl-nl/mystihl/tools/add/serial-number;2026-10-06;authenticated MY STIHL UI lookup;OFFICIAL_WEB_LOOKUP;OFFICIAL_STIHL_LOOKUP
163126030;"MS 250 .325"" Motorsäge";;Kettingzaag;Benzine;MY_STIHL;https://app.stihl.com/nl-nl/mystihl/tools/add/serial-number;2026-10-06;authenticated MY STIHL UI lookup;OFFICIAL_WEB_LOOKUP;OFFICIAL_STIHL_LOOKUP
163126035;"MS 250 .325"" Motorsäge";;Kettingzaag;Benzine;MY_STIHL;https://app.stihl.com/nl-nl/mystihl/tools/add/serial-number;2026-10-06;authenticated MY STIHL UI lookup;OFFICIAL_WEB_LOOKUP;OFFICIAL_STIHL_LOOKUP
163126040;"MS 250 .325"" Motorsäge";;Kettingzaag;Benzine;MY_STIHL;https://app.stihl.com/nl-nl/mystihl/tools/add/serial-number;2026-10-06;authenticated MY STIHL UI lookup;OFFICIAL_WEB_LOOKUP;OFFICIAL_STIHL_LOOKUP
163126045;"MS 250 .325"" Motorsäge";;Kettingzaag;Benzine;MY_STIHL;https://app.stihl.com/nl-nl/mystihl/tools/add/serial-number;2026-10-06;authenticated MY STIHL UI lookup;OFFICIAL_WEB_LOOKUP;OFFICIAL_STIHL_LOOKUP
163126050;"MS 250 .325"" Motorsäge";;Kettingzaag;Benzine;MY_STIHL;https://app.stihl.com/nl-nl/mystihl/tools/add/serial-number;2026-10-06;authenticated MY STIHL UI lookup;OFFICIAL_WEB_LOOKUP;OFFICIAL_STIHL_LOOKUP
163126055;"MS 250 .325"" Motorsäge";;Kettingzaag;Benzine;MY_STIHL;https://app.stihl.com/nl-nl/mystihl/tools/add/serial-number;2026-10-06;authenticated MY STIHL UI lookup;OFFICIAL_WEB_LOOKUP;OFFICIAL_STIHL_LOOKUP
163126060;"MS 250 .325"" Motorsäge";;Kettingzaag;Benzine;MY_STIHL;https://app.stihl.com/nl-nl/mystihl/tools/add/serial-number;2026-10-06;authenticated MY STIHL UI lookup;OFFICIAL_WEB_LOOKUP;OFFICIAL_STIHL_LOOKUP
163126065;"MS 250 .325"" Motorsäge";;Kettingzaag;Benzine;MY_STIHL;https://app.stihl.com/nl-nl/mystihl/tools/add/serial-number;2026-10-06;authenticated MY STIHL UI lookup;OFFICIAL_WEB_LOOKUP;OFFICIAL_STIHL_LOOKUP
163126070;"MS 250 .325"" Motorsäge";;Kettingzaag;Benzine;MY_STIHL;https://app.stihl.com/nl-nl/mystihl/tools/add/serial-number;2026-10-06;authenticated MY STIHL UI lookup;OFFICIAL_WEB_LOOKUP;OFFICIAL_STIHL_LOOKUP
163126075;"MS 250 .325"" Motorsäge";;Kettingzaag;Benzine;MY_STIHL;https://app.stihl.com/nl-nl/mystihl/tools/add/serial-number;2026-10-06;authenticated MY STIHL UI lookup;OFFICIAL_WEB_LOOKUP;OFFICIAL_STIHL_LOOKUP
163126080;"MS 250 .325"" Motorsäge";;Kettingzaag;Benzine;MY_STIHL;https://app.stihl.com/nl-nl/mystihl/tools/add/serial-number;2026-10-06;authenticated MY STIHL UI lookup;OFFICIAL_WEB_LOOKUP;OFFICIAL_STIHL_LOOKUP
163126085;"MS 250 .325"" Motorsäge";;Kettingzaag;Benzine;MY_STIHL;https://app.stihl.com/nl-nl/mystihl/tools/add/serial-number;2026-10-06;authenticated MY STIHL UI lookup;OFFICIAL_WEB_LOOKUP;OFFICIAL_STIHL_LOOKUP
163126090;"MS 250 .325"" Motorsäge";;Kettingzaag;Benzine;MY_STIHL;https://app.stihl.com/nl-nl/mystihl/tools/add/serial-number;2026-10-06;authenticated MY STIHL UI lookup;OFFICIAL_WEB_LOOKUP;OFFICIAL_STIHL_LOOKUP
163126095;"MS 250 .325"" Motorsäge";;Kettingzaag;Benzine;MY_STIHL;https://app.stihl.com/nl-nl/mystihl/tools/add/serial-number;2026-10-06;authenticated MY STIHL UI lookup;OFFICIAL_WEB_LOOKUP;OFFICIAL_STIHL_LOOKUP
163126100;"MS 250 .325"" Motorsäge";;Kettingzaag;Benzine;MY_STIHL;https://app.stihl.com/nl-nl/mystihl/tools/add/serial-number;2026-10-06;authenticated MY STIHL UI lookup;OFFICIAL_WEB_LOOKUP;OFFICIAL_STIHL_LOOKUP
163126105;"MS 250 .325"" Motorsäge";;Kettingzaag;Benzine;MY_STIHL;https://app.stihl.com/nl-nl/mystihl/tools/add/serial-number;2026-10-06;authenticated MY STIHL UI lookup;OFFICIAL_WEB_LOOKUP;OFFICIAL_STIHL_LOOKUP
163126110;"MS 250 .325"" Motorsäge";;Kettingzaag;Benzine;MY_STIHL;https://app.stihl.com/nl-nl/mystihl/tools/add/serial-number;2026-10-06;authenticated MY STIHL UI lookup;OFFICIAL_WEB_LOOKUP;OFFICIAL_STIHL_LOOKUP
163126115;"MS 250 .325"" Motorsäge";;Kettingzaag;Benzine;MY_STIHL;https://app.stihl.com/nl-nl/mystihl/tools/add/serial-number;2026-10-06;authenticated MY STIHL UI lookup;OFFICIAL_WEB_LOOKUP;OFFICIAL_STIHL_LOOKUP
163126120;"MS 250 .325"" Motorsäge";;Kettingzaag;Benzine;MY_STIHL;https://app.stihl.com/nl-nl/mystihl/tools/add/serial-number;2026-10-06;authenticated MY STIHL UI lookup;OFFICIAL_WEB_LOOKUP;OFFICIAL_STIHL_LOOKUP
163126125;"MS 250 .325"" Motorsäge";;Kettingzaag;Benzine;MY_STIHL;https://app.stihl.com/nl-nl/mystihl/tools/add/serial-number;2026-10-06;authenticated MY STIHL UI lookup;OFFICIAL_WEB_LOOKUP;OFFICIAL_STIHL_LOOKUP
163126130;"MS 250 .325"" Motorsäge";;Kettingzaag;Benzine;MY_STIHL;https://app.stihl.com/nl-nl/mystihl/tools/add/serial-number;2026-10-06;authenticated MY STIHL UI lookup;OFFICIAL_WEB_LOOKUP;OFFICIAL_STIHL_LOOKUP
163126135;"MS 250 .325"" Motorsäge";;Kettingzaag;Benzine;MY_STIHL;https://app.stihl.com/nl-nl/mystihl/tools/add/serial-number;2026-10-06;authenticated MY STIHL UI lookup;OFFICIAL_WEB_LOOKUP;OFFICIAL_STIHL_LOOKUP
163126140;"MS 250 .325"" Motorsäge";;Kettingzaag;Benzine;MY_STIHL;https://app.stihl.com/nl-nl/mystihl/tools/add/serial-number;2026-10-06;authenticated MY STIHL UI lookup;OFFICIAL_WEB_LOOKUP;OFFICIAL_STIHL_LOOKUP
163126145;"MS 250 .325"" Motorsäge";;Kettingzaag;Benzine;MY_STIHL;https://app.stihl.com/nl-nl/mystihl/tools/add/serial-number;2026-10-06;authenticated MY STIHL UI lookup;OFFICIAL_WEB_LOOKUP;OFFICIAL_STIHL_LOOKUP
163126150;"MS 250 .325"" Motorsäge";;Kettingzaag;Benzine;MY_STIHL;https://app.stihl.com/nl-nl/mystihl/tools/add/serial-number;2026-10-06;authenticated MY STIHL UI lookup;OFFICIAL_WEB_LOOKUP;OFFICIAL_STIHL_LOOKUP
163126155;"MS 250 .325"" Motorsäge";;Kettingzaag;Benzine;MY_STIHL;https://app.stihl.com/nl-nl/mystihl/tools/add/serial-number;2026-10-06;authenticated MY STIHL UI lookup;OFFICIAL_WEB_LOOKUP;OFFICIAL_STIHL_LOOKUP
163126160;"MS 250 .325"" Motorsäge";;Kettingzaag;Benzine;MY_STIHL;https://app.stihl.com/nl-nl/mystihl/tools/add/serial-number;2026-10-06;authenticated MY STIHL UI lookup;OFFICIAL_WEB_LOOKUP;OFFICIAL_STIHL_LOOKUP
163126165;"MS 250 .325"" Motorsäge";;Kettingzaag;Benzine;MY_STIHL;https://app.stihl.com/nl-nl/mystihl/tools/add/serial-number;2026-10-06;authenticated MY STIHL UI lookup;OFFICIAL_WEB_LOOKUP;OFFICIAL_STIHL_LOOKUP
163126170;"MS 250 .325"" Motorsäge";;Kettingzaag;Benzine;MY_STIHL;https://app.stihl.com/nl-nl/mystihl/tools/add/serial-number;2026-10-06;authenticated MY STIHL UI lookup;OFFICIAL_WEB_LOOKUP;OFFICIAL_STIHL_LOOKUP
163126175;"MS 250 .325"" Motorsäge";;Kettingzaag;Benzine;MY_STIHL;https://app.stihl.com/nl-nl/mystihl/tools/add/serial-number;2026-10-06;authenticated MY STIHL UI lookup;OFFICIAL_WEB_LOOKUP;OFFICIAL_STIHL_LOOKUP
163126180;"MS 250 .325"" Motorsäge";;Kettingzaag;Benzine;MY_STIHL;https://app.stihl.com/nl-nl/mystihl/tools/add/serial-number;2026-10-06;authenticated MY STIHL UI lookup;OFFICIAL_WEB_LOOKUP;OFFICIAL_STIHL_LOOKUP
163126185;"MS 250 .325"" Motorsäge";;Kettingzaag;Benzine;MY_STIHL;https://app.stihl.com/nl-nl/mystihl/tools/add/serial-number;2026-10-06;authenticated MY STIHL UI lookup;OFFICIAL_WEB_LOOKUP;OFFICIAL_STIHL_LOOKUP
163126190;"MS 250 .325"" Motorsäge";;Kettingzaag;Benzine;MY_STIHL;https://app.stihl.com/nl-nl/mystihl/tools/add/serial-number;2026-10-06;authenticated MY STIHL UI lookup;OFFICIAL_WEB_LOOKUP;OFFICIAL_STIHL_LOOKUP
163126195;"MS 250 .325"" Motorsäge";;Kettingzaag;Benzine;MY_STIHL;https://app.stihl.com/nl-nl/mystihl/tools/add/serial-number;2026-10-06;authenticated MY STIHL UI lookup;OFFICIAL_WEB_LOOKUP;OFFICIAL_STIHL_LOOKUP
163126200;"MS 250 .325"" Motorsäge";;Kettingzaag;Benzine;MY_STIHL;https://app.stihl.com/nl-nl/mystihl/tools/add/serial-number;2026-10-06;authenticated MY STIHL UI lookup;OFFICIAL_WEB_LOOKUP;OFFICIAL_STIHL_LOOKUP
163126205;"MS 250 .325"" Motorsäge";;Kettingzaag;Benzine;MY_STIHL;https://app.stihl.com/nl-nl/mystihl/tools/add/serial-number;2026-10-06;authenticated MY STIHL UI lookup;OFFICIAL_WEB_LOOKUP;OFFICIAL_STIHL_LOOKUP
163126210;"MS 250 .325"" Motorsäge";;Kettingzaag;Benzine;MY_STIHL;https://app.stihl.com/nl-nl/mystihl/tools/add/serial-number;2026-10-06;authenticated MY STIHL UI lookup;OFFICIAL_WEB_LOOKUP;OFFICIAL_STIHL_LOOKUP
163126215;"MS 250 .325"" Motorsäge";;Kettingzaag;Benzine;MY_STIHL;https://app.stihl.com/nl-nl/mystihl/tools/add/serial-number;2026-10-06;authenticated MY STIHL UI lookup;OFFICIAL_WEB_LOOKUP;OFFICIAL_STIHL_LOOKUP
163126220;"MS 250 .325"" Motorsäge";;Kettingzaag;Benzine;MY_STIHL;https://app.stihl.com/nl-nl/mystihl/tools/add/serial-number;2026-10-06;authenticated MY STIHL UI lookup;OFFICIAL_WEB_LOOKUP;OFFICIAL_STIHL_LOOKUP
163126225;"MS 250 .325"" Motorsäge";;Kettingzaag;Benzine;MY_STIHL;https://app.stihl.com/nl-nl/mystihl/tools/add/serial-number;2026-10-06;authenticated MY STIHL UI lookup;OFFICIAL_WEB_LOOKUP;OFFICIAL_STIHL_LOOKUP
163126230;"MS 250 .325"" Motorsäge";;Kettingzaag;Benzine;MY_STIHL;https://app.stihl.com/nl-nl/mystihl/tools/add/serial-number;2026-10-06;authenticated MY STIHL UI lookup;OFFICIAL_WEB_LOOKUP;OFFICIAL_STIHL_LOOKUP
163126235;"MS 250 .325"" Motorsäge";;Kettingzaag;Benzine;MY_STIHL;https://app.stihl.com/nl-nl/mystihl/tools/add/serial-number;2026-10-06;authenticated MY STIHL UI lookup;OFFICIAL_WEB_LOOKUP;OFFICIAL_STIHL_LOOKUP
163126240;"MS 250 .325"" Motorsäge";;Kettingzaag;Benzine;MY_STIHL;https://app.stihl.com/nl-nl/mystihl/tools/add/serial-number;2026-10-06;authenticated MY STIHL UI lookup;OFFICIAL_WEB_LOOKUP;OFFICIAL_STIHL_LOOKUP
163126245;"MS 250 .325"" Motorsäge";;Kettingzaag;Benzine;MY_STIHL;https://app.stihl.com/nl-nl/mystihl/tools/add/serial-number;2026-10-06;authenticated MY STIHL UI lookup;OFFICIAL_WEB_LOOKUP;OFFICIAL_STIHL_LOOKUP
163126250;"MS 250 .325"" Motorsäge";;Kettingzaag;Benzine;MY_STIHL;https://app.stihl.com/nl-nl/mystihl/tools/add/serial-number;2026-10-06;authenticated MY STIHL UI lookup;OFFICIAL_WEB_LOOKUP;OFFICIAL_STIHL_LOOKUP
163126255;"MS 250 .325"" Motorsäge";;Kettingzaag;Benzine;MY_STIHL;https://app.stihl.com/nl-nl/mystihl/tools/add/serial-number;2026-10-06;authenticated MY STIHL UI lookup;OFFICIAL_WEB_LOOKUP;OFFICIAL_STIHL_LOOKUP
163126260;"MS 250 .325"" Motorsäge";;Kettingzaag;Benzine;MY_STIHL;https://app.stihl.com/nl-nl/mystihl/tools/add/serial-number;2026-10-06;authenticated MY STIHL UI lookup;OFFICIAL_WEB_LOOKUP;OFFICIAL_STIHL_LOOKUP
163126265;"MS 250 .325"" Motorsäge";;Kettingzaag;Benzine;MY_STIHL;https://app.stihl.com/nl-nl/mystihl/tools/add/serial-number;2026-10-06;authenticated MY STIHL UI lookup;OFFICIAL_WEB_LOOKUP;OFFICIAL_STIHL_LOOKUP
163126270;"MS 250 .325"" Motorsäge";;Kettingzaag;Benzine;MY_STIHL;https://app.stihl.com/nl-nl/mystihl/tools/add/serial-number;2026-10-06;authenticated MY STIHL UI lookup;OFFICIAL_WEB_LOOKUP;OFFICIAL_STIHL_LOOKUP
163126275;"MS 250 .325"" Motorsäge";;Kettingzaag;Benzine;MY_STIHL;https://app.stihl.com/nl-nl/mystihl/tools/add/serial-number;2026-10-06;authenticated MY STIHL UI lookup;OFFICIAL_WEB_LOOKUP;OFFICIAL_STIHL_LOOKUP
163126280;"MS 250 .325"" Motorsäge";;Kettingzaag;Benzine;MY_STIHL;https://app.stihl.com/nl-nl/mystihl/tools/add/serial-number;2026-10-06;authenticated MY STIHL UI lookup;OFFICIAL_WEB_LOOKUP;OFFICIAL_STIHL_LOOKUP
163126285;"MS 250 .325"" Motorsäge";;Kettingzaag;Benzine;MY_STIHL;https://app.stihl.com/nl-nl/mystihl/tools/add/serial-number;2026-10-06;authenticated MY STIHL UI lookup;OFFICIAL_WEB_LOOKUP;OFFICIAL_STIHL_LOOKUP
163126290;"MS 250 .325"" Motorsäge";;Kettingzaag;Benzine;MY_STIHL;https://app.stihl.com/nl-nl/mystihl/tools/add/serial-number;2026-10-06;authenticated MY STIHL UI lookup;OFFICIAL_WEB_LOOKUP;OFFICIAL_STIHL_LOOKUP
163126295;"MS 250 .325"" Motorsäge";;Kettingzaag;Benzine;MY_STIHL;https://app.stihl.com/nl-nl/mystihl/tools/add/serial-number;2026-10-06;authenticated MY STIHL UI lookup;OFFICIAL_WEB_LOOKUP;OFFICIAL_STIHL_LOOKUP
163126300;"MS 250 .325"" Motorsäge";;Kettingzaag;Benzine;MY_STIHL;https://app.stihl.com/nl-nl/mystihl/tools/add/serial-number;2026-10-06;authenticated MY STIHL UI lookup;OFFICIAL_WEB_LOOKUP;OFFICIAL_STIHL_LOOKUP
163126305;"MS 250 .325"" Motorsäge";;Kettingzaag;Benzine;MY_STIHL;https://app.stihl.com/nl-nl/mystihl/tools/add/serial-number;2026-10-06;authenticated MY STIHL UI lookup;OFFICIAL_WEB_LOOKUP;OFFICIAL_STIHL_LOOKUP
163126310;"MS 250 .325"" Motorsäge";;Kettingzaag;Benzine;MY_STIHL;https://app.stihl.com/nl-nl/mystihl/tools/add/serial-number;2026-10-06;authenticated MY STIHL UI lookup;OFFICIAL_WEB_LOOKUP;OFFICIAL_STIHL_LOOKUP
163126315;"MS 250 .325"" Motorsäge";;Kettingzaag;Benzine;MY_STIHL;https://app.stihl.com/nl-nl/mystihl/tools/add/serial-number;2026-10-06;authenticated MY STIHL UI lookup;OFFICIAL_WEB_LOOKUP;OFFICIAL_STIHL_LOOKUP
163126320;"MS 250 .325"" Motorsäge";;Kettingzaag;Benzine;MY_STIHL;https://app.stihl.com/nl-nl/mystihl/tools/add/serial-number;2026-10-06;authenticated MY STIHL UI lookup;OFFICIAL_WEB_LOOKUP;OFFICIAL_STIHL_LOOKUP
163126325;"MS 250 .325"" Motorsäge";;Kettingzaag;Benzine;MY_STIHL;https://app.stihl.com/nl-nl/mystihl/tools/add/serial-number;2026-10-06;authenticated MY STIHL UI lookup;OFFICIAL_WEB_LOOKUP;OFFICIAL_STIHL_LOOKUP
163126330;"MS 250 .325"" Motorsäge";;Kettingzaag;Benzine;MY_STIHL;https://app.stihl.com/nl-nl/mystihl/tools/add/serial-number;2026-10-06;authenticated MY STIHL UI lookup;OFFICIAL_WEB_LOOKUP;OFFICIAL_STIHL_LOOKUP
163126335;"MS 250 .325"" Motorsäge";;Kettingzaag;Benzine;MY_STIHL;https://app.stihl.com/nl-nl/mystihl/tools/add/serial-number;2026-10-06;authenticated MY STIHL UI lookup;OFFICIAL_WEB_LOOKUP;OFFICIAL_STIHL_LOOKUP
163126340;"MS 250 .325"" Motorsäge";;Kettingzaag;Benzine;MY_STIHL;https://app.stihl.com/nl-nl/mystihl/tools/add/serial-number;2026-10-06;authenticated MY STIHL UI lookup;OFFICIAL_WEB_LOOKUP;OFFICIAL_STIHL_LOOKUP
163126345;"MS 250 .325"" Motorsäge";;Kettingzaag;Benzine;MY_STIHL;https://app.stihl.com/nl-nl/mystihl/tools/add/serial-number;2026-10-06;authenticated MY STIHL UI lookup;OFFICIAL_WEB_LOOKUP;OFFICIAL_STIHL_LOOKUP
163126350;"MS 250 .325"" Motorsäge";;Kettingzaag;Benzine;MY_STIHL;https://app.stihl.com/nl-nl/mystihl/tools/add/serial-number;2026-10-06;authenticated MY STIHL UI lookup;OFFICIAL_WEB_LOOKUP;OFFICIAL_STIHL_LOOKUP
163126355;"MS 250 .325"" Motorsäge";;Kettingzaag;Benzine;MY_STIHL;https://app.stihl.com/nl-nl/mystihl/tools/add/serial-number;2026-10-06;authenticated MY STIHL UI lookup;OFFICIAL_WEB_LOOKUP;OFFICIAL_STIHL_LOOKUP
163126360;"MS 250 .325"" Motorsäge";;Kettingzaag;Benzine;MY_STIHL;https://app.stihl.com/nl-nl/mystihl/tools/add/serial-number;2026-10-06;authenticated MY STIHL UI lookup;OFFICIAL_WEB_LOOKUP;OFFICIAL_STIHL_LOOKUP
163126365;"MS 250 .325"" Motorsäge";;Kettingzaag;Benzine;MY_STIHL;https://app.stihl.com/nl-nl/mystihl/tools/add/serial-number;2026-10-06;authenticated MY STIHL UI lookup;OFFICIAL_WEB_LOOKUP;OFFICIAL_STIHL_LOOKUP
163126370;"MS 250 .325"" Motorsäge";;Kettingzaag;Benzine;MY_STIHL;https://app.stihl.com/nl-nl/mystihl/tools/add/serial-number;2026-10-06;authenticated MY STIHL UI lookup;OFFICIAL_WEB_LOOKUP;OFFICIAL_STIHL_LOOKUP
163126375;"MS 250 .325"" Motorsäge";;Kettingzaag;Benzine;MY_STIHL;https://app.stihl.com/nl-nl/mystihl/tools/add/serial-number;2026-10-06;authenticated MY STIHL UI lookup;OFFICIAL_WEB_LOOKUP;OFFICIAL_STIHL_LOOKUP
163126380;"MS 250 .325"" Motorsäge";;Kettingzaag;Benzine;MY_STIHL;https://app.stihl.com/nl-nl/mystihl/tools/add/serial-number;2026-10-06;authenticated MY STIHL UI lookup;OFFICIAL_WEB_LOOKUP;OFFICIAL_STIHL_LOOKUP
163126385;"MS 250 .325"" Motorsäge";;Kettingzaag;Benzine;MY_STIHL;https://app.stihl.com/nl-nl/mystihl/tools/add/serial-number;2026-10-06;authenticated MY STIHL UI lookup;OFFICIAL_WEB_LOOKUP;OFFICIAL_STIHL_LOOKUP
163126390;"MS 250 .325"" Motorsäge";;Kettingzaag;Benzine;MY_STIHL;https://app.stihl.com/nl-nl/mystihl/tools/add/serial-number;2026-10-06;authenticated MY STIHL UI lookup;OFFICIAL_WEB_LOOKUP;OFFICIAL_STIHL_LOOKUP
163126395;"MS 250 .325"" Motorsäge";;Kettingzaag;Benzine;MY_STIHL;https://app.stihl.com/nl-nl/mystihl/tools/add/serial-number;2026-10-06;authenticated MY STIHL UI lookup;OFFICIAL_WEB_LOOKUP;OFFICIAL_STIHL_LOOKUP
163126400;"MS 250 .325"" Motorsäge";;Kettingzaag;Benzine;MY_STIHL;https://app.stihl.com/nl-nl/mystihl/tools/add/serial-number;2026-10-06;authenticated MY STIHL UI lookup;OFFICIAL_WEB_LOOKUP;OFFICIAL_STIHL_LOOKUP
163126405;"MS 250 .325"" Motorsäge";;Kettingzaag;Benzine;MY_STIHL;https://app.stihl.com/nl-nl/mystihl/tools/add/serial-number;2026-10-06;authenticated MY STIHL UI lookup;OFFICIAL_WEB_LOOKUP;OFFICIAL_STIHL_LOOKUP
163126410;"MS 250 .325"" Motorsäge";;Kettingzaag;Benzine;MY_STIHL;https://app.stihl.com/nl-nl/mystihl/tools/add/serial-number;2026-10-06;authenticated MY STIHL UI lookup;OFFICIAL_WEB_LOOKUP;OFFICIAL_STIHL_LOOKUP
163126415;"MS 250 .325"" Motorsäge";;Kettingzaag;Benzine;MY_STIHL;https://app.stihl.com/nl-nl/mystihl/tools/add/serial-number;2026-10-06;authenticated MY STIHL UI lookup;OFFICIAL_WEB_LOOKUP;OFFICIAL_STIHL_LOOKUP
163126420;"MS 250 .325"" Motorsäge";;Kettingzaag;Benzine;MY_STIHL;https://app.stihl.com/nl-nl/mystihl/tools/add/serial-number;2026-10-06;authenticated MY STIHL UI lookup;OFFICIAL_WEB_LOOKUP;OFFICIAL_STIHL_LOOKUP
163126425;"MS 250 .325"" Motorsäge";;Kettingzaag;Benzine;MY_STIHL;https://app.stihl.com/nl-nl/mystihl/tools/add/serial-number;2026-10-06;authenticated MY STIHL UI lookup;OFFICIAL_WEB_LOOKUP;OFFICIAL_STIHL_LOOKUP
163126430;"MS 250 .325"" Motorsäge";;Kettingzaag;Benzine;MY_STIHL;https://app.stihl.com/nl-nl/mystihl/tools/add/serial-number;2026-10-06;authenticated MY STIHL UI lookup;OFFICIAL_WEB_LOOKUP;OFFICIAL_STIHL_LOOKUP
163126435;"MS 250 .325"" Motorsäge";;Kettingzaag;Benzine;MY_STIHL;https://app.stihl.com/nl-nl/mystihl/tools/add/serial-number;2026-10-06;authenticated MY STIHL UI lookup;OFFICIAL_WEB_LOOKUP;OFFICIAL_STIHL_LOOKUP
163126440;"MS 250 .325"" Motorsäge";;Kettingzaag;Benzine;MY_STIHL;https://app.stihl.com/nl-nl/mystihl/tools/add/serial-number;2026-10-06;authenticated MY STIHL UI lookup;OFFICIAL_WEB_LOOKUP;OFFICIAL_STIHL_LOOKUP
163126445;"MS 250 .325"" Motorsäge";;Kettingzaag;Benzine;MY_STIHL;https://app.stihl.com/nl-nl/mystihl/tools/add/serial-number;2026-10-06;authenticated MY STIHL UI lookup;OFFICIAL_WEB_LOOKUP;OFFICIAL_STIHL_LOOKUP
163126450;"MS 250 .325"" Motorsäge";;Kettingzaag;Benzine;MY_STIHL;https://app.stihl.com/nl-nl/mystihl/tools/add/serial-number;2026-10-06;authenticated MY STIHL UI lookup;OFFICIAL_WEB_LOOKUP;OFFICIAL_STIHL_LOOKUP
163126455;"MS 250 .325"" Motorsäge";;Kettingzaag;Benzine;MY_STIHL;https://app.stihl.com/nl-nl/mystihl/tools/add/serial-number;2026-10-06;authenticated MY STIHL UI lookup;OFFICIAL_WEB_LOOKUP;OFFICIAL_STIHL_LOOKUP
163126460;"MS 250 .325"" Motorsäge";;Kettingzaag;Benzine;MY_STIHL;https://app.stihl.com/nl-nl/mystihl/tools/add/serial-number;2026-10-06;authenticated MY STIHL UI lookup;OFFICIAL_WEB_LOOKUP;OFFICIAL_STIHL_LOOKUP
163126465;"MS 250 .325"" Motorsäge";;Kettingzaag;Benzine;MY_STIHL;https://app.stihl.com/nl-nl/mystihl/tools/add/serial-number;2026-10-06;authenticated MY STIHL UI lookup;OFFICIAL_WEB_LOOKUP;OFFICIAL_STIHL_LOOKUP
163126470;"MS 250 .325"" Motorsäge";;Kettingzaag;Benzine;MY_STIHL;https://app.stihl.com/nl-nl/mystihl/tools/add/serial-number;2026-10-06;authenticated MY STIHL UI lookup;OFFICIAL_WEB_LOOKUP;OFFICIAL_STIHL_LOOKUP
163126475;"MS 250 .325"" Motorsäge";;Kettingzaag;Benzine;MY_STIHL;https://app.stihl.com/nl-nl/mystihl/tools/add/serial-number;2026-10-06;authenticated MY STIHL UI lookup;OFFICIAL_WEB_LOOKUP;OFFICIAL_STIHL_LOOKUP
163126480;"MS 250 .325"" Motorsäge";;Kettingzaag;Benzine;MY_STIHL;https://app.stihl.com/nl-nl/mystihl/tools/add/serial-number;2026-10-06;authenticated MY STIHL UI lookup;OFFICIAL_WEB_LOOKUP;OFFICIAL_STIHL_LOOKUP
163126485;"MS 250 .325"" Motorsäge";;Kettingzaag;Benzine;MY_STIHL;https://app.stihl.com/nl-nl/mystihl/tools/add/serial-number;2026-10-06;authenticated MY STIHL UI lookup;OFFICIAL_WEB_LOOKUP;OFFICIAL_STIHL_LOOKUP
163126490;"MS 250 .325"" Motorsäge";;Kettingzaag;Benzine;MY_STIHL;https://app.stihl.com/nl-nl/mystihl/tools/add/serial-number;2026-10-06;authenticated MY STIHL UI lookup;OFFICIAL_WEB_LOOKUP;OFFICIAL_STIHL_LOOKUP
163126495;"MS 250 .325"" Motorsäge";;Kettingzaag;Benzine;MY_STIHL;https://app.stihl.com/nl-nl/mystihl/tools/add/serial-number;2026-10-06;authenticated MY STIHL UI lookup;OFFICIAL_WEB_LOOKUP;OFFICIAL_STIHL_LOOKUP
163126500;"MS 250 .325"" Motorsäge";;Kettingzaag;Benzine;MY_STIHL;https://app.stihl.com/nl-nl/mystihl/tools/add/serial-number;2026-10-06;authenticated MY STIHL UI lookup;OFFICIAL_WEB_LOOKUP;OFFICIAL_STIHL_LOOKUP
163126505;"MS 250 .325"" Motorsäge";;Kettingzaag;Benzine;MY_STIHL;https://app.stihl.com/nl-nl/mystihl/tools/add/serial-number;2026-10-06;authenticated MY STIHL UI lookup;OFFICIAL_WEB_LOOKUP;OFFICIAL_STIHL_LOOKUP
163126510;"MS 250 .325"" Motorsäge";;Kettingzaag;Benzine;MY_STIHL;https://app.stihl.com/nl-nl/mystihl/tools/add/serial-number;2026-10-06;authenticated MY STIHL UI lookup;OFFICIAL_WEB_LOOKUP;OFFICIAL_STIHL_LOOKUP
163126515;"MS 250 .325"" Motorsäge";;Kettingzaag;Benzine;MY_STIHL;https://app.stihl.com/nl-nl/mystihl/tools/add/serial-number;2026-10-06;authenticated MY STIHL UI lookup;OFFICIAL_WEB_LOOKUP;OFFICIAL_STIHL_LOOKUP
163126520;"MS 250 .325"" Motorsäge";;Kettingzaag;Benzine;MY_STIHL;https://app.stihl.com/nl-nl/mystihl/tools/add/serial-number;2026-10-06;authenticated MY STIHL UI lookup;OFFICIAL_WEB_LOOKUP;OFFICIAL_STIHL_LOOKUP
163126525;"MS 250 .325"" Motorsäge";;Kettingzaag;Benzine;MY_STIHL;https://app.stihl.com/nl-nl/mystihl/tools/add/serial-number;2026-10-06;authenticated MY STIHL UI lookup;OFFICIAL_WEB_LOOKUP;OFFICIAL_STIHL_LOOKUP
163126530;"MS 250 .325"" Motorsäge";;Kettingzaag;Benzine;MY_STIHL;https://app.stihl.com/nl-nl/mystihl/tools/add/serial-number;2026-10-06;authenticated MY STIHL UI lookup;OFFICIAL_WEB_LOOKUP;OFFICIAL_STIHL_LOOKUP
163126535;"MS 250 .325"" Motorsäge";;Kettingzaag;Benzine;MY_STIHL;https://app.stihl.com/nl-nl/mystihl/tools/add/serial-number;2026-10-06;authenticated MY STIHL UI lookup;OFFICIAL_WEB_LOOKUP;OFFICIAL_STIHL_LOOKUP
163126540;"MS 250 .325"" Motorsäge";;Kettingzaag;Benzine;MY_STIHL;https://app.stihl.com/nl-nl/mystihl/tools/add/serial-number;2026-10-06;authenticated MY STIHL UI lookup;OFFICIAL_WEB_LOOKUP;OFFICIAL_STIHL_LOOKUP
163126545;"MS 250 .325"" Motorsäge";;Kettingzaag;Benzine;MY_STIHL;https://app.stihl.com/nl-nl/mystihl/tools/add/serial-number;2026-10-06;authenticated MY STIHL UI lookup;OFFICIAL_WEB_LOOKUP;OFFICIAL_STIHL_LOOKUP
163126550;"MS 250 .325"" Motorsäge";;Kettingzaag;Benzine;MY_STIHL;https://app.stihl.com/nl-nl/mystihl/tools/add/serial-number;2026-10-06;authenticated MY STIHL UI lookup;OFFICIAL_WEB_LOOKUP;OFFICIAL_STIHL_LOOKUP
163126555;"MS 250 .325"" Motorsäge";;Kettingzaag;Benzine;MY_STIHL;https://app.stihl.com/nl-nl/mystihl/tools/add/serial-number;2026-10-06;authenticated MY STIHL UI lookup;OFFICIAL_WEB_LOOKUP;OFFICIAL_STIHL_LOOKUP
163126560;"MS 250 .325"" Motorsäge";;Kettingzaag;Benzine;MY_STIHL;https://app.stihl.com/nl-nl/mystihl/tools/add/serial-number;2026-10-06;authenticated MY STIHL UI lookup;OFFICIAL_WEB_LOOKUP;OFFICIAL_STIHL_LOOKUP
163126565;"MS 250 .325"" Motorsäge";;Kettingzaag;Benzine;MY_STIHL;https://app.stihl.com/nl-nl/mystihl/tools/add/serial-number;2026-10-06;authenticated MY STIHL UI lookup;OFFICIAL_WEB_LOOKUP;OFFICIAL_STIHL_LOOKUP
163126570;"MS 250 .325"" Motorsäge";;Kettingzaag;Benzine;MY_STIHL;https://app.stihl.com/nl-nl/mystihl/tools/add/serial-number;2026-10-06;authenticated MY STIHL UI lookup;OFFICIAL_WEB_LOOKUP;OFFICIAL_STIHL_LOOKUP
163126575;"MS 250 .325"" Motorsäge";;Kettingzaag;Benzine;MY_STIHL;https://app.stihl.com/nl-nl/mystihl/tools/add/serial-number;2026-10-06;authenticated MY STIHL UI lookup;OFFICIAL_WEB_LOOKUP;OFFICIAL_STIHL_LOOKUP
163126580;"MS 250 .325"" Motorsäge";;Kettingzaag;Benzine;MY_STIHL;https://app.stihl.com/nl-nl/mystihl/tools/add/serial-number;2026-10-06;authenticated MY STIHL UI lookup;OFFICIAL_WEB_LOOKUP;OFFICIAL_STIHL_LOOKUP
163126585;"MS 250 .325"" Motorsäge";;Kettingzaag;Benzine;MY_STIHL;https://app.stihl.com/nl-nl/mystihl/tools/add/serial-number;2026-10-06;authenticated MY STIHL UI lookup;OFFICIAL_WEB_LOOKUP;OFFICIAL_STIHL_LOOKUP
163126590;"MS 250 .325"" Motorsäge";;Kettingzaag;Benzine;MY_STIHL;https://app.stihl.com/nl-nl/mystihl/tools/add/serial-number;2026-10-06;authenticated MY STIHL UI lookup;OFFICIAL_WEB_LOOKUP;OFFICIAL_STIHL_LOOKUP
163126595;"MS 250 .325"" Motorsäge";;Kettingzaag;Benzine;MY_STIHL;https://app.stihl.com/nl-nl/mystihl/tools/add/serial-number;2026-10-06;authenticated MY STIHL UI lookup;OFFICIAL_WEB_LOOKUP;OFFICIAL_STIHL_LOOKUP
163126600;"MS 250 .325"" Motorsäge";;Kettingzaag;Benzine;MY_STIHL;https://app.stihl.com/nl-nl/mystihl/tools/add/serial-number;2026-10-06;authenticated MY STIHL UI lookup;OFFICIAL_WEB_LOOKUP;OFFICIAL_STIHL_LOOKUP
163126605;"MS 250 .325"" Motorsäge";;Kettingzaag;Benzine;MY_STIHL;https://app.stihl.com/nl-nl/mystihl/tools/add/serial-number;2026-10-06;authenticated MY STIHL UI lookup;OFFICIAL_WEB_LOOKUP;OFFICIAL_STIHL_LOOKUP
163126610;"MS 250 .325"" Motorsäge";;Kettingzaag;Benzine;MY_STIHL;https://app.stihl.com/nl-nl/mystihl/tools/add/serial-number;2026-10-06;authenticated MY STIHL UI lookup;OFFICIAL_WEB_LOOKUP;OFFICIAL_STIHL_LOOKUP
163126615;"MS 250 .325"" Motorsäge";;Kettingzaag;Benzine;MY_STIHL;https://app.stihl.com/nl-nl/mystihl/tools/add/serial-number;2026-10-06;authenticated MY STIHL UI lookup;OFFICIAL_WEB_LOOKUP;OFFICIAL_STIHL_LOOKUP
163126620;"MS 250 .325"" Motorsäge";;Kettingzaag;Benzine;MY_STIHL;https://app.stihl.com/nl-nl/mystihl/tools/add/serial-number;2026-10-06;authenticated MY STIHL UI lookup;OFFICIAL_WEB_LOOKUP;OFFICIAL_STIHL_LOOKUP
163126625;"MS 250 .325"" Motorsäge";;Kettingzaag;Benzine;MY_STIHL;https://app.stihl.com/nl-nl/mystihl/tools/add/serial-number;2026-10-06;authenticated MY STIHL UI lookup;OFFICIAL_WEB_LOOKUP;OFFICIAL_STIHL_LOOKUP
163126630;"MS 250 .325"" Motorsäge";;Kettingzaag;Benzine;MY_STIHL;https://app.stihl.com/nl-nl/mystihl/tools/add/serial-number;2026-10-06;authenticated MY STIHL UI lookup;OFFICIAL_WEB_LOOKUP;OFFICIAL_STIHL_LOOKUP
163126635;"MS 250 .325"" Motorsäge";;Kettingzaag;Benzine;MY_STIHL;https://app.stihl.com/nl-nl/mystihl/tools/add/serial-number;2026-10-06;authenticated MY STIHL UI lookup;OFFICIAL_WEB_LOOKUP;OFFICIAL_STIHL_LOOKUP
163126640;"MS 250 .325"" Motorsäge";;Kettingzaag;Benzine;MY_STIHL;https://app.stihl.com/nl-nl/mystihl/tools/add/serial-number;2026-10-06;authenticated MY STIHL UI lookup;OFFICIAL_WEB_LOOKUP;OFFICIAL_STIHL_LOOKUP
163126645;"MS 250 .325"" Motorsäge";;Kettingzaag;Benzine;MY_STIHL;https://app.stihl.com/nl-nl/mystihl/tools/add/serial-number;2026-10-06;authenticated MY STIHL UI lookup;OFFICIAL_WEB_LOOKUP;OFFICIAL_STIHL_LOOKUP
163126650;"MS 250 .325"" Motorsäge";;Kettingzaag;Benzine;MY_STIHL;https://app.stihl.com/nl-nl/mystihl/tools/add/serial-number;2026-10-06;authenticated MY STIHL UI lookup;OFFICIAL_WEB_LOOKUP;OFFICIAL_STIHL_LOOKUP
163126655;"MS 250 .325"" Motorsäge";;Kettingzaag;Benzine;MY_STIHL;https://app.stihl.com/nl-nl/mystihl/tools/add/serial-number;2026-10-06;authenticated MY STIHL UI lookup;OFFICIAL_WEB_LOOKUP;OFFICIAL_STIHL_LOOKUP
163126660;"MS 250 .325"" Motorsäge";;Kettingzaag;Benzine;MY_STIHL;https://app.stihl.com/nl-nl/mystihl/tools/add/serial-number;2026-10-06;authenticated MY STIHL UI lookup;OFFICIAL_WEB_LOOKUP;OFFICIAL_STIHL_LOOKUP
163126665;"MS 250 .325"" Motorsäge";;Kettingzaag;Benzine;MY_STIHL;https://app.stihl.com/nl-nl/mystihl/tools/add/serial-number;2026-10-06;authenticated MY STIHL UI lookup;OFFICIAL_WEB_LOOKUP;OFFICIAL_STIHL_LOOKUP
163126670;"MS 250 .325"" Motorsäge";;Kettingzaag;Benzine;MY_STIHL;https://app.stihl.com/nl-nl/mystihl/tools/add/serial-number;2026-10-06;authenticated MY STIHL UI lookup;OFFICIAL_WEB_LOOKUP;OFFICIAL_STIHL_LOOKUP
163126675;"MS 250 .325"" Motorsäge";;Kettingzaag;Benzine;MY_STIHL;https://app.stihl.com/nl-nl/mystihl/tools/add/serial-number;2026-10-06;authenticated MY STIHL UI lookup;OFFICIAL_WEB_LOOKUP;OFFICIAL_STIHL_LOOKUP
163126680;"MS 250 .325"" Motorsäge";;Kettingzaag;Benzine;MY_STIHL;https://app.stihl.com/nl-nl/mystihl/tools/add/serial-number;2026-10-06;authenticated MY STIHL UI lookup;OFFICIAL_WEB_LOOKUP;OFFICIAL_STIHL_LOOKUP
163126685;"MS 250 .325"" Motorsäge";;Kettingzaag;Benzine;MY_STIHL;https://app.stihl.com/nl-nl/mystihl/tools/add/serial-number;2026-10-06;authenticated MY STIHL UI lookup;OFFICIAL_WEB_LOOKUP;OFFICIAL_STIHL_LOOKUP
163126690;"MS 250 .325"" Motorsäge";;Kettingzaag;Benzine;MY_STIHL;https://app.stihl.com/nl-nl/mystihl/tools/add/serial-number;2026-10-06;authenticated MY STIHL UI lookup;OFFICIAL_WEB_LOOKUP;OFFICIAL_STIHL_LOOKUP
163126695;"MS 250 .325"" Motorsäge";;Kettingzaag;Benzine;MY_STIHL;https://app.stihl.com/nl-nl/mystihl/tools/add/serial-number;2026-10-06;authenticated MY STIHL UI lookup;OFFICIAL_WEB_LOOKUP;OFFICIAL_STIHL_LOOKUP
163126700;"MS 250 .325"" Motorsäge";;Kettingzaag;Benzine;MY_STIHL;https://app.stihl.com/nl-nl/mystihl/tools/add/serial-number;2026-10-06;authenticated MY STIHL UI lookup;OFFICIAL_WEB_LOOKUP;OFFICIAL_STIHL_LOOKUP
163126705;"MS 250 .325"" Motorsäge";;Kettingzaag;Benzine;MY_STIHL;https://app.stihl.com/nl-nl/mystihl/tools/add/serial-number;2026-10-06;authenticated MY STIHL UI lookup;OFFICIAL_WEB_LOOKUP;OFFICIAL_STIHL_LOOKUP
163126710;"MS 250 .325"" Motorsäge";;Kettingzaag;Benzine;MY_STIHL;https://app.stihl.com/nl-nl/mystihl/tools/add/serial-number;2026-10-06;authenticated MY STIHL UI lookup;OFFICIAL_WEB_LOOKUP;OFFICIAL_STIHL_LOOKUP
163126715;"MS 250 .325"" Motorsäge";;Kettingzaag;Benzine;MY_STIHL;https://app.stihl.com/nl-nl/mystihl/tools/add/serial-number;2026-10-06;authenticated MY STIHL UI lookup;OFFICIAL_WEB_LOOKUP;OFFICIAL_STIHL_LOOKUP
163126720;"MS 250 .325"" Motorsäge";;Kettingzaag;Benzine;MY_STIHL;https://app.stihl.com/nl-nl/mystihl/tools/add/serial-number;2026-10-06;authenticated MY STIHL UI lookup;OFFICIAL_WEB_LOOKUP;OFFICIAL_STIHL_LOOKUP
163126725;"MS 250 .325"" Motorsäge";;Kettingzaag;Benzine;MY_STIHL;https://app.stihl.com/nl-nl/mystihl/tools/add/serial-number;2026-10-06;authenticated MY STIHL UI lookup;OFFICIAL_WEB_LOOKUP;OFFICIAL_STIHL_LOOKUP
163126730;"MS 250 .325"" Motorsäge";;Kettingzaag;Benzine;MY_STIHL;https://app.stihl.com/nl-nl/mystihl/tools/add/serial-number;2026-10-06;authenticated MY STIHL UI lookup;OFFICIAL_WEB_LOOKUP;OFFICIAL_STIHL_LOOKUP
163126735;"MS 250 .325"" Motorsäge";;Kettingzaag;Benzine;MY_STIHL;https://app.stihl.com/nl-nl/mystihl/tools/add/serial-number;2026-10-06;authenticated MY STIHL UI lookup;OFFICIAL_WEB_LOOKUP;OFFICIAL_STIHL_LOOKUP
163126740;"MS 250 .325"" Motorsäge";;Kettingzaag;Benzine;MY_STIHL;https://app.stihl.com/nl-nl/mystihl/tools/add/serial-number;2026-10-06;authenticated MY STIHL UI lookup;OFFICIAL_WEB_LOOKUP;OFFICIAL_STIHL_LOOKUP
163126745;"MS 250 .325"" Motorsäge";;Kettingzaag;Benzine;MY_STIHL;https://app.stihl.com/nl-nl/mystihl/tools/add/serial-number;2026-10-06;authenticated MY STIHL UI lookup;OFFICIAL_WEB_LOOKUP;OFFICIAL_STIHL_LOOKUP
163126750;"MS 250 .325"" Motorsäge";;Kettingzaag;Benzine;MY_STIHL;https://app.stihl.com/nl-nl/mystihl/tools/add/serial-number;2026-10-06;authenticated MY STIHL UI lookup;OFFICIAL_WEB_LOOKUP;OFFICIAL_STIHL_LOOKUP
163126755;"MS 250 .325"" Motorsäge";;Kettingzaag;Benzine;MY_STIHL;https://app.stihl.com/nl-nl/mystihl/tools/add/serial-number;2026-10-06;authenticated MY STIHL UI lookup;OFFICIAL_WEB_LOOKUP;OFFICIAL_STIHL_LOOKUP
163126760;"MS 250 .325"" Motorsäge";;Kettingzaag;Benzine;MY_STIHL;https://app.stihl.com/nl-nl/mystihl/tools/add/serial-number;2026-10-06;authenticated MY STIHL UI lookup;OFFICIAL_WEB_LOOKUP;OFFICIAL_STIHL_LOOKUP
163126765;"MS 250 .325"" Motorsäge";;Kettingzaag;Benzine;MY_STIHL;https://app.stihl.com/nl-nl/mystihl/tools/add/serial-number;2026-10-06;authenticated MY STIHL UI lookup;OFFICIAL_WEB_LOOKUP;OFFICIAL_STIHL_LOOKUP
163126770;"MS 250 .325"" Motorsäge";;Kettingzaag;Benzine;MY_STIHL;https://app.stihl.com/nl-nl/mystihl/tools/add/serial-number;2026-10-06;authenticated MY STIHL UI lookup;OFFICIAL_WEB_LOOKUP;OFFICIAL_STIHL_LOOKUP
163126775;"MS 250 .325"" Motorsäge";;Kettingzaag;Benzine;MY_STIHL;https://app.stihl.com/nl-nl/mystihl/tools/add/serial-number;2026-10-06;authenticated MY STIHL UI lookup;OFFICIAL_WEB_LOOKUP;OFFICIAL_STIHL_LOOKUP
163126780;"MS 250 .325"" Motorsäge";;Kettingzaag;Benzine;MY_STIHL;https://app.stihl.com/nl-nl/mystihl/tools/add/serial-number;2026-10-06;authenticated MY STIHL UI lookup;OFFICIAL_WEB_LOOKUP;OFFICIAL_STIHL_LOOKUP
163126785;"MS 250 .325"" Motorsäge";;Kettingzaag;Benzine;MY_STIHL;https://app.stihl.com/nl-nl/mystihl/tools/add/serial-number;2026-10-06;authenticated MY STIHL UI lookup;OFFICIAL_WEB_LOOKUP;OFFICIAL_STIHL_LOOKUP
163126790;"MS 250 .325"" Motorsäge";;Kettingzaag;Benzine;MY_STIHL;https://app.stihl.com/nl-nl/mystihl/tools/add/serial-number;2026-10-06;authenticated MY STIHL UI lookup;OFFICIAL_WEB_LOOKUP;OFFICIAL_STIHL_LOOKUP
163126795;"MS 250 .325"" Motorsäge";;Kettingzaag;Benzine;MY_STIHL;https://app.stihl.com/nl-nl/mystihl/tools/add/serial-number;2026-10-06;authenticated MY STIHL UI lookup;OFFICIAL_WEB_LOOKUP;OFFICIAL_STIHL_LOOKUP
163126800;"MS 250 .325"" Motorsäge";;Kettingzaag;Benzine;MY_STIHL;https://app.stihl.com/nl-nl/mystihl/tools/add/serial-number;2026-10-06;authenticated MY STIHL UI lookup;OFFICIAL_WEB_LOOKUP;OFFICIAL_STIHL_LOOKUP
163126805;"MS 250 .325"" Motorsäge";;Kettingzaag;Benzine;MY_STIHL;https://app.stihl.com/nl-nl/mystihl/tools/add/serial-number;2026-10-06;authenticated MY STIHL UI lookup;OFFICIAL_WEB_LOOKUP;OFFICIAL_STIHL_LOOKUP
163126810;"MS 250 .325"" Motorsäge";;Kettingzaag;Benzine;MY_STIHL;https://app.stihl.com/nl-nl/mystihl/tools/add/serial-number;2026-10-06;authenticated MY STIHL UI lookup;OFFICIAL_WEB_LOOKUP;OFFICIAL_STIHL_LOOKUP
163126815;"MS 250 .325"" Motorsäge";;Kettingzaag;Benzine;MY_STIHL;https://app.stihl.com/nl-nl/mystihl/tools/add/serial-number;2026-10-06;authenticated MY STIHL UI lookup;OFFICIAL_WEB_LOOKUP;OFFICIAL_STIHL_LOOKUP
163126820;"MS 250 .325"" Motorsäge";;Kettingzaag;Benzine;MY_STIHL;https://app.stihl.com/nl-nl/mystihl/tools/add/serial-number;2026-10-06;authenticated MY STIHL UI lookup;OFFICIAL_WEB_LOOKUP;OFFICIAL_STIHL_LOOKUP
163126825;"MS 250 .325"" Motorsäge";;Kettingzaag;Benzine;MY_STIHL;https://app.stihl.com/nl-nl/mystihl/tools/add/serial-number;2026-10-06;authenticated MY STIHL UI lookup;OFFICIAL_WEB_LOOKUP;OFFICIAL_STIHL_LOOKUP
163126830;"MS 250 .325"" Motorsäge";;Kettingzaag;Benzine;MY_STIHL;https://app.stihl.com/nl-nl/mystihl/tools/add/serial-number;2026-10-06;authenticated MY STIHL UI lookup;OFFICIAL_WEB_LOOKUP;OFFICIAL_STIHL_LOOKUP
163126835;"MS 250 .325"" Motorsäge";;Kettingzaag;Benzine;MY_STIHL;https://app.stihl.com/nl-nl/mystihl/tools/add/serial-number;2026-10-06;authenticated MY STIHL UI lookup;OFFICIAL_WEB_LOOKUP;OFFICIAL_STIHL_LOOKUP
163126840;"MS 250 .325"" Motorsäge";;Kettingzaag;Benzine;MY_STIHL;https://app.stihl.com/nl-nl/mystihl/tools/add/serial-number;2026-10-06;authenticated MY STIHL UI lookup;OFFICIAL_WEB_LOOKUP;OFFICIAL_STIHL_LOOKUP
163126845;"MS 250 .325"" Motorsäge";;Kettingzaag;Benzine;MY_STIHL;https://app.stihl.com/nl-nl/mystihl/tools/add/serial-number;2026-10-06;authenticated MY STIHL UI lookup;OFFICIAL_WEB_LOOKUP;OFFICIAL_STIHL_LOOKUP
163126850;"MS 250 .325"" Motorsäge";;Kettingzaag;Benzine;MY_STIHL;https://app.stihl.com/nl-nl/mystihl/tools/add/serial-number;2026-10-06;authenticated MY STIHL UI lookup;OFFICIAL_WEB_LOOKUP;OFFICIAL_STIHL_LOOKUP
163126855;"MS 250 .325"" Motorsäge";;Kettingzaag;Benzine;MY_STIHL;https://app.stihl.com/nl-nl/mystihl/tools/add/serial-number;2026-10-06;authenticated MY STIHL UI lookup;OFFICIAL_WEB_LOOKUP;OFFICIAL_STIHL_LOOKUP
163126860;"MS 250 .325"" Motorsäge";;Kettingzaag;Benzine;MY_STIHL;https://app.stihl.com/nl-nl/mystihl/tools/add/serial-number;2026-10-06;authenticated MY STIHL UI lookup;OFFICIAL_WEB_LOOKUP;OFFICIAL_STIHL_LOOKUP
163126865;"MS 250 .325"" Motorsäge";;Kettingzaag;Benzine;MY_STIHL;https://app.stihl.com/nl-nl/mystihl/tools/add/serial-number;2026-10-06;authenticated MY STIHL UI lookup;OFFICIAL_WEB_LOOKUP;OFFICIAL_STIHL_LOOKUP
163126870;"MS 250 .325"" Motorsäge";;Kettingzaag;Benzine;MY_STIHL;https://app.stihl.com/nl-nl/mystihl/tools/add/serial-number;2026-10-06;authenticated MY STIHL UI lookup;OFFICIAL_WEB_LOOKUP;OFFICIAL_STIHL_LOOKUP
163126875;"MS 250 .325"" Motorsäge";;Kettingzaag;Benzine;MY_STIHL;https://app.stihl.com/nl-nl/mystihl/tools/add/serial-number;2026-10-06;authenticated MY STIHL UI lookup;OFFICIAL_WEB_LOOKUP;OFFICIAL_STIHL_LOOKUP
163126880;"MS 250 .325"" Motorsäge";;Kettingzaag;Benzine;MY_STIHL;https://app.stihl.com/nl-nl/mystihl/tools/add/serial-number;2026-10-06;authenticated MY STIHL UI lookup;OFFICIAL_WEB_LOOKUP;OFFICIAL_STIHL_LOOKUP
163126885;"MS 250 .325"" Motorsäge";;Kettingzaag;Benzine;MY_STIHL;https://app.stihl.com/nl-nl/mystihl/tools/add/serial-number;2026-10-06;authenticated MY STIHL UI lookup;OFFICIAL_WEB_LOOKUP;OFFICIAL_STIHL_LOOKUP
163126890;"MS 250 .325"" Motorsäge";;Kettingzaag;Benzine;MY_STIHL;https://app.stihl.com/nl-nl/mystihl/tools/add/serial-number;2026-10-06;authenticated MY STIHL UI lookup;OFFICIAL_WEB_LOOKUP;OFFICIAL_STIHL_LOOKUP
163126895;"MS 250 .325"" Motorsäge";;Kettingzaag;Benzine;MY_STIHL;https://app.stihl.com/nl-nl/mystihl/tools/add/serial-number;2026-10-06;authenticated MY STIHL UI lookup;OFFICIAL_WEB_LOOKUP;OFFICIAL_STIHL_LOOKUP
163126900;"MS 250 .325"" Motorsäge";;Kettingzaag;Benzine;MY_STIHL;https://app.stihl.com/nl-nl/mystihl/tools/add/serial-number;2026-10-06;authenticated MY STIHL UI lookup;OFFICIAL_WEB_LOOKUP;OFFICIAL_STIHL_LOOKUP
163126905;"MS 250 .325"" Motorsäge";;Kettingzaag;Benzine;MY_STIHL;https://app.stihl.com/nl-nl/mystihl/tools/add/serial-number;2026-10-06;authenticated MY STIHL UI lookup;OFFICIAL_WEB_LOOKUP;OFFICIAL_STIHL_LOOKUP
163126910;"MS 250 .325"" Motorsäge";;Kettingzaag;Benzine;MY_STIHL;https://app.stihl.com/nl-nl/mystihl/tools/add/serial-number;2026-10-06;authenticated MY STIHL UI lookup;OFFICIAL_WEB_LOOKUP;OFFICIAL_STIHL_LOOKUP
163126915;"MS 250 .325"" Motorsäge";;Kettingzaag;Benzine;MY_STIHL;https://app.stihl.com/nl-nl/mystihl/tools/add/serial-number;2026-10-06;authenticated MY STIHL UI lookup;OFFICIAL_WEB_LOOKUP;OFFICIAL_STIHL_LOOKUP
163126920;"MS 250 .325"" Motorsäge";;Kettingzaag;Benzine;MY_STIHL;https://app.stihl.com/nl-nl/mystihl/tools/add/serial-number;2026-10-06;authenticated MY STIHL UI lookup;OFFICIAL_WEB_LOOKUP;OFFICIAL_STIHL_LOOKUP
163126925;"MS 250 .325"" Motorsäge";;Kettingzaag;Benzine;MY_STIHL;https://app.stihl.com/nl-nl/mystihl/tools/add/serial-number;2026-10-06;authenticated MY STIHL UI lookup;OFFICIAL_WEB_LOOKUP;OFFICIAL_STIHL_LOOKUP
163126930;"MS 250 .325"" Motorsäge";;Kettingzaag;Benzine;MY_STIHL;https://app.stihl.com/nl-nl/mystihl/tools/add/serial-number;2026-10-06;authenticated MY STIHL UI lookup;OFFICIAL_WEB_LOOKUP;OFFICIAL_STIHL_LOOKUP
163126935;"MS 250 .325"" Motorsäge";;Kettingzaag;Benzine;MY_STIHL;https://app.stihl.com/nl-nl/mystihl/tools/add/serial-number;2026-10-06;authenticated MY STIHL UI lookup;OFFICIAL_WEB_LOOKUP;OFFICIAL_STIHL_LOOKUP
163126940;"MS 250 .325"" Motorsäge";;Kettingzaag;Benzine;MY_STIHL;https://app.stihl.com/nl-nl/mystihl/tools/add/serial-number;2026-10-06;authenticated MY STIHL UI lookup;OFFICIAL_WEB_LOOKUP;OFFICIAL_STIHL_LOOKUP
163126945;"MS 250 .325"" Motorsäge";;Kettingzaag;Benzine;MY_STIHL;https://app.stihl.com/nl-nl/mystihl/tools/add/serial-number;2026-10-06;authenticated MY STIHL UI lookup;OFFICIAL_WEB_LOOKUP;OFFICIAL_STIHL_LOOKUP
163126950;"MS 250 .325"" Motorsäge";;Kettingzaag;Benzine;MY_STIHL;https://app.stihl.com/nl-nl/mystihl/tools/add/serial-number;2026-10-06;authenticated MY STIHL UI lookup;OFFICIAL_WEB_LOOKUP;OFFICIAL_STIHL_LOOKUP
163126955;"MS 250 .325"" Motorsäge";;Kettingzaag;Benzine;MY_STIHL;https://app.stihl.com/nl-nl/mystihl/tools/add/serial-number;2026-10-06;authenticated MY STIHL UI lookup;OFFICIAL_WEB_LOOKUP;OFFICIAL_STIHL_LOOKUP
163126960;"MS 250 .325"" Motorsäge";;Kettingzaag;Benzine;MY_STIHL;https://app.stihl.com/nl-nl/mystihl/tools/add/serial-number;2026-10-06;authenticated MY STIHL UI lookup;OFFICIAL_WEB_LOOKUP;OFFICIAL_STIHL_LOOKUP
163126965;"MS 250 .325"" Motorsäge";;Kettingzaag;Benzine;MY_STIHL;https://app.stihl.com/nl-nl/mystihl/tools/add/serial-number;2026-10-06;authenticated MY STIHL UI lookup;OFFICIAL_WEB_LOOKUP;OFFICIAL_STIHL_LOOKUP
163126970;"MS 250 .325"" Motorsäge";;Kettingzaag;Benzine;MY_STIHL;https://app.stihl.com/nl-nl/mystihl/tools/add/serial-number;2026-10-06;authenticated MY STIHL UI lookup;OFFICIAL_WEB_LOOKUP;OFFICIAL_STIHL_LOOKUP
163126975;"MS 250 .325"" Motorsäge";;Kettingzaag;Benzine;MY_STIHL;https://app.stihl.com/nl-nl/mystihl/tools/add/serial-number;2026-10-06;authenticated MY STIHL UI lookup;OFFICIAL_WEB_LOOKUP;OFFICIAL_STIHL_LOOKUP
163126980;"MS 250 .325"" Motorsäge";;Kettingzaag;Benzine;MY_STIHL;https://app.stihl.com/nl-nl/mystihl/tools/add/serial-number;2026-10-06;authenticated MY STIHL UI lookup;OFFICIAL_WEB_LOOKUP;OFFICIAL_STIHL_LOOKUP
163126985;"MS 250 .325"" Motorsäge";;Kettingzaag;Benzine;MY_STIHL;https://app.stihl.com/nl-nl/mystihl/tools/add/serial-number;2026-10-06;authenticated MY STIHL UI lookup;OFFICIAL_WEB_LOOKUP;OFFICIAL_STIHL_LOOKUP
163126990;"MS 250 .325"" Motorsäge";;Kettingzaag;Benzine;MY_STIHL;https://app.stihl.com/nl-nl/mystihl/tools/add/serial-number;2026-10-06;authenticated MY STIHL UI lookup;OFFICIAL_WEB_LOOKUP;OFFICIAL_STIHL_LOOKUP
163126995;"MS 250 .325"" Motorsäge";;Kettingzaag;Benzine;MY_STIHL;https://app.stihl.com/nl-nl/mystihl/tools/add/serial-number;2026-10-06;authenticated MY STIHL UI lookup;OFFICIAL_WEB_LOOKUP;OFFICIAL_STIHL_LOOKUP
163127000;"MS 250 .325"" Motorsäge";;Kettingzaag;Benzine;MY_STIHL;https://app.stihl.com/nl-nl/mystihl/tools/add/serial-number;2026-10-06;authenticated MY STIHL UI lookup;OFFICIAL_WEB_LOOKUP;OFFICIAL_STIHL_LOOKUP
163127005;"MS 250 .325"" Motorsäge";;Kettingzaag;Benzine;MY_STIHL;https://app.stihl.com/nl-nl/mystihl/tools/add/serial-number;2026-10-06;authenticated MY STIHL UI lookup;OFFICIAL_WEB_LOOKUP;OFFICIAL_STIHL_LOOKUP
163127010;"MS 250 .325"" Motorsäge";;Kettingzaag;Benzine;MY_STIHL;https://app.stihl.com/nl-nl/mystihl/tools/add/serial-number;2026-10-06;authenticated MY STIHL UI lookup;OFFICIAL_WEB_LOOKUP;OFFICIAL_STIHL_LOOKUP
163127015;"MS 250 .325"" Motorsäge";;Kettingzaag;Benzine;MY_STIHL;https://app.stihl.com/nl-nl/mystihl/tools/add/serial-number;2026-10-06;authenticated MY STIHL UI lookup;OFFICIAL_WEB_LOOKUP;OFFICIAL_STIHL_LOOKUP
163127020;"MS 250 .325"" Motorsäge";;Kettingzaag;Benzine;MY_STIHL;https://app.stihl.com/nl-nl/mystihl/tools/add/serial-number;2026-10-06;authenticated MY STIHL UI lookup;OFFICIAL_WEB_LOOKUP;OFFICIAL_STIHL_LOOKUP
163127025;"MS 250 .325"" Motorsäge";;Kettingzaag;Benzine;MY_STIHL;https://app.stihl.com/nl-nl/mystihl/tools/add/serial-number;2026-10-06;authenticated MY STIHL UI lookup;OFFICIAL_WEB_LOOKUP;OFFICIAL_STIHL_LOOKUP
163127030;"MS 250 .325"" Motorsäge";;Kettingzaag;Benzine;MY_STIHL;https://app.stihl.com/nl-nl/mystihl/tools/add/serial-number;2026-10-06;authenticated MY STIHL UI lookup;OFFICIAL_WEB_LOOKUP;OFFICIAL_STIHL_LOOKUP
163127035;"MS 250 .325"" Motorsäge";;Kettingzaag;Benzine;MY_STIHL;https://app.stihl.com/nl-nl/mystihl/tools/add/serial-number;2026-10-06;authenticated MY STIHL UI lookup;OFFICIAL_WEB_LOOKUP;OFFICIAL_STIHL_LOOKUP
163127040;"MS 250 .325"" Motorsäge";;Kettingzaag;Benzine;MY_STIHL;https://app.stihl.com/nl-nl/mystihl/tools/add/serial-number;2026-10-06;authenticated MY STIHL UI lookup;OFFICIAL_WEB_LOOKUP;OFFICIAL_STIHL_LOOKUP
163127045;"MS 250 .325"" Motorsäge";;Kettingzaag;Benzine;MY_STIHL;https://app.stihl.com/nl-nl/mystihl/tools/add/serial-number;2026-10-06;authenticated MY STIHL UI lookup;OFFICIAL_WEB_LOOKUP;OFFICIAL_STIHL_LOOKUP
163127050;"MS 250 .325"" Motorsäge";;Kettingzaag;Benzine;MY_STIHL;https://app.stihl.com/nl-nl/mystihl/tools/add/serial-number;2026-10-06;authenticated MY STIHL UI lookup;OFFICIAL_WEB_LOOKUP;OFFICIAL_STIHL_LOOKUP
163127055;"MS 250 .325"" Motorsäge";;Kettingzaag;Benzine;MY_STIHL;https://app.stihl.com/nl-nl/mystihl/tools/add/serial-number;2026-10-06;authenticated MY STIHL UI lookup;OFFICIAL_WEB_LOOKUP;OFFICIAL_STIHL_LOOKUP
163127060;"MS 250 .325"" Motorsäge";;Kettingzaag;Benzine;MY_STIHL;https://app.stihl.com/nl-nl/mystihl/tools/add/serial-number;2026-10-06;authenticated MY STIHL UI lookup;OFFICIAL_WEB_LOOKUP;OFFICIAL_STIHL_LOOKUP
163127065;"MS 250 .325"" Motorsäge";;Kettingzaag;Benzine;MY_STIHL;https://app.stihl.com/nl-nl/mystihl/tools/add/serial-number;2026-10-06;authenticated MY STIHL UI lookup;OFFICIAL_WEB_LOOKUP;OFFICIAL_STIHL_LOOKUP
163127070;"MS 250 .325"" Motorsäge";;Kettingzaag;Benzine;MY_STIHL;https://app.stihl.com/nl-nl/mystihl/tools/add/serial-number;2026-10-06;authenticated MY STIHL UI lookup;OFFICIAL_WEB_LOOKUP;OFFICIAL_STIHL_LOOKUP
163127075;"MS 250 .325"" Motorsäge";;Kettingzaag;Benzine;MY_STIHL;https://app.stihl.com/nl-nl/mystihl/tools/add/serial-number;2026-10-06;authenticated MY STIHL UI lookup;OFFICIAL_WEB_LOOKUP;OFFICIAL_STIHL_LOOKUP
163127080;"MS 250 .325"" Motorsäge";;Kettingzaag;Benzine;MY_STIHL;https://app.stihl.com/nl-nl/mystihl/tools/add/serial-number;2026-10-06;authenticated MY STIHL UI lookup;OFFICIAL_WEB_LOOKUP;OFFICIAL_STIHL_LOOKUP
163127085;"MS 250 .325"" Motorsäge";;Kettingzaag;Benzine;MY_STIHL;https://app.stihl.com/nl-nl/mystihl/tools/add/serial-number;2026-10-06;authenticated MY STIHL UI lookup;OFFICIAL_WEB_LOOKUP;OFFICIAL_STIHL_LOOKUP
163127090;"MS 250 .325"" Motorsäge";;Kettingzaag;Benzine;MY_STIHL;https://app.stihl.com/nl-nl/mystihl/tools/add/serial-number;2026-10-06;authenticated MY STIHL UI lookup;OFFICIAL_WEB_LOOKUP;OFFICIAL_STIHL_LOOKUP
163127095;"MS 250 .325"" Motorsäge";;Kettingzaag;Benzine;MY_STIHL;https://app.stihl.com/nl-nl/mystihl/tools/add/serial-number;2026-10-06;authenticated MY STIHL UI lookup;OFFICIAL_WEB_LOOKUP;OFFICIAL_STIHL_LOOKUP
163127100;"MS 250 .325"" Motorsäge";;Kettingzaag;Benzine;MY_STIHL;https://app.stihl.com/nl-nl/mystihl/tools/add/serial-number;2026-10-06;authenticated MY STIHL UI lookup;OFFICIAL_WEB_LOOKUP;OFFICIAL_STIHL_LOOKUP
163127105;"MS 250 .325"" Motorsäge";;Kettingzaag;Benzine;MY_STIHL;https://app.stihl.com/nl-nl/mystihl/tools/add/serial-number;2026-10-06;authenticated MY STIHL UI lookup;OFFICIAL_WEB_LOOKUP;OFFICIAL_STIHL_LOOKUP
163127110;"MS 250 .325"" Motorsäge";;Kettingzaag;Benzine;MY_STIHL;https://app.stihl.com/nl-nl/mystihl/tools/add/serial-number;2026-10-06;authenticated MY STIHL UI lookup;OFFICIAL_WEB_LOOKUP;OFFICIAL_STIHL_LOOKUP
163127115;"MS 250 .325"" Motorsäge";;Kettingzaag;Benzine;MY_STIHL;https://app.stihl.com/nl-nl/mystihl/tools/add/serial-number;2026-10-06;authenticated MY STIHL UI lookup;OFFICIAL_WEB_LOOKUP;OFFICIAL_STIHL_LOOKUP
163127120;"MS 250 .325"" Motorsäge";;Kettingzaag;Benzine;MY_STIHL;https://app.stihl.com/nl-nl/mystihl/tools/add/serial-number;2026-10-06;authenticated MY STIHL UI lookup;OFFICIAL_WEB_LOOKUP;OFFICIAL_STIHL_LOOKUP
163127125;"MS 250 .325"" Motorsäge";;Kettingzaag;Benzine;MY_STIHL;https://app.stihl.com/nl-nl/mystihl/tools/add/serial-number;2026-10-06;authenticated MY STIHL UI lookup;OFFICIAL_WEB_LOOKUP;OFFICIAL_STIHL_LOOKUP
163127130;"MS 250 .325"" Motorsäge";;Kettingzaag;Benzine;MY_STIHL;https://app.stihl.com/nl-nl/mystihl/tools/add/serial-number;2026-10-06;authenticated MY STIHL UI lookup;OFFICIAL_WEB_LOOKUP;OFFICIAL_STIHL_LOOKUP
163127135;"MS 250 .325"" Motorsäge";;Kettingzaag;Benzine;MY_STIHL;https://app.stihl.com/nl-nl/mystihl/tools/add/serial-number;2026-10-06;authenticated MY STIHL UI lookup;OFFICIAL_WEB_LOOKUP;OFFICIAL_STIHL_LOOKUP
163127140;"MS 250 .325"" Motorsäge";;Kettingzaag;Benzine;MY_STIHL;https://app.stihl.com/nl-nl/mystihl/tools/add/serial-number;2026-10-06;authenticated MY STIHL UI lookup;OFFICIAL_WEB_LOOKUP;OFFICIAL_STIHL_LOOKUP
163127145;"MS 250 .325"" Motorsäge";;Kettingzaag;Benzine;MY_STIHL;https://app.stihl.com/nl-nl/mystihl/tools/add/serial-number;2026-10-06;authenticated MY STIHL UI lookup;OFFICIAL_WEB_LOOKUP;OFFICIAL_STIHL_LOOKUP
163127150;"MS 250 .325"" Motorsäge";;Kettingzaag;Benzine;MY_STIHL;https://app.stihl.com/nl-nl/mystihl/tools/add/serial-number;2026-10-06;authenticated MY STIHL UI lookup;OFFICIAL_WEB_LOOKUP;OFFICIAL_STIHL_LOOKUP
163127155;"MS 250 .325"" Motorsäge";;Kettingzaag;Benzine;MY_STIHL;https://app.stihl.com/nl-nl/mystihl/tools/add/serial-number;2026-10-06;authenticated MY STIHL UI lookup;OFFICIAL_WEB_LOOKUP;OFFICIAL_STIHL_LOOKUP
163127160;"MS 250 .325"" Motorsäge";;Kettingzaag;Benzine;MY_STIHL;https://app.stihl.com/nl-nl/mystihl/tools/add/serial-number;2026-10-06;authenticated MY STIHL UI lookup;OFFICIAL_WEB_LOOKUP;OFFICIAL_STIHL_LOOKUP
163127165;"MS 250 .325"" Motorsäge";;Kettingzaag;Benzine;MY_STIHL;https://app.stihl.com/nl-nl/mystihl/tools/add/serial-number;2026-10-06;authenticated MY STIHL UI lookup;OFFICIAL_WEB_LOOKUP;OFFICIAL_STIHL_LOOKUP
163127170;"MS 250 .325"" Motorsäge";;Kettingzaag;Benzine;MY_STIHL;https://app.stihl.com/nl-nl/mystihl/tools/add/serial-number;2026-10-06;authenticated MY STIHL UI lookup;OFFICIAL_WEB_LOOKUP;OFFICIAL_STIHL_LOOKUP
163127175;"MS 250 .325"" Motorsäge";;Kettingzaag;Benzine;MY_STIHL;https://app.stihl.com/nl-nl/mystihl/tools/add/serial-number;2026-10-06;authenticated MY STIHL UI lookup;OFFICIAL_WEB_LOOKUP;OFFICIAL_STIHL_LOOKUP
163127180;"MS 250 .325"" Motorsäge";;Kettingzaag;Benzine;MY_STIHL;https://app.stihl.com/nl-nl/mystihl/tools/add/serial-number;2026-10-06;authenticated MY STIHL UI lookup;OFFICIAL_WEB_LOOKUP;OFFICIAL_STIHL_LOOKUP
163127185;"MS 250 .325"" Motorsäge";;Kettingzaag;Benzine;MY_STIHL;https://app.stihl.com/nl-nl/mystihl/tools/add/serial-number;2026-10-06;authenticated MY STIHL UI lookup;OFFICIAL_WEB_LOOKUP;OFFICIAL_STIHL_LOOKUP
163127190;"MS 250 .325"" Motorsäge";;Kettingzaag;Benzine;MY_STIHL;https://app.stihl.com/nl-nl/mystihl/tools/add/serial-number;2026-10-06;authenticated MY STIHL UI lookup;OFFICIAL_WEB_LOOKUP;OFFICIAL_STIHL_LOOKUP
163127195;"MS 250 .325"" Motorsäge";;Kettingzaag;Benzine;MY_STIHL;https://app.stihl.com/nl-nl/mystihl/tools/add/serial-number;2026-10-06;authenticated MY STIHL UI lookup;OFFICIAL_WEB_LOOKUP;OFFICIAL_STIHL_LOOKUP
163127200;"MS 250 .325"" Motorsäge";;Kettingzaag;Benzine;MY_STIHL;https://app.stihl.com/nl-nl/mystihl/tools/add/serial-number;2026-10-06;authenticated MY STIHL UI lookup;OFFICIAL_WEB_LOOKUP;OFFICIAL_STIHL_LOOKUP
163127205;"MS 250 .325"" Motorsäge";;Kettingzaag;Benzine;MY_STIHL;https://app.stihl.com/nl-nl/mystihl/tools/add/serial-number;2026-10-06;authenticated MY STIHL UI lookup;OFFICIAL_WEB_LOOKUP;OFFICIAL_STIHL_LOOKUP
163127210;"MS 250 .325"" Motorsäge";;Kettingzaag;Benzine;MY_STIHL;https://app.stihl.com/nl-nl/mystihl/tools/add/serial-number;2026-10-06;authenticated MY STIHL UI lookup;OFFICIAL_WEB_LOOKUP;OFFICIAL_STIHL_LOOKUP
163127215;"MS 250 .325"" Motorsäge";;Kettingzaag;Benzine;MY_STIHL;https://app.stihl.com/nl-nl/mystihl/tools/add/serial-number;2026-10-06;authenticated MY STIHL UI lookup;OFFICIAL_WEB_LOOKUP;OFFICIAL_STIHL_LOOKUP
163127220;"MS 250 .325"" Motorsäge";;Kettingzaag;Benzine;MY_STIHL;https://app.stihl.com/nl-nl/mystihl/tools/add/serial-number;2026-10-06;authenticated MY STIHL UI lookup;OFFICIAL_WEB_LOOKUP;OFFICIAL_STIHL_LOOKUP
163127225;"MS 250 .325"" Motorsäge";;Kettingzaag;Benzine;MY_STIHL;https://app.stihl.com/nl-nl/mystihl/tools/add/serial-number;2026-10-06;authenticated MY STIHL UI lookup;OFFICIAL_WEB_LOOKUP;OFFICIAL_STIHL_LOOKUP
163127230;"MS 250 .325"" Motorsäge";;Kettingzaag;Benzine;MY_STIHL;https://app.stihl.com/nl-nl/mystihl/tools/add/serial-number;2026-10-06;authenticated MY STIHL UI lookup;OFFICIAL_WEB_LOOKUP;OFFICIAL_STIHL_LOOKUP
163127235;"MS 250 .325"" Motorsäge";;Kettingzaag;Benzine;MY_STIHL;https://app.stihl.com/nl-nl/mystihl/tools/add/serial-number;2026-10-06;authenticated MY STIHL UI lookup;OFFICIAL_WEB_LOOKUP;OFFICIAL_STIHL_LOOKUP
163127240;"MS 250 .325"" Motorsäge";;Kettingzaag;Benzine;MY_STIHL;https://app.stihl.com/nl-nl/mystihl/tools/add/serial-number;2026-10-06;authenticated MY STIHL UI lookup;OFFICIAL_WEB_LOOKUP;OFFICIAL_STIHL_LOOKUP
163127245;"MS 250 .325"" Motorsäge";;Kettingzaag;Benzine;MY_STIHL;https://app.stihl.com/nl-nl/mystihl/tools/add/serial-number;2026-10-06;authenticated MY STIHL UI lookup;OFFICIAL_WEB_LOOKUP;OFFICIAL_STIHL_LOOKUP
163127250;"MS 250 .325"" Motorsäge";;Kettingzaag;Benzine;MY_STIHL;https://app.stihl.com/nl-nl/mystihl/tools/add/serial-number;2026-10-06;authenticated MY STIHL UI lookup;OFFICIAL_WEB_LOOKUP;OFFICIAL_STIHL_LOOKUP
163127255;"MS 250 .325"" Motorsäge";;Kettingzaag;Benzine;MY_STIHL;https://app.stihl.com/nl-nl/mystihl/tools/add/serial-number;2026-10-06;authenticated MY STIHL UI lookup;OFFICIAL_WEB_LOOKUP;OFFICIAL_STIHL_LOOKUP
163127260;"MS 250 .325"" Motorsäge";;Kettingzaag;Benzine;MY_STIHL;https://app.stihl.com/nl-nl/mystihl/tools/add/serial-number;2026-10-06;authenticated MY STIHL UI lookup;OFFICIAL_WEB_LOOKUP;OFFICIAL_STIHL_LOOKUP
163127265;"MS 250 .325"" Motorsäge";;Kettingzaag;Benzine;MY_STIHL;https://app.stihl.com/nl-nl/mystihl/tools/add/serial-number;2026-10-06;authenticated MY STIHL UI lookup;OFFICIAL_WEB_LOOKUP;OFFICIAL_STIHL_LOOKUP
163127270;"MS 250 .325"" Motorsäge";;Kettingzaag;Benzine;MY_STIHL;https://app.stihl.com/nl-nl/mystihl/tools/add/serial-number;2026-10-06;authenticated MY STIHL UI lookup;OFFICIAL_WEB_LOOKUP;OFFICIAL_STIHL_LOOKUP
163127275;"MS 250 .325"" Motorsäge";;Kettingzaag;Benzine;MY_STIHL;https://app.stihl.com/nl-nl/mystihl/tools/add/serial-number;2026-10-06;authenticated MY STIHL UI lookup;OFFICIAL_WEB_LOOKUP;OFFICIAL_STIHL_LOOKUP
163127280;"MS 250 .325"" Motorsäge";;Kettingzaag;Benzine;MY_STIHL;https://app.stihl.com/nl-nl/mystihl/tools/add/serial-number;2026-10-06;authenticated MY STIHL UI lookup;OFFICIAL_WEB_LOOKUP;OFFICIAL_STIHL_LOOKUP
163127285;"MS 250 .325"" Motorsäge";;Kettingzaag;Benzine;MY_STIHL;https://app.stihl.com/nl-nl/mystihl/tools/add/serial-number;2026-10-06;authenticated MY STIHL UI lookup;OFFICIAL_WEB_LOOKUP;OFFICIAL_STIHL_LOOKUP
163127290;"MS 250 .325"" Motorsäge";;Kettingzaag;Benzine;MY_STIHL;https://app.stihl.com/nl-nl/mystihl/tools/add/serial-number;2026-10-06;authenticated MY STIHL UI lookup;OFFICIAL_WEB_LOOKUP;OFFICIAL_STIHL_LOOKUP
163127295;"MS 250 .325"" Motorsäge";;Kettingzaag;Benzine;MY_STIHL;https://app.stihl.com/nl-nl/mystihl/tools/add/serial-number;2026-10-06;authenticated MY STIHL UI lookup;OFFICIAL_WEB_LOOKUP;OFFICIAL_STIHL_LOOKUP
163127300;"MS 250 .325"" Motorsäge";;Kettingzaag;Benzine;MY_STIHL;https://app.stihl.com/nl-nl/mystihl/tools/add/serial-number;2026-10-06;authenticated MY STIHL UI lookup;OFFICIAL_WEB_LOOKUP;OFFICIAL_STIHL_LOOKUP
163127305;"MS 250 .325"" Motorsäge";;Kettingzaag;Benzine;MY_STIHL;https://app.stihl.com/nl-nl/mystihl/tools/add/serial-number;2026-10-06;authenticated MY STIHL UI lookup;OFFICIAL_WEB_LOOKUP;OFFICIAL_STIHL_LOOKUP
163127310;"MS 250 .325"" Motorsäge";;Kettingzaag;Benzine;MY_STIHL;https://app.stihl.com/nl-nl/mystihl/tools/add/serial-number;2026-10-06;authenticated MY STIHL UI lookup;OFFICIAL_WEB_LOOKUP;OFFICIAL_STIHL_LOOKUP
163127315;"MS 250 .325"" Motorsäge";;Kettingzaag;Benzine;MY_STIHL;https://app.stihl.com/nl-nl/mystihl/tools/add/serial-number;2026-10-06;authenticated MY STIHL UI lookup;OFFICIAL_WEB_LOOKUP;OFFICIAL_STIHL_LOOKUP
163127320;"MS 250 .325"" Motorsäge";;Kettingzaag;Benzine;MY_STIHL;https://app.stihl.com/nl-nl/mystihl/tools/add/serial-number;2026-10-06;authenticated MY STIHL UI lookup;OFFICIAL_WEB_LOOKUP;OFFICIAL_STIHL_LOOKUP
163127325;"MS 250 .325"" Motorsäge";;Kettingzaag;Benzine;MY_STIHL;https://app.stihl.com/nl-nl/mystihl/tools/add/serial-number;2026-10-06;authenticated MY STIHL UI lookup;OFFICIAL_WEB_LOOKUP;OFFICIAL_STIHL_LOOKUP
163127330;"MS 250 .325"" Motorsäge";;Kettingzaag;Benzine;MY_STIHL;https://app.stihl.com/nl-nl/mystihl/tools/add/serial-number;2026-10-06;authenticated MY STIHL UI lookup;OFFICIAL_WEB_LOOKUP;OFFICIAL_STIHL_LOOKUP
163127335;"MS 250 .325"" Motorsäge";;Kettingzaag;Benzine;MY_STIHL;https://app.stihl.com/nl-nl/mystihl/tools/add/serial-number;2026-10-06;authenticated MY STIHL UI lookup;OFFICIAL_WEB_LOOKUP;OFFICIAL_STIHL_LOOKUP
163127340;"MS 250 .325"" Motorsäge";;Kettingzaag;Benzine;MY_STIHL;https://app.stihl.com/nl-nl/mystihl/tools/add/serial-number;2026-10-06;authenticated MY STIHL UI lookup;OFFICIAL_WEB_LOOKUP;OFFICIAL_STIHL_LOOKUP
163127345;"MS 250 .325"" Motorsäge";;Kettingzaag;Benzine;MY_STIHL;https://app.stihl.com/nl-nl/mystihl/tools/add/serial-number;2026-10-06;authenticated MY STIHL UI lookup;OFFICIAL_WEB_LOOKUP;OFFICIAL_STIHL_LOOKUP
163127350;"MS 250 .325"" Motorsäge";;Kettingzaag;Benzine;MY_STIHL;https://app.stihl.com/nl-nl/mystihl/tools/add/serial-number;2026-10-06;authenticated MY STIHL UI lookup;OFFICIAL_WEB_LOOKUP;OFFICIAL_STIHL_LOOKUP
163127355;"MS 250 .325"" Motorsäge";;Kettingzaag;Benzine;MY_STIHL;https://app.stihl.com/nl-nl/mystihl/tools/add/serial-number;2026-10-06;authenticated MY STIHL UI lookup;OFFICIAL_WEB_LOOKUP;OFFICIAL_STIHL_LOOKUP
163127360;"MS 250 .325"" Motorsäge";;Kettingzaag;Benzine;MY_STIHL;https://app.stihl.com/nl-nl/mystihl/tools/add/serial-number;2026-10-06;authenticated MY STIHL UI lookup;OFFICIAL_WEB_LOOKUP;OFFICIAL_STIHL_LOOKUP
163127365;"MS 250 .325"" Motorsäge";;Kettingzaag;Benzine;MY_STIHL;https://app.stihl.com/nl-nl/mystihl/tools/add/serial-number;2026-10-06;authenticated MY STIHL UI lookup;OFFICIAL_WEB_LOOKUP;OFFICIAL_STIHL_LOOKUP
163127370;"MS 250 .325"" Motorsäge";;Kettingzaag;Benzine;MY_STIHL;https://app.stihl.com/nl-nl/mystihl/tools/add/serial-number;2026-10-06;authenticated MY STIHL UI lookup;OFFICIAL_WEB_LOOKUP;OFFICIAL_STIHL_LOOKUP
163127375;"MS 250 .325"" Motorsäge";;Kettingzaag;Benzine;MY_STIHL;https://app.stihl.com/nl-nl/mystihl/tools/add/serial-number;2026-10-06;authenticated MY STIHL UI lookup;OFFICIAL_WEB_LOOKUP;OFFICIAL_STIHL_LOOKUP
163127380;"MS 250 .325"" Motorsäge";;Kettingzaag;Benzine;MY_STIHL;https://app.stihl.com/nl-nl/mystihl/tools/add/serial-number;2026-10-06;authenticated MY STIHL UI lookup;OFFICIAL_WEB_LOOKUP;OFFICIAL_STIHL_LOOKUP
163127385;"MS 250 .325"" Motorsäge";;Kettingzaag;Benzine;MY_STIHL;https://app.stihl.com/nl-nl/mystihl/tools/add/serial-number;2026-10-06;authenticated MY STIHL UI lookup;OFFICIAL_WEB_LOOKUP;OFFICIAL_STIHL_LOOKUP
163127390;"MS 250 .325"" Motorsäge";;Kettingzaag;Benzine;MY_STIHL;https://app.stihl.com/nl-nl/mystihl/tools/add/serial-number;2026-10-06;authenticated MY STIHL UI lookup;OFFICIAL_WEB_LOOKUP;OFFICIAL_STIHL_LOOKUP
163127395;"MS 250 .325"" Motorsäge";;Kettingzaag;Benzine;MY_STIHL;https://app.stihl.com/nl-nl/mystihl/tools/add/serial-number;2026-10-06;authenticated MY STIHL UI lookup;OFFICIAL_WEB_LOOKUP;OFFICIAL_STIHL_LOOKUP
163127400;"MS 250 .325"" Motorsäge";;Kettingzaag;Benzine;MY_STIHL;https://app.stihl.com/nl-nl/mystihl/tools/add/serial-number;2026-10-06;authenticated MY STIHL UI lookup;OFFICIAL_WEB_LOOKUP;OFFICIAL_STIHL_LOOKUP
163127405;"MS 250 .325"" Motorsäge";;Kettingzaag;Benzine;MY_STIHL;https://app.stihl.com/nl-nl/mystihl/tools/add/serial-number;2026-10-06;authenticated MY STIHL UI lookup;OFFICIAL_WEB_LOOKUP;OFFICIAL_STIHL_LOOKUP
163127410;"MS 250 .325"" Motorsäge";;Kettingzaag;Benzine;MY_STIHL;https://app.stihl.com/nl-nl/mystihl/tools/add/serial-number;2026-10-06;authenticated MY STIHL UI lookup;OFFICIAL_WEB_LOOKUP;OFFICIAL_STIHL_LOOKUP
163127415;"MS 250 .325"" Motorsäge";;Kettingzaag;Benzine;MY_STIHL;https://app.stihl.com/nl-nl/mystihl/tools/add/serial-number;2026-10-06;authenticated MY STIHL UI lookup;OFFICIAL_WEB_LOOKUP;OFFICIAL_STIHL_LOOKUP
163127420;"MS 250 .325"" Motorsäge";;Kettingzaag;Benzine;MY_STIHL;https://app.stihl.com/nl-nl/mystihl/tools/add/serial-number;2026-10-06;authenticated MY STIHL UI lookup;OFFICIAL_WEB_LOOKUP;OFFICIAL_STIHL_LOOKUP
163127425;"MS 250 .325"" Motorsäge";;Kettingzaag;Benzine;MY_STIHL;https://app.stihl.com/nl-nl/mystihl/tools/add/serial-number;2026-10-06;authenticated MY STIHL UI lookup;OFFICIAL_WEB_LOOKUP;OFFICIAL_STIHL_LOOKUP
163127430;"MS 250 .325"" Motorsäge";;Kettingzaag;Benzine;MY_STIHL;https://app.stihl.com/nl-nl/mystihl/tools/add/serial-number;2026-10-06;authenticated MY STIHL UI lookup;OFFICIAL_WEB_LOOKUP;OFFICIAL_STIHL_LOOKUP
163127435;"MS 250 .325"" Motorsäge";;Kettingzaag;Benzine;MY_STIHL;https://app.stihl.com/nl-nl/mystihl/tools/add/serial-number;2026-10-06;authenticated MY STIHL UI lookup;OFFICIAL_WEB_LOOKUP;OFFICIAL_STIHL_LOOKUP
163127440;"MS 250 .325"" Motorsäge";;Kettingzaag;Benzine;MY_STIHL;https://app.stihl.com/nl-nl/mystihl/tools/add/serial-number;2026-10-06;authenticated MY STIHL UI lookup;OFFICIAL_WEB_LOOKUP;OFFICIAL_STIHL_LOOKUP
163127445;"MS 250 .325"" Motorsäge";;Kettingzaag;Benzine;MY_STIHL;https://app.stihl.com/nl-nl/mystihl/tools/add/serial-number;2026-10-06;authenticated MY STIHL UI lookup;OFFICIAL_WEB_LOOKUP;OFFICIAL_STIHL_LOOKUP
163127450;"MS 250 .325"" Motorsäge";;Kettingzaag;Benzine;MY_STIHL;https://app.stihl.com/nl-nl/mystihl/tools/add/serial-number;2026-10-06;authenticated MY STIHL UI lookup;OFFICIAL_WEB_LOOKUP;OFFICIAL_STIHL_LOOKUP
163127455;"MS 250 .325"" Motorsäge";;Kettingzaag;Benzine;MY_STIHL;https://app.stihl.com/nl-nl/mystihl/tools/add/serial-number;2026-10-06;authenticated MY STIHL UI lookup;OFFICIAL_WEB_LOOKUP;OFFICIAL_STIHL_LOOKUP
163127460;"MS 250 .325"" Motorsäge";;Kettingzaag;Benzine;MY_STIHL;https://app.stihl.com/nl-nl/mystihl/tools/add/serial-number;2026-10-06;authenticated MY STIHL UI lookup;OFFICIAL_WEB_LOOKUP;OFFICIAL_STIHL_LOOKUP
163127465;"MS 250 .325"" Motorsäge";;Kettingzaag;Benzine;MY_STIHL;https://app.stihl.com/nl-nl/mystihl/tools/add/serial-number;2026-10-06;authenticated MY STIHL UI lookup;OFFICIAL_WEB_LOOKUP;OFFICIAL_STIHL_LOOKUP
163127470;"MS 250 .325"" Motorsäge";;Kettingzaag;Benzine;MY_STIHL;https://app.stihl.com/nl-nl/mystihl/tools/add/serial-number;2026-10-06;authenticated MY STIHL UI lookup;OFFICIAL_WEB_LOOKUP;OFFICIAL_STIHL_LOOKUP
163127475;"MS 250 .325"" Motorsäge";;Kettingzaag;Benzine;MY_STIHL;https://app.stihl.com/nl-nl/mystihl/tools/add/serial-number;2026-10-06;authenticated MY STIHL UI lookup;OFFICIAL_WEB_LOOKUP;OFFICIAL_STIHL_LOOKUP
163127480;"MS 250 .325"" Motorsäge";;Kettingzaag;Benzine;MY_STIHL;https://app.stihl.com/nl-nl/mystihl/tools/add/serial-number;2026-10-06;authenticated MY STIHL UI lookup;OFFICIAL_WEB_LOOKUP;OFFICIAL_STIHL_LOOKUP
163127485;"MS 250 .325"" Motorsäge";;Kettingzaag;Benzine;MY_STIHL;https://app.stihl.com/nl-nl/mystihl/tools/add/serial-number;2026-10-06;authenticated MY STIHL UI lookup;OFFICIAL_WEB_LOOKUP;OFFICIAL_STIHL_LOOKUP
163127490;"MS 250 .325"" Motorsäge";;Kettingzaag;Benzine;MY_STIHL;https://app.stihl.com/nl-nl/mystihl/tools/add/serial-number;2026-10-06;authenticated MY STIHL UI lookup;OFFICIAL_WEB_LOOKUP;OFFICIAL_STIHL_LOOKUP
163127495;"MS 250 .325"" Motorsäge";;Kettingzaag;Benzine;MY_STIHL;https://app.stihl.com/nl-nl/mystihl/tools/add/serial-number;2026-10-06;authenticated MY STIHL UI lookup;OFFICIAL_WEB_LOOKUP;OFFICIAL_STIHL_LOOKUP
163127500;"MS 250 .325"" Motorsäge";;Kettingzaag;Benzine;MY_STIHL;https://app.stihl.com/nl-nl/mystihl/tools/add/serial-number;2026-10-06;authenticated MY STIHL UI lookup;OFFICIAL_WEB_LOOKUP;OFFICIAL_STIHL_LOOKUP
163127505;"MS 250 .325"" Motorsäge";;Kettingzaag;Benzine;MY_STIHL;https://app.stihl.com/nl-nl/mystihl/tools/add/serial-number;2026-10-06;authenticated MY STIHL UI lookup;OFFICIAL_WEB_LOOKUP;OFFICIAL_STIHL_LOOKUP
163127510;"MS 250 .325"" Motorsäge";;Kettingzaag;Benzine;MY_STIHL;https://app.stihl.com/nl-nl/mystihl/tools/add/serial-number;2026-10-06;authenticated MY STIHL UI lookup;OFFICIAL_WEB_LOOKUP;OFFICIAL_STIHL_LOOKUP
163127515;"MS 250 .325"" Motorsäge";;Kettingzaag;Benzine;MY_STIHL;https://app.stihl.com/nl-nl/mystihl/tools/add/serial-number;2026-10-06;authenticated MY STIHL UI lookup;OFFICIAL_WEB_LOOKUP;OFFICIAL_STIHL_LOOKUP
163127520;"MS 250 .325"" Motorsäge";;Kettingzaag;Benzine;MY_STIHL;https://app.stihl.com/nl-nl/mystihl/tools/add/serial-number;2026-10-06;authenticated MY STIHL UI lookup;OFFICIAL_WEB_LOOKUP;OFFICIAL_STIHL_LOOKUP
163127525;"MS 250 .325"" Motorsäge";;Kettingzaag;Benzine;MY_STIHL;https://app.stihl.com/nl-nl/mystihl/tools/add/serial-number;2026-10-06;authenticated MY STIHL UI lookup;OFFICIAL_WEB_LOOKUP;OFFICIAL_STIHL_LOOKUP
163127530;"MS 250 .325"" Motorsäge";;Kettingzaag;Benzine;MY_STIHL;https://app.stihl.com/nl-nl/mystihl/tools/add/serial-number;2026-10-06;authenticated MY STIHL UI lookup;OFFICIAL_WEB_LOOKUP;OFFICIAL_STIHL_LOOKUP
163127535;"MS 250 .325"" Motorsäge";;Kettingzaag;Benzine;MY_STIHL;https://app.stihl.com/nl-nl/mystihl/tools/add/serial-number;2026-10-06;authenticated MY STIHL UI lookup;OFFICIAL_WEB_LOOKUP;OFFICIAL_STIHL_LOOKUP
163127540;"MS 250 .325"" Motorsäge";;Kettingzaag;Benzine;MY_STIHL;https://app.stihl.com/nl-nl/mystihl/tools/add/serial-number;2026-10-06;authenticated MY STIHL UI lookup;OFFICIAL_WEB_LOOKUP;OFFICIAL_STIHL_LOOKUP
163127545;"MS 250 .325"" Motorsäge";;Kettingzaag;Benzine;MY_STIHL;https://app.stihl.com/nl-nl/mystihl/tools/add/serial-number;2026-10-06;authenticated MY STIHL UI lookup;OFFICIAL_WEB_LOOKUP;OFFICIAL_STIHL_LOOKUP
163127550;"MS 250 .325"" Motorsäge";;Kettingzaag;Benzine;MY_STIHL;https://app.stihl.com/nl-nl/mystihl/tools/add/serial-number;2026-10-06;authenticated MY STIHL UI lookup;OFFICIAL_WEB_LOOKUP;OFFICIAL_STIHL_LOOKUP
163127555;"MS 250 .325"" Motorsäge";;Kettingzaag;Benzine;MY_STIHL;https://app.stihl.com/nl-nl/mystihl/tools/add/serial-number;2026-10-06;authenticated MY STIHL UI lookup;OFFICIAL_WEB_LOOKUP;OFFICIAL_STIHL_LOOKUP
163127560;"MS 250 .325"" Motorsäge";;Kettingzaag;Benzine;MY_STIHL;https://app.stihl.com/nl-nl/mystihl/tools/add/serial-number;2026-10-06;authenticated MY STIHL UI lookup;OFFICIAL_WEB_LOOKUP;OFFICIAL_STIHL_LOOKUP
163127565;"MS 250 .325"" Motorsäge";;Kettingzaag;Benzine;MY_STIHL;https://app.stihl.com/nl-nl/mystihl/tools/add/serial-number;2026-10-06;authenticated MY STIHL UI lookup;OFFICIAL_WEB_LOOKUP;OFFICIAL_STIHL_LOOKUP
163127570;"MS 250 .325"" Motorsäge";;Kettingzaag;Benzine;MY_STIHL;https://app.stihl.com/nl-nl/mystihl/tools/add/serial-number;2026-10-06;authenticated MY STIHL UI lookup;OFFICIAL_WEB_LOOKUP;OFFICIAL_STIHL_LOOKUP
163127575;"MS 250 .325"" Motorsäge";;Kettingzaag;Benzine;MY_STIHL;https://app.stihl.com/nl-nl/mystihl/tools/add/serial-number;2026-10-06;authenticated MY STIHL UI lookup;OFFICIAL_WEB_LOOKUP;OFFICIAL_STIHL_LOOKUP
163127580;"MS 250 .325"" Motorsäge";;Kettingzaag;Benzine;MY_STIHL;https://app.stihl.com/nl-nl/mystihl/tools/add/serial-number;2026-10-06;authenticated MY STIHL UI lookup;OFFICIAL_WEB_LOOKUP;OFFICIAL_STIHL_LOOKUP
163127585;"MS 250 .325"" Motorsäge";;Kettingzaag;Benzine;MY_STIHL;https://app.stihl.com/nl-nl/mystihl/tools/add/serial-number;2026-10-06;authenticated MY STIHL UI lookup;OFFICIAL_WEB_LOOKUP;OFFICIAL_STIHL_LOOKUP
163127590;"MS 250 .325"" Motorsäge";;Kettingzaag;Benzine;MY_STIHL;https://app.stihl.com/nl-nl/mystihl/tools/add/serial-number;2026-10-06;authenticated MY STIHL UI lookup;OFFICIAL_WEB_LOOKUP;OFFICIAL_STIHL_LOOKUP
163127595;"MS 250 .325"" Motorsäge";;Kettingzaag;Benzine;MY_STIHL;https://app.stihl.com/nl-nl/mystihl/tools/add/serial-number;2026-10-06;authenticated MY STIHL UI lookup;OFFICIAL_WEB_LOOKUP;OFFICIAL_STIHL_LOOKUP
163127600;"MS 250 .325"" Motorsäge";;Kettingzaag;Benzine;MY_STIHL;https://app.stihl.com/nl-nl/mystihl/tools/add/serial-number;2026-10-06;authenticated MY STIHL UI lookup;OFFICIAL_WEB_LOOKUP;OFFICIAL_STIHL_LOOKUP
163127605;"MS 250 .325"" Motorsäge";;Kettingzaag;Benzine;MY_STIHL;https://app.stihl.com/nl-nl/mystihl/tools/add/serial-number;2026-10-06;authenticated MY STIHL UI lookup;OFFICIAL_WEB_LOOKUP;OFFICIAL_STIHL_LOOKUP
163127610;"MS 250 .325"" Motorsäge";;Kettingzaag;Benzine;MY_STIHL;https://app.stihl.com/nl-nl/mystihl/tools/add/serial-number;2026-10-06;authenticated MY STIHL UI lookup;OFFICIAL_WEB_LOOKUP;OFFICIAL_STIHL_LOOKUP
163127615;"MS 250 .325"" Motorsäge";;Kettingzaag;Benzine;MY_STIHL;https://app.stihl.com/nl-nl/mystihl/tools/add/serial-number;2026-10-06;authenticated MY STIHL UI lookup;OFFICIAL_WEB_LOOKUP;OFFICIAL_STIHL_LOOKUP
163127620;"MS 250 .325"" Motorsäge";;Kettingzaag;Benzine;MY_STIHL;https://app.stihl.com/nl-nl/mystihl/tools/add/serial-number;2026-10-06;authenticated MY STIHL UI lookup;OFFICIAL_WEB_LOOKUP;OFFICIAL_STIHL_LOOKUP
163127625;"MS 250 .325"" Motorsäge";;Kettingzaag;Benzine;MY_STIHL;https://app.stihl.com/nl-nl/mystihl/tools/add/serial-number;2026-10-06;authenticated MY STIHL UI lookup;OFFICIAL_WEB_LOOKUP;OFFICIAL_STIHL_LOOKUP
163127630;"MS 250 .325"" Motorsäge";;Kettingzaag;Benzine;MY_STIHL;https://app.stihl.com/nl-nl/mystihl/tools/add/serial-number;2026-10-06;authenticated MY STIHL UI lookup;OFFICIAL_WEB_LOOKUP;OFFICIAL_STIHL_LOOKUP
163127635;"MS 250 .325"" Motorsäge";;Kettingzaag;Benzine;MY_STIHL;https://app.stihl.com/nl-nl/mystihl/tools/add/serial-number;2026-10-06;authenticated MY STIHL UI lookup;OFFICIAL_WEB_LOOKUP;OFFICIAL_STIHL_LOOKUP
163127640;"MS 250 .325"" Motorsäge";;Kettingzaag;Benzine;MY_STIHL;https://app.stihl.com/nl-nl/mystihl/tools/add/serial-number;2026-10-06;authenticated MY STIHL UI lookup;OFFICIAL_WEB_LOOKUP;OFFICIAL_STIHL_LOOKUP
163127645;"MS 250 .325"" Motorsäge";;Kettingzaag;Benzine;MY_STIHL;https://app.stihl.com/nl-nl/mystihl/tools/add/serial-number;2026-10-06;authenticated MY STIHL UI lookup;OFFICIAL_WEB_LOOKUP;OFFICIAL_STIHL_LOOKUP
163127650;"MS 250 .325"" Motorsäge";;Kettingzaag;Benzine;MY_STIHL;https://app.stihl.com/nl-nl/mystihl/tools/add/serial-number;2026-10-06;authenticated MY STIHL UI lookup;OFFICIAL_WEB_LOOKUP;OFFICIAL_STIHL_LOOKUP
163127655;"MS 250 .325"" Motorsäge";;Kettingzaag;Benzine;MY_STIHL;https://app.stihl.com/nl-nl/mystihl/tools/add/serial-number;2026-10-06;authenticated MY STIHL UI lookup;OFFICIAL_WEB_LOOKUP;OFFICIAL_STIHL_LOOKUP
163127660;"MS 250 .325"" Motorsäge";;Kettingzaag;Benzine;MY_STIHL;https://app.stihl.com/nl-nl/mystihl/tools/add/serial-number;2026-10-06;authenticated MY STIHL UI lookup;OFFICIAL_WEB_LOOKUP;OFFICIAL_STIHL_LOOKUP
163127665;"MS 250 .325"" Motorsäge";;Kettingzaag;Benzine;MY_STIHL;https://app.stihl.com/nl-nl/mystihl/tools/add/serial-number;2026-10-06;authenticated MY STIHL UI lookup;OFFICIAL_WEB_LOOKUP;OFFICIAL_STIHL_LOOKUP
163127670;"MS 250 .325"" Motorsäge";;Kettingzaag;Benzine;MY_STIHL;https://app.stihl.com/nl-nl/mystihl/tools/add/serial-number;2026-10-06;authenticated MY STIHL UI lookup;OFFICIAL_WEB_LOOKUP;OFFICIAL_STIHL_LOOKUP
163127675;"MS 250 .325"" Motorsäge";;Kettingzaag;Benzine;MY_STIHL;https://app.stihl.com/nl-nl/mystihl/tools/add/serial-number;2026-10-06;authenticated MY STIHL UI lookup;OFFICIAL_WEB_LOOKUP;OFFICIAL_STIHL_LOOKUP
163127680;"MS 250 .325"" Motorsäge";;Kettingzaag;Benzine;MY_STIHL;https://app.stihl.com/nl-nl/mystihl/tools/add/serial-number;2026-10-06;authenticated MY STIHL UI lookup;OFFICIAL_WEB_LOOKUP;OFFICIAL_STIHL_LOOKUP
163127685;"MS 250 .325"" Motorsäge";;Kettingzaag;Benzine;MY_STIHL;https://app.stihl.com/nl-nl/mystihl/tools/add/serial-number;2026-10-06;authenticated MY STIHL UI lookup;OFFICIAL_WEB_LOOKUP;OFFICIAL_STIHL_LOOKUP
163127690;"MS 250 .325"" Motorsäge";;Kettingzaag;Benzine;MY_STIHL;https://app.stihl.com/nl-nl/mystihl/tools/add/serial-number;2026-10-06;authenticated MY STIHL UI lookup;OFFICIAL_WEB_LOOKUP;OFFICIAL_STIHL_LOOKUP
163127695;"MS 250 .325"" Motorsäge";;Kettingzaag;Benzine;MY_STIHL;https://app.stihl.com/nl-nl/mystihl/tools/add/serial-number;2026-10-06;authenticated MY STIHL UI lookup;OFFICIAL_WEB_LOOKUP;OFFICIAL_STIHL_LOOKUP
163127700;"MS 250 .325"" Motorsäge";;Kettingzaag;Benzine;MY_STIHL;https://app.stihl.com/nl-nl/mystihl/tools/add/serial-number;2026-10-06;authenticated MY STIHL UI lookup;OFFICIAL_WEB_LOOKUP;OFFICIAL_STIHL_LOOKUP
163127705;"MS 250 .325"" Motorsäge";;Kettingzaag;Benzine;MY_STIHL;https://app.stihl.com/nl-nl/mystihl/tools/add/serial-number;2026-10-06;authenticated MY STIHL UI lookup;OFFICIAL_WEB_LOOKUP;OFFICIAL_STIHL_LOOKUP
163127710;"MS 250 .325"" Motorsäge";;Kettingzaag;Benzine;MY_STIHL;https://app.stihl.com/nl-nl/mystihl/tools/add/serial-number;2026-10-06;authenticated MY STIHL UI lookup;OFFICIAL_WEB_LOOKUP;OFFICIAL_STIHL_LOOKUP
163127715;"MS 250 .325"" Motorsäge";;Kettingzaag;Benzine;MY_STIHL;https://app.stihl.com/nl-nl/mystihl/tools/add/serial-number;2026-10-06;authenticated MY STIHL UI lookup;OFFICIAL_WEB_LOOKUP;OFFICIAL_STIHL_LOOKUP
163127720;"MS 250 .325"" Motorsäge";;Kettingzaag;Benzine;MY_STIHL;https://app.stihl.com/nl-nl/mystihl/tools/add/serial-number;2026-10-06;authenticated MY STIHL UI lookup;OFFICIAL_WEB_LOOKUP;OFFICIAL_STIHL_LOOKUP
163127725;"MS 250 .325"" Motorsäge";;Kettingzaag;Benzine;MY_STIHL;https://app.stihl.com/nl-nl/mystihl/tools/add/serial-number;2026-10-06;authenticated MY STIHL UI lookup;OFFICIAL_WEB_LOOKUP;OFFICIAL_STIHL_LOOKUP
163127730;"MS 250 .325"" Motorsäge";;Kettingzaag;Benzine;MY_STIHL;https://app.stihl.com/nl-nl/mystihl/tools/add/serial-number;2026-10-06;authenticated MY STIHL UI lookup;OFFICIAL_WEB_LOOKUP;OFFICIAL_STIHL_LOOKUP
163127735;"MS 250 .325"" Motorsäge";;Kettingzaag;Benzine;MY_STIHL;https://app.stihl.com/nl-nl/mystihl/tools/add/serial-number;2026-10-06;authenticated MY STIHL UI lookup;OFFICIAL_WEB_LOOKUP;OFFICIAL_STIHL_LOOKUP
163127740;"MS 250 .325"" Motorsäge";;Kettingzaag;Benzine;MY_STIHL;https://app.stihl.com/nl-nl/mystihl/tools/add/serial-number;2026-10-06;authenticated MY STIHL UI lookup;OFFICIAL_WEB_LOOKUP;OFFICIAL_STIHL_LOOKUP
163127745;"MS 250 .325"" Motorsäge";;Kettingzaag;Benzine;MY_STIHL;https://app.stihl.com/nl-nl/mystihl/tools/add/serial-number;2026-10-06;authenticated MY STIHL UI lookup;OFFICIAL_WEB_LOOKUP;OFFICIAL_STIHL_LOOKUP
163127750;"MS 250 .325"" Motorsäge";;Kettingzaag;Benzine;MY_STIHL;https://app.stihl.com/nl-nl/mystihl/tools/add/serial-number;2026-10-06;authenticated MY STIHL UI lookup;OFFICIAL_WEB_LOOKUP;OFFICIAL_STIHL_LOOKUP
163127755;"MS 250 .325"" Motorsäge";;Kettingzaag;Benzine;MY_STIHL;https://app.stihl.com/nl-nl/mystihl/tools/add/serial-number;2026-10-06;authenticated MY STIHL UI lookup;OFFICIAL_WEB_LOOKUP;OFFICIAL_STIHL_LOOKUP
163127760;"MS 250 .325"" Motorsäge";;Kettingzaag;Benzine;MY_STIHL;https://app.stihl.com/nl-nl/mystihl/tools/add/serial-number;2026-10-06;authenticated MY STIHL UI lookup;OFFICIAL_WEB_LOOKUP;OFFICIAL_STIHL_LOOKUP
163127765;"MS 250 .325"" Motorsäge";;Kettingzaag;Benzine;MY_STIHL;https://app.stihl.com/nl-nl/mystihl/tools/add/serial-number;2026-10-06;authenticated MY STIHL UI lookup;OFFICIAL_WEB_LOOKUP;OFFICIAL_STIHL_LOOKUP
163127770;"MS 250 .325"" Motorsäge";;Kettingzaag;Benzine;MY_STIHL;https://app.stihl.com/nl-nl/mystihl/tools/add/serial-number;2026-10-06;authenticated MY STIHL UI lookup;OFFICIAL_WEB_LOOKUP;OFFICIAL_STIHL_LOOKUP
163127775;"MS 250 .325"" Motorsäge";;Kettingzaag;Benzine;MY_STIHL;https://app.stihl.com/nl-nl/mystihl/tools/add/serial-number;2026-10-06;authenticated MY STIHL UI lookup;OFFICIAL_WEB_LOOKUP;OFFICIAL_STIHL_LOOKUP
163127780;"MS 250 .325"" Motorsäge";;Kettingzaag;Benzine;MY_STIHL;https://app.stihl.com/nl-nl/mystihl/tools/add/serial-number;2026-10-06;authenticated MY STIHL UI lookup;OFFICIAL_WEB_LOOKUP;OFFICIAL_STIHL_LOOKUP
163127785;"MS 250 .325"" Motorsäge";;Kettingzaag;Benzine;MY_STIHL;https://app.stihl.com/nl-nl/mystihl/tools/add/serial-number;2026-10-06;authenticated MY STIHL UI lookup;OFFICIAL_WEB_LOOKUP;OFFICIAL_STIHL_LOOKUP
163127790;"MS 250 .325"" Motorsäge";;Kettingzaag;Benzine;MY_STIHL;https://app.stihl.com/nl-nl/mystihl/tools/add/serial-number;2026-10-06;authenticated MY STIHL UI lookup;OFFICIAL_WEB_LOOKUP;OFFICIAL_STIHL_LOOKUP
163127795;"MS 250 .325"" Motorsäge";;Kettingzaag;Benzine;MY_STIHL;https://app.stihl.com/nl-nl/mystihl/tools/add/serial-number;2026-10-06;authenticated MY STIHL UI lookup;OFFICIAL_WEB_LOOKUP;OFFICIAL_STIHL_LOOKUP
163127800;"MS 250 .325"" Motorsäge";;Kettingzaag;Benzine;MY_STIHL;https://app.stihl.com/nl-nl/mystihl/tools/add/serial-number;2026-10-06;authenticated MY STIHL UI lookup;OFFICIAL_WEB_LOOKUP;OFFICIAL_STIHL_LOOKUP
163127805;"MS 250 .325"" Motorsäge";;Kettingzaag;Benzine;MY_STIHL;https://app.stihl.com/nl-nl/mystihl/tools/add/serial-number;2026-10-06;authenticated MY STIHL UI lookup;OFFICIAL_WEB_LOOKUP;OFFICIAL_STIHL_LOOKUP
163127810;"MS 250 .325"" Motorsäge";;Kettingzaag;Benzine;MY_STIHL;https://app.stihl.com/nl-nl/mystihl/tools/add/serial-number;2026-10-06;authenticated MY STIHL UI lookup;OFFICIAL_WEB_LOOKUP;OFFICIAL_STIHL_LOOKUP
163127815;"MS 250 .325"" Motorsäge";;Kettingzaag;Benzine;MY_STIHL;https://app.stihl.com/nl-nl/mystihl/tools/add/serial-number;2026-10-06;authenticated MY STIHL UI lookup;OFFICIAL_WEB_LOOKUP;OFFICIAL_STIHL_LOOKUP
163127820;"MS 250 .325"" Motorsäge";;Kettingzaag;Benzine;MY_STIHL;https://app.stihl.com/nl-nl/mystihl/tools/add/serial-number;2026-10-06;authenticated MY STIHL UI lookup;OFFICIAL_WEB_LOOKUP;OFFICIAL_STIHL_LOOKUP
163127825;"MS 250 .325"" Motorsäge";;Kettingzaag;Benzine;MY_STIHL;https://app.stihl.com/nl-nl/mystihl/tools/add/serial-number;2026-10-06;authenticated MY STIHL UI lookup;OFFICIAL_WEB_LOOKUP;OFFICIAL_STIHL_LOOKUP
163127830;"MS 250 .325"" Motorsäge";;Kettingzaag;Benzine;MY_STIHL;https://app.stihl.com/nl-nl/mystihl/tools/add/serial-number;2026-10-06;authenticated MY STIHL UI lookup;OFFICIAL_WEB_LOOKUP;OFFICIAL_STIHL_LOOKUP
163127835;"MS 250 .325"" Motorsäge";;Kettingzaag;Benzine;MY_STIHL;https://app.stihl.com/nl-nl/mystihl/tools/add/serial-number;2026-10-06;authenticated MY STIHL UI lookup;OFFICIAL_WEB_LOOKUP;OFFICIAL_STIHL_LOOKUP
163127840;"MS 250 .325"" Motorsäge";;Kettingzaag;Benzine;MY_STIHL;https://app.stihl.com/nl-nl/mystihl/tools/add/serial-number;2026-10-06;authenticated MY STIHL UI lookup;OFFICIAL_WEB_LOOKUP;OFFICIAL_STIHL_LOOKUP
163127845;"MS 250 .325"" Motorsäge";;Kettingzaag;Benzine;MY_STIHL;https://app.stihl.com/nl-nl/mystihl/tools/add/serial-number;2026-10-06;authenticated MY STIHL UI lookup;OFFICIAL_WEB_LOOKUP;OFFICIAL_STIHL_LOOKUP
163127850;"MS 250 .325"" Motorsäge";;Kettingzaag;Benzine;MY_STIHL;https://app.stihl.com/nl-nl/mystihl/tools/add/serial-number;2026-10-06;authenticated MY STIHL UI lookup;OFFICIAL_WEB_LOOKUP;OFFICIAL_STIHL_LOOKUP
163127855;"MS 250 .325"" Motorsäge";;Kettingzaag;Benzine;MY_STIHL;https://app.stihl.com/nl-nl/mystihl/tools/add/serial-number;2026-10-06;authenticated MY STIHL UI lookup;OFFICIAL_WEB_LOOKUP;OFFICIAL_STIHL_LOOKUP
163127860;"MS 250 .325"" Motorsäge";;Kettingzaag;Benzine;MY_STIHL;https://app.stihl.com/nl-nl/mystihl/tools/add/serial-number;2026-10-06;authenticated MY STIHL UI lookup;OFFICIAL_WEB_LOOKUP;OFFICIAL_STIHL_LOOKUP
163127865;"MS 250 .325"" Motorsäge";;Kettingzaag;Benzine;MY_STIHL;https://app.stihl.com/nl-nl/mystihl/tools/add/serial-number;2026-10-06;authenticated MY STIHL UI lookup;OFFICIAL_WEB_LOOKUP;OFFICIAL_STIHL_LOOKUP
163127870;"MS 250 .325"" Motorsäge";;Kettingzaag;Benzine;MY_STIHL;https://app.stihl.com/nl-nl/mystihl/tools/add/serial-number;2026-10-06;authenticated MY STIHL UI lookup;OFFICIAL_WEB_LOOKUP;OFFICIAL_STIHL_LOOKUP
163127875;"MS 250 .325"" Motorsäge";;Kettingzaag;Benzine;MY_STIHL;https://app.stihl.com/nl-nl/mystihl/tools/add/serial-number;2026-10-06;authenticated MY STIHL UI lookup;OFFICIAL_WEB_LOOKUP;OFFICIAL_STIHL_LOOKUP
163127880;"MS 250 .325"" Motorsäge";;Kettingzaag;Benzine;MY_STIHL;https://app.stihl.com/nl-nl/mystihl/tools/add/serial-number;2026-10-06;authenticated MY STIHL UI lookup;OFFICIAL_WEB_LOOKUP;OFFICIAL_STIHL_LOOKUP
163127885;"MS 250 .325"" Motorsäge";;Kettingzaag;Benzine;MY_STIHL;https://app.stihl.com/nl-nl/mystihl/tools/add/serial-number;2026-10-06;authenticated MY STIHL UI lookup;OFFICIAL_WEB_LOOKUP;OFFICIAL_STIHL_LOOKUP
163127890;"MS 250 .325"" Motorsäge";;Kettingzaag;Benzine;MY_STIHL;https://app.stihl.com/nl-nl/mystihl/tools/add/serial-number;2026-10-06;authenticated MY STIHL UI lookup;OFFICIAL_WEB_LOOKUP;OFFICIAL_STIHL_LOOKUP
163128525;"MS 660 3/8"" R Motorsäge";;Kettingzaag;Benzine;MY_STIHL;https://app.stihl.com/nl-nl/mystihl/tools/add/serial-number;2026-10-06;authenticated MY STIHL UI lookup;OFFICIAL_WEB_LOOKUP;OFFICIAL_STIHL_LOOKUP
163128530;"MS 660 3/8"" R Motorsäge";;Kettingzaag;Benzine;MY_STIHL;https://app.stihl.com/nl-nl/mystihl/tools/add/serial-number;2026-10-06;authenticated MY STIHL UI lookup;OFFICIAL_WEB_LOOKUP;OFFICIAL_STIHL_LOOKUP
163128535;"MS 660 3/8"" R Motorsäge";;Kettingzaag;Benzine;MY_STIHL;https://app.stihl.com/nl-nl/mystihl/tools/add/serial-number;2026-10-06;authenticated MY STIHL UI lookup;OFFICIAL_WEB_LOOKUP;OFFICIAL_STIHL_LOOKUP
163128540;"MS 660 3/8"" R Motorsäge";;Kettingzaag;Benzine;MY_STIHL;https://app.stihl.com/nl-nl/mystihl/tools/add/serial-number;2026-10-06;authenticated MY STIHL UI lookup;OFFICIAL_WEB_LOOKUP;OFFICIAL_STIHL_LOOKUP
163128545;"MS 660 3/8"" R Motorsäge";;Kettingzaag;Benzine;MY_STIHL;https://app.stihl.com/nl-nl/mystihl/tools/add/serial-number;2026-10-06;authenticated MY STIHL UI lookup;OFFICIAL_WEB_LOOKUP;OFFICIAL_STIHL_LOOKUP
163128550;"MS 660 3/8"" R Motorsäge";;Kettingzaag;Benzine;MY_STIHL;https://app.stihl.com/nl-nl/mystihl/tools/add/serial-number;2026-10-06;authenticated MY STIHL UI lookup;OFFICIAL_WEB_LOOKUP;OFFICIAL_STIHL_LOOKUP
163128555;"MS 660 3/8"" R Motorsäge";;Kettingzaag;Benzine;MY_STIHL;https://app.stihl.com/nl-nl/mystihl/tools/add/serial-number;2026-10-06;authenticated MY STIHL UI lookup;OFFICIAL_WEB_LOOKUP;OFFICIAL_STIHL_LOOKUP
163128560;"MS 660 3/8"" R Motorsäge";;Kettingzaag;Benzine;MY_STIHL;https://app.stihl.com/nl-nl/mystihl/tools/add/serial-number;2026-10-06;authenticated MY STIHL UI lookup;OFFICIAL_WEB_LOOKUP;OFFICIAL_STIHL_LOOKUP
163128565;"MS 660 3/8"" R Motorsäge";;Kettingzaag;Benzine;MY_STIHL;https://app.stihl.com/nl-nl/mystihl/tools/add/serial-number;2026-10-06;authenticated MY STIHL UI lookup;OFFICIAL_WEB_LOOKUP;OFFICIAL_STIHL_LOOKUP
163128570;"MS 660 3/8"" R Motorsäge";;Kettingzaag;Benzine;MY_STIHL;https://app.stihl.com/nl-nl/mystihl/tools/add/serial-number;2026-10-06;authenticated MY STIHL UI lookup;OFFICIAL_WEB_LOOKUP;OFFICIAL_STIHL_LOOKUP
163128575;"MS 660 3/8"" R Motorsäge";;Kettingzaag;Benzine;MY_STIHL;https://app.stihl.com/nl-nl/mystihl/tools/add/serial-number;2026-10-06;authenticated MY STIHL UI lookup;OFFICIAL_WEB_LOOKUP;OFFICIAL_STIHL_LOOKUP
163128580;"MS 660 3/8"" R Motorsäge";;Kettingzaag;Benzine;MY_STIHL;https://app.stihl.com/nl-nl/mystihl/tools/add/serial-number;2026-10-06;authenticated MY STIHL UI lookup;OFFICIAL_WEB_LOOKUP;OFFICIAL_STIHL_LOOKUP
163128585;"MS 660 3/8"" R Motorsäge";;Kettingzaag;Benzine;MY_STIHL;https://app.stihl.com/nl-nl/mystihl/tools/add/serial-number;2026-10-06;authenticated MY STIHL UI lookup;OFFICIAL_WEB_LOOKUP;OFFICIAL_STIHL_LOOKUP
163128590;"MS 660 3/8"" R Motorsäge";;Kettingzaag;Benzine;MY_STIHL;https://app.stihl.com/nl-nl/mystihl/tools/add/serial-number;2026-10-06;authenticated MY STIHL UI lookup;OFFICIAL_WEB_LOOKUP;OFFICIAL_STIHL_LOOKUP
163128595;"MS 660 3/8"" R Motorsäge";;Kettingzaag;Benzine;MY_STIHL;https://app.stihl.com/nl-nl/mystihl/tools/add/serial-number;2026-10-06;authenticated MY STIHL UI lookup;OFFICIAL_WEB_LOOKUP;OFFICIAL_STIHL_LOOKUP
163128600;"MS 660 3/8"" R Motorsäge";;Kettingzaag;Benzine;MY_STIHL;https://app.stihl.com/nl-nl/mystihl/tools/add/serial-number;2026-10-06;authenticated MY STIHL UI lookup;OFFICIAL_WEB_LOOKUP;OFFICIAL_STIHL_LOOKUP
163128605;"MS 660 3/8"" R Motorsäge";;Kettingzaag;Benzine;MY_STIHL;https://app.stihl.com/nl-nl/mystihl/tools/add/serial-number;2026-10-06;authenticated MY STIHL UI lookup;OFFICIAL_WEB_LOOKUP;OFFICIAL_STIHL_LOOKUP
163128610;"MS 660 3/8"" R Motorsäge";;Kettingzaag;Benzine;MY_STIHL;https://app.stihl.com/nl-nl/mystihl/tools/add/serial-number;2026-10-06;authenticated MY STIHL UI lookup;OFFICIAL_WEB_LOOKUP;OFFICIAL_STIHL_LOOKUP
163128615;"MS 660 3/8"" R Motorsäge";;Kettingzaag;Benzine;MY_STIHL;https://app.stihl.com/nl-nl/mystihl/tools/add/serial-number;2026-10-06;authenticated MY STIHL UI lookup;OFFICIAL_WEB_LOOKUP;OFFICIAL_STIHL_LOOKUP
163128620;"MS 660 3/8"" R Motorsäge";;Kettingzaag;Benzine;MY_STIHL;https://app.stihl.com/nl-nl/mystihl/tools/add/serial-number;2026-10-06;authenticated MY STIHL UI lookup;OFFICIAL_WEB_LOOKUP;OFFICIAL_STIHL_LOOKUP
163128625;"MS 660 3/8"" R Motorsäge";;Kettingzaag;Benzine;MY_STIHL;https://app.stihl.com/nl-nl/mystihl/tools/add/serial-number;2026-10-06;authenticated MY STIHL UI lookup;OFFICIAL_WEB_LOOKUP;OFFICIAL_STIHL_LOOKUP
163128630;"MS 660 3/8"" R Motorsäge";;Kettingzaag;Benzine;MY_STIHL;https://app.stihl.com/nl-nl/mystihl/tools/add/serial-number;2026-10-06;authenticated MY STIHL UI lookup;OFFICIAL_WEB_LOOKUP;OFFICIAL_STIHL_LOOKUP
163128635;"MS 660 3/8"" R Motorsäge";;Kettingzaag;Benzine;MY_STIHL;https://app.stihl.com/nl-nl/mystihl/tools/add/serial-number;2026-10-06;authenticated MY STIHL UI lookup;OFFICIAL_WEB_LOOKUP;OFFICIAL_STIHL_LOOKUP
163128640;"MS 660 3/8"" R Motorsäge";;Kettingzaag;Benzine;MY_STIHL;https://app.stihl.com/nl-nl/mystihl/tools/add/serial-number;2026-10-06;authenticated MY STIHL UI lookup;OFFICIAL_WEB_LOOKUP;OFFICIAL_STIHL_LOOKUP
163128645;"MS 660 3/8"" R Motorsäge";;Kettingzaag;Benzine;MY_STIHL;https://app.stihl.com/nl-nl/mystihl/tools/add/serial-number;2026-10-06;authenticated MY STIHL UI lookup;OFFICIAL_WEB_LOOKUP;OFFICIAL_STIHL_LOOKUP
163128650;"MS 660 3/8"" R Motorsäge";;Kettingzaag;Benzine;MY_STIHL;https://app.stihl.com/nl-nl/mystihl/tools/add/serial-number;2026-10-06;authenticated MY STIHL UI lookup;OFFICIAL_WEB_LOOKUP;OFFICIAL_STIHL_LOOKUP
163128655;"MS 660 3/8"" R Motorsäge";;Kettingzaag;Benzine;MY_STIHL;https://app.stihl.com/nl-nl/mystihl/tools/add/serial-number;2026-10-06;authenticated MY STIHL UI lookup;OFFICIAL_WEB_LOOKUP;OFFICIAL_STIHL_LOOKUP
163128660;"MS 660 3/8"" R Motorsäge";;Kettingzaag;Benzine;MY_STIHL;https://app.stihl.com/nl-nl/mystihl/tools/add/serial-number;2026-10-06;authenticated MY STIHL UI lookup;OFFICIAL_WEB_LOOKUP;OFFICIAL_STIHL_LOOKUP
163128665;"MS 660 3/8"" R Motorsäge";;Kettingzaag;Benzine;MY_STIHL;https://app.stihl.com/nl-nl/mystihl/tools/add/serial-number;2026-10-06;authenticated MY STIHL UI lookup;OFFICIAL_WEB_LOOKUP;OFFICIAL_STIHL_LOOKUP
163128670;"MS 660 3/8"" R Motorsäge";;Kettingzaag;Benzine;MY_STIHL;https://app.stihl.com/nl-nl/mystihl/tools/add/serial-number;2026-10-06;authenticated MY STIHL UI lookup;OFFICIAL_WEB_LOOKUP;OFFICIAL_STIHL_LOOKUP
163128675;"MS 660 3/8"" R Motorsäge";;Kettingzaag;Benzine;MY_STIHL;https://app.stihl.com/nl-nl/mystihl/tools/add/serial-number;2026-10-06;authenticated MY STIHL UI lookup;OFFICIAL_WEB_LOOKUP;OFFICIAL_STIHL_LOOKUP
163128680;"MS 660 3/8"" R Motorsäge";;Kettingzaag;Benzine;MY_STIHL;https://app.stihl.com/nl-nl/mystihl/tools/add/serial-number;2026-10-06;authenticated MY STIHL UI lookup;OFFICIAL_WEB_LOOKUP;OFFICIAL_STIHL_LOOKUP
163128685;"MS 660 3/8"" R Motorsäge";;Kettingzaag;Benzine;MY_STIHL;https://app.stihl.com/nl-nl/mystihl/tools/add/serial-number;2026-10-06;authenticated MY STIHL UI lookup;OFFICIAL_WEB_LOOKUP;OFFICIAL_STIHL_LOOKUP
163128690;"MS 660 3/8"" R Motorsäge";;Kettingzaag;Benzine;MY_STIHL;https://app.stihl.com/nl-nl/mystihl/tools/add/serial-number;2026-10-06;authenticated MY STIHL UI lookup;OFFICIAL_WEB_LOOKUP;OFFICIAL_STIHL_LOOKUP
163128695;"MS 660 3/8"" R Motorsäge";;Kettingzaag;Benzine;MY_STIHL;https://app.stihl.com/nl-nl/mystihl/tools/add/serial-number;2026-10-06;authenticated MY STIHL UI lookup;OFFICIAL_WEB_LOOKUP;OFFICIAL_STIHL_LOOKUP
163128700;"MS 660 3/8"" R Motorsäge";;Kettingzaag;Benzine;MY_STIHL;https://app.stihl.com/nl-nl/mystihl/tools/add/serial-number;2026-10-06;authenticated MY STIHL UI lookup;OFFICIAL_WEB_LOOKUP;OFFICIAL_STIHL_LOOKUP
163128705;"MS 660 3/8"" R Motorsäge";;Kettingzaag;Benzine;MY_STIHL;https://app.stihl.com/nl-nl/mystihl/tools/add/serial-number;2026-10-06;authenticated MY STIHL UI lookup;OFFICIAL_WEB_LOOKUP;OFFICIAL_STIHL_LOOKUP
163128710;"MS 660 3/8"" R Motorsäge";;Kettingzaag;Benzine;MY_STIHL;https://app.stihl.com/nl-nl/mystihl/tools/add/serial-number;2026-10-06;authenticated MY STIHL UI lookup;OFFICIAL_WEB_LOOKUP;OFFICIAL_STIHL_LOOKUP
163128715;"MS 660 3/8"" R Motorsäge";;Kettingzaag;Benzine;MY_STIHL;https://app.stihl.com/nl-nl/mystihl/tools/add/serial-number;2026-10-06;authenticated MY STIHL UI lookup;OFFICIAL_WEB_LOOKUP;OFFICIAL_STIHL_LOOKUP
163128720;"MS 660 3/8"" R Motorsäge";;Kettingzaag;Benzine;MY_STIHL;https://app.stihl.com/nl-nl/mystihl/tools/add/serial-number;2026-10-06;authenticated MY STIHL UI lookup;OFFICIAL_WEB_LOOKUP;OFFICIAL_STIHL_LOOKUP
163128725;"MS 660 3/8"" R Motorsäge";;Kettingzaag;Benzine;MY_STIHL;https://app.stihl.com/nl-nl/mystihl/tools/add/serial-number;2026-10-06;authenticated MY STIHL UI lookup;OFFICIAL_WEB_LOOKUP;OFFICIAL_STIHL_LOOKUP
163128730;"MS 660 3/8"" R Motorsäge";;Kettingzaag;Benzine;MY_STIHL;https://app.stihl.com/nl-nl/mystihl/tools/add/serial-number;2026-10-06;authenticated MY STIHL UI lookup;OFFICIAL_WEB_LOOKUP;OFFICIAL_STIHL_LOOKUP
163128735;"MS 660 3/8"" R Motorsäge";;Kettingzaag;Benzine;MY_STIHL;https://app.stihl.com/nl-nl/mystihl/tools/add/serial-number;2026-10-06;authenticated MY STIHL UI lookup;OFFICIAL_WEB_LOOKUP;OFFICIAL_STIHL_LOOKUP
163128740;"MS 660 3/8"" R Motorsäge";;Kettingzaag;Benzine;MY_STIHL;https://app.stihl.com/nl-nl/mystihl/tools/add/serial-number;2026-10-06;authenticated MY STIHL UI lookup;OFFICIAL_WEB_LOOKUP;OFFICIAL_STIHL_LOOKUP
163128745;"MS 660 3/8"" R Motorsäge";;Kettingzaag;Benzine;MY_STIHL;https://app.stihl.com/nl-nl/mystihl/tools/add/serial-number;2026-10-06;authenticated MY STIHL UI lookup;OFFICIAL_WEB_LOOKUP;OFFICIAL_STIHL_LOOKUP
163128750;"MS 660 3/8"" R Motorsäge";;Kettingzaag;Benzine;MY_STIHL;https://app.stihl.com/nl-nl/mystihl/tools/add/serial-number;2026-10-06;authenticated MY STIHL UI lookup;OFFICIAL_WEB_LOOKUP;OFFICIAL_STIHL_LOOKUP
163128755;"MS 660 3/8"" R Motorsäge";;Kettingzaag;Benzine;MY_STIHL;https://app.stihl.com/nl-nl/mystihl/tools/add/serial-number;2026-10-06;authenticated MY STIHL UI lookup;OFFICIAL_WEB_LOOKUP;OFFICIAL_STIHL_LOOKUP
163128760;"MS 660 3/8"" R Motorsäge";;Kettingzaag;Benzine;MY_STIHL;https://app.stihl.com/nl-nl/mystihl/tools/add/serial-number;2026-10-06;authenticated MY STIHL UI lookup;OFFICIAL_WEB_LOOKUP;OFFICIAL_STIHL_LOOKUP
163128765;"MS 660 3/8"" R Motorsäge";;Kettingzaag;Benzine;MY_STIHL;https://app.stihl.com/nl-nl/mystihl/tools/add/serial-number;2026-10-06;authenticated MY STIHL UI lookup;OFFICIAL_WEB_LOOKUP;OFFICIAL_STIHL_LOOKUP
163128770;"MS 660 3/8"" R Motorsäge";;Kettingzaag;Benzine;MY_STIHL;https://app.stihl.com/nl-nl/mystihl/tools/add/serial-number;2026-10-06;authenticated MY STIHL UI lookup;OFFICIAL_WEB_LOOKUP;OFFICIAL_STIHL_LOOKUP
163128775;"MS 660 3/8"" R Motorsäge";;Kettingzaag;Benzine;MY_STIHL;https://app.stihl.com/nl-nl/mystihl/tools/add/serial-number;2026-10-06;authenticated MY STIHL UI lookup;OFFICIAL_WEB_LOOKUP;OFFICIAL_STIHL_LOOKUP
163128780;"MS 660 3/8"" R Motorsäge";;Kettingzaag;Benzine;MY_STIHL;https://app.stihl.com/nl-nl/mystihl/tools/add/serial-number;2026-10-06;authenticated MY STIHL UI lookup;OFFICIAL_WEB_LOOKUP;OFFICIAL_STIHL_LOOKUP
163128785;"MS 660 3/8"" R Motorsäge";;Kettingzaag;Benzine;MY_STIHL;https://app.stihl.com/nl-nl/mystihl/tools/add/serial-number;2026-10-06;authenticated MY STIHL UI lookup;OFFICIAL_WEB_LOOKUP;OFFICIAL_STIHL_LOOKUP
163128790;"MS 660 3/8"" R Motorsäge";;Kettingzaag;Benzine;MY_STIHL;https://app.stihl.com/nl-nl/mystihl/tools/add/serial-number;2026-10-06;authenticated MY STIHL UI lookup;OFFICIAL_WEB_LOOKUP;OFFICIAL_STIHL_LOOKUP
163128795;"MS 660 3/8"" R Motorsäge";;Kettingzaag;Benzine;MY_STIHL;https://app.stihl.com/nl-nl/mystihl/tools/add/serial-number;2026-10-06;authenticated MY STIHL UI lookup;OFFICIAL_WEB_LOOKUP;OFFICIAL_STIHL_LOOKUP
163128800;"MS 660 3/8"" R Motorsäge";;Kettingzaag;Benzine;MY_STIHL;https://app.stihl.com/nl-nl/mystihl/tools/add/serial-number;2026-10-06;authenticated MY STIHL UI lookup;OFFICIAL_WEB_LOOKUP;OFFICIAL_STIHL_LOOKUP
163128805;"MS 660 3/8"" R Motorsäge";;Kettingzaag;Benzine;MY_STIHL;https://app.stihl.com/nl-nl/mystihl/tools/add/serial-number;2026-10-06;authenticated MY STIHL UI lookup;OFFICIAL_WEB_LOOKUP;OFFICIAL_STIHL_LOOKUP
163128810;"MS 660 3/8"" R Motorsäge";;Kettingzaag;Benzine;MY_STIHL;https://app.stihl.com/nl-nl/mystihl/tools/add/serial-number;2026-10-06;authenticated MY STIHL UI lookup;OFFICIAL_WEB_LOOKUP;OFFICIAL_STIHL_LOOKUP
163128815;"MS 660 3/8"" R Motorsäge";;Kettingzaag;Benzine;MY_STIHL;https://app.stihl.com/nl-nl/mystihl/tools/add/serial-number;2026-10-06;authenticated MY STIHL UI lookup;OFFICIAL_WEB_LOOKUP;OFFICIAL_STIHL_LOOKUP
163128820;"MS 660 3/8"" R Motorsäge";;Kettingzaag;Benzine;MY_STIHL;https://app.stihl.com/nl-nl/mystihl/tools/add/serial-number;2026-10-06;authenticated MY STIHL UI lookup;OFFICIAL_WEB_LOOKUP;OFFICIAL_STIHL_LOOKUP
163128825;"MS 660 3/8"" R Motorsäge";;Kettingzaag;Benzine;MY_STIHL;https://app.stihl.com/nl-nl/mystihl/tools/add/serial-number;2026-10-06;authenticated MY STIHL UI lookup;OFFICIAL_WEB_LOOKUP;OFFICIAL_STIHL_LOOKUP
163128830;"MS 660 3/8"" R Motorsäge";;Kettingzaag;Benzine;MY_STIHL;https://app.stihl.com/nl-nl/mystihl/tools/add/serial-number;2026-10-06;authenticated MY STIHL UI lookup;OFFICIAL_WEB_LOOKUP;OFFICIAL_STIHL_LOOKUP
163128835;"MS 660 3/8"" R Motorsäge";;Kettingzaag;Benzine;MY_STIHL;https://app.stihl.com/nl-nl/mystihl/tools/add/serial-number;2026-10-06;authenticated MY STIHL UI lookup;OFFICIAL_WEB_LOOKUP;OFFICIAL_STIHL_LOOKUP
163128840;"MS 660 3/8"" R Motorsäge";;Kettingzaag;Benzine;MY_STIHL;https://app.stihl.com/nl-nl/mystihl/tools/add/serial-number;2026-10-06;authenticated MY STIHL UI lookup;OFFICIAL_WEB_LOOKUP;OFFICIAL_STIHL_LOOKUP
163128845;"MS 660 3/8"" R Motorsäge";;Kettingzaag;Benzine;MY_STIHL;https://app.stihl.com/nl-nl/mystihl/tools/add/serial-number;2026-10-06;authenticated MY STIHL UI lookup;OFFICIAL_WEB_LOOKUP;OFFICIAL_STIHL_LOOKUP
163128850;"MS 660 3/8"" R Motorsäge";;Kettingzaag;Benzine;MY_STIHL;https://app.stihl.com/nl-nl/mystihl/tools/add/serial-number;2026-10-06;authenticated MY STIHL UI lookup;OFFICIAL_WEB_LOOKUP;OFFICIAL_STIHL_LOOKUP
163128855;"MS 660 3/8"" R Motorsäge";;Kettingzaag;Benzine;MY_STIHL;https://app.stihl.com/nl-nl/mystihl/tools/add/serial-number;2026-10-06;authenticated MY STIHL UI lookup;OFFICIAL_WEB_LOOKUP;OFFICIAL_STIHL_LOOKUP
163128860;"MS 660 3/8"" R Motorsäge";;Kettingzaag;Benzine;MY_STIHL;https://app.stihl.com/nl-nl/mystihl/tools/add/serial-number;2026-10-06;authenticated MY STIHL UI lookup;OFFICIAL_WEB_LOOKUP;OFFICIAL_STIHL_LOOKUP
163128865;"MS 660 3/8"" R Motorsäge";;Kettingzaag;Benzine;MY_STIHL;https://app.stihl.com/nl-nl/mystihl/tools/add/serial-number;2026-10-06;authenticated MY STIHL UI lookup;OFFICIAL_WEB_LOOKUP;OFFICIAL_STIHL_LOOKUP
163128870;"MS 660 3/8"" R Motorsäge";;Kettingzaag;Benzine;MY_STIHL;https://app.stihl.com/nl-nl/mystihl/tools/add/serial-number;2026-10-06;authenticated MY STIHL UI lookup;OFFICIAL_WEB_LOOKUP;OFFICIAL_STIHL_LOOKUP
163128875;"MS 660 3/8"" R Motorsäge";;Kettingzaag;Benzine;MY_STIHL;https://app.stihl.com/nl-nl/mystihl/tools/add/serial-number;2026-10-06;authenticated MY STIHL UI lookup;OFFICIAL_WEB_LOOKUP;OFFICIAL_STIHL_LOOKUP
163128880;"MS 660 3/8"" R Motorsäge";;Kettingzaag;Benzine;MY_STIHL;https://app.stihl.com/nl-nl/mystihl/tools/add/serial-number;2026-10-06;authenticated MY STIHL UI lookup;OFFICIAL_WEB_LOOKUP;OFFICIAL_STIHL_LOOKUP
163128885;"MS 660 3/8"" R Motorsäge";;Kettingzaag;Benzine;MY_STIHL;https://app.stihl.com/nl-nl/mystihl/tools/add/serial-number;2026-10-06;authenticated MY STIHL UI lookup;OFFICIAL_WEB_LOOKUP;OFFICIAL_STIHL_LOOKUP
163128890;"MS 660 3/8"" R Motorsäge";;Kettingzaag;Benzine;MY_STIHL;https://app.stihl.com/nl-nl/mystihl/tools/add/serial-number;2026-10-06;authenticated MY STIHL UI lookup;OFFICIAL_WEB_LOOKUP;OFFICIAL_STIHL_LOOKUP
163128895;"MS 660 3/8"" R Motorsäge";;Kettingzaag;Benzine;MY_STIHL;https://app.stihl.com/nl-nl/mystihl/tools/add/serial-number;2026-10-06;authenticated MY STIHL UI lookup;OFFICIAL_WEB_LOOKUP;OFFICIAL_STIHL_LOOKUP
163128900;"MS 660 3/8"" R Motorsäge";;Kettingzaag;Benzine;MY_STIHL;https://app.stihl.com/nl-nl/mystihl/tools/add/serial-number;2026-10-06;authenticated MY STIHL UI lookup;OFFICIAL_WEB_LOOKUP;OFFICIAL_STIHL_LOOKUP
163128905;"MS 660 3/8"" R Motorsäge";;Kettingzaag;Benzine;MY_STIHL;https://app.stihl.com/nl-nl/mystihl/tools/add/serial-number;2026-10-06;authenticated MY STIHL UI lookup;OFFICIAL_WEB_LOOKUP;OFFICIAL_STIHL_LOOKUP
163128910;"MS 660 3/8"" R Motorsäge";;Kettingzaag;Benzine;MY_STIHL;https://app.stihl.com/nl-nl/mystihl/tools/add/serial-number;2026-10-06;authenticated MY STIHL UI lookup;OFFICIAL_WEB_LOOKUP;OFFICIAL_STIHL_LOOKUP
163128915;"MS 660 3/8"" R Motorsäge";;Kettingzaag;Benzine;MY_STIHL;https://app.stihl.com/nl-nl/mystihl/tools/add/serial-number;2026-10-06;authenticated MY STIHL UI lookup;OFFICIAL_WEB_LOOKUP;OFFICIAL_STIHL_LOOKUP
163128920;"MS 660 3/8"" R Motorsäge";;Kettingzaag;Benzine;MY_STIHL;https://app.stihl.com/nl-nl/mystihl/tools/add/serial-number;2026-10-06;authenticated MY STIHL UI lookup;OFFICIAL_WEB_LOOKUP;OFFICIAL_STIHL_LOOKUP
163128925;"MS 660 3/8"" R Motorsäge";;Kettingzaag;Benzine;MY_STIHL;https://app.stihl.com/nl-nl/mystihl/tools/add/serial-number;2026-10-06;authenticated MY STIHL UI lookup;OFFICIAL_WEB_LOOKUP;OFFICIAL_STIHL_LOOKUP
163128930;"MS 660 3/8"" R Motorsäge";;Kettingzaag;Benzine;MY_STIHL;https://app.stihl.com/nl-nl/mystihl/tools/add/serial-number;2026-10-06;authenticated MY STIHL UI lookup;OFFICIAL_WEB_LOOKUP;OFFICIAL_STIHL_LOOKUP
163128935;"MS 660 3/8"" R Motorsäge";;Kettingzaag;Benzine;MY_STIHL;https://app.stihl.com/nl-nl/mystihl/tools/add/serial-number;2026-10-06;authenticated MY STIHL UI lookup;OFFICIAL_WEB_LOOKUP;OFFICIAL_STIHL_LOOKUP
163128940;"MS 660 3/8"" R Motorsäge";;Kettingzaag;Benzine;MY_STIHL;https://app.stihl.com/nl-nl/mystihl/tools/add/serial-number;2026-10-06;authenticated MY STIHL UI lookup;OFFICIAL_WEB_LOOKUP;OFFICIAL_STIHL_LOOKUP
163128945;"MS 660 3/8"" R Motorsäge";;Kettingzaag;Benzine;MY_STIHL;https://app.stihl.com/nl-nl/mystihl/tools/add/serial-number;2026-10-06;authenticated MY STIHL UI lookup;OFFICIAL_WEB_LOOKUP;OFFICIAL_STIHL_LOOKUP
163128950;"MS 660 3/8"" R Motorsäge";;Kettingzaag;Benzine;MY_STIHL;https://app.stihl.com/nl-nl/mystihl/tools/add/serial-number;2026-10-06;authenticated MY STIHL UI lookup;OFFICIAL_WEB_LOOKUP;OFFICIAL_STIHL_LOOKUP
163128955;"MS 660 3/8"" R Motorsäge";;Kettingzaag;Benzine;MY_STIHL;https://app.stihl.com/nl-nl/mystihl/tools/add/serial-number;2026-10-06;authenticated MY STIHL UI lookup;OFFICIAL_WEB_LOOKUP;OFFICIAL_STIHL_LOOKUP
163128960;"MS 660 3/8"" R Motorsäge";;Kettingzaag;Benzine;MY_STIHL;https://app.stihl.com/nl-nl/mystihl/tools/add/serial-number;2026-10-06;authenticated MY STIHL UI lookup;OFFICIAL_WEB_LOOKUP;OFFICIAL_STIHL_LOOKUP
163128965;"MS 660 3/8"" R Motorsäge";;Kettingzaag;Benzine;MY_STIHL;https://app.stihl.com/nl-nl/mystihl/tools/add/serial-number;2026-10-06;authenticated MY STIHL UI lookup;OFFICIAL_WEB_LOOKUP;OFFICIAL_STIHL_LOOKUP
163128970;"MS 660 3/8"" R Motorsäge";;Kettingzaag;Benzine;MY_STIHL;https://app.stihl.com/nl-nl/mystihl/tools/add/serial-number;2026-10-06;authenticated MY STIHL UI lookup;OFFICIAL_WEB_LOOKUP;OFFICIAL_STIHL_LOOKUP
163128975;"MS 660 3/8"" R Motorsäge";;Kettingzaag;Benzine;MY_STIHL;https://app.stihl.com/nl-nl/mystihl/tools/add/serial-number;2026-10-06;authenticated MY STIHL UI lookup;OFFICIAL_WEB_LOOKUP;OFFICIAL_STIHL_LOOKUP
163128980;"MS 660 3/8"" R Motorsäge";;Kettingzaag;Benzine;MY_STIHL;https://app.stihl.com/nl-nl/mystihl/tools/add/serial-number;2026-10-06;authenticated MY STIHL UI lookup;OFFICIAL_WEB_LOOKUP;OFFICIAL_STIHL_LOOKUP
163128985;"MS 660 3/8"" R Motorsäge";;Kettingzaag;Benzine;MY_STIHL;https://app.stihl.com/nl-nl/mystihl/tools/add/serial-number;2026-10-06;authenticated MY STIHL UI lookup;OFFICIAL_WEB_LOOKUP;OFFICIAL_STIHL_LOOKUP
163128990;"MS 660 3/8"" R Motorsäge";;Kettingzaag;Benzine;MY_STIHL;https://app.stihl.com/nl-nl/mystihl/tools/add/serial-number;2026-10-06;authenticated MY STIHL UI lookup;OFFICIAL_WEB_LOOKUP;OFFICIAL_STIHL_LOOKUP
163128995;"MS 660 3/8"" R Motorsäge";;Kettingzaag;Benzine;MY_STIHL;https://app.stihl.com/nl-nl/mystihl/tools/add/serial-number;2026-10-06;authenticated MY STIHL UI lookup;OFFICIAL_WEB_LOOKUP;OFFICIAL_STIHL_LOOKUP
163129000;"MS 660 3/8"" R Motorsäge";;Kettingzaag;Benzine;MY_STIHL;https://app.stihl.com/nl-nl/mystihl/tools/add/serial-number;2026-10-06;authenticated MY STIHL UI lookup;OFFICIAL_WEB_LOOKUP;OFFICIAL_STIHL_LOOKUP
163129005;"MS 660 3/8"" R Motorsäge";;Kettingzaag;Benzine;MY_STIHL;https://app.stihl.com/nl-nl/mystihl/tools/add/serial-number;2026-10-06;authenticated MY STIHL UI lookup;OFFICIAL_WEB_LOOKUP;OFFICIAL_STIHL_LOOKUP
163129010;"MS 660 3/8"" R Motorsäge";;Kettingzaag;Benzine;MY_STIHL;https://app.stihl.com/nl-nl/mystihl/tools/add/serial-number;2026-10-06;authenticated MY STIHL UI lookup;OFFICIAL_WEB_LOOKUP;OFFICIAL_STIHL_LOOKUP
163129015;"MS 660 3/8"" R Motorsäge";;Kettingzaag;Benzine;MY_STIHL;https://app.stihl.com/nl-nl/mystihl/tools/add/serial-number;2026-10-06;authenticated MY STIHL UI lookup;OFFICIAL_WEB_LOOKUP;OFFICIAL_STIHL_LOOKUP
163129020;"MS 660 3/8"" R Motorsäge";;Kettingzaag;Benzine;MY_STIHL;https://app.stihl.com/nl-nl/mystihl/tools/add/serial-number;2026-10-06;authenticated MY STIHL UI lookup;OFFICIAL_WEB_LOOKUP;OFFICIAL_STIHL_LOOKUP
163129025;"MS 660 3/8"" R Motorsäge";;Kettingzaag;Benzine;MY_STIHL;https://app.stihl.com/nl-nl/mystihl/tools/add/serial-number;2026-10-06;authenticated MY STIHL UI lookup;OFFICIAL_WEB_LOOKUP;OFFICIAL_STIHL_LOOKUP
163129030;"MS 660 3/8"" R Motorsäge";;Kettingzaag;Benzine;MY_STIHL;https://app.stihl.com/nl-nl/mystihl/tools/add/serial-number;2026-10-06;authenticated MY STIHL UI lookup;OFFICIAL_WEB_LOOKUP;OFFICIAL_STIHL_LOOKUP
163129035;"MS 660 3/8"" R Motorsäge";;Kettingzaag;Benzine;MY_STIHL;https://app.stihl.com/nl-nl/mystihl/tools/add/serial-number;2026-10-06;authenticated MY STIHL UI lookup;OFFICIAL_WEB_LOOKUP;OFFICIAL_STIHL_LOOKUP
163129040;"MS 660 3/8"" R Motorsäge";;Kettingzaag;Benzine;MY_STIHL;https://app.stihl.com/nl-nl/mystihl/tools/add/serial-number;2026-10-06;authenticated MY STIHL UI lookup;OFFICIAL_WEB_LOOKUP;OFFICIAL_STIHL_LOOKUP
163129045;"MS 660 3/8"" R Motorsäge";;Kettingzaag;Benzine;MY_STIHL;https://app.stihl.com/nl-nl/mystihl/tools/add/serial-number;2026-10-06;authenticated MY STIHL UI lookup;OFFICIAL_WEB_LOOKUP;OFFICIAL_STIHL_LOOKUP
163129050;"MS 660 3/8"" R Motorsäge";;Kettingzaag;Benzine;MY_STIHL;https://app.stihl.com/nl-nl/mystihl/tools/add/serial-number;2026-10-06;authenticated MY STIHL UI lookup;OFFICIAL_WEB_LOOKUP;OFFICIAL_STIHL_LOOKUP
163129055;"MS 660 3/8"" R Motorsäge";;Kettingzaag;Benzine;MY_STIHL;https://app.stihl.com/nl-nl/mystihl/tools/add/serial-number;2026-10-06;authenticated MY STIHL UI lookup;OFFICIAL_WEB_LOOKUP;OFFICIAL_STIHL_LOOKUP
163129060;"MS 660 3/8"" R Motorsäge";;Kettingzaag;Benzine;MY_STIHL;https://app.stihl.com/nl-nl/mystihl/tools/add/serial-number;2026-10-06;authenticated MY STIHL UI lookup;OFFICIAL_WEB_LOOKUP;OFFICIAL_STIHL_LOOKUP
163129065;"MS 660 3/8"" R Motorsäge";;Kettingzaag;Benzine;MY_STIHL;https://app.stihl.com/nl-nl/mystihl/tools/add/serial-number;2026-10-06;authenticated MY STIHL UI lookup;OFFICIAL_WEB_LOOKUP;OFFICIAL_STIHL_LOOKUP
163129070;"MS 660 3/8"" R Motorsäge";;Kettingzaag;Benzine;MY_STIHL;https://app.stihl.com/nl-nl/mystihl/tools/add/serial-number;2026-10-06;authenticated MY STIHL UI lookup;OFFICIAL_WEB_LOOKUP;OFFICIAL_STIHL_LOOKUP
163129075;"MS 660 3/8"" R Motorsäge";;Kettingzaag;Benzine;MY_STIHL;https://app.stihl.com/nl-nl/mystihl/tools/add/serial-number;2026-10-06;authenticated MY STIHL UI lookup;OFFICIAL_WEB_LOOKUP;OFFICIAL_STIHL_LOOKUP
163129080;"MS 660 3/8"" R Motorsäge";;Kettingzaag;Benzine;MY_STIHL;https://app.stihl.com/nl-nl/mystihl/tools/add/serial-number;2026-10-06;authenticated MY STIHL UI lookup;OFFICIAL_WEB_LOOKUP;OFFICIAL_STIHL_LOOKUP
163129085;"MS 660 3/8"" R Motorsäge";;Kettingzaag;Benzine;MY_STIHL;https://app.stihl.com/nl-nl/mystihl/tools/add/serial-number;2026-10-06;authenticated MY STIHL UI lookup;OFFICIAL_WEB_LOOKUP;OFFICIAL_STIHL_LOOKUP
163129090;"MS 660 3/8"" R Motorsäge";;Kettingzaag;Benzine;MY_STIHL;https://app.stihl.com/nl-nl/mystihl/tools/add/serial-number;2026-10-06;authenticated MY STIHL UI lookup;OFFICIAL_WEB_LOOKUP;OFFICIAL_STIHL_LOOKUP
163129095;"MS 660 3/8"" R Motorsäge";;Kettingzaag;Benzine;MY_STIHL;https://app.stihl.com/nl-nl/mystihl/tools/add/serial-number;2026-10-06;authenticated MY STIHL UI lookup;OFFICIAL_WEB_LOOKUP;OFFICIAL_STIHL_LOOKUP
163129100;"MS 660 3/8"" R Motorsäge";;Kettingzaag;Benzine;MY_STIHL;https://app.stihl.com/nl-nl/mystihl/tools/add/serial-number;2026-10-06;authenticated MY STIHL UI lookup;OFFICIAL_WEB_LOOKUP;OFFICIAL_STIHL_LOOKUP
163129105;"MS 660 3/8"" R Motorsäge";;Kettingzaag;Benzine;MY_STIHL;https://app.stihl.com/nl-nl/mystihl/tools/add/serial-number;2026-10-06;authenticated MY STIHL UI lookup;OFFICIAL_WEB_LOOKUP;OFFICIAL_STIHL_LOOKUP
163129110;"MS 660 3/8"" R Motorsäge";;Kettingzaag;Benzine;MY_STIHL;https://app.stihl.com/nl-nl/mystihl/tools/add/serial-number;2026-10-06;authenticated MY STIHL UI lookup;OFFICIAL_WEB_LOOKUP;OFFICIAL_STIHL_LOOKUP
163129115;"MS 660 3/8"" R Motorsäge";;Kettingzaag;Benzine;MY_STIHL;https://app.stihl.com/nl-nl/mystihl/tools/add/serial-number;2026-10-06;authenticated MY STIHL UI lookup;OFFICIAL_WEB_LOOKUP;OFFICIAL_STIHL_LOOKUP
163129120;"MS 660 3/8"" R Motorsäge";;Kettingzaag;Benzine;MY_STIHL;https://app.stihl.com/nl-nl/mystihl/tools/add/serial-number;2026-10-06;authenticated MY STIHL UI lookup;OFFICIAL_WEB_LOOKUP;OFFICIAL_STIHL_LOOKUP
163129125;"MS 660 3/8"" R Motorsäge";;Kettingzaag;Benzine;MY_STIHL;https://app.stihl.com/nl-nl/mystihl/tools/add/serial-number;2026-10-06;authenticated MY STIHL UI lookup;OFFICIAL_WEB_LOOKUP;OFFICIAL_STIHL_LOOKUP
163129130;"MS 660 3/8"" R Motorsäge";;Kettingzaag;Benzine;MY_STIHL;https://app.stihl.com/nl-nl/mystihl/tools/add/serial-number;2026-10-06;authenticated MY STIHL UI lookup;OFFICIAL_WEB_LOOKUP;OFFICIAL_STIHL_LOOKUP
163129135;"MS 660 3/8"" R Motorsäge";;Kettingzaag;Benzine;MY_STIHL;https://app.stihl.com/nl-nl/mystihl/tools/add/serial-number;2026-10-06;authenticated MY STIHL UI lookup;OFFICIAL_WEB_LOOKUP;OFFICIAL_STIHL_LOOKUP
163129140;"MS 660 3/8"" R Motorsäge";;Kettingzaag;Benzine;MY_STIHL;https://app.stihl.com/nl-nl/mystihl/tools/add/serial-number;2026-10-06;authenticated MY STIHL UI lookup;OFFICIAL_WEB_LOOKUP;OFFICIAL_STIHL_LOOKUP
163129145;"MS 660 3/8"" R Motorsäge";;Kettingzaag;Benzine;MY_STIHL;https://app.stihl.com/nl-nl/mystihl/tools/add/serial-number;2026-10-06;authenticated MY STIHL UI lookup;OFFICIAL_WEB_LOOKUP;OFFICIAL_STIHL_LOOKUP
163129150;"MS 660 3/8"" R Motorsäge";;Kettingzaag;Benzine;MY_STIHL;https://app.stihl.com/nl-nl/mystihl/tools/add/serial-number;2026-10-06;authenticated MY STIHL UI lookup;OFFICIAL_WEB_LOOKUP;OFFICIAL_STIHL_LOOKUP
163129155;"MS 660 3/8"" R Motorsäge";;Kettingzaag;Benzine;MY_STIHL;https://app.stihl.com/nl-nl/mystihl/tools/add/serial-number;2026-10-06;authenticated MY STIHL UI lookup;OFFICIAL_WEB_LOOKUP;OFFICIAL_STIHL_LOOKUP
163129160;"MS 660 3/8"" R Motorsäge";;Kettingzaag;Benzine;MY_STIHL;https://app.stihl.com/nl-nl/mystihl/tools/add/serial-number;2026-10-06;authenticated MY STIHL UI lookup;OFFICIAL_WEB_LOOKUP;OFFICIAL_STIHL_LOOKUP
163129165;"MS 660 3/8"" R Motorsäge";;Kettingzaag;Benzine;MY_STIHL;https://app.stihl.com/nl-nl/mystihl/tools/add/serial-number;2026-10-06;authenticated MY STIHL UI lookup;OFFICIAL_WEB_LOOKUP;OFFICIAL_STIHL_LOOKUP
163129170;"MS 660 3/8"" R Motorsäge";;Kettingzaag;Benzine;MY_STIHL;https://app.stihl.com/nl-nl/mystihl/tools/add/serial-number;2026-10-06;authenticated MY STIHL UI lookup;OFFICIAL_WEB_LOOKUP;OFFICIAL_STIHL_LOOKUP
163129175;"MS 660 3/8"" R Motorsäge";;Kettingzaag;Benzine;MY_STIHL;https://app.stihl.com/nl-nl/mystihl/tools/add/serial-number;2026-10-06;authenticated MY STIHL UI lookup;OFFICIAL_WEB_LOOKUP;OFFICIAL_STIHL_LOOKUP
163129180;"MS 660 3/8"" R Motorsäge";;Kettingzaag;Benzine;MY_STIHL;https://app.stihl.com/nl-nl/mystihl/tools/add/serial-number;2026-10-06;authenticated MY STIHL UI lookup;OFFICIAL_WEB_LOOKUP;OFFICIAL_STIHL_LOOKUP
163129185;"MS 660 3/8"" R Motorsäge";;Kettingzaag;Benzine;MY_STIHL;https://app.stihl.com/nl-nl/mystihl/tools/add/serial-number;2026-10-06;authenticated MY STIHL UI lookup;OFFICIAL_WEB_LOOKUP;OFFICIAL_STIHL_LOOKUP
163129190;"MS 660 3/8"" R Motorsäge";;Kettingzaag;Benzine;MY_STIHL;https://app.stihl.com/nl-nl/mystihl/tools/add/serial-number;2026-10-06;authenticated MY STIHL UI lookup;OFFICIAL_WEB_LOOKUP;OFFICIAL_STIHL_LOOKUP
163129195;"MS 660 3/8"" R Motorsäge";;Kettingzaag;Benzine;MY_STIHL;https://app.stihl.com/nl-nl/mystihl/tools/add/serial-number;2026-10-06;authenticated MY STIHL UI lookup;OFFICIAL_WEB_LOOKUP;OFFICIAL_STIHL_LOOKUP
163129200;"MS 660 3/8"" R Motorsäge";;Kettingzaag;Benzine;MY_STIHL;https://app.stihl.com/nl-nl/mystihl/tools/add/serial-number;2026-10-06;authenticated MY STIHL UI lookup;OFFICIAL_WEB_LOOKUP;OFFICIAL_STIHL_LOOKUP
163129205;"MS 660 3/8"" R Motorsäge";;Kettingzaag;Benzine;MY_STIHL;https://app.stihl.com/nl-nl/mystihl/tools/add/serial-number;2026-10-06;authenticated MY STIHL UI lookup;OFFICIAL_WEB_LOOKUP;OFFICIAL_STIHL_LOOKUP
163129210;"MS 660 3/8"" R Motorsäge";;Kettingzaag;Benzine;MY_STIHL;https://app.stihl.com/nl-nl/mystihl/tools/add/serial-number;2026-10-06;authenticated MY STIHL UI lookup;OFFICIAL_WEB_LOOKUP;OFFICIAL_STIHL_LOOKUP
163129215;"MS 660 3/8"" R Motorsäge";;Kettingzaag;Benzine;MY_STIHL;https://app.stihl.com/nl-nl/mystihl/tools/add/serial-number;2026-10-06;authenticated MY STIHL UI lookup;OFFICIAL_WEB_LOOKUP;OFFICIAL_STIHL_LOOKUP
163129220;"MS 660 3/8"" R Motorsäge";;Kettingzaag;Benzine;MY_STIHL;https://app.stihl.com/nl-nl/mystihl/tools/add/serial-number;2026-10-06;authenticated MY STIHL UI lookup;OFFICIAL_WEB_LOOKUP;OFFICIAL_STIHL_LOOKUP
163129225;"MS 660 3/8"" R Motorsäge";;Kettingzaag;Benzine;MY_STIHL;https://app.stihl.com/nl-nl/mystihl/tools/add/serial-number;2026-10-06;authenticated MY STIHL UI lookup;OFFICIAL_WEB_LOOKUP;OFFICIAL_STIHL_LOOKUP
163129230;"MS 660 3/8"" R Motorsäge";;Kettingzaag;Benzine;MY_STIHL;https://app.stihl.com/nl-nl/mystihl/tools/add/serial-number;2026-10-06;authenticated MY STIHL UI lookup;OFFICIAL_WEB_LOOKUP;OFFICIAL_STIHL_LOOKUP
163129235;"MS 660 3/8"" R Motorsäge";;Kettingzaag;Benzine;MY_STIHL;https://app.stihl.com/nl-nl/mystihl/tools/add/serial-number;2026-10-06;authenticated MY STIHL UI lookup;OFFICIAL_WEB_LOOKUP;OFFICIAL_STIHL_LOOKUP
163129240;"MS 660 3/8"" R Motorsäge";;Kettingzaag;Benzine;MY_STIHL;https://app.stihl.com/nl-nl/mystihl/tools/add/serial-number;2026-10-06;authenticated MY STIHL UI lookup;OFFICIAL_WEB_LOOKUP;OFFICIAL_STIHL_LOOKUP
163129245;"MS 660 3/8"" R Motorsäge";;Kettingzaag;Benzine;MY_STIHL;https://app.stihl.com/nl-nl/mystihl/tools/add/serial-number;2026-10-06;authenticated MY STIHL UI lookup;OFFICIAL_WEB_LOOKUP;OFFICIAL_STIHL_LOOKUP
163129250;"MS 660 3/8"" R Motorsäge";;Kettingzaag;Benzine;MY_STIHL;https://app.stihl.com/nl-nl/mystihl/tools/add/serial-number;2026-10-06;authenticated MY STIHL UI lookup;OFFICIAL_WEB_LOOKUP;OFFICIAL_STIHL_LOOKUP
163129255;"MS 660 3/8"" R Motorsäge";;Kettingzaag;Benzine;MY_STIHL;https://app.stihl.com/nl-nl/mystihl/tools/add/serial-number;2026-10-06;authenticated MY STIHL UI lookup;OFFICIAL_WEB_LOOKUP;OFFICIAL_STIHL_LOOKUP
163129260;"MS 660 3/8"" R Motorsäge";;Kettingzaag;Benzine;MY_STIHL;https://app.stihl.com/nl-nl/mystihl/tools/add/serial-number;2026-10-06;authenticated MY STIHL UI lookup;OFFICIAL_WEB_LOOKUP;OFFICIAL_STIHL_LOOKUP
163129265;"MS 660 3/8"" R Motorsäge";;Kettingzaag;Benzine;MY_STIHL;https://app.stihl.com/nl-nl/mystihl/tools/add/serial-number;2026-10-06;authenticated MY STIHL UI lookup;OFFICIAL_WEB_LOOKUP;OFFICIAL_STIHL_LOOKUP
163129270;"MS 660 3/8"" R Motorsäge";;Kettingzaag;Benzine;MY_STIHL;https://app.stihl.com/nl-nl/mystihl/tools/add/serial-number;2026-10-06;authenticated MY STIHL UI lookup;OFFICIAL_WEB_LOOKUP;OFFICIAL_STIHL_LOOKUP
163129275;"MS 660 3/8"" R Motorsäge";;Kettingzaag;Benzine;MY_STIHL;https://app.stihl.com/nl-nl/mystihl/tools/add/serial-number;2026-10-06;authenticated MY STIHL UI lookup;OFFICIAL_WEB_LOOKUP;OFFICIAL_STIHL_LOOKUP
163129280;"MS 660 3/8"" R Motorsäge";;Kettingzaag;Benzine;MY_STIHL;https://app.stihl.com/nl-nl/mystihl/tools/add/serial-number;2026-10-06;authenticated MY STIHL UI lookup;OFFICIAL_WEB_LOOKUP;OFFICIAL_STIHL_LOOKUP
163129285;"MS 660 3/8"" R Motorsäge";;Kettingzaag;Benzine;MY_STIHL;https://app.stihl.com/nl-nl/mystihl/tools/add/serial-number;2026-10-06;authenticated MY STIHL UI lookup;OFFICIAL_WEB_LOOKUP;OFFICIAL_STIHL_LOOKUP
163129290;"MS 660 3/8"" R Motorsäge";;Kettingzaag;Benzine;MY_STIHL;https://app.stihl.com/nl-nl/mystihl/tools/add/serial-number;2026-10-06;authenticated MY STIHL UI lookup;OFFICIAL_WEB_LOOKUP;OFFICIAL_STIHL_LOOKUP
163129295;"MS 660 3/8"" R Motorsäge";;Kettingzaag;Benzine;MY_STIHL;https://app.stihl.com/nl-nl/mystihl/tools/add/serial-number;2026-10-06;authenticated MY STIHL UI lookup;OFFICIAL_WEB_LOOKUP;OFFICIAL_STIHL_LOOKUP
163129300;"MS 660 3/8"" R Motorsäge";;Kettingzaag;Benzine;MY_STIHL;https://app.stihl.com/nl-nl/mystihl/tools/add/serial-number;2026-10-06;authenticated MY STIHL UI lookup;OFFICIAL_WEB_LOOKUP;OFFICIAL_STIHL_LOOKUP
163129305;"MS 660 3/8"" R Motorsäge";;Kettingzaag;Benzine;MY_STIHL;https://app.stihl.com/nl-nl/mystihl/tools/add/serial-number;2026-10-06;authenticated MY STIHL UI lookup;OFFICIAL_WEB_LOOKUP;OFFICIAL_STIHL_LOOKUP
163129310;"MS 660 3/8"" R Motorsäge";;Kettingzaag;Benzine;MY_STIHL;https://app.stihl.com/nl-nl/mystihl/tools/add/serial-number;2026-10-06;authenticated MY STIHL UI lookup;OFFICIAL_WEB_LOOKUP;OFFICIAL_STIHL_LOOKUP
163129315;"MS 660 3/8"" R Motorsäge";;Kettingzaag;Benzine;MY_STIHL;https://app.stihl.com/nl-nl/mystihl/tools/add/serial-number;2026-10-06;authenticated MY STIHL UI lookup;OFFICIAL_WEB_LOOKUP;OFFICIAL_STIHL_LOOKUP
163129320;"MS 660 3/8"" R Motorsäge";;Kettingzaag;Benzine;MY_STIHL;https://app.stihl.com/nl-nl/mystihl/tools/add/serial-number;2026-10-06;authenticated MY STIHL UI lookup;OFFICIAL_WEB_LOOKUP;OFFICIAL_STIHL_LOOKUP
163129325;"MS 660 3/8"" R Motorsäge";;Kettingzaag;Benzine;MY_STIHL;https://app.stihl.com/nl-nl/mystihl/tools/add/serial-number;2026-10-06;authenticated MY STIHL UI lookup;OFFICIAL_WEB_LOOKUP;OFFICIAL_STIHL_LOOKUP
163129330;"MS 660 3/8"" R Motorsäge";;Kettingzaag;Benzine;MY_STIHL;https://app.stihl.com/nl-nl/mystihl/tools/add/serial-number;2026-10-06;authenticated MY STIHL UI lookup;OFFICIAL_WEB_LOOKUP;OFFICIAL_STIHL_LOOKUP
163129335;"MS 660 3/8"" R Motorsäge";;Kettingzaag;Benzine;MY_STIHL;https://app.stihl.com/nl-nl/mystihl/tools/add/serial-number;2026-10-06;authenticated MY STIHL UI lookup;OFFICIAL_WEB_LOOKUP;OFFICIAL_STIHL_LOOKUP
163129340;"MS 660 3/8"" R Motorsäge";;Kettingzaag;Benzine;MY_STIHL;https://app.stihl.com/nl-nl/mystihl/tools/add/serial-number;2026-10-06;authenticated MY STIHL UI lookup;OFFICIAL_WEB_LOOKUP;OFFICIAL_STIHL_LOOKUP
163129345;"MS 660 3/8"" R Motorsäge";;Kettingzaag;Benzine;MY_STIHL;https://app.stihl.com/nl-nl/mystihl/tools/add/serial-number;2026-10-06;authenticated MY STIHL UI lookup;OFFICIAL_WEB_LOOKUP;OFFICIAL_STIHL_LOOKUP
163129350;"MS 660 3/8"" R Motorsäge";;Kettingzaag;Benzine;MY_STIHL;https://app.stihl.com/nl-nl/mystihl/tools/add/serial-number;2026-10-06;authenticated MY STIHL UI lookup;OFFICIAL_WEB_LOOKUP;OFFICIAL_STIHL_LOOKUP
163129355;"MS 660 3/8"" R Motorsäge";;Kettingzaag;Benzine;MY_STIHL;https://app.stihl.com/nl-nl/mystihl/tools/add/serial-number;2026-10-06;authenticated MY STIHL UI lookup;OFFICIAL_WEB_LOOKUP;OFFICIAL_STIHL_LOOKUP
163129360;"MS 660 3/8"" R Motorsäge";;Kettingzaag;Benzine;MY_STIHL;https://app.stihl.com/nl-nl/mystihl/tools/add/serial-number;2026-10-06;authenticated MY STIHL UI lookup;OFFICIAL_WEB_LOOKUP;OFFICIAL_STIHL_LOOKUP
163129365;"MS 660 3/8"" R Motorsäge";;Kettingzaag;Benzine;MY_STIHL;https://app.stihl.com/nl-nl/mystihl/tools/add/serial-number;2026-10-06;authenticated MY STIHL UI lookup;OFFICIAL_WEB_LOOKUP;OFFICIAL_STIHL_LOOKUP
163129370;"MS 660 3/8"" R Motorsäge";;Kettingzaag;Benzine;MY_STIHL;https://app.stihl.com/nl-nl/mystihl/tools/add/serial-number;2026-10-06;authenticated MY STIHL UI lookup;OFFICIAL_WEB_LOOKUP;OFFICIAL_STIHL_LOOKUP
163129375;"MS 660 3/8"" R Motorsäge";;Kettingzaag;Benzine;MY_STIHL;https://app.stihl.com/nl-nl/mystihl/tools/add/serial-number;2026-10-06;authenticated MY STIHL UI lookup;OFFICIAL_WEB_LOOKUP;OFFICIAL_STIHL_LOOKUP
163129380;"MS 660 3/8"" R Motorsäge";;Kettingzaag;Benzine;MY_STIHL;https://app.stihl.com/nl-nl/mystihl/tools/add/serial-number;2026-10-06;authenticated MY STIHL UI lookup;OFFICIAL_WEB_LOOKUP;OFFICIAL_STIHL_LOOKUP
163129385;"MS 660 3/8"" R Motorsäge";;Kettingzaag;Benzine;MY_STIHL;https://app.stihl.com/nl-nl/mystihl/tools/add/serial-number;2026-10-06;authenticated MY STIHL UI lookup;OFFICIAL_WEB_LOOKUP;OFFICIAL_STIHL_LOOKUP
163129390;"MS 660 3/8"" R Motorsäge";;Kettingzaag;Benzine;MY_STIHL;https://app.stihl.com/nl-nl/mystihl/tools/add/serial-number;2026-10-06;authenticated MY STIHL UI lookup;OFFICIAL_WEB_LOOKUP;OFFICIAL_STIHL_LOOKUP
163129395;"MS 660 3/8"" R Motorsäge";;Kettingzaag;Benzine;MY_STIHL;https://app.stihl.com/nl-nl/mystihl/tools/add/serial-number;2026-10-06;authenticated MY STIHL UI lookup;OFFICIAL_WEB_LOOKUP;OFFICIAL_STIHL_LOOKUP
163129400;"MS 660 3/8"" R Motorsäge";;Kettingzaag;Benzine;MY_STIHL;https://app.stihl.com/nl-nl/mystihl/tools/add/serial-number;2026-10-06;authenticated MY STIHL UI lookup;OFFICIAL_WEB_LOOKUP;OFFICIAL_STIHL_LOOKUP
163129405;"MS 660 3/8"" R Motorsäge";;Kettingzaag;Benzine;MY_STIHL;https://app.stihl.com/nl-nl/mystihl/tools/add/serial-number;2026-10-06;authenticated MY STIHL UI lookup;OFFICIAL_WEB_LOOKUP;OFFICIAL_STIHL_LOOKUP
163129410;"MS 660 3/8"" R Motorsäge";;Kettingzaag;Benzine;MY_STIHL;https://app.stihl.com/nl-nl/mystihl/tools/add/serial-number;2026-10-06;authenticated MY STIHL UI lookup;OFFICIAL_WEB_LOOKUP;OFFICIAL_STIHL_LOOKUP
163129415;"MS 660 3/8"" R Motorsäge";;Kettingzaag;Benzine;MY_STIHL;https://app.stihl.com/nl-nl/mystihl/tools/add/serial-number;2026-10-06;authenticated MY STIHL UI lookup;OFFICIAL_WEB_LOOKUP;OFFICIAL_STIHL_LOOKUP
163129420;"MS 660 3/8"" R Motorsäge";;Kettingzaag;Benzine;MY_STIHL;https://app.stihl.com/nl-nl/mystihl/tools/add/serial-number;2026-10-06;authenticated MY STIHL UI lookup;OFFICIAL_WEB_LOOKUP;OFFICIAL_STIHL_LOOKUP
163129425;"MS 660 3/8"" R Motorsäge";;Kettingzaag;Benzine;MY_STIHL;https://app.stihl.com/nl-nl/mystihl/tools/add/serial-number;2026-10-06;authenticated MY STIHL UI lookup;OFFICIAL_WEB_LOOKUP;OFFICIAL_STIHL_LOOKUP
163129430;"MS 660 3/8"" R Motorsäge";;Kettingzaag;Benzine;MY_STIHL;https://app.stihl.com/nl-nl/mystihl/tools/add/serial-number;2026-10-06;authenticated MY STIHL UI lookup;OFFICIAL_WEB_LOOKUP;OFFICIAL_STIHL_LOOKUP
163129435;"MS 660 3/8"" R Motorsäge";;Kettingzaag;Benzine;MY_STIHL;https://app.stihl.com/nl-nl/mystihl/tools/add/serial-number;2026-10-06;authenticated MY STIHL UI lookup;OFFICIAL_WEB_LOOKUP;OFFICIAL_STIHL_LOOKUP
163129440;"MS 660 3/8"" R Motorsäge";;Kettingzaag;Benzine;MY_STIHL;https://app.stihl.com/nl-nl/mystihl/tools/add/serial-number;2026-10-06;authenticated MY STIHL UI lookup;OFFICIAL_WEB_LOOKUP;OFFICIAL_STIHL_LOOKUP
163129445;"MS 660 3/8"" R Motorsäge";;Kettingzaag;Benzine;MY_STIHL;https://app.stihl.com/nl-nl/mystihl/tools/add/serial-number;2026-10-06;authenticated MY STIHL UI lookup;OFFICIAL_WEB_LOOKUP;OFFICIAL_STIHL_LOOKUP
163129450;"MS 660 3/8"" R Motorsäge";;Kettingzaag;Benzine;MY_STIHL;https://app.stihl.com/nl-nl/mystihl/tools/add/serial-number;2026-10-06;authenticated MY STIHL UI lookup;OFFICIAL_WEB_LOOKUP;OFFICIAL_STIHL_LOOKUP
163129455;"MS 660 3/8"" R Motorsäge";;Kettingzaag;Benzine;MY_STIHL;https://app.stihl.com/nl-nl/mystihl/tools/add/serial-number;2026-10-06;authenticated MY STIHL UI lookup;OFFICIAL_WEB_LOOKUP;OFFICIAL_STIHL_LOOKUP
163129460;"MS 660 3/8"" R Motorsäge";;Kettingzaag;Benzine;MY_STIHL;https://app.stihl.com/nl-nl/mystihl/tools/add/serial-number;2026-10-06;authenticated MY STIHL UI lookup;OFFICIAL_WEB_LOOKUP;OFFICIAL_STIHL_LOOKUP
163129465;"MS 660 3/8"" R Motorsäge";;Kettingzaag;Benzine;MY_STIHL;https://app.stihl.com/nl-nl/mystihl/tools/add/serial-number;2026-10-06;authenticated MY STIHL UI lookup;OFFICIAL_WEB_LOOKUP;OFFICIAL_STIHL_LOOKUP
163129470;"MS 660 3/8"" R Motorsäge";;Kettingzaag;Benzine;MY_STIHL;https://app.stihl.com/nl-nl/mystihl/tools/add/serial-number;2026-10-06;authenticated MY STIHL UI lookup;OFFICIAL_WEB_LOOKUP;OFFICIAL_STIHL_LOOKUP
163129475;"MS 660 3/8"" R Motorsäge";;Kettingzaag;Benzine;MY_STIHL;https://app.stihl.com/nl-nl/mystihl/tools/add/serial-number;2026-10-06;authenticated MY STIHL UI lookup;OFFICIAL_WEB_LOOKUP;OFFICIAL_STIHL_LOOKUP
163129480;"MS 660 3/8"" R Motorsäge";;Kettingzaag;Benzine;MY_STIHL;https://app.stihl.com/nl-nl/mystihl/tools/add/serial-number;2026-10-06;authenticated MY STIHL UI lookup;OFFICIAL_WEB_LOOKUP;OFFICIAL_STIHL_LOOKUP
163129485;"MS 660 3/8"" R Motorsäge";;Kettingzaag;Benzine;MY_STIHL;https://app.stihl.com/nl-nl/mystihl/tools/add/serial-number;2026-10-06;authenticated MY STIHL UI lookup;OFFICIAL_WEB_LOOKUP;OFFICIAL_STIHL_LOOKUP
163129490;"MS 660 3/8"" R Motorsäge";;Kettingzaag;Benzine;MY_STIHL;https://app.stihl.com/nl-nl/mystihl/tools/add/serial-number;2026-10-06;authenticated MY STIHL UI lookup;OFFICIAL_WEB_LOOKUP;OFFICIAL_STIHL_LOOKUP
163129495;"MS 660 3/8"" R Motorsäge";;Kettingzaag;Benzine;MY_STIHL;https://app.stihl.com/nl-nl/mystihl/tools/add/serial-number;2026-10-06;authenticated MY STIHL UI lookup;OFFICIAL_WEB_LOOKUP;OFFICIAL_STIHL_LOOKUP
163129500;"MS 660 3/8"" R Motorsäge";;Kettingzaag;Benzine;MY_STIHL;https://app.stihl.com/nl-nl/mystihl/tools/add/serial-number;2026-10-06;authenticated MY STIHL UI lookup;OFFICIAL_WEB_LOOKUP;OFFICIAL_STIHL_LOOKUP
163129505;"MS 660 3/8"" R Motorsäge";;Kettingzaag;Benzine;MY_STIHL;https://app.stihl.com/nl-nl/mystihl/tools/add/serial-number;2026-10-06;authenticated MY STIHL UI lookup;OFFICIAL_WEB_LOOKUP;OFFICIAL_STIHL_LOOKUP
163129510;"MS 660 3/8"" R Motorsäge";;Kettingzaag;Benzine;MY_STIHL;https://app.stihl.com/nl-nl/mystihl/tools/add/serial-number;2026-10-06;authenticated MY STIHL UI lookup;OFFICIAL_WEB_LOOKUP;OFFICIAL_STIHL_LOOKUP
163129515;"MS 660 3/8"" R Motorsäge";;Kettingzaag;Benzine;MY_STIHL;https://app.stihl.com/nl-nl/mystihl/tools/add/serial-number;2026-10-06;authenticated MY STIHL UI lookup;OFFICIAL_WEB_LOOKUP;OFFICIAL_STIHL_LOOKUP
163129520;"MS 660 3/8"" R Motorsäge";;Kettingzaag;Benzine;MY_STIHL;https://app.stihl.com/nl-nl/mystihl/tools/add/serial-number;2026-10-06;authenticated MY STIHL UI lookup;OFFICIAL_WEB_LOOKUP;OFFICIAL_STIHL_LOOKUP
163129525;"MS 660 3/8"" R Motorsäge";;Kettingzaag;Benzine;MY_STIHL;https://app.stihl.com/nl-nl/mystihl/tools/add/serial-number;2026-10-06;authenticated MY STIHL UI lookup;OFFICIAL_WEB_LOOKUP;OFFICIAL_STIHL_LOOKUP
163129530;"MS 660 3/8"" R Motorsäge";;Kettingzaag;Benzine;MY_STIHL;https://app.stihl.com/nl-nl/mystihl/tools/add/serial-number;2026-10-06;authenticated MY STIHL UI lookup;OFFICIAL_WEB_LOOKUP;OFFICIAL_STIHL_LOOKUP
163129535;"MS 660 3/8"" R Motorsäge";;Kettingzaag;Benzine;MY_STIHL;https://app.stihl.com/nl-nl/mystihl/tools/add/serial-number;2026-10-06;authenticated MY STIHL UI lookup;OFFICIAL_WEB_LOOKUP;OFFICIAL_STIHL_LOOKUP
163129540;"MS 660 3/8"" R Motorsäge";;Kettingzaag;Benzine;MY_STIHL;https://app.stihl.com/nl-nl/mystihl/tools/add/serial-number;2026-10-06;authenticated MY STIHL UI lookup;OFFICIAL_WEB_LOOKUP;OFFICIAL_STIHL_LOOKUP
163129545;"MS 660 3/8"" R Motorsäge";;Kettingzaag;Benzine;MY_STIHL;https://app.stihl.com/nl-nl/mystihl/tools/add/serial-number;2026-10-06;authenticated MY STIHL UI lookup;OFFICIAL_WEB_LOOKUP;OFFICIAL_STIHL_LOOKUP
163129550;"MS 660 3/8"" R Motorsäge";;Kettingzaag;Benzine;MY_STIHL;https://app.stihl.com/nl-nl/mystihl/tools/add/serial-number;2026-10-06;authenticated MY STIHL UI lookup;OFFICIAL_WEB_LOOKUP;OFFICIAL_STIHL_LOOKUP
163129555;"MS 660 3/8"" R Motorsäge";;Kettingzaag;Benzine;MY_STIHL;https://app.stihl.com/nl-nl/mystihl/tools/add/serial-number;2026-10-06;authenticated MY STIHL UI lookup;OFFICIAL_WEB_LOOKUP;OFFICIAL_STIHL_LOOKUP
163129560;"MS 660 3/8"" R Motorsäge";;Kettingzaag;Benzine;MY_STIHL;https://app.stihl.com/nl-nl/mystihl/tools/add/serial-number;2026-10-06;authenticated MY STIHL UI lookup;OFFICIAL_WEB_LOOKUP;OFFICIAL_STIHL_LOOKUP
163129565;"MS 660 3/8"" R Motorsäge";;Kettingzaag;Benzine;MY_STIHL;https://app.stihl.com/nl-nl/mystihl/tools/add/serial-number;2026-10-06;authenticated MY STIHL UI lookup;OFFICIAL_WEB_LOOKUP;OFFICIAL_STIHL_LOOKUP
163129570;"MS 660 3/8"" R Motorsäge";;Kettingzaag;Benzine;MY_STIHL;https://app.stihl.com/nl-nl/mystihl/tools/add/serial-number;2026-10-06;authenticated MY STIHL UI lookup;OFFICIAL_WEB_LOOKUP;OFFICIAL_STIHL_LOOKUP
163129575;"MS 660 3/8"" R Motorsäge";;Kettingzaag;Benzine;MY_STIHL;https://app.stihl.com/nl-nl/mystihl/tools/add/serial-number;2026-10-06;authenticated MY STIHL UI lookup;OFFICIAL_WEB_LOOKUP;OFFICIAL_STIHL_LOOKUP
163129580;"MS 660 3/8"" R Motorsäge";;Kettingzaag;Benzine;MY_STIHL;https://app.stihl.com/nl-nl/mystihl/tools/add/serial-number;2026-10-06;authenticated MY STIHL UI lookup;OFFICIAL_WEB_LOOKUP;OFFICIAL_STIHL_LOOKUP
163129585;"MS 660 3/8"" R Motorsäge";;Kettingzaag;Benzine;MY_STIHL;https://app.stihl.com/nl-nl/mystihl/tools/add/serial-number;2026-10-06;authenticated MY STIHL UI lookup;OFFICIAL_WEB_LOOKUP;OFFICIAL_STIHL_LOOKUP
163129590;"MS 660 3/8"" R Motorsäge";;Kettingzaag;Benzine;MY_STIHL;https://app.stihl.com/nl-nl/mystihl/tools/add/serial-number;2026-10-06;authenticated MY STIHL UI lookup;OFFICIAL_WEB_LOOKUP;OFFICIAL_STIHL_LOOKUP
163129595;"MS 660 3/8"" R Motorsäge";;Kettingzaag;Benzine;MY_STIHL;https://app.stihl.com/nl-nl/mystihl/tools/add/serial-number;2026-10-06;authenticated MY STIHL UI lookup;OFFICIAL_WEB_LOOKUP;OFFICIAL_STIHL_LOOKUP
163129600;"MS 660 3/8"" R Motorsäge";;Kettingzaag;Benzine;MY_STIHL;https://app.stihl.com/nl-nl/mystihl/tools/add/serial-number;2026-10-06;authenticated MY STIHL UI lookup;OFFICIAL_WEB_LOOKUP;OFFICIAL_STIHL_LOOKUP
163129605;"MS 660 3/8"" R Motorsäge";;Kettingzaag;Benzine;MY_STIHL;https://app.stihl.com/nl-nl/mystihl/tools/add/serial-number;2026-10-06;authenticated MY STIHL UI lookup;OFFICIAL_WEB_LOOKUP;OFFICIAL_STIHL_LOOKUP
163129610;"MS 660 3/8"" R Motorsäge";;Kettingzaag;Benzine;MY_STIHL;https://app.stihl.com/nl-nl/mystihl/tools/add/serial-number;2026-10-06;authenticated MY STIHL UI lookup;OFFICIAL_WEB_LOOKUP;OFFICIAL_STIHL_LOOKUP
163129615;"MS 660 3/8"" R Motorsäge";;Kettingzaag;Benzine;MY_STIHL;https://app.stihl.com/nl-nl/mystihl/tools/add/serial-number;2026-10-06;authenticated MY STIHL UI lookup;OFFICIAL_WEB_LOOKUP;OFFICIAL_STIHL_LOOKUP
163129620;"MS 660 3/8"" R Motorsäge";;Kettingzaag;Benzine;MY_STIHL;https://app.stihl.com/nl-nl/mystihl/tools/add/serial-number;2026-10-06;authenticated MY STIHL UI lookup;OFFICIAL_WEB_LOOKUP;OFFICIAL_STIHL_LOOKUP
163129625;"MS 660 3/8"" R Motorsäge";;Kettingzaag;Benzine;MY_STIHL;https://app.stihl.com/nl-nl/mystihl/tools/add/serial-number;2026-10-06;authenticated MY STIHL UI lookup;OFFICIAL_WEB_LOOKUP;OFFICIAL_STIHL_LOOKUP
163129630;"MS 660 3/8"" R Motorsäge";;Kettingzaag;Benzine;MY_STIHL;https://app.stihl.com/nl-nl/mystihl/tools/add/serial-number;2026-10-06;authenticated MY STIHL UI lookup;OFFICIAL_WEB_LOOKUP;OFFICIAL_STIHL_LOOKUP
163129635;"MS 660 3/8"" R Motorsäge";;Kettingzaag;Benzine;MY_STIHL;https://app.stihl.com/nl-nl/mystihl/tools/add/serial-number;2026-10-06;authenticated MY STIHL UI lookup;OFFICIAL_WEB_LOOKUP;OFFICIAL_STIHL_LOOKUP
163129640;"MS 660 3/8"" R Motorsäge";;Kettingzaag;Benzine;MY_STIHL;https://app.stihl.com/nl-nl/mystihl/tools/add/serial-number;2026-10-06;authenticated MY STIHL UI lookup;OFFICIAL_WEB_LOOKUP;OFFICIAL_STIHL_LOOKUP
163129645;"MS 660 3/8"" R Motorsäge";;Kettingzaag;Benzine;MY_STIHL;https://app.stihl.com/nl-nl/mystihl/tools/add/serial-number;2026-10-06;authenticated MY STIHL UI lookup;OFFICIAL_WEB_LOOKUP;OFFICIAL_STIHL_LOOKUP
163129650;"MS 660 3/8"" R Motorsäge";;Kettingzaag;Benzine;MY_STIHL;https://app.stihl.com/nl-nl/mystihl/tools/add/serial-number;2026-10-06;authenticated MY STIHL UI lookup;OFFICIAL_WEB_LOOKUP;OFFICIAL_STIHL_LOOKUP
163129655;"MS 660 3/8"" R Motorsäge";;Kettingzaag;Benzine;MY_STIHL;https://app.stihl.com/nl-nl/mystihl/tools/add/serial-number;2026-10-06;authenticated MY STIHL UI lookup;OFFICIAL_WEB_LOOKUP;OFFICIAL_STIHL_LOOKUP
163129660;"MS 660 3/8"" R Motorsäge";;Kettingzaag;Benzine;MY_STIHL;https://app.stihl.com/nl-nl/mystihl/tools/add/serial-number;2026-10-06;authenticated MY STIHL UI lookup;OFFICIAL_WEB_LOOKUP;OFFICIAL_STIHL_LOOKUP
163129665;"MS 660 3/8"" R Motorsäge";;Kettingzaag;Benzine;MY_STIHL;https://app.stihl.com/nl-nl/mystihl/tools/add/serial-number;2026-10-06;authenticated MY STIHL UI lookup;OFFICIAL_WEB_LOOKUP;OFFICIAL_STIHL_LOOKUP
163129670;"MS 660 3/8"" R Motorsäge";;Kettingzaag;Benzine;MY_STIHL;https://app.stihl.com/nl-nl/mystihl/tools/add/serial-number;2026-10-06;authenticated MY STIHL UI lookup;OFFICIAL_WEB_LOOKUP;OFFICIAL_STIHL_LOOKUP
163129675;"MS 660 3/8"" R Motorsäge";;Kettingzaag;Benzine;MY_STIHL;https://app.stihl.com/nl-nl/mystihl/tools/add/serial-number;2026-10-06;authenticated MY STIHL UI lookup;OFFICIAL_WEB_LOOKUP;OFFICIAL_STIHL_LOOKUP
163129680;"MS 660 3/8"" R Motorsäge";;Kettingzaag;Benzine;MY_STIHL;https://app.stihl.com/nl-nl/mystihl/tools/add/serial-number;2026-10-06;authenticated MY STIHL UI lookup;OFFICIAL_WEB_LOOKUP;OFFICIAL_STIHL_LOOKUP
163129685;"MS 660 3/8"" R Motorsäge";;Kettingzaag;Benzine;MY_STIHL;https://app.stihl.com/nl-nl/mystihl/tools/add/serial-number;2026-10-06;authenticated MY STIHL UI lookup;OFFICIAL_WEB_LOOKUP;OFFICIAL_STIHL_LOOKUP
163129690;"MS 660 3/8"" R Motorsäge";;Kettingzaag;Benzine;MY_STIHL;https://app.stihl.com/nl-nl/mystihl/tools/add/serial-number;2026-10-06;authenticated MY STIHL UI lookup;OFFICIAL_WEB_LOOKUP;OFFICIAL_STIHL_LOOKUP
163129695;"MS 660 3/8"" R Motorsäge";;Kettingzaag;Benzine;MY_STIHL;https://app.stihl.com/nl-nl/mystihl/tools/add/serial-number;2026-10-06;authenticated MY STIHL UI lookup;OFFICIAL_WEB_LOOKUP;OFFICIAL_STIHL_LOOKUP
163129700;"MS 660 3/8"" R Motorsäge";;Kettingzaag;Benzine;MY_STIHL;https://app.stihl.com/nl-nl/mystihl/tools/add/serial-number;2026-10-06;authenticated MY STIHL UI lookup;OFFICIAL_WEB_LOOKUP;OFFICIAL_STIHL_LOOKUP
163129705;"MS 660 3/8"" R Motorsäge";;Kettingzaag;Benzine;MY_STIHL;https://app.stihl.com/nl-nl/mystihl/tools/add/serial-number;2026-10-06;authenticated MY STIHL UI lookup;OFFICIAL_WEB_LOOKUP;OFFICIAL_STIHL_LOOKUP
163129710;"MS 660 3/8"" R Motorsäge";;Kettingzaag;Benzine;MY_STIHL;https://app.stihl.com/nl-nl/mystihl/tools/add/serial-number;2026-10-06;authenticated MY STIHL UI lookup;OFFICIAL_WEB_LOOKUP;OFFICIAL_STIHL_LOOKUP
163129715;"MS 660 3/8"" R Motorsäge";;Kettingzaag;Benzine;MY_STIHL;https://app.stihl.com/nl-nl/mystihl/tools/add/serial-number;2026-10-06;authenticated MY STIHL UI lookup;OFFICIAL_WEB_LOOKUP;OFFICIAL_STIHL_LOOKUP
163129720;"MS 660 3/8"" R Motorsäge";;Kettingzaag;Benzine;MY_STIHL;https://app.stihl.com/nl-nl/mystihl/tools/add/serial-number;2026-10-06;authenticated MY STIHL UI lookup;OFFICIAL_WEB_LOOKUP;OFFICIAL_STIHL_LOOKUP
163129725;"MS 660 3/8"" R Motorsäge";;Kettingzaag;Benzine;MY_STIHL;https://app.stihl.com/nl-nl/mystihl/tools/add/serial-number;2026-10-06;authenticated MY STIHL UI lookup;OFFICIAL_WEB_LOOKUP;OFFICIAL_STIHL_LOOKUP
163129730;"MS 660 3/8"" R Motorsäge";;Kettingzaag;Benzine;MY_STIHL;https://app.stihl.com/nl-nl/mystihl/tools/add/serial-number;2026-10-06;authenticated MY STIHL UI lookup;OFFICIAL_WEB_LOOKUP;OFFICIAL_STIHL_LOOKUP
163129735;"MS 660 3/8"" R Motorsäge";;Kettingzaag;Benzine;MY_STIHL;https://app.stihl.com/nl-nl/mystihl/tools/add/serial-number;2026-10-06;authenticated MY STIHL UI lookup;OFFICIAL_WEB_LOOKUP;OFFICIAL_STIHL_LOOKUP
163129740;"MS 660 3/8"" R Motorsäge";;Kettingzaag;Benzine;MY_STIHL;https://app.stihl.com/nl-nl/mystihl/tools/add/serial-number;2026-10-06;authenticated MY STIHL UI lookup;OFFICIAL_WEB_LOOKUP;OFFICIAL_STIHL_LOOKUP
163129745;"MS 660 3/8"" R Motorsäge";;Kettingzaag;Benzine;MY_STIHL;https://app.stihl.com/nl-nl/mystihl/tools/add/serial-number;2026-10-06;authenticated MY STIHL UI lookup;OFFICIAL_WEB_LOOKUP;OFFICIAL_STIHL_LOOKUP
163129750;"MS 660 3/8"" R Motorsäge";;Kettingzaag;Benzine;MY_STIHL;https://app.stihl.com/nl-nl/mystihl/tools/add/serial-number;2026-10-06;authenticated MY STIHL UI lookup;OFFICIAL_WEB_LOOKUP;OFFICIAL_STIHL_LOOKUP
163129755;"MS 660 3/8"" R Motorsäge";;Kettingzaag;Benzine;MY_STIHL;https://app.stihl.com/nl-nl/mystihl/tools/add/serial-number;2026-10-06;authenticated MY STIHL UI lookup;OFFICIAL_WEB_LOOKUP;OFFICIAL_STIHL_LOOKUP
163129760;"MS 660 3/8"" R Motorsäge";;Kettingzaag;Benzine;MY_STIHL;https://app.stihl.com/nl-nl/mystihl/tools/add/serial-number;2026-10-06;authenticated MY STIHL UI lookup;OFFICIAL_WEB_LOOKUP;OFFICIAL_STIHL_LOOKUP
163129765;"MS 440-Z 3/8"" RIM Magnum Motorsäge";stihl_ms_440;Kettingzaag;Benzine;MY_STIHL;https://app.stihl.com/nl-nl/mystihl/tools/add/serial-number;2026-10-06;authenticated MY STIHL UI lookup;OFFICIAL_WEB_LOOKUP;OFFICIAL_STIHL_LOOKUP
163129770;"MS 440-Z 3/8"" RIM Magnum Motorsäge";stihl_ms_440;Kettingzaag;Benzine;MY_STIHL;https://app.stihl.com/nl-nl/mystihl/tools/add/serial-number;2026-10-06;authenticated MY STIHL UI lookup;OFFICIAL_WEB_LOOKUP;OFFICIAL_STIHL_LOOKUP
163129775;"MS 440-Z 3/8"" RIM Magnum Motorsäge";stihl_ms_440;Kettingzaag;Benzine;MY_STIHL;https://app.stihl.com/nl-nl/mystihl/tools/add/serial-number;2026-10-06;authenticated MY STIHL UI lookup;OFFICIAL_WEB_LOOKUP;OFFICIAL_STIHL_LOOKUP
163129780;"MS 440-Z 3/8"" RIM Magnum Motorsäge";stihl_ms_440;Kettingzaag;Benzine;MY_STIHL;https://app.stihl.com/nl-nl/mystihl/tools/add/serial-number;2026-10-06;authenticated MY STIHL UI lookup;OFFICIAL_WEB_LOOKUP;OFFICIAL_STIHL_LOOKUP
163129785;"MS 440-Z 3/8"" RIM Magnum Motorsäge";stihl_ms_440;Kettingzaag;Benzine;MY_STIHL;https://app.stihl.com/nl-nl/mystihl/tools/add/serial-number;2026-10-06;authenticated MY STIHL UI lookup;OFFICIAL_WEB_LOOKUP;OFFICIAL_STIHL_LOOKUP
163129790;"MS 440-Z 3/8"" RIM Magnum Motorsäge";stihl_ms_440;Kettingzaag;Benzine;MY_STIHL;https://app.stihl.com/nl-nl/mystihl/tools/add/serial-number;2026-10-06;authenticated MY STIHL UI lookup;OFFICIAL_WEB_LOOKUP;OFFICIAL_STIHL_LOOKUP
163129795;"MS 440-Z 3/8"" RIM Magnum Motorsäge";stihl_ms_440;Kettingzaag;Benzine;MY_STIHL;https://app.stihl.com/nl-nl/mystihl/tools/add/serial-number;2026-10-06;authenticated MY STIHL UI lookup;OFFICIAL_WEB_LOOKUP;OFFICIAL_STIHL_LOOKUP
163129800;"MS 440-Z 3/8"" RIM Magnum Motorsäge";stihl_ms_440;Kettingzaag;Benzine;MY_STIHL;https://app.stihl.com/nl-nl/mystihl/tools/add/serial-number;2026-10-06;authenticated MY STIHL UI lookup;OFFICIAL_WEB_LOOKUP;OFFICIAL_STIHL_LOOKUP
163129805;"MS 440-Z 3/8"" RIM Magnum Motorsäge";stihl_ms_440;Kettingzaag;Benzine;MY_STIHL;https://app.stihl.com/nl-nl/mystihl/tools/add/serial-number;2026-10-06;authenticated MY STIHL UI lookup;OFFICIAL_WEB_LOOKUP;OFFICIAL_STIHL_LOOKUP
163129810;"MS 440-Z 3/8"" RIM Magnum Motorsäge";stihl_ms_440;Kettingzaag;Benzine;MY_STIHL;https://app.stihl.com/nl-nl/mystihl/tools/add/serial-number;2026-10-06;authenticated MY STIHL UI lookup;OFFICIAL_WEB_LOOKUP;OFFICIAL_STIHL_LOOKUP
163129815;"MS 440-Z 3/8"" RIM Magnum Motorsäge";stihl_ms_440;Kettingzaag;Benzine;MY_STIHL;https://app.stihl.com/nl-nl/mystihl/tools/add/serial-number;2026-10-06;authenticated MY STIHL UI lookup;OFFICIAL_WEB_LOOKUP;OFFICIAL_STIHL_LOOKUP
163129820;"MS 440-Z 3/8"" RIM Magnum Motorsäge";stihl_ms_440;Kettingzaag;Benzine;MY_STIHL;https://app.stihl.com/nl-nl/mystihl/tools/add/serial-number;2026-10-06;authenticated MY STIHL UI lookup;OFFICIAL_WEB_LOOKUP;OFFICIAL_STIHL_LOOKUP
163129825;"MS 440-Z 3/8"" RIM Magnum Motorsäge";stihl_ms_440;Kettingzaag;Benzine;MY_STIHL;https://app.stihl.com/nl-nl/mystihl/tools/add/serial-number;2026-10-06;authenticated MY STIHL UI lookup;OFFICIAL_WEB_LOOKUP;OFFICIAL_STIHL_LOOKUP
163129830;"MS 440-Z 3/8"" RIM Magnum Motorsäge";stihl_ms_440;Kettingzaag;Benzine;MY_STIHL;https://app.stihl.com/nl-nl/mystihl/tools/add/serial-number;2026-10-06;authenticated MY STIHL UI lookup;OFFICIAL_WEB_LOOKUP;OFFICIAL_STIHL_LOOKUP
163129835;"MS 440-Z 3/8"" RIM Magnum Motorsäge";stihl_ms_440;Kettingzaag;Benzine;MY_STIHL;https://app.stihl.com/nl-nl/mystihl/tools/add/serial-number;2026-10-06;authenticated MY STIHL UI lookup;OFFICIAL_WEB_LOOKUP;OFFICIAL_STIHL_LOOKUP
163129840;"MS 440-Z 3/8"" RIM Magnum Motorsäge";stihl_ms_440;Kettingzaag;Benzine;MY_STIHL;https://app.stihl.com/nl-nl/mystihl/tools/add/serial-number;2026-10-06;authenticated MY STIHL UI lookup;OFFICIAL_WEB_LOOKUP;OFFICIAL_STIHL_LOOKUP
163129845;"MS 440-Z 3/8"" RIM Magnum Motorsäge";stihl_ms_440;Kettingzaag;Benzine;MY_STIHL;https://app.stihl.com/nl-nl/mystihl/tools/add/serial-number;2026-10-06;authenticated MY STIHL UI lookup;OFFICIAL_WEB_LOOKUP;OFFICIAL_STIHL_LOOKUP
163129850;"MS 440-Z 3/8"" RIM Magnum Motorsäge";stihl_ms_440;Kettingzaag;Benzine;MY_STIHL;https://app.stihl.com/nl-nl/mystihl/tools/add/serial-number;2026-10-06;authenticated MY STIHL UI lookup;OFFICIAL_WEB_LOOKUP;OFFICIAL_STIHL_LOOKUP
163129855;"MS 440-Z 3/8"" RIM Magnum Motorsäge";stihl_ms_440;Kettingzaag;Benzine;MY_STIHL;https://app.stihl.com/nl-nl/mystihl/tools/add/serial-number;2026-10-06;authenticated MY STIHL UI lookup;OFFICIAL_WEB_LOOKUP;OFFICIAL_STIHL_LOOKUP
163129860;"MS 440-Z 3/8"" RIM Magnum Motorsäge";stihl_ms_440;Kettingzaag;Benzine;MY_STIHL;https://app.stihl.com/nl-nl/mystihl/tools/add/serial-number;2026-10-06;authenticated MY STIHL UI lookup;OFFICIAL_WEB_LOOKUP;OFFICIAL_STIHL_LOOKUP
163129865;"MS 440-Z 3/8"" RIM Magnum Motorsäge";stihl_ms_440;Kettingzaag;Benzine;MY_STIHL;https://app.stihl.com/nl-nl/mystihl/tools/add/serial-number;2026-10-06;authenticated MY STIHL UI lookup;OFFICIAL_WEB_LOOKUP;OFFICIAL_STIHL_LOOKUP
163129870;"MS 440-Z 3/8"" RIM Magnum Motorsäge";stihl_ms_440;Kettingzaag;Benzine;MY_STIHL;https://app.stihl.com/nl-nl/mystihl/tools/add/serial-number;2026-10-06;authenticated MY STIHL UI lookup;OFFICIAL_WEB_LOOKUP;OFFICIAL_STIHL_LOOKUP
163129875;"MS 440-Z 3/8"" RIM Magnum Motorsäge";stihl_ms_440;Kettingzaag;Benzine;MY_STIHL;https://app.stihl.com/nl-nl/mystihl/tools/add/serial-number;2026-10-06;authenticated MY STIHL UI lookup;OFFICIAL_WEB_LOOKUP;OFFICIAL_STIHL_LOOKUP
163129880;"MS 440-Z 3/8"" RIM Magnum Motorsäge";stihl_ms_440;Kettingzaag;Benzine;MY_STIHL;https://app.stihl.com/nl-nl/mystihl/tools/add/serial-number;2026-10-06;authenticated MY STIHL UI lookup;OFFICIAL_WEB_LOOKUP;OFFICIAL_STIHL_LOOKUP
163129885;"MS 440-Z 3/8"" RIM Magnum Motorsäge";stihl_ms_440;Kettingzaag;Benzine;MY_STIHL;https://app.stihl.com/nl-nl/mystihl/tools/add/serial-number;2026-10-06;authenticated MY STIHL UI lookup;OFFICIAL_WEB_LOOKUP;OFFICIAL_STIHL_LOOKUP
163129890;"MS 440-Z 3/8"" RIM Magnum Motorsäge";stihl_ms_440;Kettingzaag;Benzine;MY_STIHL;https://app.stihl.com/nl-nl/mystihl/tools/add/serial-number;2026-10-06;authenticated MY STIHL UI lookup;OFFICIAL_WEB_LOOKUP;OFFICIAL_STIHL_LOOKUP
163129895;"MS 440-Z 3/8"" RIM Magnum Motorsäge";stihl_ms_440;Kettingzaag;Benzine;MY_STIHL;https://app.stihl.com/nl-nl/mystihl/tools/add/serial-number;2026-10-06;authenticated MY STIHL UI lookup;OFFICIAL_WEB_LOOKUP;OFFICIAL_STIHL_LOOKUP
163129900;"MS 440-Z 3/8"" RIM Magnum Motorsäge";stihl_ms_440;Kettingzaag;Benzine;MY_STIHL;https://app.stihl.com/nl-nl/mystihl/tools/add/serial-number;2026-10-06;authenticated MY STIHL UI lookup;OFFICIAL_WEB_LOOKUP;OFFICIAL_STIHL_LOOKUP
163129905;"MS 440-Z 3/8"" RIM Magnum Motorsäge";stihl_ms_440;Kettingzaag;Benzine;MY_STIHL;https://app.stihl.com/nl-nl/mystihl/tools/add/serial-number;2026-10-06;authenticated MY STIHL UI lookup;OFFICIAL_WEB_LOOKUP;OFFICIAL_STIHL_LOOKUP
163129910;"MS 440-Z 3/8"" RIM Magnum Motorsäge";stihl_ms_440;Kettingzaag;Benzine;MY_STIHL;https://app.stihl.com/nl-nl/mystihl/tools/add/serial-number;2026-10-06;authenticated MY STIHL UI lookup;OFFICIAL_WEB_LOOKUP;OFFICIAL_STIHL_LOOKUP
163129915;"MS 440-Z 3/8"" RIM Magnum Motorsäge";stihl_ms_440;Kettingzaag;Benzine;MY_STIHL;https://app.stihl.com/nl-nl/mystihl/tools/add/serial-number;2026-10-06;authenticated MY STIHL UI lookup;OFFICIAL_WEB_LOOKUP;OFFICIAL_STIHL_LOOKUP
163129920;"MS 440-Z 3/8"" RIM Magnum Motorsäge";stihl_ms_440;Kettingzaag;Benzine;MY_STIHL;https://app.stihl.com/nl-nl/mystihl/tools/add/serial-number;2026-10-06;authenticated MY STIHL UI lookup;OFFICIAL_WEB_LOOKUP;OFFICIAL_STIHL_LOOKUP
163129925;"MS 440-Z 3/8"" RIM Magnum Motorsäge";stihl_ms_440;Kettingzaag;Benzine;MY_STIHL;https://app.stihl.com/nl-nl/mystihl/tools/add/serial-number;2026-10-06;authenticated MY STIHL UI lookup;OFFICIAL_WEB_LOOKUP;OFFICIAL_STIHL_LOOKUP
163129930;"MS 440-Z 3/8"" RIM Magnum Motorsäge";stihl_ms_440;Kettingzaag;Benzine;MY_STIHL;https://app.stihl.com/nl-nl/mystihl/tools/add/serial-number;2026-10-06;authenticated MY STIHL UI lookup;OFFICIAL_WEB_LOOKUP;OFFICIAL_STIHL_LOOKUP
163129935;"MS 440-Z 3/8"" RIM Magnum Motorsäge";stihl_ms_440;Kettingzaag;Benzine;MY_STIHL;https://app.stihl.com/nl-nl/mystihl/tools/add/serial-number;2026-10-06;authenticated MY STIHL UI lookup;OFFICIAL_WEB_LOOKUP;OFFICIAL_STIHL_LOOKUP
163129940;"MS 440-Z 3/8"" RIM Magnum Motorsäge";stihl_ms_440;Kettingzaag;Benzine;MY_STIHL;https://app.stihl.com/nl-nl/mystihl/tools/add/serial-number;2026-10-06;authenticated MY STIHL UI lookup;OFFICIAL_WEB_LOOKUP;OFFICIAL_STIHL_LOOKUP
163129945;"MS 440-Z 3/8"" RIM Magnum Motorsäge";stihl_ms_440;Kettingzaag;Benzine;MY_STIHL;https://app.stihl.com/nl-nl/mystihl/tools/add/serial-number;2026-10-06;authenticated MY STIHL UI lookup;OFFICIAL_WEB_LOOKUP;OFFICIAL_STIHL_LOOKUP
163129950;"MS 440-Z 3/8"" RIM Magnum Motorsäge";stihl_ms_440;Kettingzaag;Benzine;MY_STIHL;https://app.stihl.com/nl-nl/mystihl/tools/add/serial-number;2026-10-06;authenticated MY STIHL UI lookup;OFFICIAL_WEB_LOOKUP;OFFICIAL_STIHL_LOOKUP
163129955;"MS 440-Z 3/8"" RIM Magnum Motorsäge";stihl_ms_440;Kettingzaag;Benzine;MY_STIHL;https://app.stihl.com/nl-nl/mystihl/tools/add/serial-number;2026-10-06;authenticated MY STIHL UI lookup;OFFICIAL_WEB_LOOKUP;OFFICIAL_STIHL_LOOKUP
163129960;"MS 440-Z 3/8"" RIM Magnum Motorsäge";stihl_ms_440;Kettingzaag;Benzine;MY_STIHL;https://app.stihl.com/nl-nl/mystihl/tools/add/serial-number;2026-10-06;authenticated MY STIHL UI lookup;OFFICIAL_WEB_LOOKUP;OFFICIAL_STIHL_LOOKUP
163129965;"MS 440-Z 3/8"" RIM Magnum Motorsäge";stihl_ms_440;Kettingzaag;Benzine;MY_STIHL;https://app.stihl.com/nl-nl/mystihl/tools/add/serial-number;2026-10-06;authenticated MY STIHL UI lookup;OFFICIAL_WEB_LOOKUP;OFFICIAL_STIHL_LOOKUP
163129970;"MS 440-Z 3/8"" RIM Magnum Motorsäge";stihl_ms_440;Kettingzaag;Benzine;MY_STIHL;https://app.stihl.com/nl-nl/mystihl/tools/add/serial-number;2026-10-06;authenticated MY STIHL UI lookup;OFFICIAL_WEB_LOOKUP;OFFICIAL_STIHL_LOOKUP
163129975;"MS 440-Z 3/8"" RIM Magnum Motorsäge";stihl_ms_440;Kettingzaag;Benzine;MY_STIHL;https://app.stihl.com/nl-nl/mystihl/tools/add/serial-number;2026-10-06;authenticated MY STIHL UI lookup;OFFICIAL_WEB_LOOKUP;OFFICIAL_STIHL_LOOKUP
163129980;"MS 440-Z 3/8"" RIM Magnum Motorsäge";stihl_ms_440;Kettingzaag;Benzine;MY_STIHL;https://app.stihl.com/nl-nl/mystihl/tools/add/serial-number;2026-10-06;authenticated MY STIHL UI lookup;OFFICIAL_WEB_LOOKUP;OFFICIAL_STIHL_LOOKUP
163129985;"MS 440-Z 3/8"" RIM Magnum Motorsäge";stihl_ms_440;Kettingzaag;Benzine;MY_STIHL;https://app.stihl.com/nl-nl/mystihl/tools/add/serial-number;2026-10-06;authenticated MY STIHL UI lookup;OFFICIAL_WEB_LOOKUP;OFFICIAL_STIHL_LOOKUP
163129990;"MS 440-Z 3/8"" RIM Magnum Motorsäge";stihl_ms_440;Kettingzaag;Benzine;MY_STIHL;https://app.stihl.com/nl-nl/mystihl/tools/add/serial-number;2026-10-06;authenticated MY STIHL UI lookup;OFFICIAL_WEB_LOOKUP;OFFICIAL_STIHL_LOOKUP
163129995;"MS 440-Z 3/8"" RIM Magnum Motorsäge";stihl_ms_440;Kettingzaag;Benzine;MY_STIHL;https://app.stihl.com/nl-nl/mystihl/tools/add/serial-number;2026-10-06;authenticated MY STIHL UI lookup;OFFICIAL_WEB_LOOKUP;OFFICIAL_STIHL_LOOKUP
163130000;"MS 440-Z 3/8"" RIM Magnum Motorsäge";stihl_ms_440;Kettingzaag;Benzine;MY_STIHL;https://app.stihl.com/nl-nl/mystihl/tools/add/serial-number;2026-10-06;authenticated MY STIHL UI lookup;OFFICIAL_WEB_LOOKUP;OFFICIAL_STIHL_LOOKUP
163130005;"MS 440-Z 3/8"" RIM Magnum Motorsäge";stihl_ms_440;Kettingzaag;Benzine;MY_STIHL;https://app.stihl.com/nl-nl/mystihl/tools/add/serial-number;2026-10-06;authenticated MY STIHL UI lookup;OFFICIAL_WEB_LOOKUP;OFFICIAL_STIHL_LOOKUP
163130010;"MS 440-Z 3/8"" RIM Magnum Motorsäge";stihl_ms_440;Kettingzaag;Benzine;MY_STIHL;https://app.stihl.com/nl-nl/mystihl/tools/add/serial-number;2026-10-06;authenticated MY STIHL UI lookup;OFFICIAL_WEB_LOOKUP;OFFICIAL_STIHL_LOOKUP
163130015;"MS 440-Z 3/8"" RIM Magnum Motorsäge";stihl_ms_440;Kettingzaag;Benzine;MY_STIHL;https://app.stihl.com/nl-nl/mystihl/tools/add/serial-number;2026-10-06;authenticated MY STIHL UI lookup;OFFICIAL_WEB_LOOKUP;OFFICIAL_STIHL_LOOKUP
163130020;"MS 440-Z 3/8"" RIM Magnum Motorsäge";stihl_ms_440;Kettingzaag;Benzine;MY_STIHL;https://app.stihl.com/nl-nl/mystihl/tools/add/serial-number;2026-10-06;authenticated MY STIHL UI lookup;OFFICIAL_WEB_LOOKUP;OFFICIAL_STIHL_LOOKUP
163130025;"MS 440-Z 3/8"" RIM Magnum Motorsäge";stihl_ms_440;Kettingzaag;Benzine;MY_STIHL;https://app.stihl.com/nl-nl/mystihl/tools/add/serial-number;2026-10-06;authenticated MY STIHL UI lookup;OFFICIAL_WEB_LOOKUP;OFFICIAL_STIHL_LOOKUP
163130030;"MS 440-Z 3/8"" RIM Magnum Motorsäge";stihl_ms_440;Kettingzaag;Benzine;MY_STIHL;https://app.stihl.com/nl-nl/mystihl/tools/add/serial-number;2026-10-06;authenticated MY STIHL UI lookup;OFFICIAL_WEB_LOOKUP;OFFICIAL_STIHL_LOOKUP
163130035;"MS 440-Z 3/8"" RIM Magnum Motorsäge";stihl_ms_440;Kettingzaag;Benzine;MY_STIHL;https://app.stihl.com/nl-nl/mystihl/tools/add/serial-number;2026-10-06;authenticated MY STIHL UI lookup;OFFICIAL_WEB_LOOKUP;OFFICIAL_STIHL_LOOKUP
163130040;"MS 440-Z 3/8"" RIM Magnum Motorsäge";stihl_ms_440;Kettingzaag;Benzine;MY_STIHL;https://app.stihl.com/nl-nl/mystihl/tools/add/serial-number;2026-10-06;authenticated MY STIHL UI lookup;OFFICIAL_WEB_LOOKUP;OFFICIAL_STIHL_LOOKUP
163130045;"MS 440-Z 3/8"" RIM Magnum Motorsäge";stihl_ms_440;Kettingzaag;Benzine;MY_STIHL;https://app.stihl.com/nl-nl/mystihl/tools/add/serial-number;2026-10-06;authenticated MY STIHL UI lookup;OFFICIAL_WEB_LOOKUP;OFFICIAL_STIHL_LOOKUP
163130050;"MS 440-Z 3/8"" RIM Magnum Motorsäge";stihl_ms_440;Kettingzaag;Benzine;MY_STIHL;https://app.stihl.com/nl-nl/mystihl/tools/add/serial-number;2026-10-06;authenticated MY STIHL UI lookup;OFFICIAL_WEB_LOOKUP;OFFICIAL_STIHL_LOOKUP
163130055;"MS 440-Z 3/8"" RIM Magnum Motorsäge";stihl_ms_440;Kettingzaag;Benzine;MY_STIHL;https://app.stihl.com/nl-nl/mystihl/tools/add/serial-number;2026-10-06;authenticated MY STIHL UI lookup;OFFICIAL_WEB_LOOKUP;OFFICIAL_STIHL_LOOKUP
163130060;"MS 440-Z 3/8"" RIM Magnum Motorsäge";stihl_ms_440;Kettingzaag;Benzine;MY_STIHL;https://app.stihl.com/nl-nl/mystihl/tools/add/serial-number;2026-10-06;authenticated MY STIHL UI lookup;OFFICIAL_WEB_LOOKUP;OFFICIAL_STIHL_LOOKUP
163130065;"MS 440-Z 3/8"" RIM Magnum Motorsäge";stihl_ms_440;Kettingzaag;Benzine;MY_STIHL;https://app.stihl.com/nl-nl/mystihl/tools/add/serial-number;2026-10-06;authenticated MY STIHL UI lookup;OFFICIAL_WEB_LOOKUP;OFFICIAL_STIHL_LOOKUP
163130070;"MS 440-Z 3/8"" RIM Magnum Motorsäge";stihl_ms_440;Kettingzaag;Benzine;MY_STIHL;https://app.stihl.com/nl-nl/mystihl/tools/add/serial-number;2026-10-06;authenticated MY STIHL UI lookup;OFFICIAL_WEB_LOOKUP;OFFICIAL_STIHL_LOOKUP
163130075;"MS 440-Z 3/8"" RIM Magnum Motorsäge";stihl_ms_440;Kettingzaag;Benzine;MY_STIHL;https://app.stihl.com/nl-nl/mystihl/tools/add/serial-number;2026-10-06;authenticated MY STIHL UI lookup;OFFICIAL_WEB_LOOKUP;OFFICIAL_STIHL_LOOKUP
163130080;"MS 440-Z 3/8"" RIM Magnum Motorsäge";stihl_ms_440;Kettingzaag;Benzine;MY_STIHL;https://app.stihl.com/nl-nl/mystihl/tools/add/serial-number;2026-10-06;authenticated MY STIHL UI lookup;OFFICIAL_WEB_LOOKUP;OFFICIAL_STIHL_LOOKUP
163130085;"MS 440-Z 3/8"" RIM Magnum Motorsäge";stihl_ms_440;Kettingzaag;Benzine;MY_STIHL;https://app.stihl.com/nl-nl/mystihl/tools/add/serial-number;2026-10-06;authenticated MY STIHL UI lookup;OFFICIAL_WEB_LOOKUP;OFFICIAL_STIHL_LOOKUP
163130090;"MS 440-Z 3/8"" RIM Magnum Motorsäge";stihl_ms_440;Kettingzaag;Benzine;MY_STIHL;https://app.stihl.com/nl-nl/mystihl/tools/add/serial-number;2026-10-06;authenticated MY STIHL UI lookup;OFFICIAL_WEB_LOOKUP;OFFICIAL_STIHL_LOOKUP
163130095;"MS 440-Z 3/8"" RIM Magnum Motorsäge";stihl_ms_440;Kettingzaag;Benzine;MY_STIHL;https://app.stihl.com/nl-nl/mystihl/tools/add/serial-number;2026-10-06;authenticated MY STIHL UI lookup;OFFICIAL_WEB_LOOKUP;OFFICIAL_STIHL_LOOKUP
163130100;"MS 440-Z 3/8"" RIM Magnum Motorsäge";stihl_ms_440;Kettingzaag;Benzine;MY_STIHL;https://app.stihl.com/nl-nl/mystihl/tools/add/serial-number;2026-10-06;authenticated MY STIHL UI lookup;OFFICIAL_WEB_LOOKUP;OFFICIAL_STIHL_LOOKUP
163130105;"MS 440-Z 3/8"" RIM Magnum Motorsäge";stihl_ms_440;Kettingzaag;Benzine;MY_STIHL;https://app.stihl.com/nl-nl/mystihl/tools/add/serial-number;2026-10-06;authenticated MY STIHL UI lookup;OFFICIAL_WEB_LOOKUP;OFFICIAL_STIHL_LOOKUP
163130110;"MS 440-Z 3/8"" RIM Magnum Motorsäge";stihl_ms_440;Kettingzaag;Benzine;MY_STIHL;https://app.stihl.com/nl-nl/mystihl/tools/add/serial-number;2026-10-06;authenticated MY STIHL UI lookup;OFFICIAL_WEB_LOOKUP;OFFICIAL_STIHL_LOOKUP
163130115;"MS 440-Z 3/8"" RIM Magnum Motorsäge";stihl_ms_440;Kettingzaag;Benzine;MY_STIHL;https://app.stihl.com/nl-nl/mystihl/tools/add/serial-number;2026-10-06;authenticated MY STIHL UI lookup;OFFICIAL_WEB_LOOKUP;OFFICIAL_STIHL_LOOKUP
163130120;"MS 440-Z 3/8"" RIM Magnum Motorsäge";stihl_ms_440;Kettingzaag;Benzine;MY_STIHL;https://app.stihl.com/nl-nl/mystihl/tools/add/serial-number;2026-10-06;authenticated MY STIHL UI lookup;OFFICIAL_WEB_LOOKUP;OFFICIAL_STIHL_LOOKUP
163130125;"MS 440-Z 3/8"" RIM Magnum Motorsäge";stihl_ms_440;Kettingzaag;Benzine;MY_STIHL;https://app.stihl.com/nl-nl/mystihl/tools/add/serial-number;2026-10-06;authenticated MY STIHL UI lookup;OFFICIAL_WEB_LOOKUP;OFFICIAL_STIHL_LOOKUP
163130130;"MS 440-Z 3/8"" RIM Magnum Motorsäge";stihl_ms_440;Kettingzaag;Benzine;MY_STIHL;https://app.stihl.com/nl-nl/mystihl/tools/add/serial-number;2026-10-06;authenticated MY STIHL UI lookup;OFFICIAL_WEB_LOOKUP;OFFICIAL_STIHL_LOOKUP
163130135;"MS 440-Z 3/8"" RIM Magnum Motorsäge";stihl_ms_440;Kettingzaag;Benzine;MY_STIHL;https://app.stihl.com/nl-nl/mystihl/tools/add/serial-number;2026-10-06;authenticated MY STIHL UI lookup;OFFICIAL_WEB_LOOKUP;OFFICIAL_STIHL_LOOKUP
163130140;"MS 440-Z 3/8"" RIM Magnum Motorsäge";stihl_ms_440;Kettingzaag;Benzine;MY_STIHL;https://app.stihl.com/nl-nl/mystihl/tools/add/serial-number;2026-10-06;authenticated MY STIHL UI lookup;OFFICIAL_WEB_LOOKUP;OFFICIAL_STIHL_LOOKUP
163130145;"MS 440-Z 3/8"" RIM Magnum Motorsäge";stihl_ms_440;Kettingzaag;Benzine;MY_STIHL;https://app.stihl.com/nl-nl/mystihl/tools/add/serial-number;2026-10-06;authenticated MY STIHL UI lookup;OFFICIAL_WEB_LOOKUP;OFFICIAL_STIHL_LOOKUP
163130150;"MS 440-Z 3/8"" RIM Magnum Motorsäge";stihl_ms_440;Kettingzaag;Benzine;MY_STIHL;https://app.stihl.com/nl-nl/mystihl/tools/add/serial-number;2026-10-06;authenticated MY STIHL UI lookup;OFFICIAL_WEB_LOOKUP;OFFICIAL_STIHL_LOOKUP
163130155;"MS 440-Z 3/8"" RIM Magnum Motorsäge";stihl_ms_440;Kettingzaag;Benzine;MY_STIHL;https://app.stihl.com/nl-nl/mystihl/tools/add/serial-number;2026-10-06;authenticated MY STIHL UI lookup;OFFICIAL_WEB_LOOKUP;OFFICIAL_STIHL_LOOKUP
163130160;"MS 440-Z 3/8"" RIM Magnum Motorsäge";stihl_ms_440;Kettingzaag;Benzine;MY_STIHL;https://app.stihl.com/nl-nl/mystihl/tools/add/serial-number;2026-10-06;authenticated MY STIHL UI lookup;OFFICIAL_WEB_LOOKUP;OFFICIAL_STIHL_LOOKUP
163130165;"MS 440-Z 3/8"" RIM Magnum Motorsäge";stihl_ms_440;Kettingzaag;Benzine;MY_STIHL;https://app.stihl.com/nl-nl/mystihl/tools/add/serial-number;2026-10-06;authenticated MY STIHL UI lookup;OFFICIAL_WEB_LOOKUP;OFFICIAL_STIHL_LOOKUP
163130170;"MS 440-Z 3/8"" RIM Magnum Motorsäge";stihl_ms_440;Kettingzaag;Benzine;MY_STIHL;https://app.stihl.com/nl-nl/mystihl/tools/add/serial-number;2026-10-06;authenticated MY STIHL UI lookup;OFFICIAL_WEB_LOOKUP;OFFICIAL_STIHL_LOOKUP
163130175;"MS 440-Z 3/8"" RIM Magnum Motorsäge";stihl_ms_440;Kettingzaag;Benzine;MY_STIHL;https://app.stihl.com/nl-nl/mystihl/tools/add/serial-number;2026-10-06;authenticated MY STIHL UI lookup;OFFICIAL_WEB_LOOKUP;OFFICIAL_STIHL_LOOKUP
163130180;"MS 440-Z 3/8"" RIM Magnum Motorsäge";stihl_ms_440;Kettingzaag;Benzine;MY_STIHL;https://app.stihl.com/nl-nl/mystihl/tools/add/serial-number;2026-10-06;authenticated MY STIHL UI lookup;OFFICIAL_WEB_LOOKUP;OFFICIAL_STIHL_LOOKUP
163130185;"MS 440-Z 3/8"" RIM Magnum Motorsäge";stihl_ms_440;Kettingzaag;Benzine;MY_STIHL;https://app.stihl.com/nl-nl/mystihl/tools/add/serial-number;2026-10-06;authenticated MY STIHL UI lookup;OFFICIAL_WEB_LOOKUP;OFFICIAL_STIHL_LOOKUP
163130190;"MS 440-Z 3/8"" RIM Magnum Motorsäge";stihl_ms_440;Kettingzaag;Benzine;MY_STIHL;https://app.stihl.com/nl-nl/mystihl/tools/add/serial-number;2026-10-06;authenticated MY STIHL UI lookup;OFFICIAL_WEB_LOOKUP;OFFICIAL_STIHL_LOOKUP
163130195;"MS 440-Z 3/8"" RIM Magnum Motorsäge";stihl_ms_440;Kettingzaag;Benzine;MY_STIHL;https://app.stihl.com/nl-nl/mystihl/tools/add/serial-number;2026-10-06;authenticated MY STIHL UI lookup;OFFICIAL_WEB_LOOKUP;OFFICIAL_STIHL_LOOKUP
163130200;"MS 440-Z 3/8"" RIM Magnum Motorsäge";stihl_ms_440;Kettingzaag;Benzine;MY_STIHL;https://app.stihl.com/nl-nl/mystihl/tools/add/serial-number;2026-10-06;authenticated MY STIHL UI lookup;OFFICIAL_WEB_LOOKUP;OFFICIAL_STIHL_LOOKUP
163130205;"MS 440-Z 3/8"" RIM Magnum Motorsäge";stihl_ms_440;Kettingzaag;Benzine;MY_STIHL;https://app.stihl.com/nl-nl/mystihl/tools/add/serial-number;2026-10-06;authenticated MY STIHL UI lookup;OFFICIAL_WEB_LOOKUP;OFFICIAL_STIHL_LOOKUP
163130210;"MS 440-Z 3/8"" RIM Magnum Motorsäge";stihl_ms_440;Kettingzaag;Benzine;MY_STIHL;https://app.stihl.com/nl-nl/mystihl/tools/add/serial-number;2026-10-06;authenticated MY STIHL UI lookup;OFFICIAL_WEB_LOOKUP;OFFICIAL_STIHL_LOOKUP
163130215;"MS 440-Z 3/8"" RIM Magnum Motorsäge";stihl_ms_440;Kettingzaag;Benzine;MY_STIHL;https://app.stihl.com/nl-nl/mystihl/tools/add/serial-number;2026-10-06;authenticated MY STIHL UI lookup;OFFICIAL_WEB_LOOKUP;OFFICIAL_STIHL_LOOKUP
163130220;"MS 440-Z 3/8"" RIM Magnum Motorsäge";stihl_ms_440;Kettingzaag;Benzine;MY_STIHL;https://app.stihl.com/nl-nl/mystihl/tools/add/serial-number;2026-10-06;authenticated MY STIHL UI lookup;OFFICIAL_WEB_LOOKUP;OFFICIAL_STIHL_LOOKUP
163130225;"MS 440-Z 3/8"" RIM Magnum Motorsäge";stihl_ms_440;Kettingzaag;Benzine;MY_STIHL;https://app.stihl.com/nl-nl/mystihl/tools/add/serial-number;2026-10-06;authenticated MY STIHL UI lookup;OFFICIAL_WEB_LOOKUP;OFFICIAL_STIHL_LOOKUP
163130230;"MS 440-Z 3/8"" RIM Magnum Motorsäge";stihl_ms_440;Kettingzaag;Benzine;MY_STIHL;https://app.stihl.com/nl-nl/mystihl/tools/add/serial-number;2026-10-06;authenticated MY STIHL UI lookup;OFFICIAL_WEB_LOOKUP;OFFICIAL_STIHL_LOOKUP
163130235;"MS 440-Z 3/8"" RIM Magnum Motorsäge";stihl_ms_440;Kettingzaag;Benzine;MY_STIHL;https://app.stihl.com/nl-nl/mystihl/tools/add/serial-number;2026-10-06;authenticated MY STIHL UI lookup;OFFICIAL_WEB_LOOKUP;OFFICIAL_STIHL_LOOKUP
163130240;"MS 440-Z 3/8"" RIM Magnum Motorsäge";stihl_ms_440;Kettingzaag;Benzine;MY_STIHL;https://app.stihl.com/nl-nl/mystihl/tools/add/serial-number;2026-10-06;authenticated MY STIHL UI lookup;OFFICIAL_WEB_LOOKUP;OFFICIAL_STIHL_LOOKUP
163130245;"MS 440-Z 3/8"" RIM Magnum Motorsäge";stihl_ms_440;Kettingzaag;Benzine;MY_STIHL;https://app.stihl.com/nl-nl/mystihl/tools/add/serial-number;2026-10-06;authenticated MY STIHL UI lookup;OFFICIAL_WEB_LOOKUP;OFFICIAL_STIHL_LOOKUP
163130250;"MS 440-Z 3/8"" RIM Magnum Motorsäge";stihl_ms_440;Kettingzaag;Benzine;MY_STIHL;https://app.stihl.com/nl-nl/mystihl/tools/add/serial-number;2026-10-06;authenticated MY STIHL UI lookup;OFFICIAL_WEB_LOOKUP;OFFICIAL_STIHL_LOOKUP
163130255;"MS 440-Z 3/8"" RIM Magnum Motorsäge";stihl_ms_440;Kettingzaag;Benzine;MY_STIHL;https://app.stihl.com/nl-nl/mystihl/tools/add/serial-number;2026-10-06;authenticated MY STIHL UI lookup;OFFICIAL_WEB_LOOKUP;OFFICIAL_STIHL_LOOKUP
163130260;"MS 440-Z 3/8"" RIM Magnum Motorsäge";stihl_ms_440;Kettingzaag;Benzine;MY_STIHL;https://app.stihl.com/nl-nl/mystihl/tools/add/serial-number;2026-10-06;authenticated MY STIHL UI lookup;OFFICIAL_WEB_LOOKUP;OFFICIAL_STIHL_LOOKUP
163130265;"MS 440-Z 3/8"" RIM Magnum Motorsäge";stihl_ms_440;Kettingzaag;Benzine;MY_STIHL;https://app.stihl.com/nl-nl/mystihl/tools/add/serial-number;2026-10-06;authenticated MY STIHL UI lookup;OFFICIAL_WEB_LOOKUP;OFFICIAL_STIHL_LOOKUP
163130270;"MS 440-Z 3/8"" RIM Magnum Motorsäge";stihl_ms_440;Kettingzaag;Benzine;MY_STIHL;https://app.stihl.com/nl-nl/mystihl/tools/add/serial-number;2026-10-06;authenticated MY STIHL UI lookup;OFFICIAL_WEB_LOOKUP;OFFICIAL_STIHL_LOOKUP
163130275;"MS 440-Z 3/8"" RIM Magnum Motorsäge";stihl_ms_440;Kettingzaag;Benzine;MY_STIHL;https://app.stihl.com/nl-nl/mystihl/tools/add/serial-number;2026-10-06;authenticated MY STIHL UI lookup;OFFICIAL_WEB_LOOKUP;OFFICIAL_STIHL_LOOKUP
163130280;"MS 440-Z 3/8"" RIM Magnum Motorsäge";stihl_ms_440;Kettingzaag;Benzine;MY_STIHL;https://app.stihl.com/nl-nl/mystihl/tools/add/serial-number;2026-10-06;authenticated MY STIHL UI lookup;OFFICIAL_WEB_LOOKUP;OFFICIAL_STIHL_LOOKUP
163130285;"MS 440-Z 3/8"" RIM Magnum Motorsäge";stihl_ms_440;Kettingzaag;Benzine;MY_STIHL;https://app.stihl.com/nl-nl/mystihl/tools/add/serial-number;2026-10-06;authenticated MY STIHL UI lookup;OFFICIAL_WEB_LOOKUP;OFFICIAL_STIHL_LOOKUP
163130290;"MS 440-Z 3/8"" RIM Magnum Motorsäge";stihl_ms_440;Kettingzaag;Benzine;MY_STIHL;https://app.stihl.com/nl-nl/mystihl/tools/add/serial-number;2026-10-06;authenticated MY STIHL UI lookup;OFFICIAL_WEB_LOOKUP;OFFICIAL_STIHL_LOOKUP
163130295;"MS 440-Z 3/8"" RIM Magnum Motorsäge";stihl_ms_440;Kettingzaag;Benzine;MY_STIHL;https://app.stihl.com/nl-nl/mystihl/tools/add/serial-number;2026-10-06;authenticated MY STIHL UI lookup;OFFICIAL_WEB_LOOKUP;OFFICIAL_STIHL_LOOKUP
163130300;"MS 440-Z 3/8"" RIM Magnum Motorsäge";stihl_ms_440;Kettingzaag;Benzine;MY_STIHL;https://app.stihl.com/nl-nl/mystihl/tools/add/serial-number;2026-10-06;authenticated MY STIHL UI lookup;OFFICIAL_WEB_LOOKUP;OFFICIAL_STIHL_LOOKUP
163130305;"MS 440-Z 3/8"" RIM Magnum Motorsäge";stihl_ms_440;Kettingzaag;Benzine;MY_STIHL;https://app.stihl.com/nl-nl/mystihl/tools/add/serial-number;2026-10-06;authenticated MY STIHL UI lookup;OFFICIAL_WEB_LOOKUP;OFFICIAL_STIHL_LOOKUP
163130310;"MS 440-Z 3/8"" RIM Magnum Motorsäge";stihl_ms_440;Kettingzaag;Benzine;MY_STIHL;https://app.stihl.com/nl-nl/mystihl/tools/add/serial-number;2026-10-06;authenticated MY STIHL UI lookup;OFFICIAL_WEB_LOOKUP;OFFICIAL_STIHL_LOOKUP
163130315;"MS 440-Z 3/8"" RIM Magnum Motorsäge";stihl_ms_440;Kettingzaag;Benzine;MY_STIHL;https://app.stihl.com/nl-nl/mystihl/tools/add/serial-number;2026-10-06;authenticated MY STIHL UI lookup;OFFICIAL_WEB_LOOKUP;OFFICIAL_STIHL_LOOKUP
163130320;"MS 440-Z 3/8"" RIM Magnum Motorsäge";stihl_ms_440;Kettingzaag;Benzine;MY_STIHL;https://app.stihl.com/nl-nl/mystihl/tools/add/serial-number;2026-10-06;authenticated MY STIHL UI lookup;OFFICIAL_WEB_LOOKUP;OFFICIAL_STIHL_LOOKUP
163130325;"MS 440-Z 3/8"" RIM Magnum Motorsäge";stihl_ms_440;Kettingzaag;Benzine;MY_STIHL;https://app.stihl.com/nl-nl/mystihl/tools/add/serial-number;2026-10-06;authenticated MY STIHL UI lookup;OFFICIAL_WEB_LOOKUP;OFFICIAL_STIHL_LOOKUP
163130330;"MS 440-Z 3/8"" RIM Magnum Motorsäge";stihl_ms_440;Kettingzaag;Benzine;MY_STIHL;https://app.stihl.com/nl-nl/mystihl/tools/add/serial-number;2026-10-06;authenticated MY STIHL UI lookup;OFFICIAL_WEB_LOOKUP;OFFICIAL_STIHL_LOOKUP
163130335;"MS 440-Z 3/8"" RIM Magnum Motorsäge";stihl_ms_440;Kettingzaag;Benzine;MY_STIHL;https://app.stihl.com/nl-nl/mystihl/tools/add/serial-number;2026-10-06;authenticated MY STIHL UI lookup;OFFICIAL_WEB_LOOKUP;OFFICIAL_STIHL_LOOKUP
163130340;"MS 440-Z 3/8"" RIM Magnum Motorsäge";stihl_ms_440;Kettingzaag;Benzine;MY_STIHL;https://app.stihl.com/nl-nl/mystihl/tools/add/serial-number;2026-10-06;authenticated MY STIHL UI lookup;OFFICIAL_WEB_LOOKUP;OFFICIAL_STIHL_LOOKUP
163130345;"MS 440-Z 3/8"" RIM Magnum Motorsäge";stihl_ms_440;Kettingzaag;Benzine;MY_STIHL;https://app.stihl.com/nl-nl/mystihl/tools/add/serial-number;2026-10-06;authenticated MY STIHL UI lookup;OFFICIAL_WEB_LOOKUP;OFFICIAL_STIHL_LOOKUP
163130350;"MS 440-Z 3/8"" RIM Magnum Motorsäge";stihl_ms_440;Kettingzaag;Benzine;MY_STIHL;https://app.stihl.com/nl-nl/mystihl/tools/add/serial-number;2026-10-06;authenticated MY STIHL UI lookup;OFFICIAL_WEB_LOOKUP;OFFICIAL_STIHL_LOOKUP
163130355;"MS 440-Z 3/8"" RIM Magnum Motorsäge";stihl_ms_440;Kettingzaag;Benzine;MY_STIHL;https://app.stihl.com/nl-nl/mystihl/tools/add/serial-number;2026-10-06;authenticated MY STIHL UI lookup;OFFICIAL_WEB_LOOKUP;OFFICIAL_STIHL_LOOKUP
163130360;"MS 440-Z 3/8"" RIM Magnum Motorsäge";stihl_ms_440;Kettingzaag;Benzine;MY_STIHL;https://app.stihl.com/nl-nl/mystihl/tools/add/serial-number;2026-10-06;authenticated MY STIHL UI lookup;OFFICIAL_WEB_LOOKUP;OFFICIAL_STIHL_LOOKUP
163130365;"MS 440-Z 3/8"" RIM Magnum Motorsäge";stihl_ms_440;Kettingzaag;Benzine;MY_STIHL;https://app.stihl.com/nl-nl/mystihl/tools/add/serial-number;2026-10-06;authenticated MY STIHL UI lookup;OFFICIAL_WEB_LOOKUP;OFFICIAL_STIHL_LOOKUP
163130370;"MS 440-Z 3/8"" RIM Magnum Motorsäge";stihl_ms_440;Kettingzaag;Benzine;MY_STIHL;https://app.stihl.com/nl-nl/mystihl/tools/add/serial-number;2026-10-06;authenticated MY STIHL UI lookup;OFFICIAL_WEB_LOOKUP;OFFICIAL_STIHL_LOOKUP
163130375;"MS 440-Z 3/8"" RIM Magnum Motorsäge";stihl_ms_440;Kettingzaag;Benzine;MY_STIHL;https://app.stihl.com/nl-nl/mystihl/tools/add/serial-number;2026-10-06;authenticated MY STIHL UI lookup;OFFICIAL_WEB_LOOKUP;OFFICIAL_STIHL_LOOKUP
163130380;"MS 440-Z 3/8"" RIM Magnum Motorsäge";stihl_ms_440;Kettingzaag;Benzine;MY_STIHL;https://app.stihl.com/nl-nl/mystihl/tools/add/serial-number;2026-10-06;authenticated MY STIHL UI lookup;OFFICIAL_WEB_LOOKUP;OFFICIAL_STIHL_LOOKUP
163130385;"MS 440-Z 3/8"" RIM Magnum Motorsäge";stihl_ms_440;Kettingzaag;Benzine;MY_STIHL;https://app.stihl.com/nl-nl/mystihl/tools/add/serial-number;2026-10-06;authenticated MY STIHL UI lookup;OFFICIAL_WEB_LOOKUP;OFFICIAL_STIHL_LOOKUP
163130390;"MS 440-Z 3/8"" RIM Magnum Motorsäge";stihl_ms_440;Kettingzaag;Benzine;MY_STIHL;https://app.stihl.com/nl-nl/mystihl/tools/add/serial-number;2026-10-06;authenticated MY STIHL UI lookup;OFFICIAL_WEB_LOOKUP;OFFICIAL_STIHL_LOOKUP
163130395;"MS 440-Z 3/8"" RIM Magnum Motorsäge";stihl_ms_440;Kettingzaag;Benzine;MY_STIHL;https://app.stihl.com/nl-nl/mystihl/tools/add/serial-number;2026-10-06;authenticated MY STIHL UI lookup;OFFICIAL_WEB_LOOKUP;OFFICIAL_STIHL_LOOKUP
163130400;"MS 440-Z 3/8"" RIM Magnum Motorsäge";stihl_ms_440;Kettingzaag;Benzine;MY_STIHL;https://app.stihl.com/nl-nl/mystihl/tools/add/serial-number;2026-10-06;authenticated MY STIHL UI lookup;OFFICIAL_WEB_LOOKUP;OFFICIAL_STIHL_LOOKUP
163130405;"MS 440-Z 3/8"" RIM Magnum Motorsäge";stihl_ms_440;Kettingzaag;Benzine;MY_STIHL;https://app.stihl.com/nl-nl/mystihl/tools/add/serial-number;2026-10-06;authenticated MY STIHL UI lookup;OFFICIAL_WEB_LOOKUP;OFFICIAL_STIHL_LOOKUP
163130410;"MS 440-Z 3/8"" RIM Magnum Motorsäge";stihl_ms_440;Kettingzaag;Benzine;MY_STIHL;https://app.stihl.com/nl-nl/mystihl/tools/add/serial-number;2026-10-06;authenticated MY STIHL UI lookup;OFFICIAL_WEB_LOOKUP;OFFICIAL_STIHL_LOOKUP
163130415;"MS 440-Z 3/8"" RIM Magnum Motorsäge";stihl_ms_440;Kettingzaag;Benzine;MY_STIHL;https://app.stihl.com/nl-nl/mystihl/tools/add/serial-number;2026-10-06;authenticated MY STIHL UI lookup;OFFICIAL_WEB_LOOKUP;OFFICIAL_STIHL_LOOKUP
163130420;"MS 440-Z 3/8"" RIM Magnum Motorsäge";stihl_ms_440;Kettingzaag;Benzine;MY_STIHL;https://app.stihl.com/nl-nl/mystihl/tools/add/serial-number;2026-10-06;authenticated MY STIHL UI lookup;OFFICIAL_WEB_LOOKUP;OFFICIAL_STIHL_LOOKUP
163130425;"MS 440-Z 3/8"" RIM Magnum Motorsäge";stihl_ms_440;Kettingzaag;Benzine;MY_STIHL;https://app.stihl.com/nl-nl/mystihl/tools/add/serial-number;2026-10-06;authenticated MY STIHL UI lookup;OFFICIAL_WEB_LOOKUP;OFFICIAL_STIHL_LOOKUP
163130430;"MS 440-Z 3/8"" RIM Magnum Motorsäge";stihl_ms_440;Kettingzaag;Benzine;MY_STIHL;https://app.stihl.com/nl-nl/mystihl/tools/add/serial-number;2026-10-06;authenticated MY STIHL UI lookup;OFFICIAL_WEB_LOOKUP;OFFICIAL_STIHL_LOOKUP
163130435;"MS 440-Z 3/8"" RIM Magnum Motorsäge";stihl_ms_440;Kettingzaag;Benzine;MY_STIHL;https://app.stihl.com/nl-nl/mystihl/tools/add/serial-number;2026-10-06;authenticated MY STIHL UI lookup;OFFICIAL_WEB_LOOKUP;OFFICIAL_STIHL_LOOKUP
163130440;"MS 440-Z 3/8"" RIM Magnum Motorsäge";stihl_ms_440;Kettingzaag;Benzine;MY_STIHL;https://app.stihl.com/nl-nl/mystihl/tools/add/serial-number;2026-10-06;authenticated MY STIHL UI lookup;OFFICIAL_WEB_LOOKUP;OFFICIAL_STIHL_LOOKUP
163130445;"MS 440-Z 3/8"" RIM Magnum Motorsäge";stihl_ms_440;Kettingzaag;Benzine;MY_STIHL;https://app.stihl.com/nl-nl/mystihl/tools/add/serial-number;2026-10-06;authenticated MY STIHL UI lookup;OFFICIAL_WEB_LOOKUP;OFFICIAL_STIHL_LOOKUP
163130450;"MS 440-Z 3/8"" RIM Magnum Motorsäge";stihl_ms_440;Kettingzaag;Benzine;MY_STIHL;https://app.stihl.com/nl-nl/mystihl/tools/add/serial-number;2026-10-06;authenticated MY STIHL UI lookup;OFFICIAL_WEB_LOOKUP;OFFICIAL_STIHL_LOOKUP
163130455;"MS 440-Z 3/8"" RIM Magnum Motorsäge";stihl_ms_440;Kettingzaag;Benzine;MY_STIHL;https://app.stihl.com/nl-nl/mystihl/tools/add/serial-number;2026-10-06;authenticated MY STIHL UI lookup;OFFICIAL_WEB_LOOKUP;OFFICIAL_STIHL_LOOKUP
163130460;"MS 440-Z 3/8"" RIM Magnum Motorsäge";stihl_ms_440;Kettingzaag;Benzine;MY_STIHL;https://app.stihl.com/nl-nl/mystihl/tools/add/serial-number;2026-10-06;authenticated MY STIHL UI lookup;OFFICIAL_WEB_LOOKUP;OFFICIAL_STIHL_LOOKUP
163130465;"MS 440-Z 3/8"" RIM Magnum Motorsäge";stihl_ms_440;Kettingzaag;Benzine;MY_STIHL;https://app.stihl.com/nl-nl/mystihl/tools/add/serial-number;2026-10-06;authenticated MY STIHL UI lookup;OFFICIAL_WEB_LOOKUP;OFFICIAL_STIHL_LOOKUP
163130470;"MS 440-Z 3/8"" RIM Magnum Motorsäge";stihl_ms_440;Kettingzaag;Benzine;MY_STIHL;https://app.stihl.com/nl-nl/mystihl/tools/add/serial-number;2026-10-06;authenticated MY STIHL UI lookup;OFFICIAL_WEB_LOOKUP;OFFICIAL_STIHL_LOOKUP
163130475;"MS 440-Z 3/8"" RIM Magnum Motorsäge";stihl_ms_440;Kettingzaag;Benzine;MY_STIHL;https://app.stihl.com/nl-nl/mystihl/tools/add/serial-number;2026-10-06;authenticated MY STIHL UI lookup;OFFICIAL_WEB_LOOKUP;OFFICIAL_STIHL_LOOKUP
163130480;"MS 440-Z 3/8"" RIM Magnum Motorsäge";stihl_ms_440;Kettingzaag;Benzine;MY_STIHL;https://app.stihl.com/nl-nl/mystihl/tools/add/serial-number;2026-10-06;authenticated MY STIHL UI lookup;OFFICIAL_WEB_LOOKUP;OFFICIAL_STIHL_LOOKUP
163130485;"MS 440-Z 3/8"" RIM Magnum Motorsäge";stihl_ms_440;Kettingzaag;Benzine;MY_STIHL;https://app.stihl.com/nl-nl/mystihl/tools/add/serial-number;2026-10-06;authenticated MY STIHL UI lookup;OFFICIAL_WEB_LOOKUP;OFFICIAL_STIHL_LOOKUP
163130490;"MS 440-Z 3/8"" RIM Magnum Motorsäge";stihl_ms_440;Kettingzaag;Benzine;MY_STIHL;https://app.stihl.com/nl-nl/mystihl/tools/add/serial-number;2026-10-06;authenticated MY STIHL UI lookup;OFFICIAL_WEB_LOOKUP;OFFICIAL_STIHL_LOOKUP
163130495;"MS 440-Z 3/8"" RIM Magnum Motorsäge";stihl_ms_440;Kettingzaag;Benzine;MY_STIHL;https://app.stihl.com/nl-nl/mystihl/tools/add/serial-number;2026-10-06;authenticated MY STIHL UI lookup;OFFICIAL_WEB_LOOKUP;OFFICIAL_STIHL_LOOKUP
163130500;"MS 440-Z 3/8"" RIM Magnum Motorsäge";stihl_ms_440;Kettingzaag;Benzine;MY_STIHL;https://app.stihl.com/nl-nl/mystihl/tools/add/serial-number;2026-10-06;authenticated MY STIHL UI lookup;OFFICIAL_WEB_LOOKUP;OFFICIAL_STIHL_LOOKUP
163130505;"MS 440-Z 3/8"" RIM Magnum Motorsäge";stihl_ms_440;Kettingzaag;Benzine;MY_STIHL;https://app.stihl.com/nl-nl/mystihl/tools/add/serial-number;2026-10-06;authenticated MY STIHL UI lookup;OFFICIAL_WEB_LOOKUP;OFFICIAL_STIHL_LOOKUP
163130510;"MS 440-Z 3/8"" RIM Magnum Motorsäge";stihl_ms_440;Kettingzaag;Benzine;MY_STIHL;https://app.stihl.com/nl-nl/mystihl/tools/add/serial-number;2026-10-06;authenticated MY STIHL UI lookup;OFFICIAL_WEB_LOOKUP;OFFICIAL_STIHL_LOOKUP
163130515;"MS 440-Z 3/8"" RIM Magnum Motorsäge";stihl_ms_440;Kettingzaag;Benzine;MY_STIHL;https://app.stihl.com/nl-nl/mystihl/tools/add/serial-number;2026-10-06;authenticated MY STIHL UI lookup;OFFICIAL_WEB_LOOKUP;OFFICIAL_STIHL_LOOKUP
163130520;"MS 440-Z 3/8"" RIM Magnum Motorsäge";stihl_ms_440;Kettingzaag;Benzine;MY_STIHL;https://app.stihl.com/nl-nl/mystihl/tools/add/serial-number;2026-10-06;authenticated MY STIHL UI lookup;OFFICIAL_WEB_LOOKUP;OFFICIAL_STIHL_LOOKUP
163130525;"MS 440-Z 3/8"" RIM Magnum Motorsäge";stihl_ms_440;Kettingzaag;Benzine;MY_STIHL;https://app.stihl.com/nl-nl/mystihl/tools/add/serial-number;2026-10-06;authenticated MY STIHL UI lookup;OFFICIAL_WEB_LOOKUP;OFFICIAL_STIHL_LOOKUP
163130530;"MS 440-Z 3/8"" RIM Magnum Motorsäge";stihl_ms_440;Kettingzaag;Benzine;MY_STIHL;https://app.stihl.com/nl-nl/mystihl/tools/add/serial-number;2026-10-06;authenticated MY STIHL UI lookup;OFFICIAL_WEB_LOOKUP;OFFICIAL_STIHL_LOOKUP
163130535;"MS 440-Z 3/8"" RIM Magnum Motorsäge";stihl_ms_440;Kettingzaag;Benzine;MY_STIHL;https://app.stihl.com/nl-nl/mystihl/tools/add/serial-number;2026-10-06;authenticated MY STIHL UI lookup;OFFICIAL_WEB_LOOKUP;OFFICIAL_STIHL_LOOKUP
163130540;"MS 440-Z 3/8"" RIM Magnum Motorsäge";stihl_ms_440;Kettingzaag;Benzine;MY_STIHL;https://app.stihl.com/nl-nl/mystihl/tools/add/serial-number;2026-10-06;authenticated MY STIHL UI lookup;OFFICIAL_WEB_LOOKUP;OFFICIAL_STIHL_LOOKUP
163130545;"MS 440-Z 3/8"" RIM Magnum Motorsäge";stihl_ms_440;Kettingzaag;Benzine;MY_STIHL;https://app.stihl.com/nl-nl/mystihl/tools/add/serial-number;2026-10-06;authenticated MY STIHL UI lookup;OFFICIAL_WEB_LOOKUP;OFFICIAL_STIHL_LOOKUP
163130550;"MS 440-Z 3/8"" RIM Magnum Motorsäge";stihl_ms_440;Kettingzaag;Benzine;MY_STIHL;https://app.stihl.com/nl-nl/mystihl/tools/add/serial-number;2026-10-06;authenticated MY STIHL UI lookup;OFFICIAL_WEB_LOOKUP;OFFICIAL_STIHL_LOOKUP
163130555;"MS 440-Z 3/8"" RIM Magnum Motorsäge";stihl_ms_440;Kettingzaag;Benzine;MY_STIHL;https://app.stihl.com/nl-nl/mystihl/tools/add/serial-number;2026-10-06;authenticated MY STIHL UI lookup;OFFICIAL_WEB_LOOKUP;OFFICIAL_STIHL_LOOKUP
