input_serial;official_serial_number;lookup_date;lookup_outcome;raw_statuses;official_identity;category_raw;drive_type_raw;official_product_name;model_candidate;source;source_url;verification_method;evidence_type;verification_status;eligible_for_official_anchor;negative_identity_evidence;recheck_required;input_alias_proven;duplicate_input_rows;source_row_numbers;source_file
10000000;010000000;2026-09-26;OFFICIAL_EXACT_FOUND;gevonden;Bosmaaier / Benzine FS 55 RC-E Z Motorsense;Bosmaaier;Benzine;FS 55 RC-E Z Motorsense;FS 55 RC-E;MY_STIHL;https://app.stihl.com/nl-nl/mystihl/tools/add/serial-number;authenticated MY STIHL UI lookup;OFFICIAL_WEB_LOOKUP;OFFICIAL_STIHL_LOOKUP;TRUE;FALSE;FALSE;TRUE;1;602;stihl_resultaten.csv
10001000;010001000;2026-09-26;OFFICIAL_EXACT_FOUND;gevonden;"Motorzaag / Benzine 051 .404"" P Motorsäge";Motorzaag;Benzine;"051 .404"" P Motorsäge";051;MY_STIHL;https://app.stihl.com/nl-nl/mystihl/tools/add/serial-number;authenticated MY STIHL UI lookup;OFFICIAL_WEB_LOOKUP;OFFICIAL_STIHL_LOOKUP;TRUE;FALSE;FALSE;TRUE;1;603;stihl_resultaten.csv
10002000;010002000;2026-09-26;OFFICIAL_EXACT_FOUND;gevonden;"Motorzaag / Benzine 051 .404"" P Motorsäge";Motorzaag;Benzine;"051 .404"" P Motorsäge";051;MY_STIHL;https://app.stihl.com/nl-nl/mystihl/tools/add/serial-number;authenticated MY STIHL UI lookup;OFFICIAL_WEB_LOOKUP;OFFICIAL_STIHL_LOOKUP;TRUE;FALSE;FALSE;TRUE;1;604;stihl_resultaten.csv
10003000;010003000;2026-09-26;OFFICIAL_EXACT_FOUND;gevonden;"Motorzaag / Benzine 051 .404"" P Motorsäge";Motorzaag;Benzine;"051 .404"" P Motorsäge";051;MY_STIHL;https://app.stihl.com/nl-nl/mystihl/tools/add/serial-number;authenticated MY STIHL UI lookup;OFFICIAL_WEB_LOOKUP;OFFICIAL_STIHL_LOOKUP;TRUE;FALSE;FALSE;TRUE;1;605;stihl_resultaten.csv
10004000;010004000;2026-09-26;OFFICIAL_EXACT_FOUND;gevonden;Motorzaag / Benzine 038 M STIHL Motorsäge;Motorzaag;Benzine;038 M STIHL Motorsäge;038 M;MY_STIHL;https://app.stihl.com/nl-nl/mystihl/tools/add/serial-number;authenticated MY STIHL UI lookup;OFFICIAL_WEB_LOOKUP;OFFICIAL_STIHL_LOOKUP;TRUE;FALSE;FALSE;TRUE;1;606;stihl_resultaten.csv
10005000;010005000;2026-09-26;OFFICIAL_EXACT_FOUND;gevonden;"Motorzaag / Benzine 076 AVEQ .404""7Z-P- STIHL Motorsäge";Motorzaag;Benzine;"076 AVEQ .404""7Z-P- STIHL Motorsäge";076;MY_STIHL;https://app.stihl.com/nl-nl/mystihl/tools/add/serial-number;authenticated MY STIHL UI lookup;OFFICIAL_WEB_LOOKUP;OFFICIAL_STIHL_LOOKUP;TRUE;FALSE;FALSE;TRUE;1;607;stihl_resultaten.csv
10006000;;2026-09-26;TECHNICAL_TIMEOUT;time-out;;;;;;MY_STIHL;https://app.stihl.com/nl-nl/mystihl/tools/add;authenticated MY STIHL UI lookup;TECHNICAL_TIMEOUT;;FALSE;FALSE;TRUE;FALSE;1;608;stihl_resultaten.csv
10007000;;2026-09-26;TECHNICAL_TIMEOUT;time-out;;;;;;MY_STIHL;https://app.stihl.com/nl-nl/mystihl/tools/add;authenticated MY STIHL UI lookup;TECHNICAL_TIMEOUT;;FALSE;FALSE;TRUE;FALSE;1;609;stihl_resultaten.csv
10008000;;2026-09-26;TECHNICAL_TIMEOUT;time-out;;;;;;MY_STIHL;https://app.stihl.com/nl-nl/mystihl/tools/add;authenticated MY STIHL UI lookup;TECHNICAL_TIMEOUT;;FALSE;FALSE;TRUE;FALSE;1;610;stihl_resultaten.csv
10009000;;2026-09-26;TECHNICAL_TIMEOUT;time-out;;;;;;MY_STIHL;https://app.stihl.com/nl-nl/mystihl/tools/add;authenticated MY STIHL UI lookup;TECHNICAL_TIMEOUT;;FALSE;FALSE;TRUE;FALSE;1;611;stihl_resultaten.csv
10010000;;2026-09-26;TECHNICAL_TIMEOUT;time-out;;;;;;MY_STIHL;https://app.stihl.com/nl-nl/mystihl/tools/add;authenticated MY STIHL UI lookup;TECHNICAL_TIMEOUT;;FALSE;FALSE;TRUE;FALSE;1;612;stihl_resultaten.csv
10011000;;2026-09-26;TECHNICAL_TIMEOUT;time-out;;;;;;MY_STIHL;https://app.stihl.com/nl-nl/mystihl/tools/add;authenticated MY STIHL UI lookup;TECHNICAL_TIMEOUT;;FALSE;FALSE;TRUE;FALSE;1;613;stihl_resultaten.csv
10012000;;2026-09-26;TECHNICAL_TIMEOUT;time-out;;;;;;MY_STIHL;https://app.stihl.com/nl-nl/mystihl/tools/add;authenticated MY STIHL UI lookup;TECHNICAL_TIMEOUT;;FALSE;FALSE;TRUE;FALSE;1;614;stihl_resultaten.csv
10013000;010013000;2026-09-26;OFFICIAL_EXACT_FOUND;gevonden;Toebehoren / Benzine BT 308 50 1/MIN;Toebehoren;Benzine;BT 308 50 1/MIN;BT 308;MY_STIHL;https://app.stihl.com/nl-nl/mystihl/tools/add/serial-number;authenticated MY STIHL UI lookup;OFFICIAL_WEB_LOOKUP;OFFICIAL_STIHL_LOOKUP;TRUE;FALSE;FALSE;TRUE;1;615;stihl_resultaten.csv
10014000;010014000;2026-09-26;OFFICIAL_EXACT_FOUND;gevonden;"Motorzaag / Benzine 051 .404"" P Motorsäge";Motorzaag;Benzine;"051 .404"" P Motorsäge";051;MY_STIHL;https://app.stihl.com/nl-nl/mystihl/tools/add/serial-number;authenticated MY STIHL UI lookup;OFFICIAL_WEB_LOOKUP;OFFICIAL_STIHL_LOOKUP;TRUE;FALSE;FALSE;TRUE;1;616;stihl_resultaten.csv
10015000;;2026-09-26;TECHNICAL_TIMEOUT;time-out;;;;;;MY_STIHL;https://app.stihl.com/nl-nl/mystihl/tools/add;authenticated MY STIHL UI lookup;TECHNICAL_TIMEOUT;;FALSE;FALSE;TRUE;FALSE;1;617;stihl_resultaten.csv
10016000;;2026-09-26;TECHNICAL_TIMEOUT;time-out;;;;;;MY_STIHL;https://app.stihl.com/nl-nl/mystihl/tools/add;authenticated MY STIHL UI lookup;TECHNICAL_TIMEOUT;;FALSE;FALSE;TRUE;FALSE;1;618;stihl_resultaten.csv
10017000;;2026-09-26;TECHNICAL_TIMEOUT;time-out;;;;;;MY_STIHL;https://app.stihl.com/nl-nl/mystihl/tools/add;authenticated MY STIHL UI lookup;TECHNICAL_TIMEOUT;;FALSE;FALSE;TRUE;FALSE;1;619;stihl_resultaten.csv
10018000;;2026-09-26;TECHNICAL_TIMEOUT;time-out;;;;;;MY_STIHL;https://app.stihl.com/nl-nl/mystihl/tools/add;authenticated MY STIHL UI lookup;TECHNICAL_TIMEOUT;;FALSE;FALSE;TRUE;FALSE;1;620;stihl_resultaten.csv
10019000;;2026-09-26;TECHNICAL_TIMEOUT;time-out;;;;;;MY_STIHL;https://app.stihl.com/nl-nl/mystihl/tools/add;authenticated MY STIHL UI lookup;TECHNICAL_TIMEOUT;;FALSE;FALSE;TRUE;FALSE;1;621;stihl_resultaten.csv
10020000;;2026-09-26;TECHNICAL_TIMEOUT;time-out;;;;;;MY_STIHL;https://app.stihl.com/nl-nl/mystihl/tools/add;authenticated MY STIHL UI lookup;TECHNICAL_TIMEOUT;;FALSE;FALSE;TRUE;FALSE;1;622;stihl_resultaten.csv
10021000;;2026-09-26;TECHNICAL_TIMEOUT;time-out;;;;;;MY_STIHL;https://app.stihl.com/nl-nl/mystihl/tools/add;authenticated MY STIHL UI lookup;TECHNICAL_TIMEOUT;;FALSE;FALSE;TRUE;FALSE;1;623;stihl_resultaten.csv
10022000;;2026-09-26;TECHNICAL_TIMEOUT;time-out;;;;;;MY_STIHL;https://app.stihl.com/nl-nl/mystihl/tools/add;authenticated MY STIHL UI lookup;TECHNICAL_TIMEOUT;;FALSE;FALSE;TRUE;FALSE;1;624;stihl_resultaten.csv
10023000;;2026-09-26;TECHNICAL_TIMEOUT;time-out;;;;;;MY_STIHL;https://app.stihl.com/nl-nl/mystihl/tools/add;authenticated MY STIHL UI lookup;TECHNICAL_TIMEOUT;;FALSE;FALSE;TRUE;FALSE;1;625;stihl_resultaten.csv
10024000;;2026-09-26;TECHNICAL_TIMEOUT;time-out;;;;;;MY_STIHL;https://app.stihl.com/nl-nl/mystihl/tools/add;authenticated MY STIHL UI lookup;TECHNICAL_TIMEOUT;;FALSE;FALSE;TRUE;FALSE;1;626;stihl_resultaten.csv
10025000;;2026-09-26;TECHNICAL_TIMEOUT;time-out;;;;;;MY_STIHL;https://app.stihl.com/nl-nl/mystihl/tools/add;authenticated MY STIHL UI lookup;TECHNICAL_TIMEOUT;;FALSE;FALSE;TRUE;FALSE;1;627;stihl_resultaten.csv
10026000;;2026-09-26;TECHNICAL_TIMEOUT;time-out;;;;;;MY_STIHL;https://app.stihl.com/nl-nl/mystihl/tools/add;authenticated MY STIHL UI lookup;TECHNICAL_TIMEOUT;;FALSE;FALSE;TRUE;FALSE;1;628;stihl_resultaten.csv
10027000;;2026-09-26;TECHNICAL_TIMEOUT;time-out;;;;;;MY_STIHL;https://app.stihl.com/nl-nl/mystihl/tools/add;authenticated MY STIHL UI lookup;TECHNICAL_TIMEOUT;;FALSE;FALSE;TRUE;FALSE;1;629;stihl_resultaten.csv
10028000;;2026-09-26;TECHNICAL_TIMEOUT;time-out;;;;;;MY_STIHL;https://app.stihl.com/nl-nl/mystihl/tools/add;authenticated MY STIHL UI lookup;TECHNICAL_TIMEOUT;;FALSE;FALSE;TRUE;FALSE;1;630;stihl_resultaten.csv
10029000;;2026-09-26;TECHNICAL_TIMEOUT;time-out;;;;;;MY_STIHL;https://app.stihl.com/nl-nl/mystihl/tools/add;authenticated MY STIHL UI lookup;TECHNICAL_TIMEOUT;;FALSE;FALSE;TRUE;FALSE;1;631;stihl_resultaten.csv
10030000;;2026-09-26;TECHNICAL_TIMEOUT;time-out;;;;;;MY_STIHL;https://app.stihl.com/nl-nl/mystihl/tools/add;authenticated MY STIHL UI lookup;TECHNICAL_TIMEOUT;;FALSE;FALSE;TRUE;FALSE;1;632;stihl_resultaten.csv
10031000;;2026-09-26;TECHNICAL_TIMEOUT;time-out;;;;;;MY_STIHL;https://app.stihl.com/nl-nl/mystihl/tools/add;authenticated MY STIHL UI lookup;TECHNICAL_TIMEOUT;;FALSE;FALSE;TRUE;FALSE;1;633;stihl_resultaten.csv
10032000;;2026-09-26;TECHNICAL_TIMEOUT;time-out;;;;;;MY_STIHL;https://app.stihl.com/nl-nl/mystihl/tools/add;authenticated MY STIHL UI lookup;TECHNICAL_TIMEOUT;;FALSE;FALSE;TRUE;FALSE;1;634;stihl_resultaten.csv
10033000;;2026-09-26;TECHNICAL_TIMEOUT;time-out;;;;;;MY_STIHL;https://app.stihl.com/nl-nl/mystihl/tools/add;authenticated MY STIHL UI lookup;TECHNICAL_TIMEOUT;;FALSE;FALSE;TRUE;FALSE;1;635;stihl_resultaten.csv
10034000;;2026-09-26;TECHNICAL_TIMEOUT;time-out;;;;;;MY_STIHL;https://app.stihl.com/nl-nl/mystihl/tools/add;authenticated MY STIHL UI lookup;TECHNICAL_TIMEOUT;;FALSE;FALSE;TRUE;FALSE;1;636;stihl_resultaten.csv
10035000;;2026-09-26;TECHNICAL_TIMEOUT;time-out;;;;;;MY_STIHL;https://app.stihl.com/nl-nl/mystihl/tools/add;authenticated MY STIHL UI lookup;TECHNICAL_TIMEOUT;;FALSE;FALSE;TRUE;FALSE;1;637;stihl_resultaten.csv
10036000;;2026-09-26;TECHNICAL_TIMEOUT;time-out;;;;;;MY_STIHL;https://app.stihl.com/nl-nl/mystihl/tools/add;authenticated MY STIHL UI lookup;TECHNICAL_TIMEOUT;;FALSE;FALSE;TRUE;FALSE;1;638;stihl_resultaten.csv
10037000;;2026-09-26;TECHNICAL_TIMEOUT;time-out;;;;;;MY_STIHL;https://app.stihl.com/nl-nl/mystihl/tools/add;authenticated MY STIHL UI lookup;TECHNICAL_TIMEOUT;;FALSE;FALSE;TRUE;FALSE;1;639;stihl_resultaten.csv
10038000;010038000;2026-09-26;OFFICIAL_EXACT_FOUND;gevonden;"Motorzaag / Benzine 070 .404"" P Motorsäge";Motorzaag;Benzine;"070 .404"" P Motorsäge";070;MY_STIHL;https://app.stihl.com/nl-nl/mystihl/tools/add/serial-number;authenticated MY STIHL UI lookup;OFFICIAL_WEB_LOOKUP;OFFICIAL_STIHL_LOOKUP;TRUE;FALSE;FALSE;TRUE;1;640;stihl_resultaten.csv
10039000;010039000;2026-09-26;OFFICIAL_EXACT_FOUND;gevonden;"Motorzaag / Benzine 070 .404"" P Motorsäge";Motorzaag;Benzine;"070 .404"" P Motorsäge";070;MY_STIHL;https://app.stihl.com/nl-nl/mystihl/tools/add/serial-number;authenticated MY STIHL UI lookup;OFFICIAL_WEB_LOOKUP;OFFICIAL_STIHL_LOOKUP;TRUE;FALSE;FALSE;TRUE;1;641;stihl_resultaten.csv
10040000;010040000;2026-09-26;OFFICIAL_EXACT_FOUND;gevonden;"Motorzaag / Benzine 070 .404"" P Motorsäge";Motorzaag;Benzine;"070 .404"" P Motorsäge";070;MY_STIHL;https://app.stihl.com/nl-nl/mystihl/tools/add/serial-number;authenticated MY STIHL UI lookup;OFFICIAL_WEB_LOOKUP;OFFICIAL_STIHL_LOOKUP;TRUE;FALSE;FALSE;TRUE;1;642;stihl_resultaten.csv
10041000;010041000;2026-09-26;OFFICIAL_EXACT_FOUND;gevonden;"Motorzaag / Benzine 070 .404"" P Motorsäge";Motorzaag;Benzine;"070 .404"" P Motorsäge";070;MY_STIHL;https://app.stihl.com/nl-nl/mystihl/tools/add/serial-number;authenticated MY STIHL UI lookup;OFFICIAL_WEB_LOOKUP;OFFICIAL_STIHL_LOOKUP;TRUE;FALSE;FALSE;TRUE;1;643;stihl_resultaten.csv
10042000;010042000;2026-09-26;OFFICIAL_EXACT_FOUND;gevonden;"Motorzaag / Benzine 070 .404"" P Motorsäge";Motorzaag;Benzine;"070 .404"" P Motorsäge";070;MY_STIHL;https://app.stihl.com/nl-nl/mystihl/tools/add/serial-number;authenticated MY STIHL UI lookup;OFFICIAL_WEB_LOOKUP;OFFICIAL_STIHL_LOOKUP;TRUE;FALSE;FALSE;TRUE;1;644;stihl_resultaten.csv
10043000;010043000;2026-09-26;OFFICIAL_EXACT_FOUND;gevonden;"Motorzaag / Benzine 070 .404"" P Motorsäge";Motorzaag;Benzine;"070 .404"" P Motorsäge";070;MY_STIHL;https://app.stihl.com/nl-nl/mystihl/tools/add/serial-number;authenticated MY STIHL UI lookup;OFFICIAL_WEB_LOOKUP;OFFICIAL_STIHL_LOOKUP;TRUE;FALSE;FALSE;TRUE;1;645;stihl_resultaten.csv
10044000;010044000;2026-09-26;OFFICIAL_EXACT_FOUND;gevonden;"Motorzaag / Benzine 070 .404"" P Motorsäge";Motorzaag;Benzine;"070 .404"" P Motorsäge";070;MY_STIHL;https://app.stihl.com/nl-nl/mystihl/tools/add/serial-number;authenticated MY STIHL UI lookup;OFFICIAL_WEB_LOOKUP;OFFICIAL_STIHL_LOOKUP;TRUE;FALSE;FALSE;TRUE;1;646;stihl_resultaten.csv
10045000;;2026-09-26;TECHNICAL_TIMEOUT;time-out;;;;;;MY_STIHL;https://app.stihl.com/nl-nl/mystihl/tools/add;authenticated MY STIHL UI lookup;TECHNICAL_TIMEOUT;;FALSE;FALSE;TRUE;FALSE;1;647;stihl_resultaten.csv
10046000;010046000;2026-09-26;OFFICIAL_EXACT_FOUND;gevonden;"Motorzaag / Benzine 08 S .404""7Z-P- STIHL Motorsäge";Motorzaag;Benzine;"08 S .404""7Z-P- STIHL Motorsäge";08 S;MY_STIHL;https://app.stihl.com/nl-nl/mystihl/tools/add/serial-number;authenticated MY STIHL UI lookup;OFFICIAL_WEB_LOOKUP;OFFICIAL_STIHL_LOOKUP;TRUE;FALSE;FALSE;TRUE;1;648;stihl_resultaten.csv
10047000;;2026-09-26;TECHNICAL_TIMEOUT;time-out;;;;;;MY_STIHL;https://app.stihl.com/nl-nl/mystihl/tools/add;authenticated MY STIHL UI lookup;TECHNICAL_TIMEOUT;;FALSE;FALSE;TRUE;FALSE;1;649;stihl_resultaten.csv
10048000;;2026-09-26;TECHNICAL_TIMEOUT;time-out;;;;;;MY_STIHL;https://app.stihl.com/nl-nl/mystihl/tools/add;authenticated MY STIHL UI lookup;TECHNICAL_TIMEOUT;;FALSE;FALSE;TRUE;FALSE;1;650;stihl_resultaten.csv
10049000;;2026-09-26;TECHNICAL_TIMEOUT;time-out;;;;;;MY_STIHL;https://app.stihl.com/nl-nl/mystihl/tools/add;authenticated MY STIHL UI lookup;TECHNICAL_TIMEOUT;;FALSE;FALSE;TRUE;FALSE;1;651;stihl_resultaten.csv
10050000;;2026-09-26;TECHNICAL_TIMEOUT;time-out;;;;;;MY_STIHL;https://app.stihl.com/nl-nl/mystihl/tools/add;authenticated MY STIHL UI lookup;TECHNICAL_TIMEOUT;;FALSE;FALSE;TRUE;FALSE;1;652;stihl_resultaten.csv
10051000;;2026-09-26;TECHNICAL_TIMEOUT;time-out;;;;;;MY_STIHL;https://app.stihl.com/nl-nl/mystihl/tools/add;authenticated MY STIHL UI lookup;TECHNICAL_TIMEOUT;;FALSE;FALSE;TRUE;FALSE;1;653;stihl_resultaten.csv
10052000;;2026-09-26;TECHNICAL_TIMEOUT;time-out;;;;;;MY_STIHL;https://app.stihl.com/nl-nl/mystihl/tools/add;authenticated MY STIHL UI lookup;TECHNICAL_TIMEOUT;;FALSE;FALSE;TRUE;FALSE;1;654;stihl_resultaten.csv
10053000;;2026-09-26;TECHNICAL_TIMEOUT;time-out;;;;;;MY_STIHL;https://app.stihl.com/nl-nl/mystihl/tools/add;authenticated MY STIHL UI lookup;TECHNICAL_TIMEOUT;;FALSE;FALSE;TRUE;FALSE;1;655;stihl_resultaten.csv
10054000;;2026-09-26;TECHNICAL_TIMEOUT;time-out;;;;;;MY_STIHL;https://app.stihl.com/nl-nl/mystihl/tools/add;authenticated MY STIHL UI lookup;TECHNICAL_TIMEOUT;;FALSE;FALSE;TRUE;FALSE;1;656;stihl_resultaten.csv
10055000;;2026-09-26;TECHNICAL_TIMEOUT;time-out;;;;;;MY_STIHL;https://app.stihl.com/nl-nl/mystihl/tools/add;authenticated MY STIHL UI lookup;TECHNICAL_TIMEOUT;;FALSE;FALSE;TRUE;FALSE;1;657;stihl_resultaten.csv
10056000;;2026-09-26;TECHNICAL_TIMEOUT;time-out;;;;;;MY_STIHL;https://app.stihl.com/nl-nl/mystihl/tools/add;authenticated MY STIHL UI lookup;TECHNICAL_TIMEOUT;;FALSE;FALSE;TRUE;FALSE;1;658;stihl_resultaten.csv
10057000;;2026-09-26;TECHNICAL_TIMEOUT;time-out;;;;;;MY_STIHL;https://app.stihl.com/nl-nl/mystihl/tools/add;authenticated MY STIHL UI lookup;TECHNICAL_TIMEOUT;;FALSE;FALSE;TRUE;FALSE;1;659;stihl_resultaten.csv
10058000;;2026-09-26;TECHNICAL_TIMEOUT;time-out;;;;;;MY_STIHL;https://app.stihl.com/nl-nl/mystihl/tools/add;authenticated MY STIHL UI lookup;TECHNICAL_TIMEOUT;;FALSE;FALSE;TRUE;FALSE;1;660;stihl_resultaten.csv
10059000;;2026-09-26;TECHNICAL_TIMEOUT;time-out;;;;;;MY_STIHL;https://app.stihl.com/nl-nl/mystihl/tools/add;authenticated MY STIHL UI lookup;TECHNICAL_TIMEOUT;;FALSE;FALSE;TRUE;FALSE;1;661;stihl_resultaten.csv
10060000;;2026-09-26;TECHNICAL_TIMEOUT;time-out;;;;;;MY_STIHL;https://app.stihl.com/nl-nl/mystihl/tools/add;authenticated MY STIHL UI lookup;TECHNICAL_TIMEOUT;;FALSE;FALSE;TRUE;FALSE;1;662;stihl_resultaten.csv
10061000;;2026-09-26;TECHNICAL_TIMEOUT;time-out;;;;;;MY_STIHL;https://app.stihl.com/nl-nl/mystihl/tools/add;authenticated MY STIHL UI lookup;TECHNICAL_TIMEOUT;;FALSE;FALSE;TRUE;FALSE;1;663;stihl_resultaten.csv
10062000;;2026-09-26;TECHNICAL_TIMEOUT;time-out;;;;;;MY_STIHL;https://app.stihl.com/nl-nl/mystihl/tools/add;authenticated MY STIHL UI lookup;TECHNICAL_TIMEOUT;;FALSE;FALSE;TRUE;FALSE;1;664;stihl_resultaten.csv
10063000;;2026-09-26;TECHNICAL_TIMEOUT;time-out;;;;;;MY_STIHL;https://app.stihl.com/nl-nl/mystihl/tools/add;authenticated MY STIHL UI lookup;TECHNICAL_TIMEOUT;;FALSE;FALSE;TRUE;FALSE;1;665;stihl_resultaten.csv
10064000;;2026-09-26;TECHNICAL_TIMEOUT;time-out;;;;;;MY_STIHL;https://app.stihl.com/nl-nl/mystihl/tools/add;authenticated MY STIHL UI lookup;TECHNICAL_TIMEOUT;;FALSE;FALSE;TRUE;FALSE;1;666;stihl_resultaten.csv
10065000;;2026-09-26;TECHNICAL_TIMEOUT;time-out;;;;;;MY_STIHL;https://app.stihl.com/nl-nl/mystihl/tools/add;authenticated MY STIHL UI lookup;TECHNICAL_TIMEOUT;;FALSE;FALSE;TRUE;FALSE;1;667;stihl_resultaten.csv
10066000;;2026-09-26;TECHNICAL_TIMEOUT;time-out;;;;;;MY_STIHL;https://app.stihl.com/nl-nl/mystihl/tools/add;authenticated MY STIHL UI lookup;TECHNICAL_TIMEOUT;;FALSE;FALSE;TRUE;FALSE;1;668;stihl_resultaten.csv
10067000;;2026-09-26;TECHNICAL_TIMEOUT;time-out;;;;;;MY_STIHL;https://app.stihl.com/nl-nl/mystihl/tools/add;authenticated MY STIHL UI lookup;TECHNICAL_TIMEOUT;;FALSE;FALSE;TRUE;FALSE;1;669;stihl_resultaten.csv
10068000;;2026-09-26;TECHNICAL_TIMEOUT;time-out;;;;;;MY_STIHL;https://app.stihl.com/nl-nl/mystihl/tools/add;authenticated MY STIHL UI lookup;TECHNICAL_TIMEOUT;;FALSE;FALSE;TRUE;FALSE;1;670;stihl_resultaten.csv
10069000;;2026-09-26;TECHNICAL_TIMEOUT;time-out;;;;;;MY_STIHL;https://app.stihl.com/nl-nl/mystihl/tools/add;authenticated MY STIHL UI lookup;TECHNICAL_TIMEOUT;;FALSE;FALSE;TRUE;FALSE;1;671;stihl_resultaten.csv
10070000;;2026-09-26;TECHNICAL_TIMEOUT;time-out;;;;;;MY_STIHL;https://app.stihl.com/nl-nl/mystihl/tools/add;authenticated MY STIHL UI lookup;TECHNICAL_TIMEOUT;;FALSE;FALSE;TRUE;FALSE;1;672;stihl_resultaten.csv
10071000;;2026-09-26;TECHNICAL_TIMEOUT;time-out;;;;;;MY_STIHL;https://app.stihl.com/nl-nl/mystihl/tools/add;authenticated MY STIHL UI lookup;TECHNICAL_TIMEOUT;;FALSE;FALSE;TRUE;FALSE;1;673;stihl_resultaten.csv
10072000;;2026-09-26;TECHNICAL_TIMEOUT;time-out;;;;;;MY_STIHL;https://app.stihl.com/nl-nl/mystihl/tools/add;authenticated MY STIHL UI lookup;TECHNICAL_TIMEOUT;;FALSE;FALSE;TRUE;FALSE;1;674;stihl_resultaten.csv
10073000;;2026-09-26;TECHNICAL_TIMEOUT;time-out;;;;;;MY_STIHL;https://app.stihl.com/nl-nl/mystihl/tools/add;authenticated MY STIHL UI lookup;TECHNICAL_TIMEOUT;;FALSE;FALSE;TRUE;FALSE;1;675;stihl_resultaten.csv
10074000;;2026-09-26;TECHNICAL_TIMEOUT;time-out;;;;;;MY_STIHL;https://app.stihl.com/nl-nl/mystihl/tools/add;authenticated MY STIHL UI lookup;TECHNICAL_TIMEOUT;;FALSE;FALSE;TRUE;FALSE;1;676;stihl_resultaten.csv
10075000;;2026-09-26;TECHNICAL_TIMEOUT;time-out;;;;;;MY_STIHL;https://app.stihl.com/nl-nl/mystihl/tools/add;authenticated MY STIHL UI lookup;TECHNICAL_TIMEOUT;;FALSE;FALSE;TRUE;FALSE;1;677;stihl_resultaten.csv
10076000;;2026-09-26;TECHNICAL_TIMEOUT;time-out;;;;;;MY_STIHL;https://app.stihl.com/nl-nl/mystihl/tools/add;authenticated MY STIHL UI lookup;TECHNICAL_TIMEOUT;;FALSE;FALSE;TRUE;FALSE;1;678;stihl_resultaten.csv
10077000;;2026-09-26;TECHNICAL_TIMEOUT;time-out;;;;;;MY_STIHL;https://app.stihl.com/nl-nl/mystihl/tools/add;authenticated MY STIHL UI lookup;TECHNICAL_TIMEOUT;;FALSE;FALSE;TRUE;FALSE;1;679;stihl_resultaten.csv
10078000;;2026-09-26;TECHNICAL_TIMEOUT;time-out;;;;;;MY_STIHL;https://app.stihl.com/nl-nl/mystihl/tools/add;authenticated MY STIHL UI lookup;TECHNICAL_TIMEOUT;;FALSE;FALSE;TRUE;FALSE;1;680;stihl_resultaten.csv
10079000;;2026-09-26;TECHNICAL_TIMEOUT;time-out;;;;;;MY_STIHL;https://app.stihl.com/nl-nl/mystihl/tools/add;authenticated MY STIHL UI lookup;TECHNICAL_TIMEOUT;;FALSE;FALSE;TRUE;FALSE;1;681;stihl_resultaten.csv
10080000;;2026-09-26;TECHNICAL_TIMEOUT;time-out;;;;;;MY_STIHL;https://app.stihl.com/nl-nl/mystihl/tools/add;authenticated MY STIHL UI lookup;TECHNICAL_TIMEOUT;;FALSE;FALSE;TRUE;FALSE;1;682;stihl_resultaten.csv
10081000;;2026-09-26;TECHNICAL_TIMEOUT;time-out;;;;;;MY_STIHL;https://app.stihl.com/nl-nl/mystihl/tools/add;authenticated MY STIHL UI lookup;TECHNICAL_TIMEOUT;;FALSE;FALSE;TRUE;FALSE;1;683;stihl_resultaten.csv
10082000;;2026-09-26;TECHNICAL_TIMEOUT;time-out;;;;;;MY_STIHL;https://app.stihl.com/nl-nl/mystihl/tools/add;authenticated MY STIHL UI lookup;TECHNICAL_TIMEOUT;;FALSE;FALSE;TRUE;FALSE;1;684;stihl_resultaten.csv
10083000;;2026-09-26;TECHNICAL_TIMEOUT;time-out;;;;;;MY_STIHL;https://app.stihl.com/nl-nl/mystihl/tools/add;authenticated MY STIHL UI lookup;TECHNICAL_TIMEOUT;;FALSE;FALSE;TRUE;FALSE;1;685;stihl_resultaten.csv
10084000;;2026-09-26;TECHNICAL_TIMEOUT;time-out;;;;;;MY_STIHL;https://app.stihl.com/nl-nl/mystihl/tools/add;authenticated MY STIHL UI lookup;TECHNICAL_TIMEOUT;;FALSE;FALSE;TRUE;FALSE;1;686;stihl_resultaten.csv
10085000;;2026-09-26;TECHNICAL_TIMEOUT;time-out;;;;;;MY_STIHL;https://app.stihl.com/nl-nl/mystihl/tools/add;authenticated MY STIHL UI lookup;TECHNICAL_TIMEOUT;;FALSE;FALSE;TRUE;FALSE;1;687;stihl_resultaten.csv
10086000;;2026-09-26;TECHNICAL_TIMEOUT;time-out;;;;;;MY_STIHL;https://app.stihl.com/nl-nl/mystihl/tools/add;authenticated MY STIHL UI lookup;TECHNICAL_TIMEOUT;;FALSE;FALSE;TRUE;FALSE;1;688;stihl_resultaten.csv
10087000;;2026-09-26;TECHNICAL_TIMEOUT;time-out;;;;;;MY_STIHL;https://app.stihl.com/nl-nl/mystihl/tools/add;authenticated MY STIHL UI lookup;TECHNICAL_TIMEOUT;;FALSE;FALSE;TRUE;FALSE;1;689;stihl_resultaten.csv
10088000;;2026-09-26;TECHNICAL_TIMEOUT;time-out;;;;;;MY_STIHL;https://app.stihl.com/nl-nl/mystihl/tools/add;authenticated MY STIHL UI lookup;TECHNICAL_TIMEOUT;;FALSE;FALSE;TRUE;FALSE;1;690;stihl_resultaten.csv
10089000;;2026-09-26;TECHNICAL_TIMEOUT;time-out;;;;;;MY_STIHL;https://app.stihl.com/nl-nl/mystihl/tools/add;authenticated MY STIHL UI lookup;TECHNICAL_TIMEOUT;;FALSE;FALSE;TRUE;FALSE;1;691;stihl_resultaten.csv
10090000;;2026-09-26;TECHNICAL_TIMEOUT;time-out;;;;;;MY_STIHL;https://app.stihl.com/nl-nl/mystihl/tools/add;authenticated MY STIHL UI lookup;TECHNICAL_TIMEOUT;;FALSE;FALSE;TRUE;FALSE;1;692;stihl_resultaten.csv
10091000;;2026-09-26;TECHNICAL_TIMEOUT;time-out;;;;;;MY_STIHL;https://app.stihl.com/nl-nl/mystihl/tools/add;authenticated MY STIHL UI lookup;TECHNICAL_TIMEOUT;;FALSE;FALSE;TRUE;FALSE;1;693;stihl_resultaten.csv
10092000;;2026-09-26;TECHNICAL_TIMEOUT;time-out;;;;;;MY_STIHL;https://app.stihl.com/nl-nl/mystihl/tools/add;authenticated MY STIHL UI lookup;TECHNICAL_TIMEOUT;;FALSE;FALSE;TRUE;FALSE;1;694;stihl_resultaten.csv
10093000;;2026-09-26;TECHNICAL_TIMEOUT;time-out;;;;;;MY_STIHL;https://app.stihl.com/nl-nl/mystihl/tools/add;authenticated MY STIHL UI lookup;TECHNICAL_TIMEOUT;;FALSE;FALSE;TRUE;FALSE;1;695;stihl_resultaten.csv
10094000;;2026-09-26;TECHNICAL_TIMEOUT;time-out;;;;;;MY_STIHL;https://app.stihl.com/nl-nl/mystihl/tools/add;authenticated MY STIHL UI lookup;TECHNICAL_TIMEOUT;;FALSE;FALSE;TRUE;FALSE;1;696;stihl_resultaten.csv
10095000;;2026-09-26;TECHNICAL_TIMEOUT;time-out;;;;;;MY_STIHL;https://app.stihl.com/nl-nl/mystihl/tools/add;authenticated MY STIHL UI lookup;TECHNICAL_TIMEOUT;;FALSE;FALSE;TRUE;FALSE;1;697;stihl_resultaten.csv
10096000;;2026-09-26;TECHNICAL_TIMEOUT;time-out;;;;;;MY_STIHL;https://app.stihl.com/nl-nl/mystihl/tools/add;authenticated MY STIHL UI lookup;TECHNICAL_TIMEOUT;;FALSE;FALSE;TRUE;FALSE;1;698;stihl_resultaten.csv
10097000;;2026-09-26;TECHNICAL_TIMEOUT;time-out;;;;;;MY_STIHL;https://app.stihl.com/nl-nl/mystihl/tools/add;authenticated MY STIHL UI lookup;TECHNICAL_TIMEOUT;;FALSE;FALSE;TRUE;FALSE;1;699;stihl_resultaten.csv
10098000;;2026-09-26;TECHNICAL_TIMEOUT;time-out;;;;;;MY_STIHL;https://app.stihl.com/nl-nl/mystihl/tools/add;authenticated MY STIHL UI lookup;TECHNICAL_TIMEOUT;;FALSE;FALSE;TRUE;FALSE;1;700;stihl_resultaten.csv
10099000;;2026-09-26;TECHNICAL_TIMEOUT;time-out;;;;;;MY_STIHL;https://app.stihl.com/nl-nl/mystihl/tools/add;authenticated MY STIHL UI lookup;TECHNICAL_TIMEOUT;;FALSE;FALSE;TRUE;FALSE;1;701;stihl_resultaten.csv
10100000;;2026-09-26;TECHNICAL_TIMEOUT;time-out;;;;;;MY_STIHL;https://app.stihl.com/nl-nl/mystihl/tools/add;authenticated MY STIHL UI lookup;TECHNICAL_TIMEOUT;;FALSE;FALSE;TRUE;FALSE;1;702;stihl_resultaten.csv
10101000;;2026-09-26;TECHNICAL_TIMEOUT;time-out;;;;;;MY_STIHL;https://app.stihl.com/nl-nl/mystihl/tools/add;authenticated MY STIHL UI lookup;TECHNICAL_TIMEOUT;;FALSE;FALSE;TRUE;FALSE;1;703;stihl_resultaten.csv
10102000;;2026-09-26;TECHNICAL_TIMEOUT;time-out;;;;;;MY_STIHL;https://app.stihl.com/nl-nl/mystihl/tools/add;authenticated MY STIHL UI lookup;TECHNICAL_TIMEOUT;;FALSE;FALSE;TRUE;FALSE;1;704;stihl_resultaten.csv
10103000;;2026-09-26;TECHNICAL_TIMEOUT;time-out;;;;;;MY_STIHL;https://app.stihl.com/nl-nl/mystihl/tools/add;authenticated MY STIHL UI lookup;TECHNICAL_TIMEOUT;;FALSE;FALSE;TRUE;FALSE;1;705;stihl_resultaten.csv
10104000;;2026-09-26;TECHNICAL_TIMEOUT;time-out;;;;;;MY_STIHL;https://app.stihl.com/nl-nl/mystihl/tools/add;authenticated MY STIHL UI lookup;TECHNICAL_TIMEOUT;;FALSE;FALSE;TRUE;FALSE;1;706;stihl_resultaten.csv
10105000;010105000;2026-09-26;OFFICIAL_EXACT_FOUND;gevonden;"Motorzaag / Benzine 070 .404"" P Motorsäge";Motorzaag;Benzine;"070 .404"" P Motorsäge";070;MY_STIHL;https://app.stihl.com/nl-nl/mystihl/tools/add/serial-number;authenticated MY STIHL UI lookup;OFFICIAL_WEB_LOOKUP;OFFICIAL_STIHL_LOOKUP;TRUE;FALSE;FALSE;TRUE;1;707;stihl_resultaten.csv
10106000;010106000;2026-09-26;OFFICIAL_EXACT_FOUND;gevonden;"Motorzaag / Benzine 070 .404"" P Motorsäge";Motorzaag;Benzine;"070 .404"" P Motorsäge";070;MY_STIHL;https://app.stihl.com/nl-nl/mystihl/tools/add/serial-number;authenticated MY STIHL UI lookup;OFFICIAL_WEB_LOOKUP;OFFICIAL_STIHL_LOOKUP;TRUE;FALSE;FALSE;TRUE;1;708;stihl_resultaten.csv
10107000;010107000;2026-09-26;OFFICIAL_EXACT_FOUND;gevonden;"Motorzaag / Benzine 070 .404"" P Motorsäge";Motorzaag;Benzine;"070 .404"" P Motorsäge";070;MY_STIHL;https://app.stihl.com/nl-nl/mystihl/tools/add/serial-number;authenticated MY STIHL UI lookup;OFFICIAL_WEB_LOOKUP;OFFICIAL_STIHL_LOOKUP;TRUE;FALSE;FALSE;TRUE;1;709;stihl_resultaten.csv
10108000;010108000;2026-09-26;OFFICIAL_EXACT_FOUND;gevonden;"Motorzaag / Benzine 070 .404"" P Motorsäge";Motorzaag;Benzine;"070 .404"" P Motorsäge";070;MY_STIHL;https://app.stihl.com/nl-nl/mystihl/tools/add/serial-number;authenticated MY STIHL UI lookup;OFFICIAL_WEB_LOOKUP;OFFICIAL_STIHL_LOOKUP;TRUE;FALSE;FALSE;TRUE;1;710;stihl_resultaten.csv
10109000;010109000;2026-09-26;OFFICIAL_EXACT_FOUND;gevonden;"Motorzaag / Benzine 070 .404"" P Motorsäge";Motorzaag;Benzine;"070 .404"" P Motorsäge";070;MY_STIHL;https://app.stihl.com/nl-nl/mystihl/tools/add/serial-number;authenticated MY STIHL UI lookup;OFFICIAL_WEB_LOOKUP;OFFICIAL_STIHL_LOOKUP;TRUE;FALSE;FALSE;TRUE;1;711;stihl_resultaten.csv
10110000;010110000;2026-09-26;OFFICIAL_EXACT_FOUND;gevonden;"Motorzaag / Benzine 08 S .404""7Z-P- STIHL Motorsäge";Motorzaag;Benzine;"08 S .404""7Z-P- STIHL Motorsäge";08 S;MY_STIHL;https://app.stihl.com/nl-nl/mystihl/tools/add/serial-number;authenticated MY STIHL UI lookup;OFFICIAL_WEB_LOOKUP;OFFICIAL_STIHL_LOOKUP;TRUE;FALSE;FALSE;TRUE;1;712;stihl_resultaten.csv
10111000;010111000;2026-09-26;OFFICIAL_EXACT_FOUND;gevonden;"Motorzaag / Benzine 08 S .404""7Z-P- STIHL Motorsäge";Motorzaag;Benzine;"08 S .404""7Z-P- STIHL Motorsäge";08 S;MY_STIHL;https://app.stihl.com/nl-nl/mystihl/tools/add/serial-number;authenticated MY STIHL UI lookup;OFFICIAL_WEB_LOOKUP;OFFICIAL_STIHL_LOOKUP;TRUE;FALSE;FALSE;TRUE;1;713;stihl_resultaten.csv
10112000;;2026-09-26;TECHNICAL_TIMEOUT;time-out;;;;;;MY_STIHL;https://app.stihl.com/nl-nl/mystihl/tools/add;authenticated MY STIHL UI lookup;TECHNICAL_TIMEOUT;;FALSE;FALSE;TRUE;FALSE;1;714;stihl_resultaten.csv
10113000;;2026-09-26;TECHNICAL_TIMEOUT;time-out;;;;;;MY_STIHL;https://app.stihl.com/nl-nl/mystihl/tools/add;authenticated MY STIHL UI lookup;TECHNICAL_TIMEOUT;;FALSE;FALSE;TRUE;FALSE;1;715;stihl_resultaten.csv
10114000;;2026-09-26;TECHNICAL_TIMEOUT;time-out;;;;;;MY_STIHL;https://app.stihl.com/nl-nl/mystihl/tools/add;authenticated MY STIHL UI lookup;TECHNICAL_TIMEOUT;;FALSE;FALSE;TRUE;FALSE;1;716;stihl_resultaten.csv
10115000;;2026-09-26;TECHNICAL_TIMEOUT;time-out;;;;;;MY_STIHL;https://app.stihl.com/nl-nl/mystihl/tools/add;authenticated MY STIHL UI lookup;TECHNICAL_TIMEOUT;;FALSE;FALSE;TRUE;FALSE;1;717;stihl_resultaten.csv
10116000;;2026-09-26;TECHNICAL_TIMEOUT;time-out;;;;;;MY_STIHL;https://app.stihl.com/nl-nl/mystihl/tools/add;authenticated MY STIHL UI lookup;TECHNICAL_TIMEOUT;;FALSE;FALSE;TRUE;FALSE;1;718;stihl_resultaten.csv
10117000;;2026-09-26;TECHNICAL_TIMEOUT;time-out;;;;;;MY_STIHL;https://app.stihl.com/nl-nl/mystihl/tools/add;authenticated MY STIHL UI lookup;TECHNICAL_TIMEOUT;;FALSE;FALSE;TRUE;FALSE;1;719;stihl_resultaten.csv
10118000;;2026-09-26;TECHNICAL_TIMEOUT;time-out;;;;;;MY_STIHL;https://app.stihl.com/nl-nl/mystihl/tools/add;authenticated MY STIHL UI lookup;TECHNICAL_TIMEOUT;;FALSE;FALSE;TRUE;FALSE;1;720;stihl_resultaten.csv
10119000;;2026-09-26;TECHNICAL_TIMEOUT;time-out;;;;;;MY_STIHL;https://app.stihl.com/nl-nl/mystihl/tools/add;authenticated MY STIHL UI lookup;TECHNICAL_TIMEOUT;;FALSE;FALSE;TRUE;FALSE;1;721;stihl_resultaten.csv
10120000;010120000;2026-09-26;OFFICIAL_EXACT_FOUND;gevonden;Toebehoren BT309-660 1/MIN;;;Toebehoren BT309-660 1/MIN;;MY_STIHL;https://app.stihl.com/nl-nl/mystihl/tools/add/serial-number;authenticated MY STIHL UI lookup;OFFICIAL_WEB_LOOKUP;OFFICIAL_STIHL_LOOKUP;TRUE;FALSE;FALSE;TRUE;1;722;stihl_resultaten.csv
10121000;010121000;2026-09-26;OFFICIAL_EXACT_FOUND;gevonden;"Motorzaag / Benzine 070 .404"" P Motorsäge";Motorzaag;Benzine;"070 .404"" P Motorsäge";070;MY_STIHL;https://app.stihl.com/nl-nl/mystihl/tools/add/serial-number;authenticated MY STIHL UI lookup;OFFICIAL_WEB_LOOKUP;OFFICIAL_STIHL_LOOKUP;TRUE;FALSE;FALSE;TRUE;1;723;stihl_resultaten.csv
10122000;010122000;2026-09-26;OFFICIAL_EXACT_FOUND;gevonden;"Motorzaag / Benzine 070 .404"" P Motorsäge";Motorzaag;Benzine;"070 .404"" P Motorsäge";070;MY_STIHL;https://app.stihl.com/nl-nl/mystihl/tools/add/serial-number;authenticated MY STIHL UI lookup;OFFICIAL_WEB_LOOKUP;OFFICIAL_STIHL_LOOKUP;TRUE;FALSE;FALSE;TRUE;1;724;stihl_resultaten.csv
10123000;010123000;2026-09-26;OFFICIAL_EXACT_FOUND;gevonden;"Motorzaag / Benzine 070 .404"" P Motorsäge";Motorzaag;Benzine;"070 .404"" P Motorsäge";070;MY_STIHL;https://app.stihl.com/nl-nl/mystihl/tools/add/serial-number;authenticated MY STIHL UI lookup;OFFICIAL_WEB_LOOKUP;OFFICIAL_STIHL_LOOKUP;TRUE;FALSE;FALSE;TRUE;1;725;stihl_resultaten.csv
10124000;010124000;2026-09-26;OFFICIAL_EXACT_FOUND;gevonden;"Motorzaag / Benzine 070 .404"" P Motorsäge";Motorzaag;Benzine;"070 .404"" P Motorsäge";070;MY_STIHL;https://app.stihl.com/nl-nl/mystihl/tools/add/serial-number;authenticated MY STIHL UI lookup;OFFICIAL_WEB_LOOKUP;OFFICIAL_STIHL_LOOKUP;TRUE;FALSE;FALSE;TRUE;1;726;stihl_resultaten.csv
10125000;;2026-09-26;TECHNICAL_TIMEOUT;time-out;;;;;;MY_STIHL;https://app.stihl.com/nl-nl/mystihl/tools/add;authenticated MY STIHL UI lookup;TECHNICAL_TIMEOUT;;FALSE;FALSE;TRUE;FALSE;1;727;stihl_resultaten.csv
10126000;010126000;2026-09-26;OFFICIAL_EXACT_FOUND;gevonden;Motorzaag / Benzine 08 SQ STIHL Motorsäge;Motorzaag;Benzine;08 SQ STIHL Motorsäge;08 SQ;MY_STIHL;https://app.stihl.com/nl-nl/mystihl/tools/add/serial-number;authenticated MY STIHL UI lookup;OFFICIAL_WEB_LOOKUP;OFFICIAL_STIHL_LOOKUP;TRUE;FALSE;FALSE;TRUE;1;728;stihl_resultaten.csv
10127000;010127000;2026-09-26;OFFICIAL_EXACT_FOUND;gevonden;Motorzaag / Benzine 08 SQ STIHL Motorsäge;Motorzaag;Benzine;08 SQ STIHL Motorsäge;08 SQ;MY_STIHL;https://app.stihl.com/nl-nl/mystihl/tools/add/serial-number;authenticated MY STIHL UI lookup;OFFICIAL_WEB_LOOKUP;OFFICIAL_STIHL_LOOKUP;TRUE;FALSE;FALSE;TRUE;1;729;stihl_resultaten.csv
10128000;010128000;2026-09-26;OFFICIAL_EXACT_FOUND;gevonden;Algemeen gemotoriseerd / Benzine 08 S Ersatzmotor;Algemeen gemotoriseerd;Benzine;08 S Ersatzmotor;08 S;MY_STIHL;https://app.stihl.com/nl-nl/mystihl/tools/add/serial-number;authenticated MY STIHL UI lookup;OFFICIAL_WEB_LOOKUP;OFFICIAL_STIHL_LOOKUP;TRUE;FALSE;FALSE;TRUE;1;730;stihl_resultaten.csv
10129000;;2026-09-26;TECHNICAL_TIMEOUT;time-out;;;;;;MY_STIHL;https://app.stihl.com/nl-nl/mystihl/tools/add;authenticated MY STIHL UI lookup;TECHNICAL_TIMEOUT;;FALSE;FALSE;TRUE;FALSE;1;731;stihl_resultaten.csv
10130000;;2026-09-26;TECHNICAL_TIMEOUT;time-out;;;;;;MY_STIHL;https://app.stihl.com/nl-nl/mystihl/tools/add;authenticated MY STIHL UI lookup;TECHNICAL_TIMEOUT;;FALSE;FALSE;TRUE;FALSE;1;732;stihl_resultaten.csv
10131000;;2026-09-26;TECHNICAL_TIMEOUT;time-out;;;;;;MY_STIHL;https://app.stihl.com/nl-nl/mystihl/tools/add;authenticated MY STIHL UI lookup;TECHNICAL_TIMEOUT;;FALSE;FALSE;TRUE;FALSE;1;733;stihl_resultaten.csv
10132000;;2026-09-26;TECHNICAL_TIMEOUT;time-out;;;;;;MY_STIHL;https://app.stihl.com/nl-nl/mystihl/tools/add;authenticated MY STIHL UI lookup;TECHNICAL_TIMEOUT;;FALSE;FALSE;TRUE;FALSE;1;734;stihl_resultaten.csv
10133000;;2026-09-26;TECHNICAL_TIMEOUT;time-out;;;;;;MY_STIHL;https://app.stihl.com/nl-nl/mystihl/tools/add;authenticated MY STIHL UI lookup;TECHNICAL_TIMEOUT;;FALSE;FALSE;TRUE;FALSE;1;735;stihl_resultaten.csv
10134000;;2026-09-26;TECHNICAL_TIMEOUT;time-out;;;;;;MY_STIHL;https://app.stihl.com/nl-nl/mystihl/tools/add;authenticated MY STIHL UI lookup;TECHNICAL_TIMEOUT;;FALSE;FALSE;TRUE;FALSE;1;736;stihl_resultaten.csv
10135000;;2026-09-26;TECHNICAL_TIMEOUT;time-out;;;;;;MY_STIHL;https://app.stihl.com/nl-nl/mystihl/tools/add;authenticated MY STIHL UI lookup;TECHNICAL_TIMEOUT;;FALSE;FALSE;TRUE;FALSE;1;737;stihl_resultaten.csv
10136000;;2026-09-26;TECHNICAL_TIMEOUT;time-out;;;;;;MY_STIHL;https://app.stihl.com/nl-nl/mystihl/tools/add;authenticated MY STIHL UI lookup;TECHNICAL_TIMEOUT;;FALSE;FALSE;TRUE;FALSE;1;738;stihl_resultaten.csv
10137000;;2026-09-26;TECHNICAL_TIMEOUT;time-out;;;;;;MY_STIHL;https://app.stihl.com/nl-nl/mystihl/tools/add;authenticated MY STIHL UI lookup;TECHNICAL_TIMEOUT;;FALSE;FALSE;TRUE;FALSE;1;739;stihl_resultaten.csv
10138000;;2026-09-26;TECHNICAL_TIMEOUT;time-out;;;;;;MY_STIHL;https://app.stihl.com/nl-nl/mystihl/tools/add;authenticated MY STIHL UI lookup;TECHNICAL_TIMEOUT;;FALSE;FALSE;TRUE;FALSE;1;740;stihl_resultaten.csv
10139000;;2026-09-26;TECHNICAL_TIMEOUT;time-out;;;;;;MY_STIHL;https://app.stihl.com/nl-nl/mystihl/tools/add;authenticated MY STIHL UI lookup;TECHNICAL_TIMEOUT;;FALSE;FALSE;TRUE;FALSE;1;741;stihl_resultaten.csv
10140000;;2026-09-26;TECHNICAL_TIMEOUT;time-out;;;;;;MY_STIHL;https://app.stihl.com/nl-nl/mystihl/tools/add;authenticated MY STIHL UI lookup;TECHNICAL_TIMEOUT;;FALSE;FALSE;TRUE;FALSE;1;742;stihl_resultaten.csv
10141000;;2026-09-26;TECHNICAL_TIMEOUT;time-out;;;;;;MY_STIHL;https://app.stihl.com/nl-nl/mystihl/tools/add;authenticated MY STIHL UI lookup;TECHNICAL_TIMEOUT;;FALSE;FALSE;TRUE;FALSE;1;743;stihl_resultaten.csv
10142000;;2026-09-26;TECHNICAL_TIMEOUT;time-out;;;;;;MY_STIHL;https://app.stihl.com/nl-nl/mystihl/tools/add;authenticated MY STIHL UI lookup;TECHNICAL_TIMEOUT;;FALSE;FALSE;TRUE;FALSE;1;744;stihl_resultaten.csv
10143000;;2026-09-26;TECHNICAL_TIMEOUT;time-out;;;;;;MY_STIHL;https://app.stihl.com/nl-nl/mystihl/tools/add;authenticated MY STIHL UI lookup;TECHNICAL_TIMEOUT;;FALSE;FALSE;TRUE;FALSE;1;745;stihl_resultaten.csv
10144000;;2026-09-26;TECHNICAL_TIMEOUT;time-out;;;;;;MY_STIHL;https://app.stihl.com/nl-nl/mystihl/tools/add;authenticated MY STIHL UI lookup;TECHNICAL_TIMEOUT;;FALSE;FALSE;TRUE;FALSE;1;746;stihl_resultaten.csv
10145000;;2026-09-26;TECHNICAL_TIMEOUT;time-out;;;;;;MY_STIHL;https://app.stihl.com/nl-nl/mystihl/tools/add;authenticated MY STIHL UI lookup;TECHNICAL_TIMEOUT;;FALSE;FALSE;TRUE;FALSE;1;747;stihl_resultaten.csv
10146000;;2026-09-26;TECHNICAL_TIMEOUT;time-out;;;;;;MY_STIHL;https://app.stihl.com/nl-nl/mystihl/tools/add;authenticated MY STIHL UI lookup;TECHNICAL_TIMEOUT;;FALSE;FALSE;TRUE;FALSE;1;748;stihl_resultaten.csv
10147000;;2026-09-26;TECHNICAL_TIMEOUT;time-out;;;;;;MY_STIHL;https://app.stihl.com/nl-nl/mystihl/tools/add;authenticated MY STIHL UI lookup;TECHNICAL_TIMEOUT;;FALSE;FALSE;TRUE;FALSE;1;749;stihl_resultaten.csv
10148000;;2026-09-26;TECHNICAL_TIMEOUT;time-out;;;;;;MY_STIHL;https://app.stihl.com/nl-nl/mystihl/tools/add;authenticated MY STIHL UI lookup;TECHNICAL_TIMEOUT;;FALSE;FALSE;TRUE;FALSE;1;750;stihl_resultaten.csv
10149000;;2026-09-26;TECHNICAL_TIMEOUT;time-out;;;;;;MY_STIHL;https://app.stihl.com/nl-nl/mystihl/tools/add;authenticated MY STIHL UI lookup;TECHNICAL_TIMEOUT;;FALSE;FALSE;TRUE;FALSE;1;751;stihl_resultaten.csv
10150000;;2026-09-26;TECHNICAL_TIMEOUT;time-out;;;;;;MY_STIHL;https://app.stihl.com/nl-nl/mystihl/tools/add;authenticated MY STIHL UI lookup;TECHNICAL_TIMEOUT;;FALSE;FALSE;TRUE;FALSE;1;752;stihl_resultaten.csv
10151000;;2026-09-26;TECHNICAL_TIMEOUT;time-out;;;;;;MY_STIHL;https://app.stihl.com/nl-nl/mystihl/tools/add;authenticated MY STIHL UI lookup;TECHNICAL_TIMEOUT;;FALSE;FALSE;TRUE;FALSE;1;753;stihl_resultaten.csv
10152000;;2026-09-26;TECHNICAL_TIMEOUT;time-out;;;;;;MY_STIHL;https://app.stihl.com/nl-nl/mystihl/tools/add;authenticated MY STIHL UI lookup;TECHNICAL_TIMEOUT;;FALSE;FALSE;TRUE;FALSE;1;754;stihl_resultaten.csv
10153000;;2026-09-26;TECHNICAL_TIMEOUT;time-out;;;;;;MY_STIHL;https://app.stihl.com/nl-nl/mystihl/tools/add;authenticated MY STIHL UI lookup;TECHNICAL_TIMEOUT;;FALSE;FALSE;TRUE;FALSE;1;755;stihl_resultaten.csv
10154000;;2026-09-26;TECHNICAL_TIMEOUT;time-out;;;;;;MY_STIHL;https://app.stihl.com/nl-nl/mystihl/tools/add;authenticated MY STIHL UI lookup;TECHNICAL_TIMEOUT;;FALSE;FALSE;TRUE;FALSE;1;756;stihl_resultaten.csv
10155000;;2026-09-26;TECHNICAL_TIMEOUT;time-out;;;;;;MY_STIHL;https://app.stihl.com/nl-nl/mystihl/tools/add;authenticated MY STIHL UI lookup;TECHNICAL_TIMEOUT;;FALSE;FALSE;TRUE;FALSE;1;757;stihl_resultaten.csv
10156000;;2026-09-26;TECHNICAL_TIMEOUT;time-out;;;;;;MY_STIHL;https://app.stihl.com/nl-nl/mystihl/tools/add;authenticated MY STIHL UI lookup;TECHNICAL_TIMEOUT;;FALSE;FALSE;TRUE;FALSE;1;758;stihl_resultaten.csv
10157000;;2026-09-26;TECHNICAL_TIMEOUT;time-out;;;;;;MY_STIHL;https://app.stihl.com/nl-nl/mystihl/tools/add;authenticated MY STIHL UI lookup;TECHNICAL_TIMEOUT;;FALSE;FALSE;TRUE;FALSE;1;759;stihl_resultaten.csv
10158000;;2026-09-26;TECHNICAL_TIMEOUT;time-out;;;;;;MY_STIHL;https://app.stihl.com/nl-nl/mystihl/tools/add;authenticated MY STIHL UI lookup;TECHNICAL_TIMEOUT;;FALSE;FALSE;TRUE;FALSE;1;760;stihl_resultaten.csv
10159000;;2026-09-26;TECHNICAL_TIMEOUT;time-out;;;;;;MY_STIHL;https://app.stihl.com/nl-nl/mystihl/tools/add;authenticated MY STIHL UI lookup;TECHNICAL_TIMEOUT;;FALSE;FALSE;TRUE;FALSE;1;761;stihl_resultaten.csv
10160000;;2026-09-26;TECHNICAL_TIMEOUT;time-out;;;;;;MY_STIHL;https://app.stihl.com/nl-nl/mystihl/tools/add;authenticated MY STIHL UI lookup;TECHNICAL_TIMEOUT;;FALSE;FALSE;TRUE;FALSE;1;762;stihl_resultaten.csv
10161000;;2026-09-26;TECHNICAL_TIMEOUT;time-out;;;;;;MY_STIHL;https://app.stihl.com/nl-nl/mystihl/tools/add;authenticated MY STIHL UI lookup;TECHNICAL_TIMEOUT;;FALSE;FALSE;TRUE;FALSE;1;763;stihl_resultaten.csv
10162000;;2026-09-26;TECHNICAL_TIMEOUT;time-out;;;;;;MY_STIHL;https://app.stihl.com/nl-nl/mystihl/tools/add;authenticated MY STIHL UI lookup;TECHNICAL_TIMEOUT;;FALSE;FALSE;TRUE;FALSE;1;764;stihl_resultaten.csv
10163000;;2026-09-26;TECHNICAL_TIMEOUT;time-out;;;;;;MY_STIHL;https://app.stihl.com/nl-nl/mystihl/tools/add;authenticated MY STIHL UI lookup;TECHNICAL_TIMEOUT;;FALSE;FALSE;TRUE;FALSE;1;765;stihl_resultaten.csv
10164000;010164000;2026-09-26;OFFICIAL_EXACT_FOUND;gevonden;"Motorzaag / Benzine 070 .404"" P Motorsäge";Motorzaag;Benzine;"070 .404"" P Motorsäge";070;MY_STIHL;https://app.stihl.com/nl-nl/mystihl/tools/add/serial-number;authenticated MY STIHL UI lookup;OFFICIAL_WEB_LOOKUP;OFFICIAL_STIHL_LOOKUP;TRUE;FALSE;FALSE;TRUE;1;766;stihl_resultaten.csv
10165000;010165000;2026-09-26;OFFICIAL_EXACT_FOUND;gevonden;"Motorzaag / Benzine 070 .404"" P Motorsäge";Motorzaag;Benzine;"070 .404"" P Motorsäge";070;MY_STIHL;https://app.stihl.com/nl-nl/mystihl/tools/add/serial-number;authenticated MY STIHL UI lookup;OFFICIAL_WEB_LOOKUP;OFFICIAL_STIHL_LOOKUP;TRUE;FALSE;FALSE;TRUE;1;767;stihl_resultaten.csv
10166000;010166000;2026-09-26;OFFICIAL_EXACT_FOUND;gevonden;"Motorzaag / Benzine 070 .404"" P Motorsäge";Motorzaag;Benzine;"070 .404"" P Motorsäge";070;MY_STIHL;https://app.stihl.com/nl-nl/mystihl/tools/add/serial-number;authenticated MY STIHL UI lookup;OFFICIAL_WEB_LOOKUP;OFFICIAL_STIHL_LOOKUP;TRUE;FALSE;FALSE;TRUE;1;768;stihl_resultaten.csv
10167000;010167000;2026-09-26;OFFICIAL_EXACT_FOUND;gevonden;"Motorzaag / Benzine 070 .404"" P Motorsäge";Motorzaag;Benzine;"070 .404"" P Motorsäge";070;MY_STIHL;https://app.stihl.com/nl-nl/mystihl/tools/add/serial-number;authenticated MY STIHL UI lookup;OFFICIAL_WEB_LOOKUP;OFFICIAL_STIHL_LOOKUP;TRUE;FALSE;FALSE;TRUE;1;769;stihl_resultaten.csv
10168000;;2026-09-26;TECHNICAL_TIMEOUT;time-out;;;;;;MY_STIHL;https://app.stihl.com/nl-nl/mystihl/tools/add;authenticated MY STIHL UI lookup;TECHNICAL_TIMEOUT;;FALSE;FALSE;TRUE;FALSE;1;770;stihl_resultaten.csv
10169000;010169000;2026-09-26;OFFICIAL_EXACT_FOUND;gevonden;"Motorzaag / Benzine 051 .404"" P Motorsäge";Motorzaag;Benzine;"051 .404"" P Motorsäge";051;MY_STIHL;https://app.stihl.com/nl-nl/mystihl/tools/add/serial-number;authenticated MY STIHL UI lookup;OFFICIAL_WEB_LOOKUP;OFFICIAL_STIHL_LOOKUP;TRUE;FALSE;FALSE;TRUE;1;771;stihl_resultaten.csv
10170000;010170000;2026-09-26;OFFICIAL_EXACT_FOUND;gevonden;"Motorzaag / Benzine 051 .404"" P Motorsäge";Motorzaag;Benzine;"051 .404"" P Motorsäge";051;MY_STIHL;https://app.stihl.com/nl-nl/mystihl/tools/add/serial-number;authenticated MY STIHL UI lookup;OFFICIAL_WEB_LOOKUP;OFFICIAL_STIHL_LOOKUP;TRUE;FALSE;FALSE;TRUE;1;772;stihl_resultaten.csv
10171000;;2026-09-26;TECHNICAL_TIMEOUT;time-out;;;;;;MY_STIHL;https://app.stihl.com/nl-nl/mystihl/tools/add;authenticated MY STIHL UI lookup;TECHNICAL_TIMEOUT;;FALSE;FALSE;TRUE;FALSE;1;773;stihl_resultaten.csv
10172000;;2026-09-26;TECHNICAL_TIMEOUT;time-out;;;;;;MY_STIHL;https://app.stihl.com/nl-nl/mystihl/tools/add;authenticated MY STIHL UI lookup;TECHNICAL_TIMEOUT;;FALSE;FALSE;TRUE;FALSE;1;774;stihl_resultaten.csv
10173000;010173000;2026-09-26;OFFICIAL_EXACT_FOUND;gevonden;Motorzaag / Benzine 08 SQ STIHL Motorsäge;Motorzaag;Benzine;08 SQ STIHL Motorsäge;08 SQ;MY_STIHL;https://app.stihl.com/nl-nl/mystihl/tools/add/serial-number;authenticated MY STIHL UI lookup;OFFICIAL_WEB_LOOKUP;OFFICIAL_STIHL_LOOKUP;TRUE;FALSE;FALSE;TRUE;1;775;stihl_resultaten.csv
10174000;010174000;2026-09-26;OFFICIAL_EXACT_FOUND;gevonden;Motorzaag / Benzine 08 SQ STIHL Motorsäge;Motorzaag;Benzine;08 SQ STIHL Motorsäge;08 SQ;MY_STIHL;https://app.stihl.com/nl-nl/mystihl/tools/add/serial-number;authenticated MY STIHL UI lookup;OFFICIAL_WEB_LOOKUP;OFFICIAL_STIHL_LOOKUP;TRUE;FALSE;FALSE;TRUE;1;776;stihl_resultaten.csv
10175000;010175000;2026-09-26;OFFICIAL_EXACT_FOUND;gevonden;Algemeen gemotoriseerd / Benzine 08 S Ersatzmotor;Algemeen gemotoriseerd;Benzine;08 S Ersatzmotor;08 S;MY_STIHL;https://app.stihl.com/nl-nl/mystihl/tools/add/serial-number;authenticated MY STIHL UI lookup;OFFICIAL_WEB_LOOKUP;OFFICIAL_STIHL_LOOKUP;TRUE;FALSE;FALSE;TRUE;1;777;stihl_resultaten.csv
10176000;;2026-09-26;TECHNICAL_TIMEOUT;time-out;;;;;;MY_STIHL;https://app.stihl.com/nl-nl/mystihl/tools/add;authenticated MY STIHL UI lookup;TECHNICAL_TIMEOUT;;FALSE;FALSE;TRUE;FALSE;1;778;stihl_resultaten.csv
10177000;;2026-09-26;TECHNICAL_TIMEOUT;time-out;;;;;;MY_STIHL;https://app.stihl.com/nl-nl/mystihl/tools/add;authenticated MY STIHL UI lookup;TECHNICAL_TIMEOUT;;FALSE;FALSE;TRUE;FALSE;1;779;stihl_resultaten.csv
10178000;;2026-09-26;TECHNICAL_TIMEOUT;time-out;;;;;;MY_STIHL;https://app.stihl.com/nl-nl/mystihl/tools/add;authenticated MY STIHL UI lookup;TECHNICAL_TIMEOUT;;FALSE;FALSE;TRUE;FALSE;1;780;stihl_resultaten.csv
10179000;;2026-09-26;TECHNICAL_TIMEOUT;time-out;;;;;;MY_STIHL;https://app.stihl.com/nl-nl/mystihl/tools/add;authenticated MY STIHL UI lookup;TECHNICAL_TIMEOUT;;FALSE;FALSE;TRUE;FALSE;1;781;stihl_resultaten.csv
10180000;;2026-09-26;TECHNICAL_TIMEOUT;time-out;;;;;;MY_STIHL;https://app.stihl.com/nl-nl/mystihl/tools/add;authenticated MY STIHL UI lookup;TECHNICAL_TIMEOUT;;FALSE;FALSE;TRUE;FALSE;1;782;stihl_resultaten.csv
10181000;;2026-09-26;TECHNICAL_TIMEOUT;time-out;;;;;;MY_STIHL;https://app.stihl.com/nl-nl/mystihl/tools/add;authenticated MY STIHL UI lookup;TECHNICAL_TIMEOUT;;FALSE;FALSE;TRUE;FALSE;1;783;stihl_resultaten.csv
10182000;;2026-09-26;TECHNICAL_TIMEOUT;time-out;;;;;;MY_STIHL;https://app.stihl.com/nl-nl/mystihl/tools/add;authenticated MY STIHL UI lookup;TECHNICAL_TIMEOUT;;FALSE;FALSE;TRUE;FALSE;1;784;stihl_resultaten.csv
10183000;010183000;2026-09-26;OFFICIAL_EXACT_FOUND;gevonden;"Motorzaag / Benzine 051 .404"" P Motorsäge";Motorzaag;Benzine;"051 .404"" P Motorsäge";051;MY_STIHL;https://app.stihl.com/nl-nl/mystihl/tools/add/serial-number;authenticated MY STIHL UI lookup;OFFICIAL_WEB_LOOKUP;OFFICIAL_STIHL_LOOKUP;TRUE;FALSE;FALSE;TRUE;1;785;stihl_resultaten.csv
10184000;010184000;2026-09-26;OFFICIAL_EXACT_FOUND;gevonden;"Motorzaag / Benzine 051 .404"" P Motorsäge";Motorzaag;Benzine;"051 .404"" P Motorsäge";051;MY_STIHL;https://app.stihl.com/nl-nl/mystihl/tools/add/serial-number;authenticated MY STIHL UI lookup;OFFICIAL_WEB_LOOKUP;OFFICIAL_STIHL_LOOKUP;TRUE;FALSE;FALSE;TRUE;1;786;stihl_resultaten.csv
10185000;;2026-09-26;TECHNICAL_TIMEOUT;time-out;;;;;;MY_STIHL;https://app.stihl.com/nl-nl/mystihl/tools/add;authenticated MY STIHL UI lookup;TECHNICAL_TIMEOUT;;FALSE;FALSE;TRUE;FALSE;1;787;stihl_resultaten.csv
10186000;;2026-09-26;TECHNICAL_TIMEOUT;time-out;;;;;;MY_STIHL;https://app.stihl.com/nl-nl/mystihl/tools/add;authenticated MY STIHL UI lookup;TECHNICAL_TIMEOUT;;FALSE;FALSE;TRUE;FALSE;1;788;stihl_resultaten.csv
10187000;;2026-09-26;TECHNICAL_TIMEOUT;time-out;;;;;;MY_STIHL;https://app.stihl.com/nl-nl/mystihl/tools/add;authenticated MY STIHL UI lookup;TECHNICAL_TIMEOUT;;FALSE;FALSE;TRUE;FALSE;1;789;stihl_resultaten.csv
10188000;;2026-09-26;TECHNICAL_TIMEOUT;time-out;;;;;;MY_STIHL;https://app.stihl.com/nl-nl/mystihl/tools/add;authenticated MY STIHL UI lookup;TECHNICAL_TIMEOUT;;FALSE;FALSE;TRUE;FALSE;1;790;stihl_resultaten.csv
10189000;;2026-09-26;TECHNICAL_TIMEOUT;time-out;;;;;;MY_STIHL;https://app.stihl.com/nl-nl/mystihl/tools/add;authenticated MY STIHL UI lookup;TECHNICAL_TIMEOUT;;FALSE;FALSE;TRUE;FALSE;1;791;stihl_resultaten.csv
10190000;;2026-09-26;TECHNICAL_TIMEOUT;time-out;;;;;;MY_STIHL;https://app.stihl.com/nl-nl/mystihl/tools/add;authenticated MY STIHL UI lookup;TECHNICAL_TIMEOUT;;FALSE;FALSE;TRUE;FALSE;1;792;stihl_resultaten.csv
10191000;;2026-09-26;TECHNICAL_TIMEOUT;time-out;;;;;;MY_STIHL;https://app.stihl.com/nl-nl/mystihl/tools/add;authenticated MY STIHL UI lookup;TECHNICAL_TIMEOUT;;FALSE;FALSE;TRUE;FALSE;1;793;stihl_resultaten.csv
10192000;;2026-09-26;TECHNICAL_TIMEOUT;time-out;;;;;;MY_STIHL;https://app.stihl.com/nl-nl/mystihl/tools/add;authenticated MY STIHL UI lookup;TECHNICAL_TIMEOUT;;FALSE;FALSE;TRUE;FALSE;1;794;stihl_resultaten.csv
10193000;;2026-09-26;TECHNICAL_TIMEOUT;time-out;;;;;;MY_STIHL;https://app.stihl.com/nl-nl/mystihl/tools/add;authenticated MY STIHL UI lookup;TECHNICAL_TIMEOUT;;FALSE;FALSE;TRUE;FALSE;1;795;stihl_resultaten.csv
10194000;;2026-09-26;TECHNICAL_TIMEOUT;time-out;;;;;;MY_STIHL;https://app.stihl.com/nl-nl/mystihl/tools/add;authenticated MY STIHL UI lookup;TECHNICAL_TIMEOUT;;FALSE;FALSE;TRUE;FALSE;1;796;stihl_resultaten.csv
10195000;;2026-09-26;TECHNICAL_TIMEOUT;time-out;;;;;;MY_STIHL;https://app.stihl.com/nl-nl/mystihl/tools/add;authenticated MY STIHL UI lookup;TECHNICAL_TIMEOUT;;FALSE;FALSE;TRUE;FALSE;1;797;stihl_resultaten.csv
10196000;;2026-09-26;TECHNICAL_TIMEOUT;time-out;;;;;;MY_STIHL;https://app.stihl.com/nl-nl/mystihl/tools/add;authenticated MY STIHL UI lookup;TECHNICAL_TIMEOUT;;FALSE;FALSE;TRUE;FALSE;1;798;stihl_resultaten.csv
10197000;;2026-09-26;TECHNICAL_TIMEOUT;time-out;;;;;;MY_STIHL;https://app.stihl.com/nl-nl/mystihl/tools/add;authenticated MY STIHL UI lookup;TECHNICAL_TIMEOUT;;FALSE;FALSE;TRUE;FALSE;1;799;stihl_resultaten.csv
10198000;;2026-09-26;TECHNICAL_TIMEOUT;time-out;;;;;;MY_STIHL;https://app.stihl.com/nl-nl/mystihl/tools/add;authenticated MY STIHL UI lookup;TECHNICAL_TIMEOUT;;FALSE;FALSE;TRUE;FALSE;1;800;stihl_resultaten.csv
10199000;;2026-09-26;TECHNICAL_TIMEOUT;time-out;;;;;;MY_STIHL;https://app.stihl.com/nl-nl/mystihl/tools/add;authenticated MY STIHL UI lookup;TECHNICAL_TIMEOUT;;FALSE;FALSE;TRUE;FALSE;1;801;stihl_resultaten.csv
10200000;;2026-09-26;TECHNICAL_TIMEOUT;time-out;;;;;;MY_STIHL;https://app.stihl.com/nl-nl/mystihl/tools/add;authenticated MY STIHL UI lookup;TECHNICAL_TIMEOUT;;FALSE;FALSE;TRUE;FALSE;1;802;stihl_resultaten.csv
10201000;;2026-09-26;TECHNICAL_TIMEOUT;time-out;;;;;;MY_STIHL;https://app.stihl.com/nl-nl/mystihl/tools/add;authenticated MY STIHL UI lookup;TECHNICAL_TIMEOUT;;FALSE;FALSE;TRUE;FALSE;1;803;stihl_resultaten.csv
10202000;;2026-09-26;TECHNICAL_TIMEOUT;time-out;;;;;;MY_STIHL;https://app.stihl.com/nl-nl/mystihl/tools/add;authenticated MY STIHL UI lookup;TECHNICAL_TIMEOUT;;FALSE;FALSE;TRUE;FALSE;1;804;stihl_resultaten.csv
10203000;;2026-09-26;TECHNICAL_TIMEOUT;time-out;;;;;;MY_STIHL;https://app.stihl.com/nl-nl/mystihl/tools/add;authenticated MY STIHL UI lookup;TECHNICAL_TIMEOUT;;FALSE;FALSE;TRUE;FALSE;1;805;stihl_resultaten.csv
10204000;;2026-09-26;TECHNICAL_TIMEOUT;time-out;;;;;;MY_STIHL;https://app.stihl.com/nl-nl/mystihl/tools/add;authenticated MY STIHL UI lookup;TECHNICAL_TIMEOUT;;FALSE;FALSE;TRUE;FALSE;1;806;stihl_resultaten.csv
10205000;;2026-09-26;TECHNICAL_TIMEOUT;time-out;;;;;;MY_STIHL;https://app.stihl.com/nl-nl/mystihl/tools/add;authenticated MY STIHL UI lookup;TECHNICAL_TIMEOUT;;FALSE;FALSE;TRUE;FALSE;1;807;stihl_resultaten.csv
10206000;;2026-09-26;TECHNICAL_TIMEOUT;time-out;;;;;;MY_STIHL;https://app.stihl.com/nl-nl/mystihl/tools/add;authenticated MY STIHL UI lookup;TECHNICAL_TIMEOUT;;FALSE;FALSE;TRUE;FALSE;1;808;stihl_resultaten.csv
10207000;;2026-09-26;TECHNICAL_TIMEOUT;time-out;;;;;;MY_STIHL;https://app.stihl.com/nl-nl/mystihl/tools/add;authenticated MY STIHL UI lookup;TECHNICAL_TIMEOUT;;FALSE;FALSE;TRUE;FALSE;1;809;stihl_resultaten.csv
10208000;;2026-09-26;TECHNICAL_TIMEOUT;time-out;;;;;;MY_STIHL;https://app.stihl.com/nl-nl/mystihl/tools/add;authenticated MY STIHL UI lookup;TECHNICAL_TIMEOUT;;FALSE;FALSE;TRUE;FALSE;1;810;stihl_resultaten.csv
10209000;;2026-09-26;TECHNICAL_TIMEOUT;time-out;;;;;;MY_STIHL;https://app.stihl.com/nl-nl/mystihl/tools/add;authenticated MY STIHL UI lookup;TECHNICAL_TIMEOUT;;FALSE;FALSE;TRUE;FALSE;1;811;stihl_resultaten.csv
10210000;;2026-09-26;TECHNICAL_TIMEOUT;time-out;;;;;;MY_STIHL;https://app.stihl.com/nl-nl/mystihl/tools/add;authenticated MY STIHL UI lookup;TECHNICAL_TIMEOUT;;FALSE;FALSE;TRUE;FALSE;1;812;stihl_resultaten.csv
10211000;;2026-09-26;TECHNICAL_TIMEOUT;time-out;;;;;;MY_STIHL;https://app.stihl.com/nl-nl/mystihl/tools/add;authenticated MY STIHL UI lookup;TECHNICAL_TIMEOUT;;FALSE;FALSE;TRUE;FALSE;1;813;stihl_resultaten.csv
10212000;;2026-09-26;TECHNICAL_TIMEOUT;time-out;;;;;;MY_STIHL;https://app.stihl.com/nl-nl/mystihl/tools/add;authenticated MY STIHL UI lookup;TECHNICAL_TIMEOUT;;FALSE;FALSE;TRUE;FALSE;1;814;stihl_resultaten.csv
10213000;010213000;2026-09-26;OFFICIAL_EXACT_FOUND;gevonden;Toebehoren / Benzine BT 308 50 1/MIN;Toebehoren;Benzine;BT 308 50 1/MIN;BT 308;MY_STIHL;https://app.stihl.com/nl-nl/mystihl/tools/add/serial-number;authenticated MY STIHL UI lookup;OFFICIAL_WEB_LOOKUP;OFFICIAL_STIHL_LOOKUP;TRUE;FALSE;FALSE;TRUE;1;815;stihl_resultaten.csv
10214000;010214000;2026-09-26;OFFICIAL_EXACT_FOUND;gevonden;Toebehoren / Benzine BT 308 50 1/MIN;Toebehoren;Benzine;BT 308 50 1/MIN;BT 308;MY_STIHL;https://app.stihl.com/nl-nl/mystihl/tools/add/serial-number;authenticated MY STIHL UI lookup;OFFICIAL_WEB_LOOKUP;OFFICIAL_STIHL_LOOKUP;TRUE;FALSE;FALSE;TRUE;1;816;stihl_resultaten.csv
10215000;;2026-09-26;TECHNICAL_TIMEOUT;time-out;;;;;;MY_STIHL;https://app.stihl.com/nl-nl/mystihl/tools/add;authenticated MY STIHL UI lookup;TECHNICAL_TIMEOUT;;FALSE;FALSE;TRUE;FALSE;1;817;stihl_resultaten.csv
10216000;010216000;2026-09-26;OFFICIAL_EXACT_FOUND;gevonden;Toebehoren USG Schärfgerät;;;Toebehoren USG Schärfgerät;;MY_STIHL;https://app.stihl.com/nl-nl/mystihl/tools/add/serial-number;authenticated MY STIHL UI lookup;OFFICIAL_WEB_LOOKUP;OFFICIAL_STIHL_LOOKUP;TRUE;FALSE;FALSE;TRUE;1;818;stihl_resultaten.csv
10217000;;2026-09-26;TECHNICAL_TIMEOUT;time-out;;;;;;MY_STIHL;https://app.stihl.com/nl-nl/mystihl/tools/add;authenticated MY STIHL UI lookup;TECHNICAL_TIMEOUT;;FALSE;FALSE;TRUE;FALSE;1;819;stihl_resultaten.csv
10218000;010218000;2026-09-26;OFFICIAL_EXACT_FOUND;gevonden;Toebehoren USG Schärfgerät;;;Toebehoren USG Schärfgerät;;MY_STIHL;https://app.stihl.com/nl-nl/mystihl/tools/add/serial-number;authenticated MY STIHL UI lookup;OFFICIAL_WEB_LOOKUP;OFFICIAL_STIHL_LOOKUP;TRUE;FALSE;FALSE;TRUE;1;820;stihl_resultaten.csv
10219000;010219000;2026-09-26;OFFICIAL_EXACT_FOUND;gevonden;Toebehoren USG Schärfgerät;;;Toebehoren USG Schärfgerät;;MY_STIHL;https://app.stihl.com/nl-nl/mystihl/tools/add/serial-number;authenticated MY STIHL UI lookup;OFFICIAL_WEB_LOOKUP;OFFICIAL_STIHL_LOOKUP;TRUE;FALSE;FALSE;TRUE;1;821;stihl_resultaten.csv
10220000;010220000;2026-09-26;OFFICIAL_EXACT_FOUND;gevonden;Toebehoren USG Schärfgerät;;;Toebehoren USG Schärfgerät;;MY_STIHL;https://app.stihl.com/nl-nl/mystihl/tools/add/serial-number;authenticated MY STIHL UI lookup;OFFICIAL_WEB_LOOKUP;OFFICIAL_STIHL_LOOKUP;TRUE;FALSE;FALSE;TRUE;1;822;stihl_resultaten.csv
10221000;;2026-09-26;TECHNICAL_TIMEOUT;time-out;;;;;;MY_STIHL;https://app.stihl.com/nl-nl/mystihl/tools/add;authenticated MY STIHL UI lookup;TECHNICAL_TIMEOUT;;FALSE;FALSE;TRUE;FALSE;1;823;stihl_resultaten.csv
10222000;;2026-09-26;TECHNICAL_TIMEOUT;time-out;;;;;;MY_STIHL;https://app.stihl.com/nl-nl/mystihl/tools/add;authenticated MY STIHL UI lookup;TECHNICAL_TIMEOUT;;FALSE;FALSE;TRUE;FALSE;1;824;stihl_resultaten.csv
10223000;;2026-09-26;TECHNICAL_TIMEOUT;time-out;;;;;;MY_STIHL;https://app.stihl.com/nl-nl/mystihl/tools/add;authenticated MY STIHL UI lookup;TECHNICAL_TIMEOUT;;FALSE;FALSE;TRUE;FALSE;1;825;stihl_resultaten.csv
10224000;;2026-09-26;TECHNICAL_TIMEOUT;time-out;;;;;;MY_STIHL;https://app.stihl.com/nl-nl/mystihl/tools/add;authenticated MY STIHL UI lookup;TECHNICAL_TIMEOUT;;FALSE;FALSE;TRUE;FALSE;1;826;stihl_resultaten.csv
10225000;;2026-09-26;TECHNICAL_TIMEOUT;time-out;;;;;;MY_STIHL;https://app.stihl.com/nl-nl/mystihl/tools/add;authenticated MY STIHL UI lookup;TECHNICAL_TIMEOUT;;FALSE;FALSE;TRUE;FALSE;1;827;stihl_resultaten.csv
10226000;;2026-09-26;TECHNICAL_TIMEOUT;time-out;;;;;;MY_STIHL;https://app.stihl.com/nl-nl/mystihl/tools/add;authenticated MY STIHL UI lookup;TECHNICAL_TIMEOUT;;FALSE;FALSE;TRUE;FALSE;1;828;stihl_resultaten.csv
10227000;;2026-09-26;TECHNICAL_TIMEOUT;time-out;;;;;;MY_STIHL;https://app.stihl.com/nl-nl/mystihl/tools/add;authenticated MY STIHL UI lookup;TECHNICAL_TIMEOUT;;FALSE;FALSE;TRUE;FALSE;1;829;stihl_resultaten.csv
10228000;;2026-09-26;TECHNICAL_TIMEOUT;time-out;;;;;;MY_STIHL;https://app.stihl.com/nl-nl/mystihl/tools/add;authenticated MY STIHL UI lookup;TECHNICAL_TIMEOUT;;FALSE;FALSE;TRUE;FALSE;1;830;stihl_resultaten.csv
10229000;;2026-09-26;TECHNICAL_TIMEOUT;time-out;;;;;;MY_STIHL;https://app.stihl.com/nl-nl/mystihl/tools/add;authenticated MY STIHL UI lookup;TECHNICAL_TIMEOUT;;FALSE;FALSE;TRUE;FALSE;1;831;stihl_resultaten.csv
10230000;;2026-09-26;TECHNICAL_TIMEOUT;time-out;;;;;;MY_STIHL;https://app.stihl.com/nl-nl/mystihl/tools/add;authenticated MY STIHL UI lookup;TECHNICAL_TIMEOUT;;FALSE;FALSE;TRUE;FALSE;1;832;stihl_resultaten.csv
10231000;;2026-09-26;TECHNICAL_TIMEOUT;time-out;;;;;;MY_STIHL;https://app.stihl.com/nl-nl/mystihl/tools/add;authenticated MY STIHL UI lookup;TECHNICAL_TIMEOUT;;FALSE;FALSE;TRUE;FALSE;1;833;stihl_resultaten.csv
10232000;;2026-09-26;TECHNICAL_TIMEOUT;time-out;;;;;;MY_STIHL;https://app.stihl.com/nl-nl/mystihl/tools/add;authenticated MY STIHL UI lookup;TECHNICAL_TIMEOUT;;FALSE;FALSE;TRUE;FALSE;1;834;stihl_resultaten.csv
10233000;;2026-09-26;TECHNICAL_TIMEOUT;time-out;;;;;;MY_STIHL;https://app.stihl.com/nl-nl/mystihl/tools/add;authenticated MY STIHL UI lookup;TECHNICAL_TIMEOUT;;FALSE;FALSE;TRUE;FALSE;1;835;stihl_resultaten.csv
10234000;;2026-09-26;TECHNICAL_TIMEOUT;time-out;;;;;;MY_STIHL;https://app.stihl.com/nl-nl/mystihl/tools/add;authenticated MY STIHL UI lookup;TECHNICAL_TIMEOUT;;FALSE;FALSE;TRUE;FALSE;1;836;stihl_resultaten.csv
10235000;010235000;2026-09-26;OFFICIAL_EXACT_FOUND;gevonden;"Motorzaag / Benzine 08 S .404""7Z-P- STIHL Motorsäge";Motorzaag;Benzine;"08 S .404""7Z-P- STIHL Motorsäge";08 S;MY_STIHL;https://app.stihl.com/nl-nl/mystihl/tools/add/serial-number;authenticated MY STIHL UI lookup;OFFICIAL_WEB_LOOKUP;OFFICIAL_STIHL_LOOKUP;TRUE;FALSE;FALSE;TRUE;1;837;stihl_resultaten.csv
10236000;010236000;2026-09-26;OFFICIAL_EXACT_FOUND;gevonden;"Motorzaag / Benzine 08 S .404""7Z-P- STIHL Motorsäge";Motorzaag;Benzine;"08 S .404""7Z-P- STIHL Motorsäge";08 S;MY_STIHL;https://app.stihl.com/nl-nl/mystihl/tools/add/serial-number;authenticated MY STIHL UI lookup;OFFICIAL_WEB_LOOKUP;OFFICIAL_STIHL_LOOKUP;TRUE;FALSE;FALSE;TRUE;1;838;stihl_resultaten.csv
10237000;010237000;2026-09-26;OFFICIAL_EXACT_FOUND;gevonden;"Motorzaag / Benzine 08 S .404""7Z-P- STIHL Motorsäge";Motorzaag;Benzine;"08 S .404""7Z-P- STIHL Motorsäge";08 S;MY_STIHL;https://app.stihl.com/nl-nl/mystihl/tools/add/serial-number;authenticated MY STIHL UI lookup;OFFICIAL_WEB_LOOKUP;OFFICIAL_STIHL_LOOKUP;TRUE;FALSE;FALSE;TRUE;1;839;stihl_resultaten.csv
10238000;010238000;2026-09-26;OFFICIAL_EXACT_FOUND;gevonden;"Motorzaag / Benzine 08 S .404""7Z-P- STIHL Motorsäge";Motorzaag;Benzine;"08 S .404""7Z-P- STIHL Motorsäge";08 S;MY_STIHL;https://app.stihl.com/nl-nl/mystihl/tools/add/serial-number;authenticated MY STIHL UI lookup;OFFICIAL_WEB_LOOKUP;OFFICIAL_STIHL_LOOKUP;TRUE;FALSE;FALSE;TRUE;1;840;stihl_resultaten.csv
10239000;010239000;2026-09-26;OFFICIAL_EXACT_FOUND;gevonden;"Motorzaag / Benzine 08 S .404""7Z-P- STIHL Motorsäge";Motorzaag;Benzine;"08 S .404""7Z-P- STIHL Motorsäge";08 S;MY_STIHL;https://app.stihl.com/nl-nl/mystihl/tools/add/serial-number;authenticated MY STIHL UI lookup;OFFICIAL_WEB_LOOKUP;OFFICIAL_STIHL_LOOKUP;TRUE;FALSE;FALSE;TRUE;1;841;stihl_resultaten.csv
10240000;010240000;2026-09-26;OFFICIAL_EXACT_FOUND;gevonden;"Motorzaag / Benzine 08 S .404""7Z-P- STIHL Motorsäge";Motorzaag;Benzine;"08 S .404""7Z-P- STIHL Motorsäge";08 S;MY_STIHL;https://app.stihl.com/nl-nl/mystihl/tools/add/serial-number;authenticated MY STIHL UI lookup;OFFICIAL_WEB_LOOKUP;OFFICIAL_STIHL_LOOKUP;TRUE;FALSE;FALSE;TRUE;1;842;stihl_resultaten.csv
10241000;010241000;2026-09-26;OFFICIAL_EXACT_FOUND;gevonden;"Motorzaag / Benzine 051 .404"" P Motorsäge";Motorzaag;Benzine;"051 .404"" P Motorsäge";051;MY_STIHL;https://app.stihl.com/nl-nl/mystihl/tools/add/serial-number;authenticated MY STIHL UI lookup;OFFICIAL_WEB_LOOKUP;OFFICIAL_STIHL_LOOKUP;TRUE;FALSE;FALSE;TRUE;1;843;stihl_resultaten.csv
10242000;010242000;2026-09-26;OFFICIAL_EXACT_FOUND;gevonden;"Motorzaag / Benzine 051 .404"" P Motorsäge";Motorzaag;Benzine;"051 .404"" P Motorsäge";051;MY_STIHL;https://app.stihl.com/nl-nl/mystihl/tools/add/serial-number;authenticated MY STIHL UI lookup;OFFICIAL_WEB_LOOKUP;OFFICIAL_STIHL_LOOKUP;TRUE;FALSE;FALSE;TRUE;1;844;stihl_resultaten.csv
10243000;;2026-09-26;TECHNICAL_TIMEOUT;time-out;;;;;;MY_STIHL;https://app.stihl.com/nl-nl/mystihl/tools/add;authenticated MY STIHL UI lookup;TECHNICAL_TIMEOUT;;FALSE;FALSE;TRUE;FALSE;1;845;stihl_resultaten.csv
10244000;010244000;2026-09-26;OFFICIAL_EXACT_FOUND;gevonden;"Motorzaag / Benzine 070 .404"" P Motorsäge";Motorzaag;Benzine;"070 .404"" P Motorsäge";070;MY_STIHL;https://app.stihl.com/nl-nl/mystihl/tools/add/serial-number;authenticated MY STIHL UI lookup;OFFICIAL_WEB_LOOKUP;OFFICIAL_STIHL_LOOKUP;TRUE;FALSE;FALSE;TRUE;1;846;stihl_resultaten.csv
10245000;;2026-09-26;TECHNICAL_TIMEOUT;time-out;;;;;;MY_STIHL;https://app.stihl.com/nl-nl/mystihl/tools/add;authenticated MY STIHL UI lookup;TECHNICAL_TIMEOUT;;FALSE;FALSE;TRUE;FALSE;1;847;stihl_resultaten.csv
10246000;010246000;2026-09-26;OFFICIAL_EXACT_FOUND;gevonden;Algemeen gemotoriseerd / Benzine 08 S Ersatzmotor;Algemeen gemotoriseerd;Benzine;08 S Ersatzmotor;08 S;MY_STIHL;https://app.stihl.com/nl-nl/mystihl/tools/add/serial-number;authenticated MY STIHL UI lookup;OFFICIAL_WEB_LOOKUP;OFFICIAL_STIHL_LOOKUP;TRUE;FALSE;FALSE;TRUE;1;848;stihl_resultaten.csv
10247000;;2026-09-26;TECHNICAL_TIMEOUT;time-out;;;;;;MY_STIHL;https://app.stihl.com/nl-nl/mystihl/tools/add;authenticated MY STIHL UI lookup;TECHNICAL_TIMEOUT;;FALSE;FALSE;TRUE;FALSE;1;849;stihl_resultaten.csv
10248000;;2026-09-26;TECHNICAL_TIMEOUT;time-out;;;;;;MY_STIHL;https://app.stihl.com/nl-nl/mystihl/tools/add;authenticated MY STIHL UI lookup;TECHNICAL_TIMEOUT;;FALSE;FALSE;TRUE;FALSE;1;850;stihl_resultaten.csv
10249000;;2026-09-26;TECHNICAL_TIMEOUT;time-out;;;;;;MY_STIHL;https://app.stihl.com/nl-nl/mystihl/tools/add;authenticated MY STIHL UI lookup;TECHNICAL_TIMEOUT;;FALSE;FALSE;TRUE;FALSE;1;851;stihl_resultaten.csv
10250000;;2026-09-26;TECHNICAL_TIMEOUT;time-out;;;;;;MY_STIHL;https://app.stihl.com/nl-nl/mystihl/tools/add;authenticated MY STIHL UI lookup;TECHNICAL_TIMEOUT;;FALSE;FALSE;TRUE;FALSE;1;852;stihl_resultaten.csv
10251000;;2026-09-26;TECHNICAL_TIMEOUT;time-out;;;;;;MY_STIHL;https://app.stihl.com/nl-nl/mystihl/tools/add;authenticated MY STIHL UI lookup;TECHNICAL_TIMEOUT;;FALSE;FALSE;TRUE;FALSE;1;853;stihl_resultaten.csv
10252000;;2026-09-26;TECHNICAL_TIMEOUT;time-out;;;;;;MY_STIHL;https://app.stihl.com/nl-nl/mystihl/tools/add;authenticated MY STIHL UI lookup;TECHNICAL_TIMEOUT;;FALSE;FALSE;TRUE;FALSE;1;854;stihl_resultaten.csv
10253000;;2026-09-26;TECHNICAL_TIMEOUT;time-out;;;;;;MY_STIHL;https://app.stihl.com/nl-nl/mystihl/tools/add;authenticated MY STIHL UI lookup;TECHNICAL_TIMEOUT;;FALSE;FALSE;TRUE;FALSE;1;855;stihl_resultaten.csv
10254000;;2026-09-26;TECHNICAL_TIMEOUT;time-out;;;;;;MY_STIHL;https://app.stihl.com/nl-nl/mystihl/tools/add;authenticated MY STIHL UI lookup;TECHNICAL_TIMEOUT;;FALSE;FALSE;TRUE;FALSE;1;856;stihl_resultaten.csv
10255000;;2026-09-26;TECHNICAL_TIMEOUT;time-out;;;;;;MY_STIHL;https://app.stihl.com/nl-nl/mystihl/tools/add;authenticated MY STIHL UI lookup;TECHNICAL_TIMEOUT;;FALSE;FALSE;TRUE;FALSE;1;857;stihl_resultaten.csv
10256000;;2026-09-26;TECHNICAL_TIMEOUT;time-out;;;;;;MY_STIHL;https://app.stihl.com/nl-nl/mystihl/tools/add;authenticated MY STIHL UI lookup;TECHNICAL_TIMEOUT;;FALSE;FALSE;TRUE;FALSE;1;858;stihl_resultaten.csv
10257000;;2026-09-26;TECHNICAL_TIMEOUT;time-out;;;;;;MY_STIHL;https://app.stihl.com/nl-nl/mystihl/tools/add;authenticated MY STIHL UI lookup;TECHNICAL_TIMEOUT;;FALSE;FALSE;TRUE;FALSE;1;859;stihl_resultaten.csv
10258000;;2026-09-26;TECHNICAL_TIMEOUT;time-out;;;;;;MY_STIHL;https://app.stihl.com/nl-nl/mystihl/tools/add;authenticated MY STIHL UI lookup;TECHNICAL_TIMEOUT;;FALSE;FALSE;TRUE;FALSE;1;860;stihl_resultaten.csv
10259000;;2026-09-26;TECHNICAL_TIMEOUT;time-out;;;;;;MY_STIHL;https://app.stihl.com/nl-nl/mystihl/tools/add;authenticated MY STIHL UI lookup;TECHNICAL_TIMEOUT;;FALSE;FALSE;TRUE;FALSE;1;861;stihl_resultaten.csv
10260000;010260000;2026-09-26;OFFICIAL_EXACT_FOUND;gevonden;"Motorzaag / Benzine 051 .404"" P Motorsäge";Motorzaag;Benzine;"051 .404"" P Motorsäge";051;MY_STIHL;https://app.stihl.com/nl-nl/mystihl/tools/add/serial-number;authenticated MY STIHL UI lookup;OFFICIAL_WEB_LOOKUP;OFFICIAL_STIHL_LOOKUP;TRUE;FALSE;FALSE;TRUE;1;862;stihl_resultaten.csv
10261000;010261000;2026-09-26;OFFICIAL_EXACT_FOUND;gevonden;"Motorzaag / Benzine 051 .404"" P Motorsäge";Motorzaag;Benzine;"051 .404"" P Motorsäge";051;MY_STIHL;https://app.stihl.com/nl-nl/mystihl/tools/add/serial-number;authenticated MY STIHL UI lookup;OFFICIAL_WEB_LOOKUP;OFFICIAL_STIHL_LOOKUP;TRUE;FALSE;FALSE;TRUE;1;863;stihl_resultaten.csv
10262000;010262000;2026-09-26;OFFICIAL_EXACT_FOUND;gevonden;"Motorzaag / Benzine 051 .404"" P Motorsäge";Motorzaag;Benzine;"051 .404"" P Motorsäge";051;MY_STIHL;https://app.stihl.com/nl-nl/mystihl/tools/add/serial-number;authenticated MY STIHL UI lookup;OFFICIAL_WEB_LOOKUP;OFFICIAL_STIHL_LOOKUP;TRUE;FALSE;FALSE;TRUE;1;864;stihl_resultaten.csv
10263000;;2026-09-26;TECHNICAL_TIMEOUT;time-out;;;;;;MY_STIHL;https://app.stihl.com/nl-nl/mystihl/tools/add;authenticated MY STIHL UI lookup;TECHNICAL_TIMEOUT;;FALSE;FALSE;TRUE;FALSE;1;865;stihl_resultaten.csv
10264000;;2026-09-26;TECHNICAL_TIMEOUT;time-out;;;;;;MY_STIHL;https://app.stihl.com/nl-nl/mystihl/tools/add;authenticated MY STIHL UI lookup;TECHNICAL_TIMEOUT;;FALSE;FALSE;TRUE;FALSE;1;866;stihl_resultaten.csv
10265000;;2026-09-26;TECHNICAL_TIMEOUT;time-out;;;;;;MY_STIHL;https://app.stihl.com/nl-nl/mystihl/tools/add;authenticated MY STIHL UI lookup;TECHNICAL_TIMEOUT;;FALSE;FALSE;TRUE;FALSE;1;867;stihl_resultaten.csv
10266000;;2026-09-26;TECHNICAL_TIMEOUT;time-out;;;;;;MY_STIHL;https://app.stihl.com/nl-nl/mystihl/tools/add;authenticated MY STIHL UI lookup;TECHNICAL_TIMEOUT;;FALSE;FALSE;TRUE;FALSE;1;868;stihl_resultaten.csv
10267000;;2026-09-26;TECHNICAL_TIMEOUT;time-out;;;;;;MY_STIHL;https://app.stihl.com/nl-nl/mystihl/tools/add;authenticated MY STIHL UI lookup;TECHNICAL_TIMEOUT;;FALSE;FALSE;TRUE;FALSE;1;869;stihl_resultaten.csv
10268000;;2026-09-26;TECHNICAL_TIMEOUT;time-out;;;;;;MY_STIHL;https://app.stihl.com/nl-nl/mystihl/tools/add;authenticated MY STIHL UI lookup;TECHNICAL_TIMEOUT;;FALSE;FALSE;TRUE;FALSE;1;870;stihl_resultaten.csv
10269000;;2026-09-26;TECHNICAL_TIMEOUT;time-out;;;;;;MY_STIHL;https://app.stihl.com/nl-nl/mystihl/tools/add;authenticated MY STIHL UI lookup;TECHNICAL_TIMEOUT;;FALSE;FALSE;TRUE;FALSE;1;871;stihl_resultaten.csv
10270000;;2026-09-26;TECHNICAL_TIMEOUT;time-out;;;;;;MY_STIHL;https://app.stihl.com/nl-nl/mystihl/tools/add;authenticated MY STIHL UI lookup;TECHNICAL_TIMEOUT;;FALSE;FALSE;TRUE;FALSE;1;872;stihl_resultaten.csv
10271000;;2026-09-26;TECHNICAL_TIMEOUT;time-out;;;;;;MY_STIHL;https://app.stihl.com/nl-nl/mystihl/tools/add;authenticated MY STIHL UI lookup;TECHNICAL_TIMEOUT;;FALSE;FALSE;TRUE;FALSE;1;873;stihl_resultaten.csv
10272000;;2026-09-26;TECHNICAL_TIMEOUT;time-out;;;;;;MY_STIHL;https://app.stihl.com/nl-nl/mystihl/tools/add;authenticated MY STIHL UI lookup;TECHNICAL_TIMEOUT;;FALSE;FALSE;TRUE;FALSE;1;874;stihl_resultaten.csv
10273000;;2026-09-26;TECHNICAL_TIMEOUT;time-out;;;;;;MY_STIHL;https://app.stihl.com/nl-nl/mystihl/tools/add;authenticated MY STIHL UI lookup;TECHNICAL_TIMEOUT;;FALSE;FALSE;TRUE;FALSE;1;875;stihl_resultaten.csv
10274000;;2026-09-26;TECHNICAL_TIMEOUT;time-out;;;;;;MY_STIHL;https://app.stihl.com/nl-nl/mystihl/tools/add;authenticated MY STIHL UI lookup;TECHNICAL_TIMEOUT;;FALSE;FALSE;TRUE;FALSE;1;876;stihl_resultaten.csv
10275000;;2026-09-26;TECHNICAL_TIMEOUT;time-out;;;;;;MY_STIHL;https://app.stihl.com/nl-nl/mystihl/tools/add;authenticated MY STIHL UI lookup;TECHNICAL_TIMEOUT;;FALSE;FALSE;TRUE;FALSE;1;877;stihl_resultaten.csv
10276000;;2026-09-26;TECHNICAL_TIMEOUT;time-out;;;;;;MY_STIHL;https://app.stihl.com/nl-nl/mystihl/tools/add;authenticated MY STIHL UI lookup;TECHNICAL_TIMEOUT;;FALSE;FALSE;TRUE;FALSE;1;878;stihl_resultaten.csv
10277000;;2026-09-26;TECHNICAL_TIMEOUT;time-out;;;;;;MY_STIHL;https://app.stihl.com/nl-nl/mystihl/tools/add;authenticated MY STIHL UI lookup;TECHNICAL_TIMEOUT;;FALSE;FALSE;TRUE;FALSE;1;879;stihl_resultaten.csv
10278000;;2026-09-26;TECHNICAL_TIMEOUT;time-out;;;;;;MY_STIHL;https://app.stihl.com/nl-nl/mystihl/tools/add;authenticated MY STIHL UI lookup;TECHNICAL_TIMEOUT;;FALSE;FALSE;TRUE;FALSE;1;880;stihl_resultaten.csv
10279000;;2026-09-26;TECHNICAL_TIMEOUT;time-out;;;;;;MY_STIHL;https://app.stihl.com/nl-nl/mystihl/tools/add;authenticated MY STIHL UI lookup;TECHNICAL_TIMEOUT;;FALSE;FALSE;TRUE;FALSE;1;881;stihl_resultaten.csv
10280000;;2026-09-26;TECHNICAL_TIMEOUT;time-out;;;;;;MY_STIHL;https://app.stihl.com/nl-nl/mystihl/tools/add;authenticated MY STIHL UI lookup;TECHNICAL_TIMEOUT;;FALSE;FALSE;TRUE;FALSE;1;882;stihl_resultaten.csv
10281000;;2026-09-26;TECHNICAL_TIMEOUT;time-out;;;;;;MY_STIHL;https://app.stihl.com/nl-nl/mystihl/tools/add;authenticated MY STIHL UI lookup;TECHNICAL_TIMEOUT;;FALSE;FALSE;TRUE;FALSE;1;883;stihl_resultaten.csv
10282000;;2026-09-26;TECHNICAL_TIMEOUT;time-out;;;;;;MY_STIHL;https://app.stihl.com/nl-nl/mystihl/tools/add;authenticated MY STIHL UI lookup;TECHNICAL_TIMEOUT;;FALSE;FALSE;TRUE;FALSE;1;884;stihl_resultaten.csv
10283000;;2026-09-26;TECHNICAL_TIMEOUT;time-out;;;;;;MY_STIHL;https://app.stihl.com/nl-nl/mystihl/tools/add;authenticated MY STIHL UI lookup;TECHNICAL_TIMEOUT;;FALSE;FALSE;TRUE;FALSE;1;885;stihl_resultaten.csv
10284000;;2026-09-26;TECHNICAL_TIMEOUT;time-out;;;;;;MY_STIHL;https://app.stihl.com/nl-nl/mystihl/tools/add;authenticated MY STIHL UI lookup;TECHNICAL_TIMEOUT;;FALSE;FALSE;TRUE;FALSE;1;886;stihl_resultaten.csv
10285000;;2026-09-26;TECHNICAL_TIMEOUT;time-out;;;;;;MY_STIHL;https://app.stihl.com/nl-nl/mystihl/tools/add;authenticated MY STIHL UI lookup;TECHNICAL_TIMEOUT;;FALSE;FALSE;TRUE;FALSE;1;887;stihl_resultaten.csv
10286000;;2026-09-26;TECHNICAL_TIMEOUT;time-out;;;;;;MY_STIHL;https://app.stihl.com/nl-nl/mystihl/tools/add;authenticated MY STIHL UI lookup;TECHNICAL_TIMEOUT;;FALSE;FALSE;TRUE;FALSE;1;888;stihl_resultaten.csv
10287000;;2026-09-26;TECHNICAL_TIMEOUT;time-out;;;;;;MY_STIHL;https://app.stihl.com/nl-nl/mystihl/tools/add;authenticated MY STIHL UI lookup;TECHNICAL_TIMEOUT;;FALSE;FALSE;TRUE;FALSE;1;889;stihl_resultaten.csv
10288000;;2026-09-26;TECHNICAL_TIMEOUT;time-out;;;;;;MY_STIHL;https://app.stihl.com/nl-nl/mystihl/tools/add;authenticated MY STIHL UI lookup;TECHNICAL_TIMEOUT;;FALSE;FALSE;TRUE;FALSE;1;890;stihl_resultaten.csv
10289000;;2026-09-26;TECHNICAL_TIMEOUT;time-out;;;;;;MY_STIHL;https://app.stihl.com/nl-nl/mystihl/tools/add;authenticated MY STIHL UI lookup;TECHNICAL_TIMEOUT;;FALSE;FALSE;TRUE;FALSE;1;891;stihl_resultaten.csv
10290000;;2026-09-26;TECHNICAL_TIMEOUT;time-out;;;;;;MY_STIHL;https://app.stihl.com/nl-nl/mystihl/tools/add;authenticated MY STIHL UI lookup;TECHNICAL_TIMEOUT;;FALSE;FALSE;TRUE;FALSE;1;892;stihl_resultaten.csv
10291000;;2026-09-26;TECHNICAL_TIMEOUT;time-out;;;;;;MY_STIHL;https://app.stihl.com/nl-nl/mystihl/tools/add;authenticated MY STIHL UI lookup;TECHNICAL_TIMEOUT;;FALSE;FALSE;TRUE;FALSE;1;893;stihl_resultaten.csv
10292000;;2026-09-26;TECHNICAL_TIMEOUT;time-out;;;;;;MY_STIHL;https://app.stihl.com/nl-nl/mystihl/tools/add;authenticated MY STIHL UI lookup;TECHNICAL_TIMEOUT;;FALSE;FALSE;TRUE;FALSE;1;894;stihl_resultaten.csv
10293000;;2026-09-26;TECHNICAL_TIMEOUT;time-out;;;;;;MY_STIHL;https://app.stihl.com/nl-nl/mystihl/tools/add;authenticated MY STIHL UI lookup;TECHNICAL_TIMEOUT;;FALSE;FALSE;TRUE;FALSE;1;895;stihl_resultaten.csv
10294000;;2026-09-26;TECHNICAL_TIMEOUT;time-out;;;;;;MY_STIHL;https://app.stihl.com/nl-nl/mystihl/tools/add;authenticated MY STIHL UI lookup;TECHNICAL_TIMEOUT;;FALSE;FALSE;TRUE;FALSE;1;896;stihl_resultaten.csv
10295000;;2026-09-26;TECHNICAL_TIMEOUT;time-out;;;;;;MY_STIHL;https://app.stihl.com/nl-nl/mystihl/tools/add;authenticated MY STIHL UI lookup;TECHNICAL_TIMEOUT;;FALSE;FALSE;TRUE;FALSE;1;897;stihl_resultaten.csv
10296000;;2026-09-26;TECHNICAL_TIMEOUT;time-out;;;;;;MY_STIHL;https://app.stihl.com/nl-nl/mystihl/tools/add;authenticated MY STIHL UI lookup;TECHNICAL_TIMEOUT;;FALSE;FALSE;TRUE;FALSE;1;898;stihl_resultaten.csv
10297000;;2026-09-26;TECHNICAL_TIMEOUT;time-out;;;;;;MY_STIHL;https://app.stihl.com/nl-nl/mystihl/tools/add;authenticated MY STIHL UI lookup;TECHNICAL_TIMEOUT;;FALSE;FALSE;TRUE;FALSE;1;899;stihl_resultaten.csv
10298000;;2026-09-26;TECHNICAL_TIMEOUT;time-out;;;;;;MY_STIHL;https://app.stihl.com/nl-nl/mystihl/tools/add;authenticated MY STIHL UI lookup;TECHNICAL_TIMEOUT;;FALSE;FALSE;TRUE;FALSE;1;900;stihl_resultaten.csv
10299000;;2026-09-26;TECHNICAL_TIMEOUT;time-out;;;;;;MY_STIHL;https://app.stihl.com/nl-nl/mystihl/tools/add;authenticated MY STIHL UI lookup;TECHNICAL_TIMEOUT;;FALSE;FALSE;TRUE;FALSE;1;901;stihl_resultaten.csv
10300000;;2026-09-26;TECHNICAL_TIMEOUT;time-out;;;;;;MY_STIHL;https://app.stihl.com/nl-nl/mystihl/tools/add;authenticated MY STIHL UI lookup;TECHNICAL_TIMEOUT;;FALSE;FALSE;TRUE;FALSE;1;902;stihl_resultaten.csv
10301000;;2026-09-26;TECHNICAL_TIMEOUT;time-out;;;;;;MY_STIHL;https://app.stihl.com/nl-nl/mystihl/tools/add;authenticated MY STIHL UI lookup;TECHNICAL_TIMEOUT;;FALSE;FALSE;TRUE;FALSE;1;903;stihl_resultaten.csv
10302000;;2026-09-26;TECHNICAL_TIMEOUT;time-out;;;;;;MY_STIHL;https://app.stihl.com/nl-nl/mystihl/tools/add;authenticated MY STIHL UI lookup;TECHNICAL_TIMEOUT;;FALSE;FALSE;TRUE;FALSE;1;904;stihl_resultaten.csv
10303000;;2026-09-26;TECHNICAL_TIMEOUT;time-out;;;;;;MY_STIHL;https://app.stihl.com/nl-nl/mystihl/tools/add;authenticated MY STIHL UI lookup;TECHNICAL_TIMEOUT;;FALSE;FALSE;TRUE;FALSE;1;905;stihl_resultaten.csv
10304000;;2026-09-26;TECHNICAL_TIMEOUT;time-out;;;;;;MY_STIHL;https://app.stihl.com/nl-nl/mystihl/tools/add;authenticated MY STIHL UI lookup;TECHNICAL_TIMEOUT;;FALSE;FALSE;TRUE;FALSE;1;906;stihl_resultaten.csv
10305000;;2026-09-26;TECHNICAL_TIMEOUT;time-out;;;;;;MY_STIHL;https://app.stihl.com/nl-nl/mystihl/tools/add;authenticated MY STIHL UI lookup;TECHNICAL_TIMEOUT;;FALSE;FALSE;TRUE;FALSE;1;907;stihl_resultaten.csv
10306000;;2026-09-26;TECHNICAL_TIMEOUT;time-out;;;;;;MY_STIHL;https://app.stihl.com/nl-nl/mystihl/tools/add;authenticated MY STIHL UI lookup;TECHNICAL_TIMEOUT;;FALSE;FALSE;TRUE;FALSE;1;908;stihl_resultaten.csv
10307000;;2026-09-26;TECHNICAL_TIMEOUT;time-out;;;;;;MY_STIHL;https://app.stihl.com/nl-nl/mystihl/tools/add;authenticated MY STIHL UI lookup;TECHNICAL_TIMEOUT;;FALSE;FALSE;TRUE;FALSE;1;909;stihl_resultaten.csv
10308000;010308000;2026-09-26;OFFICIAL_EXACT_FOUND;gevonden;"Motorzaag / Benzine 08 S .404""7Z-P- STIHL Motorsäge";Motorzaag;Benzine;"08 S .404""7Z-P- STIHL Motorsäge";08 S;MY_STIHL;https://app.stihl.com/nl-nl/mystihl/tools/add/serial-number;authenticated MY STIHL UI lookup;OFFICIAL_WEB_LOOKUP;OFFICIAL_STIHL_LOOKUP;TRUE;FALSE;FALSE;TRUE;1;910;stihl_resultaten.csv
10309000;010309000;2026-09-26;OFFICIAL_EXACT_FOUND;gevonden;"Motorzaag / Benzine 08 S .404""7Z-P- STIHL Motorsäge";Motorzaag;Benzine;"08 S .404""7Z-P- STIHL Motorsäge";08 S;MY_STIHL;https://app.stihl.com/nl-nl/mystihl/tools/add/serial-number;authenticated MY STIHL UI lookup;OFFICIAL_WEB_LOOKUP;OFFICIAL_STIHL_LOOKUP;TRUE;FALSE;FALSE;TRUE;1;911;stihl_resultaten.csv
10310000;010310000;2026-09-26;OFFICIAL_EXACT_FOUND;gevonden;"Motorzaag / Benzine 08 S .404""7Z-P- STIHL Motorsäge";Motorzaag;Benzine;"08 S .404""7Z-P- STIHL Motorsäge";08 S;MY_STIHL;https://app.stihl.com/nl-nl/mystihl/tools/add/serial-number;authenticated MY STIHL UI lookup;OFFICIAL_WEB_LOOKUP;OFFICIAL_STIHL_LOOKUP;TRUE;FALSE;FALSE;TRUE;1;912;stihl_resultaten.csv
10311000;010311000;2026-09-26;OFFICIAL_EXACT_FOUND;gevonden;"Motorzaag / Benzine 08 S .404""7Z-P- STIHL Motorsäge";Motorzaag;Benzine;"08 S .404""7Z-P- STIHL Motorsäge";08 S;MY_STIHL;https://app.stihl.com/nl-nl/mystihl/tools/add/serial-number;authenticated MY STIHL UI lookup;OFFICIAL_WEB_LOOKUP;OFFICIAL_STIHL_LOOKUP;TRUE;FALSE;FALSE;TRUE;1;913;stihl_resultaten.csv
10312000;010312000;2026-09-26;OFFICIAL_EXACT_FOUND;gevonden;"Motorzaag / Benzine 051 .404"" P Motorsäge";Motorzaag;Benzine;"051 .404"" P Motorsäge";051;MY_STIHL;https://app.stihl.com/nl-nl/mystihl/tools/add/serial-number;authenticated MY STIHL UI lookup;OFFICIAL_WEB_LOOKUP;OFFICIAL_STIHL_LOOKUP;TRUE;FALSE;FALSE;TRUE;1;914;stihl_resultaten.csv
10313000;010313000;2026-09-26;OFFICIAL_EXACT_FOUND;gevonden;"Motorzaag / Benzine 051 .404"" P Motorsäge";Motorzaag;Benzine;"051 .404"" P Motorsäge";051;MY_STIHL;https://app.stihl.com/nl-nl/mystihl/tools/add/serial-number;authenticated MY STIHL UI lookup;OFFICIAL_WEB_LOOKUP;OFFICIAL_STIHL_LOOKUP;TRUE;FALSE;FALSE;TRUE;1;915;stihl_resultaten.csv
10314000;;2026-09-26;TECHNICAL_TIMEOUT;time-out;;;;;;MY_STIHL;https://app.stihl.com/nl-nl/mystihl/tools/add;authenticated MY STIHL UI lookup;TECHNICAL_TIMEOUT;;FALSE;FALSE;TRUE;FALSE;1;916;stihl_resultaten.csv
10315000;010315000;2026-09-26;OFFICIAL_EXACT_FOUND;gevonden;"Motorzaag / Benzine 051 .404"" P Motorsäge";Motorzaag;Benzine;"051 .404"" P Motorsäge";051;MY_STIHL;https://app.stihl.com/nl-nl/mystihl/tools/add/serial-number;authenticated MY STIHL UI lookup;OFFICIAL_WEB_LOOKUP;OFFICIAL_STIHL_LOOKUP;TRUE;FALSE;FALSE;TRUE;1;917;stihl_resultaten.csv
10316000;010316000;2026-09-26;OFFICIAL_EXACT_FOUND;gevonden;"Motorzaag / Benzine 051 .404"" P Motorsäge";Motorzaag;Benzine;"051 .404"" P Motorsäge";051;MY_STIHL;https://app.stihl.com/nl-nl/mystihl/tools/add/serial-number;authenticated MY STIHL UI lookup;OFFICIAL_WEB_LOOKUP;OFFICIAL_STIHL_LOOKUP;TRUE;FALSE;FALSE;TRUE;1;918;stihl_resultaten.csv
10317000;010317000;2026-09-26;OFFICIAL_EXACT_FOUND;gevonden;Motorzaag / Benzine 08 SQ STIHL Motorsäge;Motorzaag;Benzine;08 SQ STIHL Motorsäge;08 SQ;MY_STIHL;https://app.stihl.com/nl-nl/mystihl/tools/add/serial-number;authenticated MY STIHL UI lookup;OFFICIAL_WEB_LOOKUP;OFFICIAL_STIHL_LOOKUP;TRUE;FALSE;FALSE;TRUE;1;919;stihl_resultaten.csv
10318000;010318000;2026-09-26;OFFICIAL_EXACT_FOUND;gevonden;"Motorzaag / Benzine 08 S .404""7Z-P- STIHL Motorsäge";Motorzaag;Benzine;"08 S .404""7Z-P- STIHL Motorsäge";08 S;MY_STIHL;https://app.stihl.com/nl-nl/mystihl/tools/add/serial-number;authenticated MY STIHL UI lookup;OFFICIAL_WEB_LOOKUP;OFFICIAL_STIHL_LOOKUP;TRUE;FALSE;FALSE;TRUE;1;920;stihl_resultaten.csv
10319000;010319000;2026-09-26;OFFICIAL_EXACT_FOUND;gevonden;"Motorzaag / Benzine 08 S .404""7Z-P- STIHL Motorsäge";Motorzaag;Benzine;"08 S .404""7Z-P- STIHL Motorsäge";08 S;MY_STIHL;https://app.stihl.com/nl-nl/mystihl/tools/add/serial-number;authenticated MY STIHL UI lookup;OFFICIAL_WEB_LOOKUP;OFFICIAL_STIHL_LOOKUP;TRUE;FALSE;FALSE;TRUE;1;921;stihl_resultaten.csv
10320000;010320000;2026-09-26;OFFICIAL_EXACT_FOUND;gevonden;"Motorzaag / Benzine 08 S .404""7Z-P- STIHL Motorsäge";Motorzaag;Benzine;"08 S .404""7Z-P- STIHL Motorsäge";08 S;MY_STIHL;https://app.stihl.com/nl-nl/mystihl/tools/add/serial-number;authenticated MY STIHL UI lookup;OFFICIAL_WEB_LOOKUP;OFFICIAL_STIHL_LOOKUP;TRUE;FALSE;FALSE;TRUE;1;922;stihl_resultaten.csv
10321000;010321000;2026-09-26;OFFICIAL_EXACT_FOUND;gevonden;"Motorzaag / Benzine 08 S .404""7Z-P- STIHL Motorsäge";Motorzaag;Benzine;"08 S .404""7Z-P- STIHL Motorsäge";08 S;MY_STIHL;https://app.stihl.com/nl-nl/mystihl/tools/add/serial-number;authenticated MY STIHL UI lookup;OFFICIAL_WEB_LOOKUP;OFFICIAL_STIHL_LOOKUP;TRUE;FALSE;FALSE;TRUE;1;923;stihl_resultaten.csv
10322000;;2026-09-26;TECHNICAL_TIMEOUT;time-out;;;;;;MY_STIHL;https://app.stihl.com/nl-nl/mystihl/tools/add;authenticated MY STIHL UI lookup;TECHNICAL_TIMEOUT;;FALSE;FALSE;TRUE;FALSE;1;924;stihl_resultaten.csv
10323000;010323000;2026-09-26;OFFICIAL_EXACT_FOUND;gevonden;"Motorzaag / Benzine 070 .404"" P Motorsäge";Motorzaag;Benzine;"070 .404"" P Motorsäge";070;MY_STIHL;https://app.stihl.com/nl-nl/mystihl/tools/add/serial-number;authenticated MY STIHL UI lookup;OFFICIAL_WEB_LOOKUP;OFFICIAL_STIHL_LOOKUP;TRUE;FALSE;FALSE;TRUE;1;925;stihl_resultaten.csv
10324000;010324000;2026-09-26;OFFICIAL_EXACT_FOUND;gevonden;"Motorzaag / Benzine 070 .404"" P Motorsäge";Motorzaag;Benzine;"070 .404"" P Motorsäge";070;MY_STIHL;https://app.stihl.com/nl-nl/mystihl/tools/add/serial-number;authenticated MY STIHL UI lookup;OFFICIAL_WEB_LOOKUP;OFFICIAL_STIHL_LOOKUP;TRUE;FALSE;FALSE;TRUE;1;926;stihl_resultaten.csv
10325000;010325000;2026-09-26;OFFICIAL_EXACT_FOUND;gevonden;"Motorzaag / Benzine 070 .404"" P Motorsäge";Motorzaag;Benzine;"070 .404"" P Motorsäge";070;MY_STIHL;https://app.stihl.com/nl-nl/mystihl/tools/add/serial-number;authenticated MY STIHL UI lookup;OFFICIAL_WEB_LOOKUP;OFFICIAL_STIHL_LOOKUP;TRUE;FALSE;FALSE;TRUE;1;927;stihl_resultaten.csv
10326000;010326000;2026-09-26;OFFICIAL_EXACT_FOUND;gevonden;"Motorzaag / Benzine 070 .404"" P Motorsäge";Motorzaag;Benzine;"070 .404"" P Motorsäge";070;MY_STIHL;https://app.stihl.com/nl-nl/mystihl/tools/add/serial-number;authenticated MY STIHL UI lookup;OFFICIAL_WEB_LOOKUP;OFFICIAL_STIHL_LOOKUP;TRUE;FALSE;FALSE;TRUE;1;928;stihl_resultaten.csv
10327000;;2026-09-26;TECHNICAL_TIMEOUT;time-out;;;;;;MY_STIHL;https://app.stihl.com/nl-nl/mystihl/tools/add;authenticated MY STIHL UI lookup;TECHNICAL_TIMEOUT;;FALSE;FALSE;TRUE;FALSE;1;929;stihl_resultaten.csv
10328000;;2026-09-26;TECHNICAL_TIMEOUT;time-out;;;;;;MY_STIHL;https://app.stihl.com/nl-nl/mystihl/tools/add;authenticated MY STIHL UI lookup;TECHNICAL_TIMEOUT;;FALSE;FALSE;TRUE;FALSE;1;930;stihl_resultaten.csv
10329000;;2026-09-26;TECHNICAL_TIMEOUT;time-out;;;;;;MY_STIHL;https://app.stihl.com/nl-nl/mystihl/tools/add;authenticated MY STIHL UI lookup;TECHNICAL_TIMEOUT;;FALSE;FALSE;TRUE;FALSE;1;931;stihl_resultaten.csv
10330000;;2026-09-26;TECHNICAL_TIMEOUT;time-out;;;;;;MY_STIHL;https://app.stihl.com/nl-nl/mystihl/tools/add;authenticated MY STIHL UI lookup;TECHNICAL_TIMEOUT;;FALSE;FALSE;TRUE;FALSE;1;932;stihl_resultaten.csv
10331000;;2026-09-26;TECHNICAL_TIMEOUT;time-out;;;;;;MY_STIHL;https://app.stihl.com/nl-nl/mystihl/tools/add;authenticated MY STIHL UI lookup;TECHNICAL_TIMEOUT;;FALSE;FALSE;TRUE;FALSE;1;933;stihl_resultaten.csv
10332000;;2026-09-26;TECHNICAL_TIMEOUT;time-out;;;;;;MY_STIHL;https://app.stihl.com/nl-nl/mystihl/tools/add;authenticated MY STIHL UI lookup;TECHNICAL_TIMEOUT;;FALSE;FALSE;TRUE;FALSE;1;934;stihl_resultaten.csv
10333000;;2026-09-26;TECHNICAL_TIMEOUT;time-out;;;;;;MY_STIHL;https://app.stihl.com/nl-nl/mystihl/tools/add;authenticated MY STIHL UI lookup;TECHNICAL_TIMEOUT;;FALSE;FALSE;TRUE;FALSE;1;935;stihl_resultaten.csv
10334000;;2026-09-26;TECHNICAL_TIMEOUT;time-out;;;;;;MY_STIHL;https://app.stihl.com/nl-nl/mystihl/tools/add;authenticated MY STIHL UI lookup;TECHNICAL_TIMEOUT;;FALSE;FALSE;TRUE;FALSE;1;936;stihl_resultaten.csv
10335000;;2026-09-26;TECHNICAL_TIMEOUT;time-out;;;;;;MY_STIHL;https://app.stihl.com/nl-nl/mystihl/tools/add;authenticated MY STIHL UI lookup;TECHNICAL_TIMEOUT;;FALSE;FALSE;TRUE;FALSE;1;937;stihl_resultaten.csv
10336000;;2026-09-26;TECHNICAL_TIMEOUT;time-out;;;;;;MY_STIHL;https://app.stihl.com/nl-nl/mystihl/tools/add;authenticated MY STIHL UI lookup;TECHNICAL_TIMEOUT;;FALSE;FALSE;TRUE;FALSE;1;938;stihl_resultaten.csv
10337000;;2026-09-26;TECHNICAL_TIMEOUT;time-out;;;;;;MY_STIHL;https://app.stihl.com/nl-nl/mystihl/tools/add;authenticated MY STIHL UI lookup;TECHNICAL_TIMEOUT;;FALSE;FALSE;TRUE;FALSE;1;939;stihl_resultaten.csv
10338000;;2026-09-26;TECHNICAL_TIMEOUT;time-out;;;;;;MY_STIHL;https://app.stihl.com/nl-nl/mystihl/tools/add;authenticated MY STIHL UI lookup;TECHNICAL_TIMEOUT;;FALSE;FALSE;TRUE;FALSE;1;940;stihl_resultaten.csv
10339000;;2026-09-26;TECHNICAL_TIMEOUT;time-out;;;;;;MY_STIHL;https://app.stihl.com/nl-nl/mystihl/tools/add;authenticated MY STIHL UI lookup;TECHNICAL_TIMEOUT;;FALSE;FALSE;TRUE;FALSE;1;941;stihl_resultaten.csv
10340000;;2026-09-26;TECHNICAL_TIMEOUT;time-out;;;;;;MY_STIHL;https://app.stihl.com/nl-nl/mystihl/tools/add;authenticated MY STIHL UI lookup;TECHNICAL_TIMEOUT;;FALSE;FALSE;TRUE;FALSE;1;942;stihl_resultaten.csv
10341000;;2026-09-26;TECHNICAL_TIMEOUT;time-out;;;;;;MY_STIHL;https://app.stihl.com/nl-nl/mystihl/tools/add;authenticated MY STIHL UI lookup;TECHNICAL_TIMEOUT;;FALSE;FALSE;TRUE;FALSE;1;943;stihl_resultaten.csv
10342000;;2026-09-26;TECHNICAL_TIMEOUT;time-out;;;;;;MY_STIHL;https://app.stihl.com/nl-nl/mystihl/tools/add;authenticated MY STIHL UI lookup;TECHNICAL_TIMEOUT;;FALSE;FALSE;TRUE;FALSE;1;944;stihl_resultaten.csv
10343000;;2026-09-26;TECHNICAL_TIMEOUT;time-out;;;;;;MY_STIHL;https://app.stihl.com/nl-nl/mystihl/tools/add;authenticated MY STIHL UI lookup;TECHNICAL_TIMEOUT;;FALSE;FALSE;TRUE;FALSE;1;945;stihl_resultaten.csv
10344000;;2026-09-26;TECHNICAL_TIMEOUT;time-out;;;;;;MY_STIHL;https://app.stihl.com/nl-nl/mystihl/tools/add;authenticated MY STIHL UI lookup;TECHNICAL_TIMEOUT;;FALSE;FALSE;TRUE;FALSE;1;946;stihl_resultaten.csv
10345000;;2026-09-26;TECHNICAL_TIMEOUT;time-out;;;;;;MY_STIHL;https://app.stihl.com/nl-nl/mystihl/tools/add;authenticated MY STIHL UI lookup;TECHNICAL_TIMEOUT;;FALSE;FALSE;TRUE;FALSE;1;947;stihl_resultaten.csv
10346000;;2026-09-26;TECHNICAL_TIMEOUT;time-out;;;;;;MY_STIHL;https://app.stihl.com/nl-nl/mystihl/tools/add;authenticated MY STIHL UI lookup;TECHNICAL_TIMEOUT;;FALSE;FALSE;TRUE;FALSE;1;948;stihl_resultaten.csv
10347000;;2026-09-26;TECHNICAL_TIMEOUT;time-out;;;;;;MY_STIHL;https://app.stihl.com/nl-nl/mystihl/tools/add;authenticated MY STIHL UI lookup;TECHNICAL_TIMEOUT;;FALSE;FALSE;TRUE;FALSE;1;949;stihl_resultaten.csv
10348000;;2026-09-26;TECHNICAL_TIMEOUT;time-out;;;;;;MY_STIHL;https://app.stihl.com/nl-nl/mystihl/tools/add;authenticated MY STIHL UI lookup;TECHNICAL_TIMEOUT;;FALSE;FALSE;TRUE;FALSE;1;950;stihl_resultaten.csv
10349000;;2026-09-26;TECHNICAL_TIMEOUT;time-out;;;;;;MY_STIHL;https://app.stihl.com/nl-nl/mystihl/tools/add;authenticated MY STIHL UI lookup;TECHNICAL_TIMEOUT;;FALSE;FALSE;TRUE;FALSE;1;951;stihl_resultaten.csv
10350000;;2026-09-26;TECHNICAL_TIMEOUT;time-out;;;;;;MY_STIHL;https://app.stihl.com/nl-nl/mystihl/tools/add;authenticated MY STIHL UI lookup;TECHNICAL_TIMEOUT;;FALSE;FALSE;TRUE;FALSE;1;952;stihl_resultaten.csv
10351000;;2026-09-26;TECHNICAL_TIMEOUT;time-out;;;;;;MY_STIHL;https://app.stihl.com/nl-nl/mystihl/tools/add;authenticated MY STIHL UI lookup;TECHNICAL_TIMEOUT;;FALSE;FALSE;TRUE;FALSE;1;953;stihl_resultaten.csv
10352000;;2026-09-26;TECHNICAL_TIMEOUT;time-out;;;;;;MY_STIHL;https://app.stihl.com/nl-nl/mystihl/tools/add;authenticated MY STIHL UI lookup;TECHNICAL_TIMEOUT;;FALSE;FALSE;TRUE;FALSE;1;954;stihl_resultaten.csv
10353000;;2026-09-26;TECHNICAL_TIMEOUT;time-out;;;;;;MY_STIHL;https://app.stihl.com/nl-nl/mystihl/tools/add;authenticated MY STIHL UI lookup;TECHNICAL_TIMEOUT;;FALSE;FALSE;TRUE;FALSE;1;955;stihl_resultaten.csv
10354000;;2026-09-26;TECHNICAL_TIMEOUT;time-out;;;;;;MY_STIHL;https://app.stihl.com/nl-nl/mystihl/tools/add;authenticated MY STIHL UI lookup;TECHNICAL_TIMEOUT;;FALSE;FALSE;TRUE;FALSE;1;956;stihl_resultaten.csv
10355000;010355000;2026-09-26;OFFICIAL_EXACT_FOUND;gevonden;Toebehoren / Benzine BT 308 50 1/MIN;Toebehoren;Benzine;BT 308 50 1/MIN;BT 308;MY_STIHL;https://app.stihl.com/nl-nl/mystihl/tools/add/serial-number;authenticated MY STIHL UI lookup;OFFICIAL_WEB_LOOKUP;OFFICIAL_STIHL_LOOKUP;TRUE;FALSE;FALSE;TRUE;1;957;stihl_resultaten.csv
10356000;;2026-09-26;TECHNICAL_TIMEOUT;time-out;;;;;;MY_STIHL;https://app.stihl.com/nl-nl/mystihl/tools/add;authenticated MY STIHL UI lookup;TECHNICAL_TIMEOUT;;FALSE;FALSE;TRUE;FALSE;1;958;stihl_resultaten.csv
10357000;;2026-09-26;TECHNICAL_TIMEOUT;time-out;;;;;;MY_STIHL;https://app.stihl.com/nl-nl/mystihl/tools/add;authenticated MY STIHL UI lookup;TECHNICAL_TIMEOUT;;FALSE;FALSE;TRUE;FALSE;1;959;stihl_resultaten.csv
10358000;;2026-09-26;TECHNICAL_TIMEOUT;time-out;;;;;;MY_STIHL;https://app.stihl.com/nl-nl/mystihl/tools/add;authenticated MY STIHL UI lookup;TECHNICAL_TIMEOUT;;FALSE;FALSE;TRUE;FALSE;1;960;stihl_resultaten.csv
10359000;;2026-09-26;TECHNICAL_TIMEOUT;time-out;;;;;;MY_STIHL;https://app.stihl.com/nl-nl/mystihl/tools/add;authenticated MY STIHL UI lookup;TECHNICAL_TIMEOUT;;FALSE;FALSE;TRUE;FALSE;1;961;stihl_resultaten.csv
10360000;;2026-09-26;TECHNICAL_TIMEOUT;time-out;;;;;;MY_STIHL;https://app.stihl.com/nl-nl/mystihl/tools/add;authenticated MY STIHL UI lookup;TECHNICAL_TIMEOUT;;FALSE;FALSE;TRUE;FALSE;1;962;stihl_resultaten.csv
10361000;;2026-09-26;TECHNICAL_TIMEOUT;time-out;;;;;;MY_STIHL;https://app.stihl.com/nl-nl/mystihl/tools/add;authenticated MY STIHL UI lookup;TECHNICAL_TIMEOUT;;FALSE;FALSE;TRUE;FALSE;1;963;stihl_resultaten.csv
10362000;;2026-09-26;TECHNICAL_TIMEOUT;time-out;;;;;;MY_STIHL;https://app.stihl.com/nl-nl/mystihl/tools/add;authenticated MY STIHL UI lookup;TECHNICAL_TIMEOUT;;FALSE;FALSE;TRUE;FALSE;1;964;stihl_resultaten.csv
10363000;;2026-09-26;TECHNICAL_TIMEOUT;time-out;;;;;;MY_STIHL;https://app.stihl.com/nl-nl/mystihl/tools/add;authenticated MY STIHL UI lookup;TECHNICAL_TIMEOUT;;FALSE;FALSE;TRUE;FALSE;1;965;stihl_resultaten.csv
10364000;;2026-09-26;TECHNICAL_TIMEOUT;time-out;;;;;;MY_STIHL;https://app.stihl.com/nl-nl/mystihl/tools/add;authenticated MY STIHL UI lookup;TECHNICAL_TIMEOUT;;FALSE;FALSE;TRUE;FALSE;1;966;stihl_resultaten.csv
10365000;;2026-09-26;TECHNICAL_TIMEOUT;time-out;;;;;;MY_STIHL;https://app.stihl.com/nl-nl/mystihl/tools/add;authenticated MY STIHL UI lookup;TECHNICAL_TIMEOUT;;FALSE;FALSE;TRUE;FALSE;1;967;stihl_resultaten.csv
10366000;;2026-09-26;TECHNICAL_TIMEOUT;time-out;;;;;;MY_STIHL;https://app.stihl.com/nl-nl/mystihl/tools/add;authenticated MY STIHL UI lookup;TECHNICAL_TIMEOUT;;FALSE;FALSE;TRUE;FALSE;1;968;stihl_resultaten.csv
10367000;;2026-09-26;TECHNICAL_TIMEOUT;time-out;;;;;;MY_STIHL;https://app.stihl.com/nl-nl/mystihl/tools/add;authenticated MY STIHL UI lookup;TECHNICAL_TIMEOUT;;FALSE;FALSE;TRUE;FALSE;1;969;stihl_resultaten.csv
10368000;;2026-09-26;TECHNICAL_TIMEOUT;time-out;;;;;;MY_STIHL;https://app.stihl.com/nl-nl/mystihl/tools/add;authenticated MY STIHL UI lookup;TECHNICAL_TIMEOUT;;FALSE;FALSE;TRUE;FALSE;1;970;stihl_resultaten.csv
10369000;;2026-09-26;TECHNICAL_TIMEOUT;time-out;;;;;;MY_STIHL;https://app.stihl.com/nl-nl/mystihl/tools/add;authenticated MY STIHL UI lookup;TECHNICAL_TIMEOUT;;FALSE;FALSE;TRUE;FALSE;1;971;stihl_resultaten.csv
10370000;;2026-09-26;TECHNICAL_TIMEOUT;time-out;;;;;;MY_STIHL;https://app.stihl.com/nl-nl/mystihl/tools/add;authenticated MY STIHL UI lookup;TECHNICAL_TIMEOUT;;FALSE;FALSE;TRUE;FALSE;1;972;stihl_resultaten.csv
10371000;;2026-09-26;TECHNICAL_TIMEOUT;time-out;;;;;;MY_STIHL;https://app.stihl.com/nl-nl/mystihl/tools/add;authenticated MY STIHL UI lookup;TECHNICAL_TIMEOUT;;FALSE;FALSE;TRUE;FALSE;1;973;stihl_resultaten.csv
10372000;;2026-09-26;TECHNICAL_TIMEOUT;time-out;;;;;;MY_STIHL;https://app.stihl.com/nl-nl/mystihl/tools/add;authenticated MY STIHL UI lookup;TECHNICAL_TIMEOUT;;FALSE;FALSE;TRUE;FALSE;1;974;stihl_resultaten.csv
10373000;;2026-09-26;TECHNICAL_TIMEOUT;time-out;;;;;;MY_STIHL;https://app.stihl.com/nl-nl/mystihl/tools/add;authenticated MY STIHL UI lookup;TECHNICAL_TIMEOUT;;FALSE;FALSE;TRUE;FALSE;1;975;stihl_resultaten.csv
10374000;;2026-09-26;TECHNICAL_TIMEOUT;time-out;;;;;;MY_STIHL;https://app.stihl.com/nl-nl/mystihl/tools/add;authenticated MY STIHL UI lookup;TECHNICAL_TIMEOUT;;FALSE;FALSE;TRUE;FALSE;1;976;stihl_resultaten.csv
10375000;;2026-09-26;TECHNICAL_TIMEOUT;time-out;;;;;;MY_STIHL;https://app.stihl.com/nl-nl/mystihl/tools/add;authenticated MY STIHL UI lookup;TECHNICAL_TIMEOUT;;FALSE;FALSE;TRUE;FALSE;1;977;stihl_resultaten.csv
10376000;;2026-09-26;TECHNICAL_TIMEOUT;time-out;;;;;;MY_STIHL;https://app.stihl.com/nl-nl/mystihl/tools/add;authenticated MY STIHL UI lookup;TECHNICAL_TIMEOUT;;FALSE;FALSE;TRUE;FALSE;1;978;stihl_resultaten.csv
10377000;;2026-09-26;TECHNICAL_TIMEOUT;time-out;;;;;;MY_STIHL;https://app.stihl.com/nl-nl/mystihl/tools/add;authenticated MY STIHL UI lookup;TECHNICAL_TIMEOUT;;FALSE;FALSE;TRUE;FALSE;1;979;stihl_resultaten.csv
10378000;;2026-09-26;TECHNICAL_TIMEOUT;time-out;;;;;;MY_STIHL;https://app.stihl.com/nl-nl/mystihl/tools/add;authenticated MY STIHL UI lookup;TECHNICAL_TIMEOUT;;FALSE;FALSE;TRUE;FALSE;1;980;stihl_resultaten.csv
10379000;;2026-09-26;TECHNICAL_TIMEOUT;time-out;;;;;;MY_STIHL;https://app.stihl.com/nl-nl/mystihl/tools/add;authenticated MY STIHL UI lookup;TECHNICAL_TIMEOUT;;FALSE;FALSE;TRUE;FALSE;1;981;stihl_resultaten.csv
10380000;;2026-09-26;TECHNICAL_TIMEOUT;time-out;;;;;;MY_STIHL;https://app.stihl.com/nl-nl/mystihl/tools/add;authenticated MY STIHL UI lookup;TECHNICAL_TIMEOUT;;FALSE;FALSE;TRUE;FALSE;1;982;stihl_resultaten.csv
10381000;;2026-09-26;TECHNICAL_TIMEOUT;time-out;;;;;;MY_STIHL;https://app.stihl.com/nl-nl/mystihl/tools/add;authenticated MY STIHL UI lookup;TECHNICAL_TIMEOUT;;FALSE;FALSE;TRUE;FALSE;1;983;stihl_resultaten.csv
10382000;;2026-09-26;TECHNICAL_TIMEOUT;time-out;;;;;;MY_STIHL;https://app.stihl.com/nl-nl/mystihl/tools/add;authenticated MY STIHL UI lookup;TECHNICAL_TIMEOUT;;FALSE;FALSE;TRUE;FALSE;1;984;stihl_resultaten.csv
10383000;;2026-09-26;TECHNICAL_TIMEOUT;time-out;;;;;;MY_STIHL;https://app.stihl.com/nl-nl/mystihl/tools/add;authenticated MY STIHL UI lookup;TECHNICAL_TIMEOUT;;FALSE;FALSE;TRUE;FALSE;1;985;stihl_resultaten.csv
10384000;;2026-09-26;TECHNICAL_TIMEOUT;time-out;;;;;;MY_STIHL;https://app.stihl.com/nl-nl/mystihl/tools/add;authenticated MY STIHL UI lookup;TECHNICAL_TIMEOUT;;FALSE;FALSE;TRUE;FALSE;1;986;stihl_resultaten.csv
10385000;;2026-09-26;TECHNICAL_TIMEOUT;time-out;;;;;;MY_STIHL;https://app.stihl.com/nl-nl/mystihl/tools/add;authenticated MY STIHL UI lookup;TECHNICAL_TIMEOUT;;FALSE;FALSE;TRUE;FALSE;1;987;stihl_resultaten.csv
10386000;;2026-09-26;TECHNICAL_TIMEOUT;time-out;;;;;;MY_STIHL;https://app.stihl.com/nl-nl/mystihl/tools/add;authenticated MY STIHL UI lookup;TECHNICAL_TIMEOUT;;FALSE;FALSE;TRUE;FALSE;1;988;stihl_resultaten.csv
10387000;;2026-09-26;TECHNICAL_TIMEOUT;time-out;;;;;;MY_STIHL;https://app.stihl.com/nl-nl/mystihl/tools/add;authenticated MY STIHL UI lookup;TECHNICAL_TIMEOUT;;FALSE;FALSE;TRUE;FALSE;1;989;stihl_resultaten.csv
10388000;;2026-09-26;TECHNICAL_TIMEOUT;time-out;;;;;;MY_STIHL;https://app.stihl.com/nl-nl/mystihl/tools/add;authenticated MY STIHL UI lookup;TECHNICAL_TIMEOUT;;FALSE;FALSE;TRUE;FALSE;1;990;stihl_resultaten.csv
10389000;;2026-09-26;TECHNICAL_TIMEOUT;time-out;;;;;;MY_STIHL;https://app.stihl.com/nl-nl/mystihl/tools/add;authenticated MY STIHL UI lookup;TECHNICAL_TIMEOUT;;FALSE;FALSE;TRUE;FALSE;1;991;stihl_resultaten.csv
10390000;;2026-09-26;TECHNICAL_TIMEOUT;time-out;;;;;;MY_STIHL;https://app.stihl.com/nl-nl/mystihl/tools/add;authenticated MY STIHL UI lookup;TECHNICAL_TIMEOUT;;FALSE;FALSE;TRUE;FALSE;1;992;stihl_resultaten.csv
10391000;;2026-09-26;TECHNICAL_TIMEOUT;time-out;;;;;;MY_STIHL;https://app.stihl.com/nl-nl/mystihl/tools/add;authenticated MY STIHL UI lookup;TECHNICAL_TIMEOUT;;FALSE;FALSE;TRUE;FALSE;1;993;stihl_resultaten.csv
10392000;;2026-09-26;TECHNICAL_TIMEOUT;time-out;;;;;;MY_STIHL;https://app.stihl.com/nl-nl/mystihl/tools/add;authenticated MY STIHL UI lookup;TECHNICAL_TIMEOUT;;FALSE;FALSE;TRUE;FALSE;1;994;stihl_resultaten.csv
10393000;;2026-09-26;TECHNICAL_TIMEOUT;time-out;;;;;;MY_STIHL;https://app.stihl.com/nl-nl/mystihl/tools/add;authenticated MY STIHL UI lookup;TECHNICAL_TIMEOUT;;FALSE;FALSE;TRUE;FALSE;1;995;stihl_resultaten.csv
10394000;;2026-09-26;TECHNICAL_TIMEOUT;time-out;;;;;;MY_STIHL;https://app.stihl.com/nl-nl/mystihl/tools/add;authenticated MY STIHL UI lookup;TECHNICAL_TIMEOUT;;FALSE;FALSE;TRUE;FALSE;1;996;stihl_resultaten.csv
10395000;;2026-09-26;TECHNICAL_TIMEOUT;time-out;;;;;;MY_STIHL;https://app.stihl.com/nl-nl/mystihl/tools/add;authenticated MY STIHL UI lookup;TECHNICAL_TIMEOUT;;FALSE;FALSE;TRUE;FALSE;1;997;stihl_resultaten.csv
10396000;;2026-09-26;TECHNICAL_TIMEOUT;time-out;;;;;;MY_STIHL;https://app.stihl.com/nl-nl/mystihl/tools/add;authenticated MY STIHL UI lookup;TECHNICAL_TIMEOUT;;FALSE;FALSE;TRUE;FALSE;1;998;stihl_resultaten.csv
10397000;;2026-09-26;TECHNICAL_TIMEOUT;time-out;;;;;;MY_STIHL;https://app.stihl.com/nl-nl/mystihl/tools/add;authenticated MY STIHL UI lookup;TECHNICAL_TIMEOUT;;FALSE;FALSE;TRUE;FALSE;1;999;stihl_resultaten.csv
10398000;;2026-09-26;TECHNICAL_TIMEOUT;time-out;;;;;;MY_STIHL;https://app.stihl.com/nl-nl/mystihl/tools/add;authenticated MY STIHL UI lookup;TECHNICAL_TIMEOUT;;FALSE;FALSE;TRUE;FALSE;1;1000;stihl_resultaten.csv
10399000;;2026-09-26;TECHNICAL_TIMEOUT;time-out;;;;;;MY_STIHL;https://app.stihl.com/nl-nl/mystihl/tools/add;authenticated MY STIHL UI lookup;TECHNICAL_TIMEOUT;;FALSE;FALSE;TRUE;FALSE;1;1001;stihl_resultaten.csv
10400000;;2026-09-26;TECHNICAL_TIMEOUT;time-out;;;;;;MY_STIHL;https://app.stihl.com/nl-nl/mystihl/tools/add;authenticated MY STIHL UI lookup;TECHNICAL_TIMEOUT;;FALSE;FALSE;TRUE;FALSE;1;1002;stihl_resultaten.csv
10401000;;2026-09-26;TECHNICAL_TIMEOUT;time-out;;;;;;MY_STIHL;https://app.stihl.com/nl-nl/mystihl/tools/add;authenticated MY STIHL UI lookup;TECHNICAL_TIMEOUT;;FALSE;FALSE;TRUE;FALSE;1;1003;stihl_resultaten.csv
10402000;;2026-09-26;TECHNICAL_TIMEOUT;time-out;;;;;;MY_STIHL;https://app.stihl.com/nl-nl/mystihl/tools/add;authenticated MY STIHL UI lookup;TECHNICAL_TIMEOUT;;FALSE;FALSE;TRUE;FALSE;1;1004;stihl_resultaten.csv
10403000;;2026-09-26;TECHNICAL_TIMEOUT;time-out;;;;;;MY_STIHL;https://app.stihl.com/nl-nl/mystihl/tools/add;authenticated MY STIHL UI lookup;TECHNICAL_TIMEOUT;;FALSE;FALSE;TRUE;FALSE;1;1005;stihl_resultaten.csv
10404000;;2026-09-26;TECHNICAL_TIMEOUT;time-out;;;;;;MY_STIHL;https://app.stihl.com/nl-nl/mystihl/tools/add;authenticated MY STIHL UI lookup;TECHNICAL_TIMEOUT;;FALSE;FALSE;TRUE;FALSE;1;1006;stihl_resultaten.csv
10405000;;2026-09-26;TECHNICAL_TIMEOUT;time-out;;;;;;MY_STIHL;https://app.stihl.com/nl-nl/mystihl/tools/add;authenticated MY STIHL UI lookup;TECHNICAL_TIMEOUT;;FALSE;FALSE;TRUE;FALSE;1;1007;stihl_resultaten.csv
10406000;;2026-09-26;TECHNICAL_TIMEOUT;time-out;;;;;;MY_STIHL;https://app.stihl.com/nl-nl/mystihl/tools/add;authenticated MY STIHL UI lookup;TECHNICAL_TIMEOUT;;FALSE;FALSE;TRUE;FALSE;1;1008;stihl_resultaten.csv
10407000;;2026-09-26;TECHNICAL_TIMEOUT;time-out;;;;;;MY_STIHL;https://app.stihl.com/nl-nl/mystihl/tools/add;authenticated MY STIHL UI lookup;TECHNICAL_TIMEOUT;;FALSE;FALSE;TRUE;FALSE;1;1009;stihl_resultaten.csv
10408000;;2026-09-26;TECHNICAL_TIMEOUT;time-out;;;;;;MY_STIHL;https://app.stihl.com/nl-nl/mystihl/tools/add;authenticated MY STIHL UI lookup;TECHNICAL_TIMEOUT;;FALSE;FALSE;TRUE;FALSE;1;1010;stihl_resultaten.csv
10409000;;2026-09-26;TECHNICAL_TIMEOUT;time-out;;;;;;MY_STIHL;https://app.stihl.com/nl-nl/mystihl/tools/add;authenticated MY STIHL UI lookup;TECHNICAL_TIMEOUT;;FALSE;FALSE;TRUE;FALSE;1;1011;stihl_resultaten.csv
10410000;;2026-09-26;TECHNICAL_TIMEOUT;time-out;;;;;;MY_STIHL;https://app.stihl.com/nl-nl/mystihl/tools/add;authenticated MY STIHL UI lookup;TECHNICAL_TIMEOUT;;FALSE;FALSE;TRUE;FALSE;1;1012;stihl_resultaten.csv
10411000;;2026-09-26;TECHNICAL_TIMEOUT;time-out;;;;;;MY_STIHL;https://app.stihl.com/nl-nl/mystihl/tools/add;authenticated MY STIHL UI lookup;TECHNICAL_TIMEOUT;;FALSE;FALSE;TRUE;FALSE;1;1013;stihl_resultaten.csv
10412000;;2026-09-26;TECHNICAL_TIMEOUT;time-out;;;;;;MY_STIHL;https://app.stihl.com/nl-nl/mystihl/tools/add;authenticated MY STIHL UI lookup;TECHNICAL_TIMEOUT;;FALSE;FALSE;TRUE;FALSE;1;1014;stihl_resultaten.csv
10413000;;2026-09-26;TECHNICAL_TIMEOUT;time-out;;;;;;MY_STIHL;https://app.stihl.com/nl-nl/mystihl/tools/add;authenticated MY STIHL UI lookup;TECHNICAL_TIMEOUT;;FALSE;FALSE;TRUE;FALSE;1;1015;stihl_resultaten.csv
10414000;;2026-09-26;TECHNICAL_TIMEOUT;time-out;;;;;;MY_STIHL;https://app.stihl.com/nl-nl/mystihl/tools/add;authenticated MY STIHL UI lookup;TECHNICAL_TIMEOUT;;FALSE;FALSE;TRUE;FALSE;1;1016;stihl_resultaten.csv
10415000;;2026-09-26;TECHNICAL_TIMEOUT;time-out;;;;;;MY_STIHL;https://app.stihl.com/nl-nl/mystihl/tools/add;authenticated MY STIHL UI lookup;TECHNICAL_TIMEOUT;;FALSE;FALSE;TRUE;FALSE;1;1017;stihl_resultaten.csv
10416000;;2026-09-26;TECHNICAL_TIMEOUT;time-out;;;;;;MY_STIHL;https://app.stihl.com/nl-nl/mystihl/tools/add;authenticated MY STIHL UI lookup;TECHNICAL_TIMEOUT;;FALSE;FALSE;TRUE;FALSE;1;1018;stihl_resultaten.csv
10417000;;2026-09-26;TECHNICAL_TIMEOUT;time-out;;;;;;MY_STIHL;https://app.stihl.com/nl-nl/mystihl/tools/add;authenticated MY STIHL UI lookup;TECHNICAL_TIMEOUT;;FALSE;FALSE;TRUE;FALSE;1;1019;stihl_resultaten.csv
10418000;;2026-09-26;TECHNICAL_TIMEOUT;time-out;;;;;;MY_STIHL;https://app.stihl.com/nl-nl/mystihl/tools/add;authenticated MY STIHL UI lookup;TECHNICAL_TIMEOUT;;FALSE;FALSE;TRUE;FALSE;1;1020;stihl_resultaten.csv
10419000;;2026-09-26;TECHNICAL_TIMEOUT;time-out;;;;;;MY_STIHL;https://app.stihl.com/nl-nl/mystihl/tools/add;authenticated MY STIHL UI lookup;TECHNICAL_TIMEOUT;;FALSE;FALSE;TRUE;FALSE;1;1021;stihl_resultaten.csv
10420000;;2026-09-26;TECHNICAL_TIMEOUT;time-out;;;;;;MY_STIHL;https://app.stihl.com/nl-nl/mystihl/tools/add;authenticated MY STIHL UI lookup;TECHNICAL_TIMEOUT;;FALSE;FALSE;TRUE;FALSE;1;1022;stihl_resultaten.csv
10421000;;2026-09-26;TECHNICAL_TIMEOUT;time-out;;;;;;MY_STIHL;https://app.stihl.com/nl-nl/mystihl/tools/add;authenticated MY STIHL UI lookup;TECHNICAL_TIMEOUT;;FALSE;FALSE;TRUE;FALSE;1;1023;stihl_resultaten.csv
10422000;;2026-09-26;TECHNICAL_TIMEOUT;time-out;;;;;;MY_STIHL;https://app.stihl.com/nl-nl/mystihl/tools/add;authenticated MY STIHL UI lookup;TECHNICAL_TIMEOUT;;FALSE;FALSE;TRUE;FALSE;1;1024;stihl_resultaten.csv
10423000;;2026-09-26;TECHNICAL_TIMEOUT;time-out;;;;;;MY_STIHL;https://app.stihl.com/nl-nl/mystihl/tools/add;authenticated MY STIHL UI lookup;TECHNICAL_TIMEOUT;;FALSE;FALSE;TRUE;FALSE;1;1025;stihl_resultaten.csv
10424000;;2026-09-26;TECHNICAL_TIMEOUT;time-out;;;;;;MY_STIHL;https://app.stihl.com/nl-nl/mystihl/tools/add;authenticated MY STIHL UI lookup;TECHNICAL_TIMEOUT;;FALSE;FALSE;TRUE;FALSE;1;1026;stihl_resultaten.csv
10425000;;2026-09-26;TECHNICAL_TIMEOUT;time-out;;;;;;MY_STIHL;https://app.stihl.com/nl-nl/mystihl/tools/add;authenticated MY STIHL UI lookup;TECHNICAL_TIMEOUT;;FALSE;FALSE;TRUE;FALSE;1;1027;stihl_resultaten.csv
10426000;;2026-09-26;TECHNICAL_TIMEOUT;time-out;;;;;;MY_STIHL;https://app.stihl.com/nl-nl/mystihl/tools/add;authenticated MY STIHL UI lookup;TECHNICAL_TIMEOUT;;FALSE;FALSE;TRUE;FALSE;1;1028;stihl_resultaten.csv
10427000;;2026-09-26;TECHNICAL_TIMEOUT;time-out;;;;;;MY_STIHL;https://app.stihl.com/nl-nl/mystihl/tools/add;authenticated MY STIHL UI lookup;TECHNICAL_TIMEOUT;;FALSE;FALSE;TRUE;FALSE;1;1029;stihl_resultaten.csv
10428000;;2026-09-26;TECHNICAL_TIMEOUT;time-out;;;;;;MY_STIHL;https://app.stihl.com/nl-nl/mystihl/tools/add;authenticated MY STIHL UI lookup;TECHNICAL_TIMEOUT;;FALSE;FALSE;TRUE;FALSE;1;1030;stihl_resultaten.csv
10429000;;2026-09-26;TECHNICAL_TIMEOUT;time-out;;;;;;MY_STIHL;https://app.stihl.com/nl-nl/mystihl/tools/add;authenticated MY STIHL UI lookup;TECHNICAL_TIMEOUT;;FALSE;FALSE;TRUE;FALSE;1;1031;stihl_resultaten.csv
10430000;;2026-09-26;TECHNICAL_TIMEOUT;time-out;;;;;;MY_STIHL;https://app.stihl.com/nl-nl/mystihl/tools/add;authenticated MY STIHL UI lookup;TECHNICAL_TIMEOUT;;FALSE;FALSE;TRUE;FALSE;1;1032;stihl_resultaten.csv
10431000;;2026-09-26;TECHNICAL_TIMEOUT;time-out;;;;;;MY_STIHL;https://app.stihl.com/nl-nl/mystihl/tools/add;authenticated MY STIHL UI lookup;TECHNICAL_TIMEOUT;;FALSE;FALSE;TRUE;FALSE;1;1033;stihl_resultaten.csv
10432000;;2026-09-26;TECHNICAL_TIMEOUT;time-out;;;;;;MY_STIHL;https://app.stihl.com/nl-nl/mystihl/tools/add;authenticated MY STIHL UI lookup;TECHNICAL_TIMEOUT;;FALSE;FALSE;TRUE;FALSE;1;1034;stihl_resultaten.csv
10433000;;2026-09-26;TECHNICAL_TIMEOUT;time-out;;;;;;MY_STIHL;https://app.stihl.com/nl-nl/mystihl/tools/add;authenticated MY STIHL UI lookup;TECHNICAL_TIMEOUT;;FALSE;FALSE;TRUE;FALSE;1;1035;stihl_resultaten.csv
10434000;;2026-09-26;TECHNICAL_TIMEOUT;time-out;;;;;;MY_STIHL;https://app.stihl.com/nl-nl/mystihl/tools/add;authenticated MY STIHL UI lookup;TECHNICAL_TIMEOUT;;FALSE;FALSE;TRUE;FALSE;1;1036;stihl_resultaten.csv
10435000;;2026-09-26;TECHNICAL_TIMEOUT;time-out;;;;;;MY_STIHL;https://app.stihl.com/nl-nl/mystihl/tools/add;authenticated MY STIHL UI lookup;TECHNICAL_TIMEOUT;;FALSE;FALSE;TRUE;FALSE;1;1037;stihl_resultaten.csv
10436000;;2026-09-26;TECHNICAL_TIMEOUT;time-out;;;;;;MY_STIHL;https://app.stihl.com/nl-nl/mystihl/tools/add;authenticated MY STIHL UI lookup;TECHNICAL_TIMEOUT;;FALSE;FALSE;TRUE;FALSE;1;1038;stihl_resultaten.csv
10437000;;2026-09-26;TECHNICAL_TIMEOUT;time-out;;;;;;MY_STIHL;https://app.stihl.com/nl-nl/mystihl/tools/add;authenticated MY STIHL UI lookup;TECHNICAL_TIMEOUT;;FALSE;FALSE;TRUE;FALSE;1;1039;stihl_resultaten.csv
10438000;;2026-09-26;TECHNICAL_TIMEOUT;time-out;;;;;;MY_STIHL;https://app.stihl.com/nl-nl/mystihl/tools/add;authenticated MY STIHL UI lookup;TECHNICAL_TIMEOUT;;FALSE;FALSE;TRUE;FALSE;1;1040;stihl_resultaten.csv
10439000;;2026-09-26;TECHNICAL_TIMEOUT;time-out;;;;;;MY_STIHL;https://app.stihl.com/nl-nl/mystihl/tools/add;authenticated MY STIHL UI lookup;TECHNICAL_TIMEOUT;;FALSE;FALSE;TRUE;FALSE;1;1041;stihl_resultaten.csv
10440000;;2026-09-26;TECHNICAL_TIMEOUT;time-out;;;;;;MY_STIHL;https://app.stihl.com/nl-nl/mystihl/tools/add;authenticated MY STIHL UI lookup;TECHNICAL_TIMEOUT;;FALSE;FALSE;TRUE;FALSE;1;1042;stihl_resultaten.csv
10441000;;2026-09-26;TECHNICAL_TIMEOUT;time-out;;;;;;MY_STIHL;https://app.stihl.com/nl-nl/mystihl/tools/add;authenticated MY STIHL UI lookup;TECHNICAL_TIMEOUT;;FALSE;FALSE;TRUE;FALSE;1;1043;stihl_resultaten.csv
10442000;;2026-09-26;TECHNICAL_TIMEOUT;time-out;;;;;;MY_STIHL;https://app.stihl.com/nl-nl/mystihl/tools/add;authenticated MY STIHL UI lookup;TECHNICAL_TIMEOUT;;FALSE;FALSE;TRUE;FALSE;1;1044;stihl_resultaten.csv
10443000;;2026-09-26;TECHNICAL_TIMEOUT;time-out;;;;;;MY_STIHL;https://app.stihl.com/nl-nl/mystihl/tools/add;authenticated MY STIHL UI lookup;TECHNICAL_TIMEOUT;;FALSE;FALSE;TRUE;FALSE;1;1045;stihl_resultaten.csv
10444000;;2026-09-26;TECHNICAL_TIMEOUT;time-out;;;;;;MY_STIHL;https://app.stihl.com/nl-nl/mystihl/tools/add;authenticated MY STIHL UI lookup;TECHNICAL_TIMEOUT;;FALSE;FALSE;TRUE;FALSE;1;1046;stihl_resultaten.csv
10445000;;2026-09-26;TECHNICAL_TIMEOUT;time-out;;;;;;MY_STIHL;https://app.stihl.com/nl-nl/mystihl/tools/add;authenticated MY STIHL UI lookup;TECHNICAL_TIMEOUT;;FALSE;FALSE;TRUE;FALSE;1;1047;stihl_resultaten.csv
10446000;;2026-09-26;TECHNICAL_TIMEOUT;time-out;;;;;;MY_STIHL;https://app.stihl.com/nl-nl/mystihl/tools/add;authenticated MY STIHL UI lookup;TECHNICAL_TIMEOUT;;FALSE;FALSE;TRUE;FALSE;1;1048;stihl_resultaten.csv
10447000;;2026-09-26;TECHNICAL_TIMEOUT;time-out;;;;;;MY_STIHL;https://app.stihl.com/nl-nl/mystihl/tools/add;authenticated MY STIHL UI lookup;TECHNICAL_TIMEOUT;;FALSE;FALSE;TRUE;FALSE;1;1049;stihl_resultaten.csv
10448000;;2026-09-26;TECHNICAL_TIMEOUT;time-out;;;;;;MY_STIHL;https://app.stihl.com/nl-nl/mystihl/tools/add;authenticated MY STIHL UI lookup;TECHNICAL_TIMEOUT;;FALSE;FALSE;TRUE;FALSE;1;1050;stihl_resultaten.csv
10449000;;2026-09-26;TECHNICAL_TIMEOUT;time-out;;;;;;MY_STIHL;https://app.stihl.com/nl-nl/mystihl/tools/add;authenticated MY STIHL UI lookup;TECHNICAL_TIMEOUT;;FALSE;FALSE;TRUE;FALSE;1;1051;stihl_resultaten.csv
10450000;;2026-09-26;TECHNICAL_TIMEOUT;time-out;;;;;;MY_STIHL;https://app.stihl.com/nl-nl/mystihl/tools/add;authenticated MY STIHL UI lookup;TECHNICAL_TIMEOUT;;FALSE;FALSE;TRUE;FALSE;1;1052;stihl_resultaten.csv
10451000;;2026-09-26;TECHNICAL_TIMEOUT;time-out;;;;;;MY_STIHL;https://app.stihl.com/nl-nl/mystihl/tools/add;authenticated MY STIHL UI lookup;TECHNICAL_TIMEOUT;;FALSE;FALSE;TRUE;FALSE;1;1053;stihl_resultaten.csv
10452000;;2026-09-26;TECHNICAL_TIMEOUT;time-out;;;;;;MY_STIHL;https://app.stihl.com/nl-nl/mystihl/tools/add;authenticated MY STIHL UI lookup;TECHNICAL_TIMEOUT;;FALSE;FALSE;TRUE;FALSE;1;1054;stihl_resultaten.csv
10453000;;2026-09-26;TECHNICAL_TIMEOUT;time-out;;;;;;MY_STIHL;https://app.stihl.com/nl-nl/mystihl/tools/add;authenticated MY STIHL UI lookup;TECHNICAL_TIMEOUT;;FALSE;FALSE;TRUE;FALSE;1;1055;stihl_resultaten.csv
10454000;;2026-09-26;TECHNICAL_TIMEOUT;time-out;;;;;;MY_STIHL;https://app.stihl.com/nl-nl/mystihl/tools/add;authenticated MY STIHL UI lookup;TECHNICAL_TIMEOUT;;FALSE;FALSE;TRUE;FALSE;1;1056;stihl_resultaten.csv
10455000;;2026-09-26;TECHNICAL_TIMEOUT;time-out;;;;;;MY_STIHL;https://app.stihl.com/nl-nl/mystihl/tools/add;authenticated MY STIHL UI lookup;TECHNICAL_TIMEOUT;;FALSE;FALSE;TRUE;FALSE;1;1057;stihl_resultaten.csv
10456000;;2026-09-26;TECHNICAL_TIMEOUT;time-out;;;;;;MY_STIHL;https://app.stihl.com/nl-nl/mystihl/tools/add;authenticated MY STIHL UI lookup;TECHNICAL_TIMEOUT;;FALSE;FALSE;TRUE;FALSE;1;1058;stihl_resultaten.csv
10457000;;2026-09-26;TECHNICAL_TIMEOUT;time-out;;;;;;MY_STIHL;https://app.stihl.com/nl-nl/mystihl/tools/add;authenticated MY STIHL UI lookup;TECHNICAL_TIMEOUT;;FALSE;FALSE;TRUE;FALSE;1;1059;stihl_resultaten.csv
10458000;;2026-09-26;TECHNICAL_TIMEOUT;time-out;;;;;;MY_STIHL;https://app.stihl.com/nl-nl/mystihl/tools/add;authenticated MY STIHL UI lookup;TECHNICAL_TIMEOUT;;FALSE;FALSE;TRUE;FALSE;1;1060;stihl_resultaten.csv
10459000;;2026-09-26;TECHNICAL_TIMEOUT;time-out;;;;;;MY_STIHL;https://app.stihl.com/nl-nl/mystihl/tools/add;authenticated MY STIHL UI lookup;TECHNICAL_TIMEOUT;;FALSE;FALSE;TRUE;FALSE;1;1061;stihl_resultaten.csv
10460000;;2026-09-26;TECHNICAL_TIMEOUT;time-out;;;;;;MY_STIHL;https://app.stihl.com/nl-nl/mystihl/tools/add;authenticated MY STIHL UI lookup;TECHNICAL_TIMEOUT;;FALSE;FALSE;TRUE;FALSE;1;1062;stihl_resultaten.csv
10461000;;2026-09-26;TECHNICAL_TIMEOUT;time-out;;;;;;MY_STIHL;https://app.stihl.com/nl-nl/mystihl/tools/add;authenticated MY STIHL UI lookup;TECHNICAL_TIMEOUT;;FALSE;FALSE;TRUE;FALSE;1;1063;stihl_resultaten.csv
10462000;;2026-09-26;TECHNICAL_TIMEOUT;time-out;;;;;;MY_STIHL;https://app.stihl.com/nl-nl/mystihl/tools/add;authenticated MY STIHL UI lookup;TECHNICAL_TIMEOUT;;FALSE;FALSE;TRUE;FALSE;1;1064;stihl_resultaten.csv
10463000;;2026-09-26;TECHNICAL_TIMEOUT;time-out;;;;;;MY_STIHL;https://app.stihl.com/nl-nl/mystihl/tools/add;authenticated MY STIHL UI lookup;TECHNICAL_TIMEOUT;;FALSE;FALSE;TRUE;FALSE;1;1065;stihl_resultaten.csv
10464000;;2026-09-26;TECHNICAL_TIMEOUT;time-out;;;;;;MY_STIHL;https://app.stihl.com/nl-nl/mystihl/tools/add;authenticated MY STIHL UI lookup;TECHNICAL_TIMEOUT;;FALSE;FALSE;TRUE;FALSE;1;1066;stihl_resultaten.csv
10465000;;2026-09-26;TECHNICAL_TIMEOUT;time-out;;;;;;MY_STIHL;https://app.stihl.com/nl-nl/mystihl/tools/add;authenticated MY STIHL UI lookup;TECHNICAL_TIMEOUT;;FALSE;FALSE;TRUE;FALSE;1;1067;stihl_resultaten.csv
10466000;;2026-09-26;TECHNICAL_TIMEOUT;time-out;;;;;;MY_STIHL;https://app.stihl.com/nl-nl/mystihl/tools/add;authenticated MY STIHL UI lookup;TECHNICAL_TIMEOUT;;FALSE;FALSE;TRUE;FALSE;1;1068;stihl_resultaten.csv
10467000;;2026-09-26;TECHNICAL_TIMEOUT;time-out;;;;;;MY_STIHL;https://app.stihl.com/nl-nl/mystihl/tools/add;authenticated MY STIHL UI lookup;TECHNICAL_TIMEOUT;;FALSE;FALSE;TRUE;FALSE;1;1069;stihl_resultaten.csv
10468000;;2026-09-26;TECHNICAL_TIMEOUT;time-out;;;;;;MY_STIHL;https://app.stihl.com/nl-nl/mystihl/tools/add;authenticated MY STIHL UI lookup;TECHNICAL_TIMEOUT;;FALSE;FALSE;TRUE;FALSE;1;1070;stihl_resultaten.csv
10469000;;2026-09-26;TECHNICAL_TIMEOUT;time-out;;;;;;MY_STIHL;https://app.stihl.com/nl-nl/mystihl/tools/add;authenticated MY STIHL UI lookup;TECHNICAL_TIMEOUT;;FALSE;FALSE;TRUE;FALSE;1;1071;stihl_resultaten.csv
10470000;;2026-09-26;TECHNICAL_TIMEOUT;time-out;;;;;;MY_STIHL;https://app.stihl.com/nl-nl/mystihl/tools/add;authenticated MY STIHL UI lookup;TECHNICAL_TIMEOUT;;FALSE;FALSE;TRUE;FALSE;1;1072;stihl_resultaten.csv
10471000;;2026-09-26;TECHNICAL_TIMEOUT;time-out;;;;;;MY_STIHL;https://app.stihl.com/nl-nl/mystihl/tools/add;authenticated MY STIHL UI lookup;TECHNICAL_TIMEOUT;;FALSE;FALSE;TRUE;FALSE;1;1073;stihl_resultaten.csv
10472000;;2026-09-26;TECHNICAL_TIMEOUT;time-out;;;;;;MY_STIHL;https://app.stihl.com/nl-nl/mystihl/tools/add;authenticated MY STIHL UI lookup;TECHNICAL_TIMEOUT;;FALSE;FALSE;TRUE;FALSE;1;1074;stihl_resultaten.csv
10473000;;2026-09-26;TECHNICAL_TIMEOUT;time-out;;;;;;MY_STIHL;https://app.stihl.com/nl-nl/mystihl/tools/add;authenticated MY STIHL UI lookup;TECHNICAL_TIMEOUT;;FALSE;FALSE;TRUE;FALSE;1;1075;stihl_resultaten.csv
10474000;;2026-09-26;TECHNICAL_TIMEOUT;time-out;;;;;;MY_STIHL;https://app.stihl.com/nl-nl/mystihl/tools/add;authenticated MY STIHL UI lookup;TECHNICAL_TIMEOUT;;FALSE;FALSE;TRUE;FALSE;1;1076;stihl_resultaten.csv
10475000;;2026-09-26;TECHNICAL_TIMEOUT;time-out;;;;;;MY_STIHL;https://app.stihl.com/nl-nl/mystihl/tools/add;authenticated MY STIHL UI lookup;TECHNICAL_TIMEOUT;;FALSE;FALSE;TRUE;FALSE;1;1077;stihl_resultaten.csv
10476000;;2026-09-26;TECHNICAL_TIMEOUT;time-out;;;;;;MY_STIHL;https://app.stihl.com/nl-nl/mystihl/tools/add;authenticated MY STIHL UI lookup;TECHNICAL_TIMEOUT;;FALSE;FALSE;TRUE;FALSE;1;1078;stihl_resultaten.csv
10477000;;2026-09-26;TECHNICAL_TIMEOUT;time-out;;;;;;MY_STIHL;https://app.stihl.com/nl-nl/mystihl/tools/add;authenticated MY STIHL UI lookup;TECHNICAL_TIMEOUT;;FALSE;FALSE;TRUE;FALSE;1;1079;stihl_resultaten.csv
10478000;;2026-09-26;TECHNICAL_TIMEOUT;time-out;;;;;;MY_STIHL;https://app.stihl.com/nl-nl/mystihl/tools/add;authenticated MY STIHL UI lookup;TECHNICAL_TIMEOUT;;FALSE;FALSE;TRUE;FALSE;1;1080;stihl_resultaten.csv
10479000;;2026-09-26;TECHNICAL_TIMEOUT;time-out;;;;;;MY_STIHL;https://app.stihl.com/nl-nl/mystihl/tools/add;authenticated MY STIHL UI lookup;TECHNICAL_TIMEOUT;;FALSE;FALSE;TRUE;FALSE;1;1081;stihl_resultaten.csv
10480000;;2026-09-26;TECHNICAL_TIMEOUT;time-out;;;;;;MY_STIHL;https://app.stihl.com/nl-nl/mystihl/tools/add;authenticated MY STIHL UI lookup;TECHNICAL_TIMEOUT;;FALSE;FALSE;TRUE;FALSE;1;1082;stihl_resultaten.csv
10481000;;2026-09-26;TECHNICAL_TIMEOUT;time-out;;;;;;MY_STIHL;https://app.stihl.com/nl-nl/mystihl/tools/add;authenticated MY STIHL UI lookup;TECHNICAL_TIMEOUT;;FALSE;FALSE;TRUE;FALSE;1;1083;stihl_resultaten.csv
10482000;;2026-09-26;TECHNICAL_TIMEOUT;time-out;;;;;;MY_STIHL;https://app.stihl.com/nl-nl/mystihl/tools/add;authenticated MY STIHL UI lookup;TECHNICAL_TIMEOUT;;FALSE;FALSE;TRUE;FALSE;1;1084;stihl_resultaten.csv
10483000;;2026-09-26;TECHNICAL_TIMEOUT;time-out;;;;;;MY_STIHL;https://app.stihl.com/nl-nl/mystihl/tools/add;authenticated MY STIHL UI lookup;TECHNICAL_TIMEOUT;;FALSE;FALSE;TRUE;FALSE;1;1085;stihl_resultaten.csv
10484000;;2026-09-26;TECHNICAL_TIMEOUT;time-out;;;;;;MY_STIHL;https://app.stihl.com/nl-nl/mystihl/tools/add;authenticated MY STIHL UI lookup;TECHNICAL_TIMEOUT;;FALSE;FALSE;TRUE;FALSE;1;1086;stihl_resultaten.csv
10485000;;2026-09-26;TECHNICAL_TIMEOUT;time-out;;;;;;MY_STIHL;https://app.stihl.com/nl-nl/mystihl/tools/add;authenticated MY STIHL UI lookup;TECHNICAL_TIMEOUT;;FALSE;FALSE;TRUE;FALSE;1;1087;stihl_resultaten.csv
10486000;;2026-09-26;TECHNICAL_TIMEOUT;time-out;;;;;;MY_STIHL;https://app.stihl.com/nl-nl/mystihl/tools/add;authenticated MY STIHL UI lookup;TECHNICAL_TIMEOUT;;FALSE;FALSE;TRUE;FALSE;1;1088;stihl_resultaten.csv
10487000;;2026-09-26;TECHNICAL_TIMEOUT;time-out;;;;;;MY_STIHL;https://app.stihl.com/nl-nl/mystihl/tools/add;authenticated MY STIHL UI lookup;TECHNICAL_TIMEOUT;;FALSE;FALSE;TRUE;FALSE;1;1089;stihl_resultaten.csv
10488000;;2026-09-26;TECHNICAL_TIMEOUT;time-out;;;;;;MY_STIHL;https://app.stihl.com/nl-nl/mystihl/tools/add;authenticated MY STIHL UI lookup;TECHNICAL_TIMEOUT;;FALSE;FALSE;TRUE;FALSE;1;1090;stihl_resultaten.csv
10489000;;2026-09-26;TECHNICAL_TIMEOUT;time-out;;;;;;MY_STIHL;https://app.stihl.com/nl-nl/mystihl/tools/add;authenticated MY STIHL UI lookup;TECHNICAL_TIMEOUT;;FALSE;FALSE;TRUE;FALSE;1;1091;stihl_resultaten.csv
10490000;;2026-09-26;TECHNICAL_TIMEOUT;time-out;;;;;;MY_STIHL;https://app.stihl.com/nl-nl/mystihl/tools/add;authenticated MY STIHL UI lookup;TECHNICAL_TIMEOUT;;FALSE;FALSE;TRUE;FALSE;1;1092;stihl_resultaten.csv
10491000;;2026-09-26;TECHNICAL_TIMEOUT;time-out;;;;;;MY_STIHL;https://app.stihl.com/nl-nl/mystihl/tools/add;authenticated MY STIHL UI lookup;TECHNICAL_TIMEOUT;;FALSE;FALSE;TRUE;FALSE;1;1093;stihl_resultaten.csv
10492000;;2026-09-26;TECHNICAL_TIMEOUT;time-out;;;;;;MY_STIHL;https://app.stihl.com/nl-nl/mystihl/tools/add;authenticated MY STIHL UI lookup;TECHNICAL_TIMEOUT;;FALSE;FALSE;TRUE;FALSE;1;1094;stihl_resultaten.csv
10493000;;2026-09-26;TECHNICAL_TIMEOUT;time-out;;;;;;MY_STIHL;https://app.stihl.com/nl-nl/mystihl/tools/add;authenticated MY STIHL UI lookup;TECHNICAL_TIMEOUT;;FALSE;FALSE;TRUE;FALSE;1;1095;stihl_resultaten.csv
10494000;;2026-09-26;TECHNICAL_TIMEOUT;time-out;;;;;;MY_STIHL;https://app.stihl.com/nl-nl/mystihl/tools/add;authenticated MY STIHL UI lookup;TECHNICAL_TIMEOUT;;FALSE;FALSE;TRUE;FALSE;1;1096;stihl_resultaten.csv
10495000;;2026-09-26;TECHNICAL_TIMEOUT;time-out;;;;;;MY_STIHL;https://app.stihl.com/nl-nl/mystihl/tools/add;authenticated MY STIHL UI lookup;TECHNICAL_TIMEOUT;;FALSE;FALSE;TRUE;FALSE;1;1097;stihl_resultaten.csv
10496000;;2026-09-26;TECHNICAL_TIMEOUT;time-out;;;;;;MY_STIHL;https://app.stihl.com/nl-nl/mystihl/tools/add;authenticated MY STIHL UI lookup;TECHNICAL_TIMEOUT;;FALSE;FALSE;TRUE;FALSE;1;1098;stihl_resultaten.csv
10497000;;2026-09-26;TECHNICAL_TIMEOUT;time-out;;;;;;MY_STIHL;https://app.stihl.com/nl-nl/mystihl/tools/add;authenticated MY STIHL UI lookup;TECHNICAL_TIMEOUT;;FALSE;FALSE;TRUE;FALSE;1;1099;stihl_resultaten.csv
10498000;;2026-09-26;TECHNICAL_TIMEOUT;time-out;;;;;;MY_STIHL;https://app.stihl.com/nl-nl/mystihl/tools/add;authenticated MY STIHL UI lookup;TECHNICAL_TIMEOUT;;FALSE;FALSE;TRUE;FALSE;1;1100;stihl_resultaten.csv
10499000;;2026-09-26;TECHNICAL_TIMEOUT;time-out;;;;;;MY_STIHL;https://app.stihl.com/nl-nl/mystihl/tools/add;authenticated MY STIHL UI lookup;TECHNICAL_TIMEOUT;;FALSE;FALSE;TRUE;FALSE;2;1101|1102;stihl_resultaten.csv
10500000;;2026-09-26;TECHNICAL_TIMEOUT;time-out;;;;;;MY_STIHL;https://app.stihl.com/nl-nl/mystihl/tools/add;authenticated MY STIHL UI lookup;TECHNICAL_TIMEOUT;;FALSE;FALSE;TRUE;FALSE;1;1103;stihl_resultaten.csv
10501000;;2026-09-26;TECHNICAL_TIMEOUT;time-out;;;;;;MY_STIHL;https://app.stihl.com/nl-nl/mystihl/tools/add;authenticated MY STIHL UI lookup;TECHNICAL_TIMEOUT;;FALSE;FALSE;TRUE;FALSE;1;1104;stihl_resultaten.csv
10502000;;2026-09-26;TECHNICAL_TIMEOUT;time-out;;;;;;MY_STIHL;https://app.stihl.com/nl-nl/mystihl/tools/add;authenticated MY STIHL UI lookup;TECHNICAL_TIMEOUT;;FALSE;FALSE;TRUE;FALSE;1;1105;stihl_resultaten.csv
10503000;;2026-09-26;TECHNICAL_TIMEOUT;time-out;;;;;;MY_STIHL;https://app.stihl.com/nl-nl/mystihl/tools/add;authenticated MY STIHL UI lookup;TECHNICAL_TIMEOUT;;FALSE;FALSE;TRUE;FALSE;1;1106;stihl_resultaten.csv
10504000;;2026-09-26;TECHNICAL_TIMEOUT;time-out;;;;;;MY_STIHL;https://app.stihl.com/nl-nl/mystihl/tools/add;authenticated MY STIHL UI lookup;TECHNICAL_TIMEOUT;;FALSE;FALSE;TRUE;FALSE;1;1107;stihl_resultaten.csv
10505000;;2026-09-26;TECHNICAL_TIMEOUT;time-out;;;;;;MY_STIHL;https://app.stihl.com/nl-nl/mystihl/tools/add;authenticated MY STIHL UI lookup;TECHNICAL_TIMEOUT;;FALSE;FALSE;TRUE;FALSE;1;1108;stihl_resultaten.csv
10506000;010506000;2026-09-26;OFFICIAL_EXACT_FOUND;gevonden;"Motorzaag / Benzine 070 .404"" P Motorsäge";Motorzaag;Benzine;"070 .404"" P Motorsäge";070;MY_STIHL;https://app.stihl.com/nl-nl/mystihl/tools/add/serial-number;authenticated MY STIHL UI lookup;OFFICIAL_WEB_LOOKUP;OFFICIAL_STIHL_LOOKUP;TRUE;FALSE;FALSE;TRUE;1;1109;stihl_resultaten.csv
10507000;010507000;2026-09-26;OFFICIAL_EXACT_FOUND;gevonden;"Motorzaag / Benzine 070 .404"" P Motorsäge";Motorzaag;Benzine;"070 .404"" P Motorsäge";070;MY_STIHL;https://app.stihl.com/nl-nl/mystihl/tools/add/serial-number;authenticated MY STIHL UI lookup;OFFICIAL_WEB_LOOKUP;OFFICIAL_STIHL_LOOKUP;TRUE;FALSE;FALSE;TRUE;1;1110;stihl_resultaten.csv
10508000;010508000;2026-09-26;OFFICIAL_EXACT_FOUND;gevonden;"Motorzaag / Benzine 070 .404"" P Motorsäge";Motorzaag;Benzine;"070 .404"" P Motorsäge";070;MY_STIHL;https://app.stihl.com/nl-nl/mystihl/tools/add/serial-number;authenticated MY STIHL UI lookup;OFFICIAL_WEB_LOOKUP;OFFICIAL_STIHL_LOOKUP;TRUE;FALSE;FALSE;TRUE;1;1111;stihl_resultaten.csv
10509000;010509000;2026-09-26;OFFICIAL_EXACT_FOUND;gevonden;"Motorzaag / Benzine 070 .404"" P Motorsäge";Motorzaag;Benzine;"070 .404"" P Motorsäge";070;MY_STIHL;https://app.stihl.com/nl-nl/mystihl/tools/add/serial-number;authenticated MY STIHL UI lookup;OFFICIAL_WEB_LOOKUP;OFFICIAL_STIHL_LOOKUP;TRUE;FALSE;FALSE;TRUE;1;1112;stihl_resultaten.csv
10510000;010510000;2026-09-26;OFFICIAL_EXACT_FOUND;gevonden;"Motorzaag / Benzine 070 .404"" P Motorsäge";Motorzaag;Benzine;"070 .404"" P Motorsäge";070;MY_STIHL;https://app.stihl.com/nl-nl/mystihl/tools/add/serial-number;authenticated MY STIHL UI lookup;OFFICIAL_WEB_LOOKUP;OFFICIAL_STIHL_LOOKUP;TRUE;FALSE;FALSE;TRUE;1;1113;stihl_resultaten.csv
10511000;010511000;2026-09-26;OFFICIAL_EXACT_FOUND;gevonden;"Motorzaag / Benzine 070 .404"" P Motorsäge";Motorzaag;Benzine;"070 .404"" P Motorsäge";070;MY_STIHL;https://app.stihl.com/nl-nl/mystihl/tools/add/serial-number;authenticated MY STIHL UI lookup;OFFICIAL_WEB_LOOKUP;OFFICIAL_STIHL_LOOKUP;TRUE;FALSE;FALSE;TRUE;1;1114;stihl_resultaten.csv
10512000;;2026-09-26;TECHNICAL_TIMEOUT;time-out;;;;;;MY_STIHL;https://app.stihl.com/nl-nl/mystihl/tools/add;authenticated MY STIHL UI lookup;TECHNICAL_TIMEOUT;;FALSE;FALSE;TRUE;FALSE;1;1115;stihl_resultaten.csv
10513000;;2026-09-26;TECHNICAL_TIMEOUT;time-out;;;;;;MY_STIHL;https://app.stihl.com/nl-nl/mystihl/tools/add;authenticated MY STIHL UI lookup;TECHNICAL_TIMEOUT;;FALSE;FALSE;TRUE;FALSE;1;1116;stihl_resultaten.csv
10514000;;2026-09-26;TECHNICAL_TIMEOUT;time-out;;;;;;MY_STIHL;https://app.stihl.com/nl-nl/mystihl/tools/add;authenticated MY STIHL UI lookup;TECHNICAL_TIMEOUT;;FALSE;FALSE;TRUE;FALSE;1;1117;stihl_resultaten.csv
10515000;;2026-09-26;TECHNICAL_TIMEOUT;time-out;;;;;;MY_STIHL;https://app.stihl.com/nl-nl/mystihl/tools/add;authenticated MY STIHL UI lookup;TECHNICAL_TIMEOUT;;FALSE;FALSE;TRUE;FALSE;1;1118;stihl_resultaten.csv
10516000;;2026-09-26;TECHNICAL_TIMEOUT;time-out;;;;;;MY_STIHL;https://app.stihl.com/nl-nl/mystihl/tools/add;authenticated MY STIHL UI lookup;TECHNICAL_TIMEOUT;;FALSE;FALSE;TRUE;FALSE;1;1119;stihl_resultaten.csv
10517000;;2026-09-26;TECHNICAL_TIMEOUT;time-out;;;;;;MY_STIHL;https://app.stihl.com/nl-nl/mystihl/tools/add;authenticated MY STIHL UI lookup;TECHNICAL_TIMEOUT;;FALSE;FALSE;TRUE;FALSE;1;1120;stihl_resultaten.csv
10518000;;2026-09-26;TECHNICAL_TIMEOUT;time-out;;;;;;MY_STIHL;https://app.stihl.com/nl-nl/mystihl/tools/add;authenticated MY STIHL UI lookup;TECHNICAL_TIMEOUT;;FALSE;FALSE;TRUE;FALSE;1;1121;stihl_resultaten.csv
10519000;;2026-09-26;TECHNICAL_TIMEOUT;time-out;;;;;;MY_STIHL;https://app.stihl.com/nl-nl/mystihl/tools/add;authenticated MY STIHL UI lookup;TECHNICAL_TIMEOUT;;FALSE;FALSE;TRUE;FALSE;1;1122;stihl_resultaten.csv
10520000;;2026-09-26;TECHNICAL_TIMEOUT;time-out;;;;;;MY_STIHL;https://app.stihl.com/nl-nl/mystihl/tools/add;authenticated MY STIHL UI lookup;TECHNICAL_TIMEOUT;;FALSE;FALSE;TRUE;FALSE;1;1123;stihl_resultaten.csv
10521000;;2026-09-26;TECHNICAL_TIMEOUT;time-out;;;;;;MY_STIHL;https://app.stihl.com/nl-nl/mystihl/tools/add;authenticated MY STIHL UI lookup;TECHNICAL_TIMEOUT;;FALSE;FALSE;TRUE;FALSE;1;1124;stihl_resultaten.csv
10522000;;2026-09-26;TECHNICAL_TIMEOUT;time-out;;;;;;MY_STIHL;https://app.stihl.com/nl-nl/mystihl/tools/add;authenticated MY STIHL UI lookup;TECHNICAL_TIMEOUT;;FALSE;FALSE;TRUE;FALSE;1;1125;stihl_resultaten.csv
10523000;;2026-09-26;TECHNICAL_TIMEOUT;time-out;;;;;;MY_STIHL;https://app.stihl.com/nl-nl/mystihl/tools/add;authenticated MY STIHL UI lookup;TECHNICAL_TIMEOUT;;FALSE;FALSE;TRUE;FALSE;1;1126;stihl_resultaten.csv
10524000;;2026-09-26;TECHNICAL_TIMEOUT;time-out;;;;;;MY_STIHL;https://app.stihl.com/nl-nl/mystihl/tools/add;authenticated MY STIHL UI lookup;TECHNICAL_TIMEOUT;;FALSE;FALSE;TRUE;FALSE;1;1127;stihl_resultaten.csv
10525000;;2026-09-26;TECHNICAL_TIMEOUT;time-out;;;;;;MY_STIHL;https://app.stihl.com/nl-nl/mystihl/tools/add;authenticated MY STIHL UI lookup;TECHNICAL_TIMEOUT;;FALSE;FALSE;TRUE;FALSE;1;1128;stihl_resultaten.csv
10526000;;2026-09-26;TECHNICAL_TIMEOUT;time-out;;;;;;MY_STIHL;https://app.stihl.com/nl-nl/mystihl/tools/add;authenticated MY STIHL UI lookup;TECHNICAL_TIMEOUT;;FALSE;FALSE;TRUE;FALSE;1;1129;stihl_resultaten.csv
10527000;;2026-09-26;TECHNICAL_TIMEOUT;time-out;;;;;;MY_STIHL;https://app.stihl.com/nl-nl/mystihl/tools/add;authenticated MY STIHL UI lookup;TECHNICAL_TIMEOUT;;FALSE;FALSE;TRUE;FALSE;1;1130;stihl_resultaten.csv
10528000;;2026-09-26;TECHNICAL_TIMEOUT;time-out;;;;;;MY_STIHL;https://app.stihl.com/nl-nl/mystihl/tools/add;authenticated MY STIHL UI lookup;TECHNICAL_TIMEOUT;;FALSE;FALSE;TRUE;FALSE;1;1131;stihl_resultaten.csv
10529000;;2026-09-26;TECHNICAL_TIMEOUT;time-out;;;;;;MY_STIHL;https://app.stihl.com/nl-nl/mystihl/tools/add;authenticated MY STIHL UI lookup;TECHNICAL_TIMEOUT;;FALSE;FALSE;TRUE;FALSE;1;1132;stihl_resultaten.csv
10530000;;2026-09-26;TECHNICAL_TIMEOUT;time-out;;;;;;MY_STIHL;https://app.stihl.com/nl-nl/mystihl/tools/add;authenticated MY STIHL UI lookup;TECHNICAL_TIMEOUT;;FALSE;FALSE;TRUE;FALSE;1;1133;stihl_resultaten.csv
10531000;;2026-09-26;TECHNICAL_TIMEOUT;time-out;;;;;;MY_STIHL;https://app.stihl.com/nl-nl/mystihl/tools/add;authenticated MY STIHL UI lookup;TECHNICAL_TIMEOUT;;FALSE;FALSE;TRUE;FALSE;1;1134;stihl_resultaten.csv
10532000;;2026-09-26;TECHNICAL_TIMEOUT;time-out;;;;;;MY_STIHL;https://app.stihl.com/nl-nl/mystihl/tools/add;authenticated MY STIHL UI lookup;TECHNICAL_TIMEOUT;;FALSE;FALSE;TRUE;FALSE;1;1135;stihl_resultaten.csv
10533000;;2026-09-26;TECHNICAL_TIMEOUT;time-out;;;;;;MY_STIHL;https://app.stihl.com/nl-nl/mystihl/tools/add;authenticated MY STIHL UI lookup;TECHNICAL_TIMEOUT;;FALSE;FALSE;TRUE;FALSE;1;1136;stihl_resultaten.csv
10534000;;2026-09-26;TECHNICAL_TIMEOUT;time-out;;;;;;MY_STIHL;https://app.stihl.com/nl-nl/mystihl/tools/add;authenticated MY STIHL UI lookup;TECHNICAL_TIMEOUT;;FALSE;FALSE;TRUE;FALSE;1;1137;stihl_resultaten.csv
10535000;010535000;2026-09-26;OFFICIAL_EXACT_FOUND;gevonden;Toebehoren BT309-660 1/MIN;;;Toebehoren BT309-660 1/MIN;;MY_STIHL;https://app.stihl.com/nl-nl/mystihl/tools/add/serial-number;authenticated MY STIHL UI lookup;OFFICIAL_WEB_LOOKUP;OFFICIAL_STIHL_LOOKUP;TRUE;FALSE;FALSE;TRUE;1;1138;stihl_resultaten.csv
10536000;;2026-09-26;TECHNICAL_TIMEOUT;time-out;;;;;;MY_STIHL;https://app.stihl.com/nl-nl/mystihl/tools/add;authenticated MY STIHL UI lookup;TECHNICAL_TIMEOUT;;FALSE;FALSE;TRUE;FALSE;1;1139;stihl_resultaten.csv
10537000;;2026-09-26;TECHNICAL_TIMEOUT;time-out;;;;;;MY_STIHL;https://app.stihl.com/nl-nl/mystihl/tools/add;authenticated MY STIHL UI lookup;TECHNICAL_TIMEOUT;;FALSE;FALSE;TRUE;FALSE;1;1140;stihl_resultaten.csv
10538000;010538000;2026-09-26;OFFICIAL_EXACT_FOUND;gevonden;"Motorzaag / Benzine 070 .404"" P Motorsäge";Motorzaag;Benzine;"070 .404"" P Motorsäge";070;MY_STIHL;https://app.stihl.com/nl-nl/mystihl/tools/add/serial-number;authenticated MY STIHL UI lookup;OFFICIAL_WEB_LOOKUP;OFFICIAL_STIHL_LOOKUP;TRUE;FALSE;FALSE;TRUE;1;1141;stihl_resultaten.csv
10539000;010539000;2026-09-26;OFFICIAL_EXACT_FOUND;gevonden;"Motorzaag / Benzine 070 .404"" P Motorsäge";Motorzaag;Benzine;"070 .404"" P Motorsäge";070;MY_STIHL;https://app.stihl.com/nl-nl/mystihl/tools/add/serial-number;authenticated MY STIHL UI lookup;OFFICIAL_WEB_LOOKUP;OFFICIAL_STIHL_LOOKUP;TRUE;FALSE;FALSE;TRUE;1;1142;stihl_resultaten.csv
10540000;010540000;2026-09-26;OFFICIAL_EXACT_FOUND;gevonden;"Motorzaag / Benzine 070 .404"" P Motorsäge";Motorzaag;Benzine;"070 .404"" P Motorsäge";070;MY_STIHL;https://app.stihl.com/nl-nl/mystihl/tools/add/serial-number;authenticated MY STIHL UI lookup;OFFICIAL_WEB_LOOKUP;OFFICIAL_STIHL_LOOKUP;TRUE;FALSE;FALSE;TRUE;1;1143;stihl_resultaten.csv
10541000;010541000;2026-09-26;OFFICIAL_EXACT_FOUND;gevonden;"Motorzaag / Benzine 070 .404"" P Motorsäge";Motorzaag;Benzine;"070 .404"" P Motorsäge";070;MY_STIHL;https://app.stihl.com/nl-nl/mystihl/tools/add/serial-number;authenticated MY STIHL UI lookup;OFFICIAL_WEB_LOOKUP;OFFICIAL_STIHL_LOOKUP;TRUE;FALSE;FALSE;TRUE;1;1144;stihl_resultaten.csv
10542000;010542000;2026-09-26;OFFICIAL_EXACT_FOUND;gevonden;"Motorzaag / Benzine 070 .404"" P Motorsäge";Motorzaag;Benzine;"070 .404"" P Motorsäge";070;MY_STIHL;https://app.stihl.com/nl-nl/mystihl/tools/add/serial-number;authenticated MY STIHL UI lookup;OFFICIAL_WEB_LOOKUP;OFFICIAL_STIHL_LOOKUP;TRUE;FALSE;FALSE;TRUE;1;1145;stihl_resultaten.csv
10543000;010543000;2026-09-26;OFFICIAL_EXACT_FOUND;gevonden;"Motorzaag / Benzine 070 .404"" P Motorsäge";Motorzaag;Benzine;"070 .404"" P Motorsäge";070;MY_STIHL;https://app.stihl.com/nl-nl/mystihl/tools/add/serial-number;authenticated MY STIHL UI lookup;OFFICIAL_WEB_LOOKUP;OFFICIAL_STIHL_LOOKUP;TRUE;FALSE;FALSE;TRUE;1;1146;stihl_resultaten.csv
10544000;010544000;2026-09-26;OFFICIAL_EXACT_FOUND;gevonden;"Motorzaag / Benzine 070 .404"" P Motorsäge";Motorzaag;Benzine;"070 .404"" P Motorsäge";070;MY_STIHL;https://app.stihl.com/nl-nl/mystihl/tools/add/serial-number;authenticated MY STIHL UI lookup;OFFICIAL_WEB_LOOKUP;OFFICIAL_STIHL_LOOKUP;TRUE;FALSE;FALSE;TRUE;1;1147;stihl_resultaten.csv
10545000;010545000;2026-09-26;OFFICIAL_EXACT_FOUND;gevonden;"Motorzaag / Benzine 070 .404"" P Motorsäge";Motorzaag;Benzine;"070 .404"" P Motorsäge";070;MY_STIHL;https://app.stihl.com/nl-nl/mystihl/tools/add/serial-number;authenticated MY STIHL UI lookup;OFFICIAL_WEB_LOOKUP;OFFICIAL_STIHL_LOOKUP;TRUE;FALSE;FALSE;TRUE;1;1148;stihl_resultaten.csv
10546000;010546000;2026-09-26;OFFICIAL_EXACT_FOUND;gevonden;"Motorzaag / Benzine 070 .404"" P Motorsäge";Motorzaag;Benzine;"070 .404"" P Motorsäge";070;MY_STIHL;https://app.stihl.com/nl-nl/mystihl/tools/add/serial-number;authenticated MY STIHL UI lookup;OFFICIAL_WEB_LOOKUP;OFFICIAL_STIHL_LOOKUP;TRUE;FALSE;FALSE;TRUE;1;1149;stihl_resultaten.csv
10547000;010547000;2026-09-26;OFFICIAL_EXACT_FOUND;gevonden;"Motorzaag / Benzine 070 .404"" P Motorsäge";Motorzaag;Benzine;"070 .404"" P Motorsäge";070;MY_STIHL;https://app.stihl.com/nl-nl/mystihl/tools/add/serial-number;authenticated MY STIHL UI lookup;OFFICIAL_WEB_LOOKUP;OFFICIAL_STIHL_LOOKUP;TRUE;FALSE;FALSE;TRUE;1;1150;stihl_resultaten.csv
10548000;010548000;2026-09-26;OFFICIAL_EXACT_FOUND;gevonden;"Motorzaag / Benzine 070 .404"" P Motorsäge";Motorzaag;Benzine;"070 .404"" P Motorsäge";070;MY_STIHL;https://app.stihl.com/nl-nl/mystihl/tools/add/serial-number;authenticated MY STIHL UI lookup;OFFICIAL_WEB_LOOKUP;OFFICIAL_STIHL_LOOKUP;TRUE;FALSE;FALSE;TRUE;1;1151;stihl_resultaten.csv
10549000;010549000;2026-09-26;OFFICIAL_EXACT_FOUND;gevonden;"Motorzaag / Benzine 070 .404"" P Motorsäge";Motorzaag;Benzine;"070 .404"" P Motorsäge";070;MY_STIHL;https://app.stihl.com/nl-nl/mystihl/tools/add/serial-number;authenticated MY STIHL UI lookup;OFFICIAL_WEB_LOOKUP;OFFICIAL_STIHL_LOOKUP;TRUE;FALSE;FALSE;TRUE;1;1152;stihl_resultaten.csv
10550000;010550000;2026-09-26;OFFICIAL_EXACT_FOUND;gevonden;"Motorzaag / Benzine 070 .404"" P Motorsäge";Motorzaag;Benzine;"070 .404"" P Motorsäge";070;MY_STIHL;https://app.stihl.com/nl-nl/mystihl/tools/add/serial-number;authenticated MY STIHL UI lookup;OFFICIAL_WEB_LOOKUP;OFFICIAL_STIHL_LOOKUP;TRUE;FALSE;FALSE;TRUE;1;1153;stihl_resultaten.csv
10551000;010551000;2026-09-26;OFFICIAL_EXACT_FOUND;gevonden;"Motorzaag / Benzine 090 R .404""7Z-P-STIHL Motorsäge";Motorzaag;Benzine;"090 R .404""7Z-P-STIHL Motorsäge";090;MY_STIHL;https://app.stihl.com/nl-nl/mystihl/tools/add/serial-number;authenticated MY STIHL UI lookup;OFFICIAL_WEB_LOOKUP;OFFICIAL_STIHL_LOOKUP;TRUE;FALSE;FALSE;TRUE;1;1154;stihl_resultaten.csv
10552000;010552000;2026-09-26;OFFICIAL_EXACT_FOUND;gevonden;Motorzaag / Benzine 08 SQ STIHL Motorsäge;Motorzaag;Benzine;08 SQ STIHL Motorsäge;08 SQ;MY_STIHL;https://app.stihl.com/nl-nl/mystihl/tools/add/serial-number;authenticated MY STIHL UI lookup;OFFICIAL_WEB_LOOKUP;OFFICIAL_STIHL_LOOKUP;TRUE;FALSE;FALSE;TRUE;1;1155;stihl_resultaten.csv
10553000;010553000;2026-09-26;OFFICIAL_EXACT_FOUND;gevonden;Motorzaag / Benzine 08 SQ STIHL Motorsäge;Motorzaag;Benzine;08 SQ STIHL Motorsäge;08 SQ;MY_STIHL;https://app.stihl.com/nl-nl/mystihl/tools/add/serial-number;authenticated MY STIHL UI lookup;OFFICIAL_WEB_LOOKUP;OFFICIAL_STIHL_LOOKUP;TRUE;FALSE;FALSE;TRUE;1;1156;stihl_resultaten.csv
10554000;010554000;2026-09-26;OFFICIAL_EXACT_FOUND;gevonden;Algemeen gemotoriseerd / Benzine 08 S Ersatzmotor;Algemeen gemotoriseerd;Benzine;08 S Ersatzmotor;08 S;MY_STIHL;https://app.stihl.com/nl-nl/mystihl/tools/add/serial-number;authenticated MY STIHL UI lookup;OFFICIAL_WEB_LOOKUP;OFFICIAL_STIHL_LOOKUP;TRUE;FALSE;FALSE;TRUE;1;1157;stihl_resultaten.csv
10555000;010555000;2026-09-26;OFFICIAL_EXACT_FOUND;gevonden;"Motorzaag / Benzine 076 AVEQ .404""7Z-P- STIHL Motorsäge";Motorzaag;Benzine;"076 AVEQ .404""7Z-P- STIHL Motorsäge";076;MY_STIHL;https://app.stihl.com/nl-nl/mystihl/tools/add/serial-number;authenticated MY STIHL UI lookup;OFFICIAL_WEB_LOOKUP;OFFICIAL_STIHL_LOOKUP;TRUE;FALSE;FALSE;TRUE;1;1158;stihl_resultaten.csv
10556000;;2026-09-26;TECHNICAL_TIMEOUT;time-out;;;;;;MY_STIHL;https://app.stihl.com/nl-nl/mystihl/tools/add;authenticated MY STIHL UI lookup;TECHNICAL_TIMEOUT;;FALSE;FALSE;TRUE;FALSE;1;1159;stihl_resultaten.csv
10557000;;2026-09-26;TECHNICAL_TIMEOUT;time-out;;;;;;MY_STIHL;https://app.stihl.com/nl-nl/mystihl/tools/add;authenticated MY STIHL UI lookup;TECHNICAL_TIMEOUT;;FALSE;FALSE;TRUE;FALSE;1;1160;stihl_resultaten.csv
10558000;;2026-09-26;TECHNICAL_TIMEOUT;time-out;;;;;;MY_STIHL;https://app.stihl.com/nl-nl/mystihl/tools/add;authenticated MY STIHL UI lookup;TECHNICAL_TIMEOUT;;FALSE;FALSE;TRUE;FALSE;1;1161;stihl_resultaten.csv
10559000;;2026-09-26;TECHNICAL_TIMEOUT;time-out;;;;;;MY_STIHL;https://app.stihl.com/nl-nl/mystihl/tools/add;authenticated MY STIHL UI lookup;TECHNICAL_TIMEOUT;;FALSE;FALSE;TRUE;FALSE;1;1162;stihl_resultaten.csv
10560000;;2026-09-26;TECHNICAL_TIMEOUT;time-out;;;;;;MY_STIHL;https://app.stihl.com/nl-nl/mystihl/tools/add;authenticated MY STIHL UI lookup;TECHNICAL_TIMEOUT;;FALSE;FALSE;TRUE;FALSE;1;1163;stihl_resultaten.csv
10561000;;2026-09-26;TECHNICAL_TIMEOUT;time-out;;;;;;MY_STIHL;https://app.stihl.com/nl-nl/mystihl/tools/add;authenticated MY STIHL UI lookup;TECHNICAL_TIMEOUT;;FALSE;FALSE;TRUE;FALSE;1;1164;stihl_resultaten.csv
10562000;;2026-09-26;TECHNICAL_TIMEOUT;time-out;;;;;;MY_STIHL;https://app.stihl.com/nl-nl/mystihl/tools/add;authenticated MY STIHL UI lookup;TECHNICAL_TIMEOUT;;FALSE;FALSE;TRUE;FALSE;1;1165;stihl_resultaten.csv
10563000;;2026-09-26;TECHNICAL_TIMEOUT;time-out;;;;;;MY_STIHL;https://app.stihl.com/nl-nl/mystihl/tools/add;authenticated MY STIHL UI lookup;TECHNICAL_TIMEOUT;;FALSE;FALSE;TRUE;FALSE;1;1166;stihl_resultaten.csv
10564000;;2026-09-26;TECHNICAL_TIMEOUT;time-out;;;;;;MY_STIHL;https://app.stihl.com/nl-nl/mystihl/tools/add;authenticated MY STIHL UI lookup;TECHNICAL_TIMEOUT;;FALSE;FALSE;TRUE;FALSE;1;1167;stihl_resultaten.csv
10565000;;2026-09-26;TECHNICAL_TIMEOUT;time-out;;;;;;MY_STIHL;https://app.stihl.com/nl-nl/mystihl/tools/add;authenticated MY STIHL UI lookup;TECHNICAL_TIMEOUT;;FALSE;FALSE;TRUE;FALSE;1;1168;stihl_resultaten.csv
10566000;;2026-09-26;TECHNICAL_TIMEOUT;time-out;;;;;;MY_STIHL;https://app.stihl.com/nl-nl/mystihl/tools/add;authenticated MY STIHL UI lookup;TECHNICAL_TIMEOUT;;FALSE;FALSE;TRUE;FALSE;1;1169;stihl_resultaten.csv
10567000;;2026-09-26;TECHNICAL_TIMEOUT;time-out;;;;;;MY_STIHL;https://app.stihl.com/nl-nl/mystihl/tools/add;authenticated MY STIHL UI lookup;TECHNICAL_TIMEOUT;;FALSE;FALSE;TRUE;FALSE;1;1170;stihl_resultaten.csv
10568000;;2026-09-26;TECHNICAL_TIMEOUT;time-out;;;;;;MY_STIHL;https://app.stihl.com/nl-nl/mystihl/tools/add;authenticated MY STIHL UI lookup;TECHNICAL_TIMEOUT;;FALSE;FALSE;TRUE;FALSE;1;1171;stihl_resultaten.csv
10569000;;2026-09-26;TECHNICAL_TIMEOUT;time-out;;;;;;MY_STIHL;https://app.stihl.com/nl-nl/mystihl/tools/add;authenticated MY STIHL UI lookup;TECHNICAL_TIMEOUT;;FALSE;FALSE;TRUE;FALSE;1;1172;stihl_resultaten.csv
10570000;;2026-09-26;TECHNICAL_TIMEOUT;time-out;;;;;;MY_STIHL;https://app.stihl.com/nl-nl/mystihl/tools/add;authenticated MY STIHL UI lookup;TECHNICAL_TIMEOUT;;FALSE;FALSE;TRUE;FALSE;1;1173;stihl_resultaten.csv
10571000;;2026-09-26;TECHNICAL_TIMEOUT;time-out;;;;;;MY_STIHL;https://app.stihl.com/nl-nl/mystihl/tools/add;authenticated MY STIHL UI lookup;TECHNICAL_TIMEOUT;;FALSE;FALSE;TRUE;FALSE;1;1174;stihl_resultaten.csv
10572000;;2026-09-26;TECHNICAL_TIMEOUT;time-out;;;;;;MY_STIHL;https://app.stihl.com/nl-nl/mystihl/tools/add;authenticated MY STIHL UI lookup;TECHNICAL_TIMEOUT;;FALSE;FALSE;TRUE;FALSE;1;1175;stihl_resultaten.csv
10573000;;2026-09-26;TECHNICAL_TIMEOUT;time-out;;;;;;MY_STIHL;https://app.stihl.com/nl-nl/mystihl/tools/add;authenticated MY STIHL UI lookup;TECHNICAL_TIMEOUT;;FALSE;FALSE;TRUE;FALSE;1;1176;stihl_resultaten.csv
10574000;;2026-09-26;TECHNICAL_TIMEOUT;time-out;;;;;;MY_STIHL;https://app.stihl.com/nl-nl/mystihl/tools/add;authenticated MY STIHL UI lookup;TECHNICAL_TIMEOUT;;FALSE;FALSE;TRUE;FALSE;1;1177;stihl_resultaten.csv
10575000;;2026-09-26;TECHNICAL_TIMEOUT;time-out;;;;;;MY_STIHL;https://app.stihl.com/nl-nl/mystihl/tools/add;authenticated MY STIHL UI lookup;TECHNICAL_TIMEOUT;;FALSE;FALSE;TRUE;FALSE;1;1178;stihl_resultaten.csv
10576000;;2026-09-26;TECHNICAL_TIMEOUT;time-out;;;;;;MY_STIHL;https://app.stihl.com/nl-nl/mystihl/tools/add;authenticated MY STIHL UI lookup;TECHNICAL_TIMEOUT;;FALSE;FALSE;TRUE;FALSE;1;1179;stihl_resultaten.csv
10577000;;2026-09-26;TECHNICAL_TIMEOUT;time-out;;;;;;MY_STIHL;https://app.stihl.com/nl-nl/mystihl/tools/add;authenticated MY STIHL UI lookup;TECHNICAL_TIMEOUT;;FALSE;FALSE;TRUE;FALSE;1;1180;stihl_resultaten.csv
10578000;;2026-09-26;TECHNICAL_TIMEOUT;time-out;;;;;;MY_STIHL;https://app.stihl.com/nl-nl/mystihl/tools/add;authenticated MY STIHL UI lookup;TECHNICAL_TIMEOUT;;FALSE;FALSE;TRUE;FALSE;1;1181;stihl_resultaten.csv
10579000;;2026-09-26;TECHNICAL_TIMEOUT;time-out;;;;;;MY_STIHL;https://app.stihl.com/nl-nl/mystihl/tools/add;authenticated MY STIHL UI lookup;TECHNICAL_TIMEOUT;;FALSE;FALSE;TRUE;FALSE;1;1182;stihl_resultaten.csv
10580000;;2026-09-26;TECHNICAL_TIMEOUT;time-out;;;;;;MY_STIHL;https://app.stihl.com/nl-nl/mystihl/tools/add;authenticated MY STIHL UI lookup;TECHNICAL_TIMEOUT;;FALSE;FALSE;TRUE;FALSE;1;1183;stihl_resultaten.csv
10581000;;2026-09-26;TECHNICAL_TIMEOUT;time-out;;;;;;MY_STIHL;https://app.stihl.com/nl-nl/mystihl/tools/add;authenticated MY STIHL UI lookup;TECHNICAL_TIMEOUT;;FALSE;FALSE;TRUE;FALSE;1;1184;stihl_resultaten.csv
10582000;;2026-09-26;TECHNICAL_TIMEOUT;time-out;;;;;;MY_STIHL;https://app.stihl.com/nl-nl/mystihl/tools/add;authenticated MY STIHL UI lookup;TECHNICAL_TIMEOUT;;FALSE;FALSE;TRUE;FALSE;1;1185;stihl_resultaten.csv
10583000;;2026-09-26;TECHNICAL_TIMEOUT;time-out;;;;;;MY_STIHL;https://app.stihl.com/nl-nl/mystihl/tools/add;authenticated MY STIHL UI lookup;TECHNICAL_TIMEOUT;;FALSE;FALSE;TRUE;FALSE;1;1186;stihl_resultaten.csv
10584000;;2026-09-26;TECHNICAL_TIMEOUT;time-out;;;;;;MY_STIHL;https://app.stihl.com/nl-nl/mystihl/tools/add;authenticated MY STIHL UI lookup;TECHNICAL_TIMEOUT;;FALSE;FALSE;TRUE;FALSE;1;1187;stihl_resultaten.csv
10585000;;2026-09-26;TECHNICAL_TIMEOUT;time-out;;;;;;MY_STIHL;https://app.stihl.com/nl-nl/mystihl/tools/add;authenticated MY STIHL UI lookup;TECHNICAL_TIMEOUT;;FALSE;FALSE;TRUE;FALSE;1;1188;stihl_resultaten.csv
10586000;;2026-09-26;TECHNICAL_TIMEOUT;time-out;;;;;;MY_STIHL;https://app.stihl.com/nl-nl/mystihl/tools/add;authenticated MY STIHL UI lookup;TECHNICAL_TIMEOUT;;FALSE;FALSE;TRUE;FALSE;1;1189;stihl_resultaten.csv
10587000;;2026-09-26;TECHNICAL_TIMEOUT;time-out;;;;;;MY_STIHL;https://app.stihl.com/nl-nl/mystihl/tools/add;authenticated MY STIHL UI lookup;TECHNICAL_TIMEOUT;;FALSE;FALSE;TRUE;FALSE;1;1190;stihl_resultaten.csv
10588000;;2026-09-26;TECHNICAL_TIMEOUT;time-out;;;;;;MY_STIHL;https://app.stihl.com/nl-nl/mystihl/tools/add;authenticated MY STIHL UI lookup;TECHNICAL_TIMEOUT;;FALSE;FALSE;TRUE;FALSE;1;1191;stihl_resultaten.csv
10589000;;2026-09-26;TECHNICAL_TIMEOUT;time-out;;;;;;MY_STIHL;https://app.stihl.com/nl-nl/mystihl/tools/add;authenticated MY STIHL UI lookup;TECHNICAL_TIMEOUT;;FALSE;FALSE;TRUE;FALSE;1;1192;stihl_resultaten.csv
10590000;;2026-09-26;TECHNICAL_TIMEOUT;time-out;;;;;;MY_STIHL;https://app.stihl.com/nl-nl/mystihl/tools/add;authenticated MY STIHL UI lookup;TECHNICAL_TIMEOUT;;FALSE;FALSE;TRUE;FALSE;1;1193;stihl_resultaten.csv
10591000;;2026-09-26;TECHNICAL_TIMEOUT;time-out;;;;;;MY_STIHL;https://app.stihl.com/nl-nl/mystihl/tools/add;authenticated MY STIHL UI lookup;TECHNICAL_TIMEOUT;;FALSE;FALSE;TRUE;FALSE;1;1194;stihl_resultaten.csv
10592000;010592000;2026-09-26;OFFICIAL_EXACT_FOUND;gevonden;Motorzaag / Benzine 08 SQ STIHL Motorsäge;Motorzaag;Benzine;08 SQ STIHL Motorsäge;08 SQ;MY_STIHL;https://app.stihl.com/nl-nl/mystihl/tools/add/serial-number;authenticated MY STIHL UI lookup;OFFICIAL_WEB_LOOKUP;OFFICIAL_STIHL_LOOKUP;TRUE;FALSE;FALSE;TRUE;1;1195;stihl_resultaten.csv
10593000;;2026-09-26;TECHNICAL_TIMEOUT;time-out;;;;;;MY_STIHL;https://app.stihl.com/nl-nl/mystihl/tools/add;authenticated MY STIHL UI lookup;TECHNICAL_TIMEOUT;;FALSE;FALSE;TRUE;FALSE;1;1196;stihl_resultaten.csv
10594000;010594000;2026-09-26;OFFICIAL_EXACT_FOUND;gevonden;"Motorzaag / Benzine 070 .404"" P Motorsäge";Motorzaag;Benzine;"070 .404"" P Motorsäge";070;MY_STIHL;https://app.stihl.com/nl-nl/mystihl/tools/add/serial-number;authenticated MY STIHL UI lookup;OFFICIAL_WEB_LOOKUP;OFFICIAL_STIHL_LOOKUP;TRUE;FALSE;FALSE;TRUE;1;1197;stihl_resultaten.csv
10595000;;2026-09-26;TECHNICAL_TIMEOUT;time-out;;;;;;MY_STIHL;https://app.stihl.com/nl-nl/mystihl/tools/add;authenticated MY STIHL UI lookup;TECHNICAL_TIMEOUT;;FALSE;FALSE;TRUE;FALSE;1;1198;stihl_resultaten.csv
10596000;;2026-09-26;TECHNICAL_TIMEOUT;time-out;;;;;;MY_STIHL;https://app.stihl.com/nl-nl/mystihl/tools/add;authenticated MY STIHL UI lookup;TECHNICAL_TIMEOUT;;FALSE;FALSE;TRUE;FALSE;1;1199;stihl_resultaten.csv
10597000;010597000;2026-09-26;OFFICIAL_EXACT_FOUND;gevonden;"Motorzaag / Benzine 070 .404"" P Motorsäge";Motorzaag;Benzine;"070 .404"" P Motorsäge";070;MY_STIHL;https://app.stihl.com/nl-nl/mystihl/tools/add/serial-number;authenticated MY STIHL UI lookup;OFFICIAL_WEB_LOOKUP;OFFICIAL_STIHL_LOOKUP;TRUE;FALSE;FALSE;TRUE;1;1200;stihl_resultaten.csv
10598000;010598000;2026-09-26;OFFICIAL_EXACT_FOUND;gevonden;"Motorzaag / Benzine 070 .404"" P Motorsäge";Motorzaag;Benzine;"070 .404"" P Motorsäge";070;MY_STIHL;https://app.stihl.com/nl-nl/mystihl/tools/add/serial-number;authenticated MY STIHL UI lookup;OFFICIAL_WEB_LOOKUP;OFFICIAL_STIHL_LOOKUP;TRUE;FALSE;FALSE;TRUE;1;1201;stihl_resultaten.csv
10599000;010599000;2026-09-26;OFFICIAL_EXACT_FOUND;gevonden;"Motorzaag / Benzine 070 .404"" P Motorsäge";Motorzaag;Benzine;"070 .404"" P Motorsäge";070;MY_STIHL;https://app.stihl.com/nl-nl/mystihl/tools/add/serial-number;authenticated MY STIHL UI lookup;OFFICIAL_WEB_LOOKUP;OFFICIAL_STIHL_LOOKUP;TRUE;FALSE;FALSE;TRUE;1;1202;stihl_resultaten.csv
10600000;;2026-09-26;TECHNICAL_TIMEOUT;time-out;;;;;;MY_STIHL;https://app.stihl.com/nl-nl/mystihl/tools/add;authenticated MY STIHL UI lookup;TECHNICAL_TIMEOUT;;FALSE;FALSE;TRUE;FALSE;1;1203;stihl_resultaten.csv
10601000;;2026-09-26;TECHNICAL_TIMEOUT;time-out;;;;;;MY_STIHL;https://app.stihl.com/nl-nl/mystihl/tools/add;authenticated MY STIHL UI lookup;TECHNICAL_TIMEOUT;;FALSE;FALSE;TRUE;FALSE;1;1204;stihl_resultaten.csv
10602000;;2026-09-26;TECHNICAL_TIMEOUT;time-out;;;;;;MY_STIHL;https://app.stihl.com/nl-nl/mystihl/tools/add;authenticated MY STIHL UI lookup;TECHNICAL_TIMEOUT;;FALSE;FALSE;TRUE;FALSE;1;1205;stihl_resultaten.csv
10603000;;2026-09-26;TECHNICAL_TIMEOUT;time-out;;;;;;MY_STIHL;https://app.stihl.com/nl-nl/mystihl/tools/add;authenticated MY STIHL UI lookup;TECHNICAL_TIMEOUT;;FALSE;FALSE;TRUE;FALSE;1;1206;stihl_resultaten.csv
10604000;;2026-09-26;TECHNICAL_TIMEOUT;time-out;;;;;;MY_STIHL;https://app.stihl.com/nl-nl/mystihl/tools/add;authenticated MY STIHL UI lookup;TECHNICAL_TIMEOUT;;FALSE;FALSE;TRUE;FALSE;1;1207;stihl_resultaten.csv
10605000;;2026-09-26;TECHNICAL_TIMEOUT;time-out;;;;;;MY_STIHL;https://app.stihl.com/nl-nl/mystihl/tools/add;authenticated MY STIHL UI lookup;TECHNICAL_TIMEOUT;;FALSE;FALSE;TRUE;FALSE;1;1208;stihl_resultaten.csv
10606000;;2026-09-26;TECHNICAL_TIMEOUT;time-out;;;;;;MY_STIHL;https://app.stihl.com/nl-nl/mystihl/tools/add;authenticated MY STIHL UI lookup;TECHNICAL_TIMEOUT;;FALSE;FALSE;TRUE;FALSE;1;1209;stihl_resultaten.csv
10607000;010607000;2026-09-26;OFFICIAL_EXACT_FOUND;gevonden;"Motorzaag / Benzine 070 .404"" P Motorsäge";Motorzaag;Benzine;"070 .404"" P Motorsäge";070;MY_STIHL;https://app.stihl.com/nl-nl/mystihl/tools/add/serial-number;authenticated MY STIHL UI lookup;OFFICIAL_WEB_LOOKUP;OFFICIAL_STIHL_LOOKUP;TRUE;FALSE;FALSE;TRUE;1;1210;stihl_resultaten.csv
10608000;010608000;2026-09-26;OFFICIAL_EXACT_FOUND;gevonden;"Motorzaag / Benzine 070 .404"" P Motorsäge";Motorzaag;Benzine;"070 .404"" P Motorsäge";070;MY_STIHL;https://app.stihl.com/nl-nl/mystihl/tools/add/serial-number;authenticated MY STIHL UI lookup;OFFICIAL_WEB_LOOKUP;OFFICIAL_STIHL_LOOKUP;TRUE;FALSE;FALSE;TRUE;1;1211;stihl_resultaten.csv
10609000;010609000;2026-09-26;OFFICIAL_EXACT_FOUND;gevonden;"Motorzaag / Benzine 070 .404"" P Motorsäge";Motorzaag;Benzine;"070 .404"" P Motorsäge";070;MY_STIHL;https://app.stihl.com/nl-nl/mystihl/tools/add/serial-number;authenticated MY STIHL UI lookup;OFFICIAL_WEB_LOOKUP;OFFICIAL_STIHL_LOOKUP;TRUE;FALSE;FALSE;TRUE;1;1212;stihl_resultaten.csv
10610000;010610000;2026-09-26;OFFICIAL_EXACT_FOUND;gevonden;"Motorzaag / Benzine 070 .404"" P Motorsäge";Motorzaag;Benzine;"070 .404"" P Motorsäge";070;MY_STIHL;https://app.stihl.com/nl-nl/mystihl/tools/add/serial-number;authenticated MY STIHL UI lookup;OFFICIAL_WEB_LOOKUP;OFFICIAL_STIHL_LOOKUP;TRUE;FALSE;FALSE;TRUE;1;1213;stihl_resultaten.csv
10611000;010611000;2026-09-26;OFFICIAL_EXACT_FOUND;gevonden;"Motorzaag / Benzine 070 .404"" P Motorsäge";Motorzaag;Benzine;"070 .404"" P Motorsäge";070;MY_STIHL;https://app.stihl.com/nl-nl/mystihl/tools/add/serial-number;authenticated MY STIHL UI lookup;OFFICIAL_WEB_LOOKUP;OFFICIAL_STIHL_LOOKUP;TRUE;FALSE;FALSE;TRUE;1;1214;stihl_resultaten.csv
10612000;010612000;2026-09-26;OFFICIAL_EXACT_FOUND;gevonden;"Motorzaag / Benzine 070 .404"" P Motorsäge";Motorzaag;Benzine;"070 .404"" P Motorsäge";070;MY_STIHL;https://app.stihl.com/nl-nl/mystihl/tools/add/serial-number;authenticated MY STIHL UI lookup;OFFICIAL_WEB_LOOKUP;OFFICIAL_STIHL_LOOKUP;TRUE;FALSE;FALSE;TRUE;1;1215;stihl_resultaten.csv
10613000;;2026-09-26;TECHNICAL_TIMEOUT;time-out;;;;;;MY_STIHL;https://app.stihl.com/nl-nl/mystihl/tools/add;authenticated MY STIHL UI lookup;TECHNICAL_TIMEOUT;;FALSE;FALSE;TRUE;FALSE;1;1216;stihl_resultaten.csv
10614000;;2026-09-26;TECHNICAL_TIMEOUT;time-out;;;;;;MY_STIHL;https://app.stihl.com/nl-nl/mystihl/tools/add;authenticated MY STIHL UI lookup;TECHNICAL_TIMEOUT;;FALSE;FALSE;TRUE;FALSE;1;1217;stihl_resultaten.csv
10615000;;2026-09-26;TECHNICAL_TIMEOUT;time-out;;;;;;MY_STIHL;https://app.stihl.com/nl-nl/mystihl/tools/add;authenticated MY STIHL UI lookup;TECHNICAL_TIMEOUT;;FALSE;FALSE;TRUE;FALSE;1;1218;stihl_resultaten.csv
10616000;;2026-09-26;TECHNICAL_TIMEOUT;time-out;;;;;;MY_STIHL;https://app.stihl.com/nl-nl/mystihl/tools/add;authenticated MY STIHL UI lookup;TECHNICAL_TIMEOUT;;FALSE;FALSE;TRUE;FALSE;1;1219;stihl_resultaten.csv
10617000;;2026-09-26;TECHNICAL_TIMEOUT;time-out;;;;;;MY_STIHL;https://app.stihl.com/nl-nl/mystihl/tools/add;authenticated MY STIHL UI lookup;TECHNICAL_TIMEOUT;;FALSE;FALSE;TRUE;FALSE;1;1220;stihl_resultaten.csv
10618000;;2026-09-26;TECHNICAL_TIMEOUT;time-out;;;;;;MY_STIHL;https://app.stihl.com/nl-nl/mystihl/tools/add;authenticated MY STIHL UI lookup;TECHNICAL_TIMEOUT;;FALSE;FALSE;TRUE;FALSE;1;1221;stihl_resultaten.csv
10619000;;2026-09-26;BROWSER_ERROR;fout;;;;;;MY_STIHL;https://app.stihl.com/nl-nl/mystihl/tools/add;authenticated MY STIHL UI lookup;TECHNICAL_FAILURE;;FALSE;FALSE;TRUE;FALSE;1;1222;stihl_resultaten.csv
10620000;;2026-09-26;BROWSER_ERROR;fout;;;;;;MY_STIHL;https://app.stihl.com/nl-nl/mystihl/tools/add;authenticated MY STIHL UI lookup;TECHNICAL_FAILURE;;FALSE;FALSE;TRUE;FALSE;1;1223;stihl_resultaten.csv
10621000;;2026-09-26;BROWSER_ERROR;fout;;;;;;MY_STIHL;https://app.stihl.com/nl-nl/mystihl/tools/add;authenticated MY STIHL UI lookup;TECHNICAL_FAILURE;;FALSE;FALSE;TRUE;FALSE;1;1224;stihl_resultaten.csv
10622000;;2026-09-26;BROWSER_ERROR;fout;;;;;;MY_STIHL;https://app.stihl.com/nl-nl/mystihl/tools/add;authenticated MY STIHL UI lookup;TECHNICAL_FAILURE;;FALSE;FALSE;TRUE;FALSE;1;1225;stihl_resultaten.csv
10623000;;2026-09-26;BROWSER_ERROR;fout;;;;;;MY_STIHL;https://app.stihl.com/nl-nl/mystihl/tools/add;authenticated MY STIHL UI lookup;TECHNICAL_FAILURE;;FALSE;FALSE;TRUE;FALSE;1;1226;stihl_resultaten.csv
10624000;;2026-09-26;BROWSER_ERROR;fout;;;;;;MY_STIHL;https://app.stihl.com/nl-nl/mystihl/tools/add;authenticated MY STIHL UI lookup;TECHNICAL_FAILURE;;FALSE;FALSE;TRUE;FALSE;1;1227;stihl_resultaten.csv
10625000;;2026-09-26;BROWSER_ERROR;fout;;;;;;MY_STIHL;https://app.stihl.com/nl-nl/mystihl/tools/add;authenticated MY STIHL UI lookup;TECHNICAL_FAILURE;;FALSE;FALSE;TRUE;FALSE;1;1228;stihl_resultaten.csv
10626000;;2026-09-26;BROWSER_ERROR;fout;;;;;;MY_STIHL;https://app.stihl.com/nl-nl/mystihl/tools/add;authenticated MY STIHL UI lookup;TECHNICAL_FAILURE;;FALSE;FALSE;TRUE;FALSE;1;1229;stihl_resultaten.csv
10627000;;2026-09-26;BROWSER_ERROR;fout;;;;;;MY_STIHL;https://app.stihl.com/nl-nl/mystihl/tools/add;authenticated MY STIHL UI lookup;TECHNICAL_FAILURE;;FALSE;FALSE;TRUE;FALSE;1;1230;stihl_resultaten.csv
10628000;;2026-09-26;BROWSER_ERROR;fout;;;;;;MY_STIHL;https://app.stihl.com/nl-nl/mystihl/tools/add;authenticated MY STIHL UI lookup;TECHNICAL_FAILURE;;FALSE;FALSE;TRUE;FALSE;1;1231;stihl_resultaten.csv
10629000;;2026-09-26;BROWSER_ERROR;fout;;;;;;MY_STIHL;https://app.stihl.com/nl-nl/mystihl/tools/add;authenticated MY STIHL UI lookup;TECHNICAL_FAILURE;;FALSE;FALSE;TRUE;FALSE;1;1232;stihl_resultaten.csv
10630000;;2026-09-26;BROWSER_ERROR;fout;;;;;;MY_STIHL;https://app.stihl.com/nl-nl/mystihl/tools/add;authenticated MY STIHL UI lookup;TECHNICAL_FAILURE;;FALSE;FALSE;TRUE;FALSE;1;1233;stihl_resultaten.csv
10631000;;2026-09-26;BROWSER_ERROR;fout;;;;;;MY_STIHL;https://app.stihl.com/nl-nl/mystihl/tools/add;authenticated MY STIHL UI lookup;TECHNICAL_FAILURE;;FALSE;FALSE;TRUE;FALSE;1;1234;stihl_resultaten.csv
10632000;;2026-09-26;BROWSER_ERROR;fout;;;;;;MY_STIHL;https://app.stihl.com/nl-nl/mystihl/tools/add;authenticated MY STIHL UI lookup;TECHNICAL_FAILURE;;FALSE;FALSE;TRUE;FALSE;1;1235;stihl_resultaten.csv
10633000;;2026-09-26;BROWSER_ERROR;fout;;;;;;MY_STIHL;https://app.stihl.com/nl-nl/mystihl/tools/add;authenticated MY STIHL UI lookup;TECHNICAL_FAILURE;;FALSE;FALSE;TRUE;FALSE;1;1236;stihl_resultaten.csv
10634000;;2026-09-26;BROWSER_ERROR;fout;;;;;;MY_STIHL;https://app.stihl.com/nl-nl/mystihl/tools/add;authenticated MY STIHL UI lookup;TECHNICAL_FAILURE;;FALSE;FALSE;TRUE;FALSE;1;1237;stihl_resultaten.csv
10635000;;2026-09-26;BROWSER_ERROR;fout;;;;;;MY_STIHL;https://app.stihl.com/nl-nl/mystihl/tools/add;authenticated MY STIHL UI lookup;TECHNICAL_FAILURE;;FALSE;FALSE;TRUE;FALSE;1;1238;stihl_resultaten.csv
10636000;;2026-09-26;BROWSER_ERROR;fout;;;;;;MY_STIHL;https://app.stihl.com/nl-nl/mystihl/tools/add;authenticated MY STIHL UI lookup;TECHNICAL_FAILURE;;FALSE;FALSE;TRUE;FALSE;1;1239;stihl_resultaten.csv
10637000;;2026-09-26;BROWSER_ERROR;fout;;;;;;MY_STIHL;https://app.stihl.com/nl-nl/mystihl/tools/add;authenticated MY STIHL UI lookup;TECHNICAL_FAILURE;;FALSE;FALSE;TRUE;FALSE;1;1240;stihl_resultaten.csv
10638000;;2026-09-26;BROWSER_ERROR;fout;;;;;;MY_STIHL;https://app.stihl.com/nl-nl/mystihl/tools/add;authenticated MY STIHL UI lookup;TECHNICAL_FAILURE;;FALSE;FALSE;TRUE;FALSE;1;1241;stihl_resultaten.csv
10639000;;2026-09-26;BROWSER_ERROR;fout;;;;;;MY_STIHL;https://app.stihl.com/nl-nl/mystihl/tools/add;authenticated MY STIHL UI lookup;TECHNICAL_FAILURE;;FALSE;FALSE;TRUE;FALSE;1;1242;stihl_resultaten.csv
10640000;;2026-09-26;BROWSER_ERROR;fout;;;;;;MY_STIHL;https://app.stihl.com/nl-nl/mystihl/tools/add;authenticated MY STIHL UI lookup;TECHNICAL_FAILURE;;FALSE;FALSE;TRUE;FALSE;1;1243;stihl_resultaten.csv
10641000;;2026-09-26;BROWSER_ERROR;fout;;;;;;MY_STIHL;https://app.stihl.com/nl-nl/mystihl/tools/add;authenticated MY STIHL UI lookup;TECHNICAL_FAILURE;;FALSE;FALSE;TRUE;FALSE;1;1244;stihl_resultaten.csv
10642000;;2026-09-26;BROWSER_ERROR;fout;;;;;;MY_STIHL;https://app.stihl.com/nl-nl/mystihl/tools/add;authenticated MY STIHL UI lookup;TECHNICAL_FAILURE;;FALSE;FALSE;TRUE;FALSE;1;1245;stihl_resultaten.csv
10643000;;2026-09-26;BROWSER_ERROR;fout;;;;;;MY_STIHL;https://app.stihl.com/nl-nl/mystihl/tools/add;authenticated MY STIHL UI lookup;TECHNICAL_FAILURE;;FALSE;FALSE;TRUE;FALSE;1;1246;stihl_resultaten.csv
10644000;;2026-09-26;BROWSER_ERROR;fout;;;;;;MY_STIHL;https://app.stihl.com/nl-nl/mystihl/tools/add;authenticated MY STIHL UI lookup;TECHNICAL_FAILURE;;FALSE;FALSE;TRUE;FALSE;1;1247;stihl_resultaten.csv
10645000;;2026-09-26;BROWSER_ERROR;fout;;;;;;MY_STIHL;https://app.stihl.com/nl-nl/mystihl/tools/add;authenticated MY STIHL UI lookup;TECHNICAL_FAILURE;;FALSE;FALSE;TRUE;FALSE;1;1248;stihl_resultaten.csv
10646000;;2026-09-26;BROWSER_ERROR;fout;;;;;;MY_STIHL;https://app.stihl.com/nl-nl/mystihl/tools/add;authenticated MY STIHL UI lookup;TECHNICAL_FAILURE;;FALSE;FALSE;TRUE;FALSE;1;1249;stihl_resultaten.csv
10647000;;2026-09-26;BROWSER_ERROR;fout;;;;;;MY_STIHL;https://app.stihl.com/nl-nl/mystihl/tools/add;authenticated MY STIHL UI lookup;TECHNICAL_FAILURE;;FALSE;FALSE;TRUE;FALSE;1;1250;stihl_resultaten.csv
10648000;;2026-09-26;BROWSER_ERROR;fout;;;;;;MY_STIHL;https://app.stihl.com/nl-nl/mystihl/tools/add;authenticated MY STIHL UI lookup;TECHNICAL_FAILURE;;FALSE;FALSE;TRUE;FALSE;1;1251;stihl_resultaten.csv
10649000;;2026-09-26;BROWSER_ERROR;fout;;;;;;MY_STIHL;https://app.stihl.com/nl-nl/mystihl/tools/add;authenticated MY STIHL UI lookup;TECHNICAL_FAILURE;;FALSE;FALSE;TRUE;FALSE;1;1252;stihl_resultaten.csv
10650000;;2026-09-26;BROWSER_ERROR;fout;;;;;;MY_STIHL;https://app.stihl.com/nl-nl/mystihl/tools/add;authenticated MY STIHL UI lookup;TECHNICAL_FAILURE;;FALSE;FALSE;TRUE;FALSE;1;1253;stihl_resultaten.csv
10651000;;2026-09-26;BROWSER_ERROR;fout;;;;;;MY_STIHL;https://app.stihl.com/nl-nl/mystihl/tools/add;authenticated MY STIHL UI lookup;TECHNICAL_FAILURE;;FALSE;FALSE;TRUE;FALSE;1;1254;stihl_resultaten.csv
10652000;;2026-09-26;BROWSER_ERROR;fout;;;;;;MY_STIHL;https://app.stihl.com/nl-nl/mystihl/tools/add;authenticated MY STIHL UI lookup;TECHNICAL_FAILURE;;FALSE;FALSE;TRUE;FALSE;1;1255;stihl_resultaten.csv
10653000;;2026-09-26;BROWSER_ERROR;fout;;;;;;MY_STIHL;https://app.stihl.com/nl-nl/mystihl/tools/add;authenticated MY STIHL UI lookup;TECHNICAL_FAILURE;;FALSE;FALSE;TRUE;FALSE;1;1256;stihl_resultaten.csv
10654000;;2026-09-26;BROWSER_ERROR;fout;;;;;;MY_STIHL;https://app.stihl.com/nl-nl/mystihl/tools/add;authenticated MY STIHL UI lookup;TECHNICAL_FAILURE;;FALSE;FALSE;TRUE;FALSE;1;1257;stihl_resultaten.csv
10655000;;2026-09-26;BROWSER_ERROR;fout;;;;;;MY_STIHL;https://app.stihl.com/nl-nl/mystihl/tools/add;authenticated MY STIHL UI lookup;TECHNICAL_FAILURE;;FALSE;FALSE;TRUE;FALSE;1;1258;stihl_resultaten.csv
10656000;;2026-09-26;BROWSER_ERROR;fout;;;;;;MY_STIHL;https://app.stihl.com/nl-nl/mystihl/tools/add;authenticated MY STIHL UI lookup;TECHNICAL_FAILURE;;FALSE;FALSE;TRUE;FALSE;1;1259;stihl_resultaten.csv
10657000;;2026-09-26;BROWSER_ERROR;fout;;;;;;MY_STIHL;https://app.stihl.com/nl-nl/mystihl/tools/add;authenticated MY STIHL UI lookup;TECHNICAL_FAILURE;;FALSE;FALSE;TRUE;FALSE;1;1260;stihl_resultaten.csv
10658000;;2026-09-26;BROWSER_ERROR;fout;;;;;;MY_STIHL;https://app.stihl.com/nl-nl/mystihl/tools/add;authenticated MY STIHL UI lookup;TECHNICAL_FAILURE;;FALSE;FALSE;TRUE;FALSE;1;1261;stihl_resultaten.csv
10659000;;2026-09-26;BROWSER_ERROR;fout;;;;;;MY_STIHL;https://app.stihl.com/nl-nl/mystihl/tools/add;authenticated MY STIHL UI lookup;TECHNICAL_FAILURE;;FALSE;FALSE;TRUE;FALSE;1;1262;stihl_resultaten.csv
10660000;;2026-09-26;BROWSER_ERROR;fout;;;;;;MY_STIHL;https://app.stihl.com/nl-nl/mystihl/tools/add;authenticated MY STIHL UI lookup;TECHNICAL_FAILURE;;FALSE;FALSE;TRUE;FALSE;1;1263;stihl_resultaten.csv
10661000;;2026-09-26;BROWSER_ERROR;fout;;;;;;MY_STIHL;https://app.stihl.com/nl-nl/mystihl/tools/add;authenticated MY STIHL UI lookup;TECHNICAL_FAILURE;;FALSE;FALSE;TRUE;FALSE;1;1264;stihl_resultaten.csv
10662000;;2026-09-26;BROWSER_ERROR;fout;;;;;;MY_STIHL;https://app.stihl.com/nl-nl/mystihl/tools/add;authenticated MY STIHL UI lookup;TECHNICAL_FAILURE;;FALSE;FALSE;TRUE;FALSE;1;1265;stihl_resultaten.csv
10663000;;2026-09-26;BROWSER_ERROR;fout;;;;;;MY_STIHL;https://app.stihl.com/nl-nl/mystihl/tools/add;authenticated MY STIHL UI lookup;TECHNICAL_FAILURE;;FALSE;FALSE;TRUE;FALSE;1;1266;stihl_resultaten.csv
10664000;;2026-09-26;BROWSER_ERROR;fout;;;;;;MY_STIHL;https://app.stihl.com/nl-nl/mystihl/tools/add;authenticated MY STIHL UI lookup;TECHNICAL_FAILURE;;FALSE;FALSE;TRUE;FALSE;1;1267;stihl_resultaten.csv
10665000;;2026-09-26;BROWSER_ERROR;fout;;;;;;MY_STIHL;https://app.stihl.com/nl-nl/mystihl/tools/add;authenticated MY STIHL UI lookup;TECHNICAL_FAILURE;;FALSE;FALSE;TRUE;FALSE;1;1268;stihl_resultaten.csv
10666000;;2026-09-26;BROWSER_ERROR;fout;;;;;;MY_STIHL;https://app.stihl.com/nl-nl/mystihl/tools/add;authenticated MY STIHL UI lookup;TECHNICAL_FAILURE;;FALSE;FALSE;TRUE;FALSE;1;1269;stihl_resultaten.csv
10667000;;2026-09-26;BROWSER_ERROR;fout;;;;;;MY_STIHL;https://app.stihl.com/nl-nl/mystihl/tools/add;authenticated MY STIHL UI lookup;TECHNICAL_FAILURE;;FALSE;FALSE;TRUE;FALSE;1;1270;stihl_resultaten.csv
10668000;;2026-09-26;BROWSER_ERROR;fout;;;;;;MY_STIHL;https://app.stihl.com/nl-nl/mystihl/tools/add;authenticated MY STIHL UI lookup;TECHNICAL_FAILURE;;FALSE;FALSE;TRUE;FALSE;1;1271;stihl_resultaten.csv
10669000;;2026-09-26;BROWSER_ERROR;fout;;;;;;MY_STIHL;https://app.stihl.com/nl-nl/mystihl/tools/add;authenticated MY STIHL UI lookup;TECHNICAL_FAILURE;;FALSE;FALSE;TRUE;FALSE;1;1272;stihl_resultaten.csv
10670000;;2026-09-26;BROWSER_ERROR;fout;;;;;;MY_STIHL;https://app.stihl.com/nl-nl/mystihl/tools/add;authenticated MY STIHL UI lookup;TECHNICAL_FAILURE;;FALSE;FALSE;TRUE;FALSE;1;1273;stihl_resultaten.csv
10671000;;2026-09-26;BROWSER_ERROR;fout;;;;;;MY_STIHL;https://app.stihl.com/nl-nl/mystihl/tools/add;authenticated MY STIHL UI lookup;TECHNICAL_FAILURE;;FALSE;FALSE;TRUE;FALSE;1;1274;stihl_resultaten.csv
10672000;;2026-09-26;BROWSER_ERROR;fout;;;;;;MY_STIHL;https://app.stihl.com/nl-nl/mystihl/tools/add;authenticated MY STIHL UI lookup;TECHNICAL_FAILURE;;FALSE;FALSE;TRUE;FALSE;1;1275;stihl_resultaten.csv
10673000;;2026-09-26;BROWSER_ERROR;fout;;;;;;MY_STIHL;https://app.stihl.com/nl-nl/mystihl/tools/add;authenticated MY STIHL UI lookup;TECHNICAL_FAILURE;;FALSE;FALSE;TRUE;FALSE;1;1276;stihl_resultaten.csv
10674000;;2026-09-26;BROWSER_ERROR;fout;;;;;;MY_STIHL;https://app.stihl.com/nl-nl/mystihl/tools/add;authenticated MY STIHL UI lookup;TECHNICAL_FAILURE;;FALSE;FALSE;TRUE;FALSE;1;1277;stihl_resultaten.csv
10675000;;2026-09-26;BROWSER_ERROR;fout;;;;;;MY_STIHL;https://app.stihl.com/nl-nl/mystihl/tools/add;authenticated MY STIHL UI lookup;TECHNICAL_FAILURE;;FALSE;FALSE;TRUE;FALSE;1;1278;stihl_resultaten.csv
10676000;;2026-09-26;BROWSER_ERROR;fout;;;;;;MY_STIHL;https://app.stihl.com/nl-nl/mystihl/tools/add;authenticated MY STIHL UI lookup;TECHNICAL_FAILURE;;FALSE;FALSE;TRUE;FALSE;1;1279;stihl_resultaten.csv
10677000;;2026-09-26;BROWSER_ERROR;fout;;;;;;MY_STIHL;https://app.stihl.com/nl-nl/mystihl/tools/add;authenticated MY STIHL UI lookup;TECHNICAL_FAILURE;;FALSE;FALSE;TRUE;FALSE;1;1280;stihl_resultaten.csv
10678000;;2026-09-26;BROWSER_ERROR;fout;;;;;;MY_STIHL;https://app.stihl.com/nl-nl/mystihl/tools/add;authenticated MY STIHL UI lookup;TECHNICAL_FAILURE;;FALSE;FALSE;TRUE;FALSE;1;1281;stihl_resultaten.csv
10679000;;2026-09-26;BROWSER_ERROR;fout;;;;;;MY_STIHL;https://app.stihl.com/nl-nl/mystihl/tools/add;authenticated MY STIHL UI lookup;TECHNICAL_FAILURE;;FALSE;FALSE;TRUE;FALSE;1;1282;stihl_resultaten.csv
10680000;;2026-09-26;BROWSER_ERROR;fout;;;;;;MY_STIHL;https://app.stihl.com/nl-nl/mystihl/tools/add;authenticated MY STIHL UI lookup;TECHNICAL_FAILURE;;FALSE;FALSE;TRUE;FALSE;1;1283;stihl_resultaten.csv
10681000;;2026-09-26;BROWSER_ERROR;fout;;;;;;MY_STIHL;https://app.stihl.com/nl-nl/mystihl/tools/add;authenticated MY STIHL UI lookup;TECHNICAL_FAILURE;;FALSE;FALSE;TRUE;FALSE;1;1284;stihl_resultaten.csv
10682000;;2026-09-26;BROWSER_ERROR;fout;;;;;;MY_STIHL;https://app.stihl.com/nl-nl/mystihl/tools/add;authenticated MY STIHL UI lookup;TECHNICAL_FAILURE;;FALSE;FALSE;TRUE;FALSE;1;1285;stihl_resultaten.csv
10683000;;2026-09-26;BROWSER_ERROR;fout;;;;;;MY_STIHL;https://app.stihl.com/nl-nl/mystihl/tools/add;authenticated MY STIHL UI lookup;TECHNICAL_FAILURE;;FALSE;FALSE;TRUE;FALSE;1;1286;stihl_resultaten.csv
10684000;;2026-09-26;BROWSER_ERROR;fout;;;;;;MY_STIHL;https://app.stihl.com/nl-nl/mystihl/tools/add;authenticated MY STIHL UI lookup;TECHNICAL_FAILURE;;FALSE;FALSE;TRUE;FALSE;1;1287;stihl_resultaten.csv
10685000;;2026-09-26;BROWSER_ERROR;fout;;;;;;MY_STIHL;https://app.stihl.com/nl-nl/mystihl/tools/add;authenticated MY STIHL UI lookup;TECHNICAL_FAILURE;;FALSE;FALSE;TRUE;FALSE;1;1288;stihl_resultaten.csv
10686000;;2026-09-26;BROWSER_ERROR;fout;;;;;;MY_STIHL;https://app.stihl.com/nl-nl/mystihl/tools/add;authenticated MY STIHL UI lookup;TECHNICAL_FAILURE;;FALSE;FALSE;TRUE;FALSE;1;1289;stihl_resultaten.csv
10687000;;2026-09-26;BROWSER_ERROR;fout;;;;;;MY_STIHL;https://app.stihl.com/nl-nl/mystihl/tools/add;authenticated MY STIHL UI lookup;TECHNICAL_FAILURE;;FALSE;FALSE;TRUE;FALSE;1;1290;stihl_resultaten.csv
10688000;;2026-09-26;BROWSER_ERROR;fout;;;;;;MY_STIHL;https://app.stihl.com/nl-nl/mystihl/tools/add;authenticated MY STIHL UI lookup;TECHNICAL_FAILURE;;FALSE;FALSE;TRUE;FALSE;1;1291;stihl_resultaten.csv
10689000;;2026-09-26;BROWSER_ERROR;fout;;;;;;MY_STIHL;https://app.stihl.com/nl-nl/mystihl/tools/add;authenticated MY STIHL UI lookup;TECHNICAL_FAILURE;;FALSE;FALSE;TRUE;FALSE;1;1292;stihl_resultaten.csv
10690000;;2026-09-26;BROWSER_ERROR;fout;;;;;;MY_STIHL;https://app.stihl.com/nl-nl/mystihl/tools/add;authenticated MY STIHL UI lookup;TECHNICAL_FAILURE;;FALSE;FALSE;TRUE;FALSE;1;1293;stihl_resultaten.csv
10691000;;2026-09-26;BROWSER_ERROR;fout;;;;;;MY_STIHL;https://app.stihl.com/nl-nl/mystihl/tools/add;authenticated MY STIHL UI lookup;TECHNICAL_FAILURE;;FALSE;FALSE;TRUE;FALSE;1;1294;stihl_resultaten.csv
10692000;;2026-09-26;BROWSER_ERROR;fout;;;;;;MY_STIHL;https://app.stihl.com/nl-nl/mystihl/tools/add;authenticated MY STIHL UI lookup;TECHNICAL_FAILURE;;FALSE;FALSE;TRUE;FALSE;1;1295;stihl_resultaten.csv
10693000;;2026-09-26;BROWSER_ERROR;fout;;;;;;MY_STIHL;https://app.stihl.com/nl-nl/mystihl/tools/add;authenticated MY STIHL UI lookup;TECHNICAL_FAILURE;;FALSE;FALSE;TRUE;FALSE;1;1296;stihl_resultaten.csv
10694000;;2026-09-26;BROWSER_ERROR;fout;;;;;;MY_STIHL;https://app.stihl.com/nl-nl/mystihl/tools/add;authenticated MY STIHL UI lookup;TECHNICAL_FAILURE;;FALSE;FALSE;TRUE;FALSE;1;1297;stihl_resultaten.csv
10695000;;2026-09-26;BROWSER_ERROR;fout;;;;;;MY_STIHL;https://app.stihl.com/nl-nl/mystihl/tools/add;authenticated MY STIHL UI lookup;TECHNICAL_FAILURE;;FALSE;FALSE;TRUE;FALSE;1;1298;stihl_resultaten.csv
10696000;;2026-09-26;BROWSER_ERROR;fout;;;;;;MY_STIHL;https://app.stihl.com/nl-nl/mystihl/tools/add;authenticated MY STIHL UI lookup;TECHNICAL_FAILURE;;FALSE;FALSE;TRUE;FALSE;1;1299;stihl_resultaten.csv
10697000;;2026-09-26;BROWSER_ERROR;fout;;;;;;MY_STIHL;https://app.stihl.com/nl-nl/mystihl/tools/add;authenticated MY STIHL UI lookup;TECHNICAL_FAILURE;;FALSE;FALSE;TRUE;FALSE;1;1300;stihl_resultaten.csv
10698000;;2026-09-26;BROWSER_ERROR;fout;;;;;;MY_STIHL;https://app.stihl.com/nl-nl/mystihl/tools/add;authenticated MY STIHL UI lookup;TECHNICAL_FAILURE;;FALSE;FALSE;TRUE;FALSE;1;1301;stihl_resultaten.csv
10699000;;2026-09-26;BROWSER_ERROR;fout;;;;;;MY_STIHL;https://app.stihl.com/nl-nl/mystihl/tools/add;authenticated MY STIHL UI lookup;TECHNICAL_FAILURE;;FALSE;FALSE;TRUE;FALSE;1;1302;stihl_resultaten.csv
10700000;;2026-09-26;BROWSER_ERROR;fout;;;;;;MY_STIHL;https://app.stihl.com/nl-nl/mystihl/tools/add;authenticated MY STIHL UI lookup;TECHNICAL_FAILURE;;FALSE;FALSE;TRUE;FALSE;1;1303;stihl_resultaten.csv
10701000;;2026-09-26;BROWSER_ERROR;fout;;;;;;MY_STIHL;https://app.stihl.com/nl-nl/mystihl/tools/add;authenticated MY STIHL UI lookup;TECHNICAL_FAILURE;;FALSE;FALSE;TRUE;FALSE;1;1304;stihl_resultaten.csv
10702000;;2026-09-26;BROWSER_ERROR;fout;;;;;;MY_STIHL;https://app.stihl.com/nl-nl/mystihl/tools/add;authenticated MY STIHL UI lookup;TECHNICAL_FAILURE;;FALSE;FALSE;TRUE;FALSE;1;1305;stihl_resultaten.csv
10703000;;2026-09-26;BROWSER_ERROR;fout;;;;;;MY_STIHL;https://app.stihl.com/nl-nl/mystihl/tools/add;authenticated MY STIHL UI lookup;TECHNICAL_FAILURE;;FALSE;FALSE;TRUE;FALSE;1;1306;stihl_resultaten.csv
10704000;;2026-09-26;BROWSER_ERROR;fout;;;;;;MY_STIHL;https://app.stihl.com/nl-nl/mystihl/tools/add;authenticated MY STIHL UI lookup;TECHNICAL_FAILURE;;FALSE;FALSE;TRUE;FALSE;1;1307;stihl_resultaten.csv
10705000;;2026-09-26;BROWSER_ERROR;fout;;;;;;MY_STIHL;https://app.stihl.com/nl-nl/mystihl/tools/add;authenticated MY STIHL UI lookup;TECHNICAL_FAILURE;;FALSE;FALSE;TRUE;FALSE;1;1308;stihl_resultaten.csv
10706000;;2026-09-26;BROWSER_ERROR;fout;;;;;;MY_STIHL;https://app.stihl.com/nl-nl/mystihl/tools/add;authenticated MY STIHL UI lookup;TECHNICAL_FAILURE;;FALSE;FALSE;TRUE;FALSE;1;1309;stihl_resultaten.csv
10707000;;2026-09-26;BROWSER_ERROR;fout;;;;;;MY_STIHL;https://app.stihl.com/nl-nl/mystihl/tools/add;authenticated MY STIHL UI lookup;TECHNICAL_FAILURE;;FALSE;FALSE;TRUE;FALSE;1;1310;stihl_resultaten.csv
10708000;;2026-09-26;BROWSER_ERROR;fout;;;;;;MY_STIHL;https://app.stihl.com/nl-nl/mystihl/tools/add;authenticated MY STIHL UI lookup;TECHNICAL_FAILURE;;FALSE;FALSE;TRUE;FALSE;1;1311;stihl_resultaten.csv
10709000;;2026-09-26;BROWSER_ERROR;fout;;;;;;MY_STIHL;https://app.stihl.com/nl-nl/mystihl/tools/add;authenticated MY STIHL UI lookup;TECHNICAL_FAILURE;;FALSE;FALSE;TRUE;FALSE;1;1312;stihl_resultaten.csv
10710000;;2026-09-26;BROWSER_ERROR;fout;;;;;;MY_STIHL;https://app.stihl.com/nl-nl/mystihl/tools/add;authenticated MY STIHL UI lookup;TECHNICAL_FAILURE;;FALSE;FALSE;TRUE;FALSE;1;1313;stihl_resultaten.csv
10711000;;2026-09-26;BROWSER_ERROR;fout;;;;;;MY_STIHL;https://app.stihl.com/nl-nl/mystihl/tools/add;authenticated MY STIHL UI lookup;TECHNICAL_FAILURE;;FALSE;FALSE;TRUE;FALSE;1;1314;stihl_resultaten.csv
10712000;;2026-09-26;BROWSER_ERROR;fout;;;;;;MY_STIHL;https://app.stihl.com/nl-nl/mystihl/tools/add;authenticated MY STIHL UI lookup;TECHNICAL_FAILURE;;FALSE;FALSE;TRUE;FALSE;1;1315;stihl_resultaten.csv
10713000;;2026-09-26;BROWSER_ERROR;fout;;;;;;MY_STIHL;https://app.stihl.com/nl-nl/mystihl/tools/add;authenticated MY STIHL UI lookup;TECHNICAL_FAILURE;;FALSE;FALSE;TRUE;FALSE;1;1316;stihl_resultaten.csv
10714000;;2026-09-26;BROWSER_ERROR;fout;;;;;;MY_STIHL;https://app.stihl.com/nl-nl/mystihl/tools/add;authenticated MY STIHL UI lookup;TECHNICAL_FAILURE;;FALSE;FALSE;TRUE;FALSE;1;1317;stihl_resultaten.csv
10715000;;2026-09-26;BROWSER_ERROR;fout;;;;;;MY_STIHL;https://app.stihl.com/nl-nl/mystihl/tools/add;authenticated MY STIHL UI lookup;TECHNICAL_FAILURE;;FALSE;FALSE;TRUE;FALSE;1;1318;stihl_resultaten.csv
10716000;;2026-09-26;BROWSER_ERROR;fout;;;;;;MY_STIHL;https://app.stihl.com/nl-nl/mystihl/tools/add;authenticated MY STIHL UI lookup;TECHNICAL_FAILURE;;FALSE;FALSE;TRUE;FALSE;1;1319;stihl_resultaten.csv
10717000;;2026-09-26;BROWSER_ERROR;fout;;;;;;MY_STIHL;https://app.stihl.com/nl-nl/mystihl/tools/add;authenticated MY STIHL UI lookup;TECHNICAL_FAILURE;;FALSE;FALSE;TRUE;FALSE;1;1320;stihl_resultaten.csv
10718000;;2026-09-26;BROWSER_ERROR;fout;;;;;;MY_STIHL;https://app.stihl.com/nl-nl/mystihl/tools/add;authenticated MY STIHL UI lookup;TECHNICAL_FAILURE;;FALSE;FALSE;TRUE;FALSE;1;1321;stihl_resultaten.csv
10719000;;2026-09-26;BROWSER_ERROR;fout;;;;;;MY_STIHL;https://app.stihl.com/nl-nl/mystihl/tools/add;authenticated MY STIHL UI lookup;TECHNICAL_FAILURE;;FALSE;FALSE;TRUE;FALSE;1;1322;stihl_resultaten.csv
10720000;;2026-09-26;BROWSER_ERROR;fout;;;;;;MY_STIHL;https://app.stihl.com/nl-nl/mystihl/tools/add;authenticated MY STIHL UI lookup;TECHNICAL_FAILURE;;FALSE;FALSE;TRUE;FALSE;1;1323;stihl_resultaten.csv
10721000;;2026-09-26;BROWSER_ERROR;fout;;;;;;MY_STIHL;https://app.stihl.com/nl-nl/mystihl/tools/add;authenticated MY STIHL UI lookup;TECHNICAL_FAILURE;;FALSE;FALSE;TRUE;FALSE;1;1324;stihl_resultaten.csv
10722000;;2026-09-26;BROWSER_ERROR;fout;;;;;;MY_STIHL;https://app.stihl.com/nl-nl/mystihl/tools/add;authenticated MY STIHL UI lookup;TECHNICAL_FAILURE;;FALSE;FALSE;TRUE;FALSE;1;1325;stihl_resultaten.csv
10723000;;2026-09-26;BROWSER_ERROR;fout;;;;;;MY_STIHL;https://app.stihl.com/nl-nl/mystihl/tools/add;authenticated MY STIHL UI lookup;TECHNICAL_FAILURE;;FALSE;FALSE;TRUE;FALSE;1;1326;stihl_resultaten.csv
10724000;;2026-09-26;BROWSER_ERROR;fout;;;;;;MY_STIHL;https://app.stihl.com/nl-nl/mystihl/tools/add;authenticated MY STIHL UI lookup;TECHNICAL_FAILURE;;FALSE;FALSE;TRUE;FALSE;1;1327;stihl_resultaten.csv
10725000;;2026-09-26;BROWSER_ERROR;fout;;;;;;MY_STIHL;https://app.stihl.com/nl-nl/mystihl/tools/add;authenticated MY STIHL UI lookup;TECHNICAL_FAILURE;;FALSE;FALSE;TRUE;FALSE;1;1328;stihl_resultaten.csv
10726000;;2026-09-26;BROWSER_ERROR;fout;;;;;;MY_STIHL;https://app.stihl.com/nl-nl/mystihl/tools/add;authenticated MY STIHL UI lookup;TECHNICAL_FAILURE;;FALSE;FALSE;TRUE;FALSE;1;1329;stihl_resultaten.csv
10727000;;2026-09-26;BROWSER_ERROR;fout;;;;;;MY_STIHL;https://app.stihl.com/nl-nl/mystihl/tools/add;authenticated MY STIHL UI lookup;TECHNICAL_FAILURE;;FALSE;FALSE;TRUE;FALSE;1;1330;stihl_resultaten.csv
10728000;;2026-09-26;BROWSER_ERROR;fout;;;;;;MY_STIHL;https://app.stihl.com/nl-nl/mystihl/tools/add;authenticated MY STIHL UI lookup;TECHNICAL_FAILURE;;FALSE;FALSE;TRUE;FALSE;1;1331;stihl_resultaten.csv
10729000;;2026-09-26;BROWSER_ERROR;fout;;;;;;MY_STIHL;https://app.stihl.com/nl-nl/mystihl/tools/add;authenticated MY STIHL UI lookup;TECHNICAL_FAILURE;;FALSE;FALSE;TRUE;FALSE;1;1332;stihl_resultaten.csv
10730000;;2026-09-26;BROWSER_ERROR;fout;;;;;;MY_STIHL;https://app.stihl.com/nl-nl/mystihl/tools/add;authenticated MY STIHL UI lookup;TECHNICAL_FAILURE;;FALSE;FALSE;TRUE;FALSE;1;1333;stihl_resultaten.csv
10731000;;2026-09-26;BROWSER_ERROR;fout;;;;;;MY_STIHL;https://app.stihl.com/nl-nl/mystihl/tools/add;authenticated MY STIHL UI lookup;TECHNICAL_FAILURE;;FALSE;FALSE;TRUE;FALSE;1;1334;stihl_resultaten.csv
10732000;;2026-09-26;BROWSER_ERROR;fout;;;;;;MY_STIHL;https://app.stihl.com/nl-nl/mystihl/tools/add;authenticated MY STIHL UI lookup;TECHNICAL_FAILURE;;FALSE;FALSE;TRUE;FALSE;1;1335;stihl_resultaten.csv
10733000;;2026-09-26;BROWSER_ERROR;fout;;;;;;MY_STIHL;https://app.stihl.com/nl-nl/mystihl/tools/add;authenticated MY STIHL UI lookup;TECHNICAL_FAILURE;;FALSE;FALSE;TRUE;FALSE;1;1336;stihl_resultaten.csv
10734000;;2026-09-26;BROWSER_ERROR;fout;;;;;;MY_STIHL;https://app.stihl.com/nl-nl/mystihl/tools/add;authenticated MY STIHL UI lookup;TECHNICAL_FAILURE;;FALSE;FALSE;TRUE;FALSE;1;1337;stihl_resultaten.csv
10735000;;2026-09-26;BROWSER_ERROR;fout;;;;;;MY_STIHL;https://app.stihl.com/nl-nl/mystihl/tools/add;authenticated MY STIHL UI lookup;TECHNICAL_FAILURE;;FALSE;FALSE;TRUE;FALSE;1;1338;stihl_resultaten.csv
10736000;;2026-09-26;BROWSER_ERROR;fout;;;;;;MY_STIHL;https://app.stihl.com/nl-nl/mystihl/tools/add;authenticated MY STIHL UI lookup;TECHNICAL_FAILURE;;FALSE;FALSE;TRUE;FALSE;1;1339;stihl_resultaten.csv
10737000;;2026-09-26;BROWSER_ERROR;fout;;;;;;MY_STIHL;https://app.stihl.com/nl-nl/mystihl/tools/add;authenticated MY STIHL UI lookup;TECHNICAL_FAILURE;;FALSE;FALSE;TRUE;FALSE;1;1340;stihl_resultaten.csv
10738000;;2026-09-26;BROWSER_ERROR;fout;;;;;;MY_STIHL;https://app.stihl.com/nl-nl/mystihl/tools/add;authenticated MY STIHL UI lookup;TECHNICAL_FAILURE;;FALSE;FALSE;TRUE;FALSE;1;1341;stihl_resultaten.csv
10739000;;2026-09-26;BROWSER_ERROR;fout;;;;;;MY_STIHL;https://app.stihl.com/nl-nl/mystihl/tools/add;authenticated MY STIHL UI lookup;TECHNICAL_FAILURE;;FALSE;FALSE;TRUE;FALSE;1;1342;stihl_resultaten.csv
10740000;;2026-09-26;BROWSER_ERROR;fout;;;;;;MY_STIHL;https://app.stihl.com/nl-nl/mystihl/tools/add;authenticated MY STIHL UI lookup;TECHNICAL_FAILURE;;FALSE;FALSE;TRUE;FALSE;1;1343;stihl_resultaten.csv
10741000;;2026-09-26;BROWSER_ERROR;fout;;;;;;MY_STIHL;https://app.stihl.com/nl-nl/mystihl/tools/add;authenticated MY STIHL UI lookup;TECHNICAL_FAILURE;;FALSE;FALSE;TRUE;FALSE;1;1344;stihl_resultaten.csv
10742000;;2026-09-26;BROWSER_ERROR;fout;;;;;;MY_STIHL;https://app.stihl.com/nl-nl/mystihl/tools/add;authenticated MY STIHL UI lookup;TECHNICAL_FAILURE;;FALSE;FALSE;TRUE;FALSE;1;1345;stihl_resultaten.csv
10743000;;2026-09-26;BROWSER_ERROR;fout;;;;;;MY_STIHL;https://app.stihl.com/nl-nl/mystihl/tools/add;authenticated MY STIHL UI lookup;TECHNICAL_FAILURE;;FALSE;FALSE;TRUE;FALSE;1;1346;stihl_resultaten.csv
10744000;;2026-09-26;BROWSER_ERROR;fout;;;;;;MY_STIHL;https://app.stihl.com/nl-nl/mystihl/tools/add;authenticated MY STIHL UI lookup;TECHNICAL_FAILURE;;FALSE;FALSE;TRUE;FALSE;1;1347;stihl_resultaten.csv
10745000;;2026-09-26;BROWSER_ERROR;fout;;;;;;MY_STIHL;https://app.stihl.com/nl-nl/mystihl/tools/add;authenticated MY STIHL UI lookup;TECHNICAL_FAILURE;;FALSE;FALSE;TRUE;FALSE;1;1348;stihl_resultaten.csv
10746000;;2026-09-26;BROWSER_ERROR;fout;;;;;;MY_STIHL;https://app.stihl.com/nl-nl/mystihl/tools/add;authenticated MY STIHL UI lookup;TECHNICAL_FAILURE;;FALSE;FALSE;TRUE;FALSE;1;1349;stihl_resultaten.csv
10747000;;2026-09-26;BROWSER_ERROR;fout;;;;;;MY_STIHL;https://app.stihl.com/nl-nl/mystihl/tools/add;authenticated MY STIHL UI lookup;TECHNICAL_FAILURE;;FALSE;FALSE;TRUE;FALSE;1;1350;stihl_resultaten.csv
10748000;;2026-09-26;BROWSER_ERROR;fout;;;;;;MY_STIHL;https://app.stihl.com/nl-nl/mystihl/tools/add;authenticated MY STIHL UI lookup;TECHNICAL_FAILURE;;FALSE;FALSE;TRUE;FALSE;1;1351;stihl_resultaten.csv
10749000;;2026-09-26;BROWSER_ERROR;fout;;;;;;MY_STIHL;https://app.stihl.com/nl-nl/mystihl/tools/add;authenticated MY STIHL UI lookup;TECHNICAL_FAILURE;;FALSE;FALSE;TRUE;FALSE;1;1352;stihl_resultaten.csv
10750000;;2026-09-26;BROWSER_ERROR;fout;;;;;;MY_STIHL;https://app.stihl.com/nl-nl/mystihl/tools/add;authenticated MY STIHL UI lookup;TECHNICAL_FAILURE;;FALSE;FALSE;TRUE;FALSE;1;1353;stihl_resultaten.csv
10751000;;2026-09-26;BROWSER_ERROR;fout;;;;;;MY_STIHL;https://app.stihl.com/nl-nl/mystihl/tools/add;authenticated MY STIHL UI lookup;TECHNICAL_FAILURE;;FALSE;FALSE;TRUE;FALSE;1;1354;stihl_resultaten.csv
10752000;;2026-09-26;BROWSER_ERROR;fout;;;;;;MY_STIHL;https://app.stihl.com/nl-nl/mystihl/tools/add;authenticated MY STIHL UI lookup;TECHNICAL_FAILURE;;FALSE;FALSE;TRUE;FALSE;1;1355;stihl_resultaten.csv
10753000;;2026-09-26;BROWSER_ERROR;fout;;;;;;MY_STIHL;https://app.stihl.com/nl-nl/mystihl/tools/add;authenticated MY STIHL UI lookup;TECHNICAL_FAILURE;;FALSE;FALSE;TRUE;FALSE;1;1356;stihl_resultaten.csv
10754000;;2026-09-26;BROWSER_ERROR;fout;;;;;;MY_STIHL;https://app.stihl.com/nl-nl/mystihl/tools/add;authenticated MY STIHL UI lookup;TECHNICAL_FAILURE;;FALSE;FALSE;TRUE;FALSE;1;1357;stihl_resultaten.csv
10755000;;2026-09-26;BROWSER_ERROR;fout;;;;;;MY_STIHL;https://app.stihl.com/nl-nl/mystihl/tools/add;authenticated MY STIHL UI lookup;TECHNICAL_FAILURE;;FALSE;FALSE;TRUE;FALSE;1;1358;stihl_resultaten.csv
10756000;;2026-09-26;BROWSER_ERROR;fout;;;;;;MY_STIHL;https://app.stihl.com/nl-nl/mystihl/tools/add;authenticated MY STIHL UI lookup;TECHNICAL_FAILURE;;FALSE;FALSE;TRUE;FALSE;1;1359;stihl_resultaten.csv
10757000;;2026-09-26;BROWSER_ERROR;fout;;;;;;MY_STIHL;https://app.stihl.com/nl-nl/mystihl/tools/add;authenticated MY STIHL UI lookup;TECHNICAL_FAILURE;;FALSE;FALSE;TRUE;FALSE;1;1360;stihl_resultaten.csv
10758000;;2026-09-26;BROWSER_ERROR;fout;;;;;;MY_STIHL;https://app.stihl.com/nl-nl/mystihl/tools/add;authenticated MY STIHL UI lookup;TECHNICAL_FAILURE;;FALSE;FALSE;TRUE;FALSE;1;1361;stihl_resultaten.csv
10759000;;2026-09-26;BROWSER_ERROR;fout;;;;;;MY_STIHL;https://app.stihl.com/nl-nl/mystihl/tools/add;authenticated MY STIHL UI lookup;TECHNICAL_FAILURE;;FALSE;FALSE;TRUE;FALSE;1;1362;stihl_resultaten.csv
10760000;;2026-09-26;BROWSER_ERROR;fout;;;;;;MY_STIHL;https://app.stihl.com/nl-nl/mystihl/tools/add;authenticated MY STIHL UI lookup;TECHNICAL_FAILURE;;FALSE;FALSE;TRUE;FALSE;1;1363;stihl_resultaten.csv
10761000;;2026-09-26;BROWSER_ERROR;fout;;;;;;MY_STIHL;https://app.stihl.com/nl-nl/mystihl/tools/add;authenticated MY STIHL UI lookup;TECHNICAL_FAILURE;;FALSE;FALSE;TRUE;FALSE;1;1364;stihl_resultaten.csv
10762000;;2026-09-26;BROWSER_ERROR;fout;;;;;;MY_STIHL;https://app.stihl.com/nl-nl/mystihl/tools/add;authenticated MY STIHL UI lookup;TECHNICAL_FAILURE;;FALSE;FALSE;TRUE;FALSE;1;1365;stihl_resultaten.csv
10763000;;2026-09-26;BROWSER_ERROR;fout;;;;;;MY_STIHL;https://app.stihl.com/nl-nl/mystihl/tools/add;authenticated MY STIHL UI lookup;TECHNICAL_FAILURE;;FALSE;FALSE;TRUE;FALSE;1;1366;stihl_resultaten.csv
10764000;;2026-09-26;BROWSER_ERROR;fout;;;;;;MY_STIHL;https://app.stihl.com/nl-nl/mystihl/tools/add;authenticated MY STIHL UI lookup;TECHNICAL_FAILURE;;FALSE;FALSE;TRUE;FALSE;1;1367;stihl_resultaten.csv
10765000;;2026-09-26;BROWSER_ERROR;fout;;;;;;MY_STIHL;https://app.stihl.com/nl-nl/mystihl/tools/add;authenticated MY STIHL UI lookup;TECHNICAL_FAILURE;;FALSE;FALSE;TRUE;FALSE;1;1368;stihl_resultaten.csv
10766000;;2026-09-26;BROWSER_ERROR;fout;;;;;;MY_STIHL;https://app.stihl.com/nl-nl/mystihl/tools/add;authenticated MY STIHL UI lookup;TECHNICAL_FAILURE;;FALSE;FALSE;TRUE;FALSE;1;1369;stihl_resultaten.csv
10767000;;2026-09-26;BROWSER_ERROR;fout;;;;;;MY_STIHL;https://app.stihl.com/nl-nl/mystihl/tools/add;authenticated MY STIHL UI lookup;TECHNICAL_FAILURE;;FALSE;FALSE;TRUE;FALSE;1;1370;stihl_resultaten.csv
10768000;;2026-09-26;BROWSER_ERROR;fout;;;;;;MY_STIHL;https://app.stihl.com/nl-nl/mystihl/tools/add;authenticated MY STIHL UI lookup;TECHNICAL_FAILURE;;FALSE;FALSE;TRUE;FALSE;1;1371;stihl_resultaten.csv
10769000;;2026-09-26;BROWSER_ERROR;fout;;;;;;MY_STIHL;https://app.stihl.com/nl-nl/mystihl/tools/add;authenticated MY STIHL UI lookup;TECHNICAL_FAILURE;;FALSE;FALSE;TRUE;FALSE;1;1372;stihl_resultaten.csv
10770000;;2026-09-26;BROWSER_ERROR;fout;;;;;;MY_STIHL;https://app.stihl.com/nl-nl/mystihl/tools/add;authenticated MY STIHL UI lookup;TECHNICAL_FAILURE;;FALSE;FALSE;TRUE;FALSE;1;1373;stihl_resultaten.csv
10771000;;2026-09-26;BROWSER_ERROR;fout;;;;;;MY_STIHL;https://app.stihl.com/nl-nl/mystihl/tools/add;authenticated MY STIHL UI lookup;TECHNICAL_FAILURE;;FALSE;FALSE;TRUE;FALSE;1;1374;stihl_resultaten.csv
10772000;;2026-09-26;BROWSER_ERROR;fout;;;;;;MY_STIHL;https://app.stihl.com/nl-nl/mystihl/tools/add;authenticated MY STIHL UI lookup;TECHNICAL_FAILURE;;FALSE;FALSE;TRUE;FALSE;1;1375;stihl_resultaten.csv
10773000;;2026-09-26;BROWSER_ERROR;fout;;;;;;MY_STIHL;https://app.stihl.com/nl-nl/mystihl/tools/add;authenticated MY STIHL UI lookup;TECHNICAL_FAILURE;;FALSE;FALSE;TRUE;FALSE;1;1376;stihl_resultaten.csv
10774000;;2026-09-26;BROWSER_ERROR;fout;;;;;;MY_STIHL;https://app.stihl.com/nl-nl/mystihl/tools/add;authenticated MY STIHL UI lookup;TECHNICAL_FAILURE;;FALSE;FALSE;TRUE;FALSE;1;1377;stihl_resultaten.csv
10775000;;2026-09-26;BROWSER_ERROR;fout;;;;;;MY_STIHL;https://app.stihl.com/nl-nl/mystihl/tools/add;authenticated MY STIHL UI lookup;TECHNICAL_FAILURE;;FALSE;FALSE;TRUE;FALSE;1;1378;stihl_resultaten.csv
10776000;;2026-09-26;BROWSER_ERROR;fout;;;;;;MY_STIHL;https://app.stihl.com/nl-nl/mystihl/tools/add;authenticated MY STIHL UI lookup;TECHNICAL_FAILURE;;FALSE;FALSE;TRUE;FALSE;1;1379;stihl_resultaten.csv
10777000;;2026-09-26;BROWSER_ERROR;fout;;;;;;MY_STIHL;https://app.stihl.com/nl-nl/mystihl/tools/add;authenticated MY STIHL UI lookup;TECHNICAL_FAILURE;;FALSE;FALSE;TRUE;FALSE;1;1380;stihl_resultaten.csv
10778000;;2026-09-26;BROWSER_ERROR;fout;;;;;;MY_STIHL;https://app.stihl.com/nl-nl/mystihl/tools/add;authenticated MY STIHL UI lookup;TECHNICAL_FAILURE;;FALSE;FALSE;TRUE;FALSE;1;1381;stihl_resultaten.csv
10779000;;2026-09-26;BROWSER_ERROR;fout;;;;;;MY_STIHL;https://app.stihl.com/nl-nl/mystihl/tools/add;authenticated MY STIHL UI lookup;TECHNICAL_FAILURE;;FALSE;FALSE;TRUE;FALSE;1;1382;stihl_resultaten.csv
10780000;;2026-09-26;BROWSER_ERROR;fout;;;;;;MY_STIHL;https://app.stihl.com/nl-nl/mystihl/tools/add;authenticated MY STIHL UI lookup;TECHNICAL_FAILURE;;FALSE;FALSE;TRUE;FALSE;1;1383;stihl_resultaten.csv
10781000;;2026-09-26;BROWSER_ERROR;fout;;;;;;MY_STIHL;https://app.stihl.com/nl-nl/mystihl/tools/add;authenticated MY STIHL UI lookup;TECHNICAL_FAILURE;;FALSE;FALSE;TRUE;FALSE;1;1384;stihl_resultaten.csv
10782000;;2026-09-26;BROWSER_ERROR;fout;;;;;;MY_STIHL;https://app.stihl.com/nl-nl/mystihl/tools/add;authenticated MY STIHL UI lookup;TECHNICAL_FAILURE;;FALSE;FALSE;TRUE;FALSE;1;1385;stihl_resultaten.csv
10783000;;2026-09-26;BROWSER_ERROR;fout;;;;;;MY_STIHL;https://app.stihl.com/nl-nl/mystihl/tools/add;authenticated MY STIHL UI lookup;TECHNICAL_FAILURE;;FALSE;FALSE;TRUE;FALSE;1;1386;stihl_resultaten.csv
10784000;;2026-09-26;BROWSER_ERROR;fout;;;;;;MY_STIHL;https://app.stihl.com/nl-nl/mystihl/tools/add;authenticated MY STIHL UI lookup;TECHNICAL_FAILURE;;FALSE;FALSE;TRUE;FALSE;1;1387;stihl_resultaten.csv
10785000;;2026-09-26;BROWSER_ERROR;fout;;;;;;MY_STIHL;https://app.stihl.com/nl-nl/mystihl/tools/add;authenticated MY STIHL UI lookup;TECHNICAL_FAILURE;;FALSE;FALSE;TRUE;FALSE;1;1388;stihl_resultaten.csv
10786000;;2026-09-26;BROWSER_ERROR;fout;;;;;;MY_STIHL;https://app.stihl.com/nl-nl/mystihl/tools/add;authenticated MY STIHL UI lookup;TECHNICAL_FAILURE;;FALSE;FALSE;TRUE;FALSE;1;1389;stihl_resultaten.csv
10787000;;2026-09-26;BROWSER_ERROR;fout;;;;;;MY_STIHL;https://app.stihl.com/nl-nl/mystihl/tools/add;authenticated MY STIHL UI lookup;TECHNICAL_FAILURE;;FALSE;FALSE;TRUE;FALSE;1;1390;stihl_resultaten.csv
10788000;;2026-09-26;BROWSER_ERROR;fout;;;;;;MY_STIHL;https://app.stihl.com/nl-nl/mystihl/tools/add;authenticated MY STIHL UI lookup;TECHNICAL_FAILURE;;FALSE;FALSE;TRUE;FALSE;1;1391;stihl_resultaten.csv
10789000;;2026-09-26;BROWSER_ERROR;fout;;;;;;MY_STIHL;https://app.stihl.com/nl-nl/mystihl/tools/add;authenticated MY STIHL UI lookup;TECHNICAL_FAILURE;;FALSE;FALSE;TRUE;FALSE;1;1392;stihl_resultaten.csv
10790000;;2026-09-26;BROWSER_ERROR;fout;;;;;;MY_STIHL;https://app.stihl.com/nl-nl/mystihl/tools/add;authenticated MY STIHL UI lookup;TECHNICAL_FAILURE;;FALSE;FALSE;TRUE;FALSE;1;1393;stihl_resultaten.csv
10791000;;2026-09-26;BROWSER_ERROR;fout;;;;;;MY_STIHL;https://app.stihl.com/nl-nl/mystihl/tools/add;authenticated MY STIHL UI lookup;TECHNICAL_FAILURE;;FALSE;FALSE;TRUE;FALSE;1;1394;stihl_resultaten.csv
10792000;;2026-09-26;BROWSER_ERROR;fout;;;;;;MY_STIHL;https://app.stihl.com/nl-nl/mystihl/tools/add;authenticated MY STIHL UI lookup;TECHNICAL_FAILURE;;FALSE;FALSE;TRUE;FALSE;1;1395;stihl_resultaten.csv
10793000;;2026-09-26;BROWSER_ERROR;fout;;;;;;MY_STIHL;https://app.stihl.com/nl-nl/mystihl/tools/add;authenticated MY STIHL UI lookup;TECHNICAL_FAILURE;;FALSE;FALSE;TRUE;FALSE;1;1396;stihl_resultaten.csv
10794000;;2026-09-26;BROWSER_ERROR;fout;;;;;;MY_STIHL;https://app.stihl.com/nl-nl/mystihl/tools/add;authenticated MY STIHL UI lookup;TECHNICAL_FAILURE;;FALSE;FALSE;TRUE;FALSE;1;1397;stihl_resultaten.csv
10795000;;2026-09-26;BROWSER_ERROR;fout;;;;;;MY_STIHL;https://app.stihl.com/nl-nl/mystihl/tools/add;authenticated MY STIHL UI lookup;TECHNICAL_FAILURE;;FALSE;FALSE;TRUE;FALSE;1;1398;stihl_resultaten.csv
10796000;;2026-09-26;BROWSER_ERROR;fout;;;;;;MY_STIHL;https://app.stihl.com/nl-nl/mystihl/tools/add;authenticated MY STIHL UI lookup;TECHNICAL_FAILURE;;FALSE;FALSE;TRUE;FALSE;1;1399;stihl_resultaten.csv
10797000;;2026-09-26;BROWSER_ERROR;fout;;;;;;MY_STIHL;https://app.stihl.com/nl-nl/mystihl/tools/add;authenticated MY STIHL UI lookup;TECHNICAL_FAILURE;;FALSE;FALSE;TRUE;FALSE;1;1400;stihl_resultaten.csv
10798000;;2026-09-26;BROWSER_ERROR;fout;;;;;;MY_STIHL;https://app.stihl.com/nl-nl/mystihl/tools/add;authenticated MY STIHL UI lookup;TECHNICAL_FAILURE;;FALSE;FALSE;TRUE;FALSE;1;1401;stihl_resultaten.csv
10799000;;2026-09-26;BROWSER_ERROR;fout;;;;;;MY_STIHL;https://app.stihl.com/nl-nl/mystihl/tools/add;authenticated MY STIHL UI lookup;TECHNICAL_FAILURE;;FALSE;FALSE;TRUE;FALSE;1;1402;stihl_resultaten.csv
10800000;;2026-09-26;BROWSER_ERROR;fout;;;;;;MY_STIHL;https://app.stihl.com/nl-nl/mystihl/tools/add;authenticated MY STIHL UI lookup;TECHNICAL_FAILURE;;FALSE;FALSE;TRUE;FALSE;1;1403;stihl_resultaten.csv
10801000;;2026-09-26;BROWSER_ERROR;fout;;;;;;MY_STIHL;https://app.stihl.com/nl-nl/mystihl/tools/add;authenticated MY STIHL UI lookup;TECHNICAL_FAILURE;;FALSE;FALSE;TRUE;FALSE;1;1404;stihl_resultaten.csv
10802000;;2026-09-26;BROWSER_ERROR;fout;;;;;;MY_STIHL;https://app.stihl.com/nl-nl/mystihl/tools/add;authenticated MY STIHL UI lookup;TECHNICAL_FAILURE;;FALSE;FALSE;TRUE;FALSE;1;1405;stihl_resultaten.csv
10803000;;2026-09-26;BROWSER_ERROR;fout;;;;;;MY_STIHL;https://app.stihl.com/nl-nl/mystihl/tools/add;authenticated MY STIHL UI lookup;TECHNICAL_FAILURE;;FALSE;FALSE;TRUE;FALSE;1;1406;stihl_resultaten.csv
10804000;;2026-09-26;BROWSER_ERROR;fout;;;;;;MY_STIHL;https://app.stihl.com/nl-nl/mystihl/tools/add;authenticated MY STIHL UI lookup;TECHNICAL_FAILURE;;FALSE;FALSE;TRUE;FALSE;1;1407;stihl_resultaten.csv
10805000;;2026-09-26;BROWSER_ERROR;fout;;;;;;MY_STIHL;https://app.stihl.com/nl-nl/mystihl/tools/add;authenticated MY STIHL UI lookup;TECHNICAL_FAILURE;;FALSE;FALSE;TRUE;FALSE;1;1408;stihl_resultaten.csv
10806000;;2026-09-26;BROWSER_ERROR;fout;;;;;;MY_STIHL;https://app.stihl.com/nl-nl/mystihl/tools/add;authenticated MY STIHL UI lookup;TECHNICAL_FAILURE;;FALSE;FALSE;TRUE;FALSE;1;1409;stihl_resultaten.csv
10807000;;2026-09-26;BROWSER_ERROR;fout;;;;;;MY_STIHL;https://app.stihl.com/nl-nl/mystihl/tools/add;authenticated MY STIHL UI lookup;TECHNICAL_FAILURE;;FALSE;FALSE;TRUE;FALSE;1;1410;stihl_resultaten.csv
10808000;;2026-09-26;BROWSER_ERROR;fout;;;;;;MY_STIHL;https://app.stihl.com/nl-nl/mystihl/tools/add;authenticated MY STIHL UI lookup;TECHNICAL_FAILURE;;FALSE;FALSE;TRUE;FALSE;1;1411;stihl_resultaten.csv
10809000;;2026-09-26;BROWSER_ERROR;fout;;;;;;MY_STIHL;https://app.stihl.com/nl-nl/mystihl/tools/add;authenticated MY STIHL UI lookup;TECHNICAL_FAILURE;;FALSE;FALSE;TRUE;FALSE;1;1412;stihl_resultaten.csv
10810000;;2026-09-26;BROWSER_ERROR;fout;;;;;;MY_STIHL;https://app.stihl.com/nl-nl/mystihl/tools/add;authenticated MY STIHL UI lookup;TECHNICAL_FAILURE;;FALSE;FALSE;TRUE;FALSE;1;1413;stihl_resultaten.csv
10811000;;2026-09-26;BROWSER_ERROR;fout;;;;;;MY_STIHL;https://app.stihl.com/nl-nl/mystihl/tools/add;authenticated MY STIHL UI lookup;TECHNICAL_FAILURE;;FALSE;FALSE;TRUE;FALSE;1;1414;stihl_resultaten.csv
10812000;;2026-09-26;BROWSER_ERROR;fout;;;;;;MY_STIHL;https://app.stihl.com/nl-nl/mystihl/tools/add;authenticated MY STIHL UI lookup;TECHNICAL_FAILURE;;FALSE;FALSE;TRUE;FALSE;1;1415;stihl_resultaten.csv
10813000;;2026-09-26;BROWSER_ERROR;fout;;;;;;MY_STIHL;https://app.stihl.com/nl-nl/mystihl/tools/add;authenticated MY STIHL UI lookup;TECHNICAL_FAILURE;;FALSE;FALSE;TRUE;FALSE;1;1416;stihl_resultaten.csv
10814000;;2026-09-26;BROWSER_ERROR;fout;;;;;;MY_STIHL;https://app.stihl.com/nl-nl/mystihl/tools/add;authenticated MY STIHL UI lookup;TECHNICAL_FAILURE;;FALSE;FALSE;TRUE;FALSE;1;1417;stihl_resultaten.csv
10815000;;2026-09-26;BROWSER_ERROR;fout;;;;;;MY_STIHL;https://app.stihl.com/nl-nl/mystihl/tools/add;authenticated MY STIHL UI lookup;TECHNICAL_FAILURE;;FALSE;FALSE;TRUE;FALSE;1;1418;stihl_resultaten.csv
10816000;;2026-09-26;BROWSER_ERROR;fout;;;;;;MY_STIHL;https://app.stihl.com/nl-nl/mystihl/tools/add;authenticated MY STIHL UI lookup;TECHNICAL_FAILURE;;FALSE;FALSE;TRUE;FALSE;1;1419;stihl_resultaten.csv
10817000;;2026-09-26;BROWSER_ERROR;fout;;;;;;MY_STIHL;https://app.stihl.com/nl-nl/mystihl/tools/add;authenticated MY STIHL UI lookup;TECHNICAL_FAILURE;;FALSE;FALSE;TRUE;FALSE;1;1420;stihl_resultaten.csv
10818000;;2026-09-26;BROWSER_ERROR;fout;;;;;;MY_STIHL;https://app.stihl.com/nl-nl/mystihl/tools/add;authenticated MY STIHL UI lookup;TECHNICAL_FAILURE;;FALSE;FALSE;TRUE;FALSE;1;1421;stihl_resultaten.csv
10819000;;2026-09-26;BROWSER_ERROR;fout;;;;;;MY_STIHL;https://app.stihl.com/nl-nl/mystihl/tools/add;authenticated MY STIHL UI lookup;TECHNICAL_FAILURE;;FALSE;FALSE;TRUE;FALSE;1;1422;stihl_resultaten.csv
10820000;;2026-09-26;BROWSER_ERROR;fout;;;;;;MY_STIHL;https://app.stihl.com/nl-nl/mystihl/tools/add;authenticated MY STIHL UI lookup;TECHNICAL_FAILURE;;FALSE;FALSE;TRUE;FALSE;1;1423;stihl_resultaten.csv
10821000;;2026-09-26;BROWSER_ERROR;fout;;;;;;MY_STIHL;https://app.stihl.com/nl-nl/mystihl/tools/add;authenticated MY STIHL UI lookup;TECHNICAL_FAILURE;;FALSE;FALSE;TRUE;FALSE;1;1424;stihl_resultaten.csv
10822000;;2026-09-26;BROWSER_ERROR;fout;;;;;;MY_STIHL;https://app.stihl.com/nl-nl/mystihl/tools/add;authenticated MY STIHL UI lookup;TECHNICAL_FAILURE;;FALSE;FALSE;TRUE;FALSE;1;1425;stihl_resultaten.csv
10823000;;2026-09-26;BROWSER_ERROR;fout;;;;;;MY_STIHL;https://app.stihl.com/nl-nl/mystihl/tools/add;authenticated MY STIHL UI lookup;TECHNICAL_FAILURE;;FALSE;FALSE;TRUE;FALSE;1;1426;stihl_resultaten.csv
10824000;;2026-09-26;BROWSER_ERROR;fout;;;;;;MY_STIHL;https://app.stihl.com/nl-nl/mystihl/tools/add;authenticated MY STIHL UI lookup;TECHNICAL_FAILURE;;FALSE;FALSE;TRUE;FALSE;1;1427;stihl_resultaten.csv
10825000;;2026-09-26;BROWSER_ERROR;fout;;;;;;MY_STIHL;https://app.stihl.com/nl-nl/mystihl/tools/add;authenticated MY STIHL UI lookup;TECHNICAL_FAILURE;;FALSE;FALSE;TRUE;FALSE;1;1428;stihl_resultaten.csv
10826000;;2026-09-26;BROWSER_ERROR;fout;;;;;;MY_STIHL;https://app.stihl.com/nl-nl/mystihl/tools/add;authenticated MY STIHL UI lookup;TECHNICAL_FAILURE;;FALSE;FALSE;TRUE;FALSE;1;1429;stihl_resultaten.csv
10827000;;2026-09-26;BROWSER_ERROR;fout;;;;;;MY_STIHL;https://app.stihl.com/nl-nl/mystihl/tools/add;authenticated MY STIHL UI lookup;TECHNICAL_FAILURE;;FALSE;FALSE;TRUE;FALSE;1;1430;stihl_resultaten.csv
10828000;;2026-09-26;BROWSER_ERROR;fout;;;;;;MY_STIHL;https://app.stihl.com/nl-nl/mystihl/tools/add;authenticated MY STIHL UI lookup;TECHNICAL_FAILURE;;FALSE;FALSE;TRUE;FALSE;1;1431;stihl_resultaten.csv
10829000;;2026-09-26;BROWSER_ERROR;fout;;;;;;MY_STIHL;https://app.stihl.com/nl-nl/mystihl/tools/add;authenticated MY STIHL UI lookup;TECHNICAL_FAILURE;;FALSE;FALSE;TRUE;FALSE;1;1432;stihl_resultaten.csv
10830000;;2026-09-26;BROWSER_ERROR;fout;;;;;;MY_STIHL;https://app.stihl.com/nl-nl/mystihl/tools/add;authenticated MY STIHL UI lookup;TECHNICAL_FAILURE;;FALSE;FALSE;TRUE;FALSE;1;1433;stihl_resultaten.csv
10831000;;2026-09-26;BROWSER_ERROR;fout;;;;;;MY_STIHL;https://app.stihl.com/nl-nl/mystihl/tools/add;authenticated MY STIHL UI lookup;TECHNICAL_FAILURE;;FALSE;FALSE;TRUE;FALSE;1;1434;stihl_resultaten.csv
10832000;;2026-09-26;BROWSER_ERROR;fout;;;;;;MY_STIHL;https://app.stihl.com/nl-nl/mystihl/tools/add;authenticated MY STIHL UI lookup;TECHNICAL_FAILURE;;FALSE;FALSE;TRUE;FALSE;1;1435;stihl_resultaten.csv
10833000;;2026-09-26;BROWSER_ERROR;fout;;;;;;MY_STIHL;https://app.stihl.com/nl-nl/mystihl/tools/add;authenticated MY STIHL UI lookup;TECHNICAL_FAILURE;;FALSE;FALSE;TRUE;FALSE;1;1436;stihl_resultaten.csv
10834000;;2026-09-26;BROWSER_ERROR;fout;;;;;;MY_STIHL;https://app.stihl.com/nl-nl/mystihl/tools/add;authenticated MY STIHL UI lookup;TECHNICAL_FAILURE;;FALSE;FALSE;TRUE;FALSE;1;1437;stihl_resultaten.csv
10835000;;2026-09-26;BROWSER_ERROR;fout;;;;;;MY_STIHL;https://app.stihl.com/nl-nl/mystihl/tools/add;authenticated MY STIHL UI lookup;TECHNICAL_FAILURE;;FALSE;FALSE;TRUE;FALSE;1;1438;stihl_resultaten.csv
10836000;;2026-09-26;BROWSER_ERROR;fout;;;;;;MY_STIHL;https://app.stihl.com/nl-nl/mystihl/tools/add;authenticated MY STIHL UI lookup;TECHNICAL_FAILURE;;FALSE;FALSE;TRUE;FALSE;1;1439;stihl_resultaten.csv
10837000;;2026-09-26;BROWSER_ERROR;fout;;;;;;MY_STIHL;https://app.stihl.com/nl-nl/mystihl/tools/add;authenticated MY STIHL UI lookup;TECHNICAL_FAILURE;;FALSE;FALSE;TRUE;FALSE;1;1440;stihl_resultaten.csv
10838000;;2026-09-26;BROWSER_ERROR;fout;;;;;;MY_STIHL;https://app.stihl.com/nl-nl/mystihl/tools/add;authenticated MY STIHL UI lookup;TECHNICAL_FAILURE;;FALSE;FALSE;TRUE;FALSE;1;1441;stihl_resultaten.csv
10839000;;2026-09-26;BROWSER_ERROR;fout;;;;;;MY_STIHL;https://app.stihl.com/nl-nl/mystihl/tools/add;authenticated MY STIHL UI lookup;TECHNICAL_FAILURE;;FALSE;FALSE;TRUE;FALSE;1;1442;stihl_resultaten.csv
10840000;;2026-09-26;BROWSER_ERROR;fout;;;;;;MY_STIHL;https://app.stihl.com/nl-nl/mystihl/tools/add;authenticated MY STIHL UI lookup;TECHNICAL_FAILURE;;FALSE;FALSE;TRUE;FALSE;1;1443;stihl_resultaten.csv
10841000;;2026-09-26;BROWSER_ERROR;fout;;;;;;MY_STIHL;https://app.stihl.com/nl-nl/mystihl/tools/add;authenticated MY STIHL UI lookup;TECHNICAL_FAILURE;;FALSE;FALSE;TRUE;FALSE;1;1444;stihl_resultaten.csv
10842000;;2026-09-26;BROWSER_ERROR;fout;;;;;;MY_STIHL;https://app.stihl.com/nl-nl/mystihl/tools/add;authenticated MY STIHL UI lookup;TECHNICAL_FAILURE;;FALSE;FALSE;TRUE;FALSE;1;1445;stihl_resultaten.csv
10843000;;2026-09-26;BROWSER_ERROR;fout;;;;;;MY_STIHL;https://app.stihl.com/nl-nl/mystihl/tools/add;authenticated MY STIHL UI lookup;TECHNICAL_FAILURE;;FALSE;FALSE;TRUE;FALSE;1;1446;stihl_resultaten.csv
10844000;;2026-09-26;BROWSER_ERROR;fout;;;;;;MY_STIHL;https://app.stihl.com/nl-nl/mystihl/tools/add;authenticated MY STIHL UI lookup;TECHNICAL_FAILURE;;FALSE;FALSE;TRUE;FALSE;1;1447;stihl_resultaten.csv
10845000;;2026-09-26;BROWSER_ERROR;fout;;;;;;MY_STIHL;https://app.stihl.com/nl-nl/mystihl/tools/add;authenticated MY STIHL UI lookup;TECHNICAL_FAILURE;;FALSE;FALSE;TRUE;FALSE;1;1448;stihl_resultaten.csv
10846000;;2026-09-26;BROWSER_ERROR;fout;;;;;;MY_STIHL;https://app.stihl.com/nl-nl/mystihl/tools/add;authenticated MY STIHL UI lookup;TECHNICAL_FAILURE;;FALSE;FALSE;TRUE;FALSE;1;1449;stihl_resultaten.csv
10847000;;2026-09-26;BROWSER_ERROR;fout;;;;;;MY_STIHL;https://app.stihl.com/nl-nl/mystihl/tools/add;authenticated MY STIHL UI lookup;TECHNICAL_FAILURE;;FALSE;FALSE;TRUE;FALSE;1;1450;stihl_resultaten.csv
10848000;;2026-09-26;BROWSER_ERROR;fout;;;;;;MY_STIHL;https://app.stihl.com/nl-nl/mystihl/tools/add;authenticated MY STIHL UI lookup;TECHNICAL_FAILURE;;FALSE;FALSE;TRUE;FALSE;1;1451;stihl_resultaten.csv
10849000;;2026-09-26;BROWSER_ERROR;fout;;;;;;MY_STIHL;https://app.stihl.com/nl-nl/mystihl/tools/add;authenticated MY STIHL UI lookup;TECHNICAL_FAILURE;;FALSE;FALSE;TRUE;FALSE;1;1452;stihl_resultaten.csv
10850000;;2026-09-26;BROWSER_ERROR;fout;;;;;;MY_STIHL;https://app.stihl.com/nl-nl/mystihl/tools/add;authenticated MY STIHL UI lookup;TECHNICAL_FAILURE;;FALSE;FALSE;TRUE;FALSE;1;1453;stihl_resultaten.csv
10851000;;2026-09-26;BROWSER_ERROR;fout;;;;;;MY_STIHL;https://app.stihl.com/nl-nl/mystihl/tools/add;authenticated MY STIHL UI lookup;TECHNICAL_FAILURE;;FALSE;FALSE;TRUE;FALSE;1;1454;stihl_resultaten.csv
10852000;;2026-09-26;BROWSER_ERROR;fout;;;;;;MY_STIHL;https://app.stihl.com/nl-nl/mystihl/tools/add;authenticated MY STIHL UI lookup;TECHNICAL_FAILURE;;FALSE;FALSE;TRUE;FALSE;1;1455;stihl_resultaten.csv
10853000;;2026-09-26;BROWSER_ERROR;fout;;;;;;MY_STIHL;https://app.stihl.com/nl-nl/mystihl/tools/add;authenticated MY STIHL UI lookup;TECHNICAL_FAILURE;;FALSE;FALSE;TRUE;FALSE;1;1456;stihl_resultaten.csv
10854000;;2026-09-26;BROWSER_ERROR;fout;;;;;;MY_STIHL;https://app.stihl.com/nl-nl/mystihl/tools/add;authenticated MY STIHL UI lookup;TECHNICAL_FAILURE;;FALSE;FALSE;TRUE;FALSE;1;1457;stihl_resultaten.csv
10855000;;2026-09-26;BROWSER_ERROR;fout;;;;;;MY_STIHL;https://app.stihl.com/nl-nl/mystihl/tools/add;authenticated MY STIHL UI lookup;TECHNICAL_FAILURE;;FALSE;FALSE;TRUE;FALSE;1;1458;stihl_resultaten.csv
10856000;;2026-09-26;BROWSER_ERROR;fout;;;;;;MY_STIHL;https://app.stihl.com/nl-nl/mystihl/tools/add;authenticated MY STIHL UI lookup;TECHNICAL_FAILURE;;FALSE;FALSE;TRUE;FALSE;1;1459;stihl_resultaten.csv
10857000;;2026-09-26;BROWSER_ERROR;fout;;;;;;MY_STIHL;https://app.stihl.com/nl-nl/mystihl/tools/add;authenticated MY STIHL UI lookup;TECHNICAL_FAILURE;;FALSE;FALSE;TRUE;FALSE;1;1460;stihl_resultaten.csv
10858000;;2026-09-26;BROWSER_ERROR;fout;;;;;;MY_STIHL;https://app.stihl.com/nl-nl/mystihl/tools/add;authenticated MY STIHL UI lookup;TECHNICAL_FAILURE;;FALSE;FALSE;TRUE;FALSE;1;1461;stihl_resultaten.csv
10859000;;2026-09-26;BROWSER_ERROR;fout;;;;;;MY_STIHL;https://app.stihl.com/nl-nl/mystihl/tools/add;authenticated MY STIHL UI lookup;TECHNICAL_FAILURE;;FALSE;FALSE;TRUE;FALSE;1;1462;stihl_resultaten.csv
10860000;;2026-09-26;BROWSER_ERROR;fout;;;;;;MY_STIHL;https://app.stihl.com/nl-nl/mystihl/tools/add;authenticated MY STIHL UI lookup;TECHNICAL_FAILURE;;FALSE;FALSE;TRUE;FALSE;1;1463;stihl_resultaten.csv
10861000;;2026-09-26;BROWSER_ERROR;fout;;;;;;MY_STIHL;https://app.stihl.com/nl-nl/mystihl/tools/add;authenticated MY STIHL UI lookup;TECHNICAL_FAILURE;;FALSE;FALSE;TRUE;FALSE;1;1464;stihl_resultaten.csv
10862000;;2026-09-26;BROWSER_ERROR;fout;;;;;;MY_STIHL;https://app.stihl.com/nl-nl/mystihl/tools/add;authenticated MY STIHL UI lookup;TECHNICAL_FAILURE;;FALSE;FALSE;TRUE;FALSE;1;1465;stihl_resultaten.csv
10863000;;2026-09-26;BROWSER_ERROR;fout;;;;;;MY_STIHL;https://app.stihl.com/nl-nl/mystihl/tools/add;authenticated MY STIHL UI lookup;TECHNICAL_FAILURE;;FALSE;FALSE;TRUE;FALSE;1;1466;stihl_resultaten.csv
10864000;;2026-09-26;BROWSER_ERROR;fout;;;;;;MY_STIHL;https://app.stihl.com/nl-nl/mystihl/tools/add;authenticated MY STIHL UI lookup;TECHNICAL_FAILURE;;FALSE;FALSE;TRUE;FALSE;1;1467;stihl_resultaten.csv
10865000;;2026-09-26;BROWSER_ERROR;fout;;;;;;MY_STIHL;https://app.stihl.com/nl-nl/mystihl/tools/add;authenticated MY STIHL UI lookup;TECHNICAL_FAILURE;;FALSE;FALSE;TRUE;FALSE;1;1468;stihl_resultaten.csv
10866000;;2026-09-26;BROWSER_ERROR;fout;;;;;;MY_STIHL;https://app.stihl.com/nl-nl/mystihl/tools/add;authenticated MY STIHL UI lookup;TECHNICAL_FAILURE;;FALSE;FALSE;TRUE;FALSE;1;1469;stihl_resultaten.csv
10867000;;2026-09-26;BROWSER_ERROR;fout;;;;;;MY_STIHL;https://app.stihl.com/nl-nl/mystihl/tools/add;authenticated MY STIHL UI lookup;TECHNICAL_FAILURE;;FALSE;FALSE;TRUE;FALSE;1;1470;stihl_resultaten.csv
10868000;;2026-09-26;BROWSER_ERROR;fout;;;;;;MY_STIHL;https://app.stihl.com/nl-nl/mystihl/tools/add;authenticated MY STIHL UI lookup;TECHNICAL_FAILURE;;FALSE;FALSE;TRUE;FALSE;1;1471;stihl_resultaten.csv
10869000;;2026-09-26;BROWSER_ERROR;fout;;;;;;MY_STIHL;https://app.stihl.com/nl-nl/mystihl/tools/add;authenticated MY STIHL UI lookup;TECHNICAL_FAILURE;;FALSE;FALSE;TRUE;FALSE;1;1472;stihl_resultaten.csv
10870000;;2026-09-26;BROWSER_ERROR;fout;;;;;;MY_STIHL;https://app.stihl.com/nl-nl/mystihl/tools/add;authenticated MY STIHL UI lookup;TECHNICAL_FAILURE;;FALSE;FALSE;TRUE;FALSE;1;1473;stihl_resultaten.csv
10871000;;2026-09-26;BROWSER_ERROR;fout;;;;;;MY_STIHL;https://app.stihl.com/nl-nl/mystihl/tools/add;authenticated MY STIHL UI lookup;TECHNICAL_FAILURE;;FALSE;FALSE;TRUE;FALSE;1;1474;stihl_resultaten.csv
10872000;;2026-09-26;BROWSER_ERROR;fout;;;;;;MY_STIHL;https://app.stihl.com/nl-nl/mystihl/tools/add;authenticated MY STIHL UI lookup;TECHNICAL_FAILURE;;FALSE;FALSE;TRUE;FALSE;1;1475;stihl_resultaten.csv
10873000;;2026-09-26;BROWSER_ERROR;fout;;;;;;MY_STIHL;https://app.stihl.com/nl-nl/mystihl/tools/add;authenticated MY STIHL UI lookup;TECHNICAL_FAILURE;;FALSE;FALSE;TRUE;FALSE;1;1476;stihl_resultaten.csv
10874000;;2026-09-26;BROWSER_ERROR;fout;;;;;;MY_STIHL;https://app.stihl.com/nl-nl/mystihl/tools/add;authenticated MY STIHL UI lookup;TECHNICAL_FAILURE;;FALSE;FALSE;TRUE;FALSE;1;1477;stihl_resultaten.csv
10875000;;2026-09-26;BROWSER_ERROR;fout;;;;;;MY_STIHL;https://app.stihl.com/nl-nl/mystihl/tools/add;authenticated MY STIHL UI lookup;TECHNICAL_FAILURE;;FALSE;FALSE;TRUE;FALSE;1;1478;stihl_resultaten.csv
10876000;;2026-09-26;BROWSER_ERROR;fout;;;;;;MY_STIHL;https://app.stihl.com/nl-nl/mystihl/tools/add;authenticated MY STIHL UI lookup;TECHNICAL_FAILURE;;FALSE;FALSE;TRUE;FALSE;1;1479;stihl_resultaten.csv
10877000;;2026-09-26;BROWSER_ERROR;fout;;;;;;MY_STIHL;https://app.stihl.com/nl-nl/mystihl/tools/add;authenticated MY STIHL UI lookup;TECHNICAL_FAILURE;;FALSE;FALSE;TRUE;FALSE;1;1480;stihl_resultaten.csv
10878000;;2026-09-26;BROWSER_ERROR;fout;;;;;;MY_STIHL;https://app.stihl.com/nl-nl/mystihl/tools/add;authenticated MY STIHL UI lookup;TECHNICAL_FAILURE;;FALSE;FALSE;TRUE;FALSE;1;1481;stihl_resultaten.csv
10879000;;2026-09-26;BROWSER_ERROR;fout;;;;;;MY_STIHL;https://app.stihl.com/nl-nl/mystihl/tools/add;authenticated MY STIHL UI lookup;TECHNICAL_FAILURE;;FALSE;FALSE;TRUE;FALSE;1;1482;stihl_resultaten.csv
10880000;;2026-09-26;BROWSER_ERROR;fout;;;;;;MY_STIHL;https://app.stihl.com/nl-nl/mystihl/tools/add;authenticated MY STIHL UI lookup;TECHNICAL_FAILURE;;FALSE;FALSE;TRUE;FALSE;1;1483;stihl_resultaten.csv
10881000;;2026-09-26;BROWSER_ERROR;fout;;;;;;MY_STIHL;https://app.stihl.com/nl-nl/mystihl/tools/add;authenticated MY STIHL UI lookup;TECHNICAL_FAILURE;;FALSE;FALSE;TRUE;FALSE;1;1484;stihl_resultaten.csv
10882000;;2026-09-26;BROWSER_ERROR;fout;;;;;;MY_STIHL;https://app.stihl.com/nl-nl/mystihl/tools/add;authenticated MY STIHL UI lookup;TECHNICAL_FAILURE;;FALSE;FALSE;TRUE;FALSE;1;1485;stihl_resultaten.csv
10883000;;2026-09-26;BROWSER_ERROR;fout;;;;;;MY_STIHL;https://app.stihl.com/nl-nl/mystihl/tools/add;authenticated MY STIHL UI lookup;TECHNICAL_FAILURE;;FALSE;FALSE;TRUE;FALSE;1;1486;stihl_resultaten.csv
10884000;;2026-09-26;BROWSER_ERROR;fout;;;;;;MY_STIHL;https://app.stihl.com/nl-nl/mystihl/tools/add;authenticated MY STIHL UI lookup;TECHNICAL_FAILURE;;FALSE;FALSE;TRUE;FALSE;1;1487;stihl_resultaten.csv
10885000;;2026-09-26;BROWSER_ERROR;fout;;;;;;MY_STIHL;https://app.stihl.com/nl-nl/mystihl/tools/add;authenticated MY STIHL UI lookup;TECHNICAL_FAILURE;;FALSE;FALSE;TRUE;FALSE;1;1488;stihl_resultaten.csv
10886000;;2026-09-26;BROWSER_ERROR;fout;;;;;;MY_STIHL;https://app.stihl.com/nl-nl/mystihl/tools/add;authenticated MY STIHL UI lookup;TECHNICAL_FAILURE;;FALSE;FALSE;TRUE;FALSE;1;1489;stihl_resultaten.csv
10887000;;2026-09-26;BROWSER_ERROR;fout;;;;;;MY_STIHL;https://app.stihl.com/nl-nl/mystihl/tools/add;authenticated MY STIHL UI lookup;TECHNICAL_FAILURE;;FALSE;FALSE;TRUE;FALSE;1;1490;stihl_resultaten.csv
10888000;;2026-09-26;BROWSER_ERROR;fout;;;;;;MY_STIHL;https://app.stihl.com/nl-nl/mystihl/tools/add;authenticated MY STIHL UI lookup;TECHNICAL_FAILURE;;FALSE;FALSE;TRUE;FALSE;1;1491;stihl_resultaten.csv
10889000;;2026-09-26;BROWSER_ERROR;fout;;;;;;MY_STIHL;https://app.stihl.com/nl-nl/mystihl/tools/add;authenticated MY STIHL UI lookup;TECHNICAL_FAILURE;;FALSE;FALSE;TRUE;FALSE;1;1492;stihl_resultaten.csv
10890000;;2026-09-26;BROWSER_ERROR;fout;;;;;;MY_STIHL;https://app.stihl.com/nl-nl/mystihl/tools/add;authenticated MY STIHL UI lookup;TECHNICAL_FAILURE;;FALSE;FALSE;TRUE;FALSE;1;1493;stihl_resultaten.csv
10891000;;2026-09-26;BROWSER_ERROR;fout;;;;;;MY_STIHL;https://app.stihl.com/nl-nl/mystihl/tools/add;authenticated MY STIHL UI lookup;TECHNICAL_FAILURE;;FALSE;FALSE;TRUE;FALSE;1;1494;stihl_resultaten.csv
10892000;;2026-09-26;BROWSER_ERROR;fout;;;;;;MY_STIHL;https://app.stihl.com/nl-nl/mystihl/tools/add;authenticated MY STIHL UI lookup;TECHNICAL_FAILURE;;FALSE;FALSE;TRUE;FALSE;1;1495;stihl_resultaten.csv
10893000;;2026-09-26;BROWSER_ERROR;fout;;;;;;MY_STIHL;https://app.stihl.com/nl-nl/mystihl/tools/add;authenticated MY STIHL UI lookup;TECHNICAL_FAILURE;;FALSE;FALSE;TRUE;FALSE;1;1496;stihl_resultaten.csv
10894000;;2026-09-26;BROWSER_ERROR;fout;;;;;;MY_STIHL;https://app.stihl.com/nl-nl/mystihl/tools/add;authenticated MY STIHL UI lookup;TECHNICAL_FAILURE;;FALSE;FALSE;TRUE;FALSE;1;1497;stihl_resultaten.csv
10895000;;2026-09-26;BROWSER_ERROR;fout;;;;;;MY_STIHL;https://app.stihl.com/nl-nl/mystihl/tools/add;authenticated MY STIHL UI lookup;TECHNICAL_FAILURE;;FALSE;FALSE;TRUE;FALSE;1;1498;stihl_resultaten.csv
10896000;;2026-09-26;BROWSER_ERROR;fout;;;;;;MY_STIHL;https://app.stihl.com/nl-nl/mystihl/tools/add;authenticated MY STIHL UI lookup;TECHNICAL_FAILURE;;FALSE;FALSE;TRUE;FALSE;1;1499;stihl_resultaten.csv
10897000;;2026-09-26;BROWSER_ERROR;fout;;;;;;MY_STIHL;https://app.stihl.com/nl-nl/mystihl/tools/add;authenticated MY STIHL UI lookup;TECHNICAL_FAILURE;;FALSE;FALSE;TRUE;FALSE;1;1500;stihl_resultaten.csv
10898000;;2026-09-26;BROWSER_ERROR;fout;;;;;;MY_STIHL;https://app.stihl.com/nl-nl/mystihl/tools/add;authenticated MY STIHL UI lookup;TECHNICAL_FAILURE;;FALSE;FALSE;TRUE;FALSE;1;1501;stihl_resultaten.csv
10899000;;2026-09-26;BROWSER_ERROR;fout;;;;;;MY_STIHL;https://app.stihl.com/nl-nl/mystihl/tools/add;authenticated MY STIHL UI lookup;TECHNICAL_FAILURE;;FALSE;FALSE;TRUE;FALSE;1;1502;stihl_resultaten.csv
10900000;;2026-09-26;BROWSER_ERROR;fout;;;;;;MY_STIHL;https://app.stihl.com/nl-nl/mystihl/tools/add;authenticated MY STIHL UI lookup;TECHNICAL_FAILURE;;FALSE;FALSE;TRUE;FALSE;1;1503;stihl_resultaten.csv
10901000;;2026-09-26;BROWSER_ERROR;fout;;;;;;MY_STIHL;https://app.stihl.com/nl-nl/mystihl/tools/add;authenticated MY STIHL UI lookup;TECHNICAL_FAILURE;;FALSE;FALSE;TRUE;FALSE;1;1504;stihl_resultaten.csv
10902000;;2026-09-26;BROWSER_ERROR;fout;;;;;;MY_STIHL;https://app.stihl.com/nl-nl/mystihl/tools/add;authenticated MY STIHL UI lookup;TECHNICAL_FAILURE;;FALSE;FALSE;TRUE;FALSE;1;1505;stihl_resultaten.csv
10903000;;2026-09-26;BROWSER_ERROR;fout;;;;;;MY_STIHL;https://app.stihl.com/nl-nl/mystihl/tools/add;authenticated MY STIHL UI lookup;TECHNICAL_FAILURE;;FALSE;FALSE;TRUE;FALSE;1;1506;stihl_resultaten.csv
10904000;;2026-09-26;BROWSER_ERROR;fout;;;;;;MY_STIHL;https://app.stihl.com/nl-nl/mystihl/tools/add;authenticated MY STIHL UI lookup;TECHNICAL_FAILURE;;FALSE;FALSE;TRUE;FALSE;1;1507;stihl_resultaten.csv
10905000;;2026-09-26;BROWSER_ERROR;fout;;;;;;MY_STIHL;https://app.stihl.com/nl-nl/mystihl/tools/add;authenticated MY STIHL UI lookup;TECHNICAL_FAILURE;;FALSE;FALSE;TRUE;FALSE;1;1508;stihl_resultaten.csv
10906000;;2026-09-26;BROWSER_ERROR;fout;;;;;;MY_STIHL;https://app.stihl.com/nl-nl/mystihl/tools/add;authenticated MY STIHL UI lookup;TECHNICAL_FAILURE;;FALSE;FALSE;TRUE;FALSE;1;1509;stihl_resultaten.csv
10907000;;2026-09-26;BROWSER_ERROR;fout;;;;;;MY_STIHL;https://app.stihl.com/nl-nl/mystihl/tools/add;authenticated MY STIHL UI lookup;TECHNICAL_FAILURE;;FALSE;FALSE;TRUE;FALSE;1;1510;stihl_resultaten.csv
10908000;;2026-09-26;BROWSER_ERROR;fout;;;;;;MY_STIHL;https://app.stihl.com/nl-nl/mystihl/tools/add;authenticated MY STIHL UI lookup;TECHNICAL_FAILURE;;FALSE;FALSE;TRUE;FALSE;1;1511;stihl_resultaten.csv
10909000;;2026-09-26;BROWSER_ERROR;fout;;;;;;MY_STIHL;https://app.stihl.com/nl-nl/mystihl/tools/add;authenticated MY STIHL UI lookup;TECHNICAL_FAILURE;;FALSE;FALSE;TRUE;FALSE;1;1512;stihl_resultaten.csv
10910000;;2026-09-26;BROWSER_ERROR;fout;;;;;;MY_STIHL;https://app.stihl.com/nl-nl/mystihl/tools/add;authenticated MY STIHL UI lookup;TECHNICAL_FAILURE;;FALSE;FALSE;TRUE;FALSE;1;1513;stihl_resultaten.csv
10911000;;2026-09-26;BROWSER_ERROR;fout;;;;;;MY_STIHL;https://app.stihl.com/nl-nl/mystihl/tools/add;authenticated MY STIHL UI lookup;TECHNICAL_FAILURE;;FALSE;FALSE;TRUE;FALSE;1;1514;stihl_resultaten.csv
10912000;;2026-09-26;BROWSER_ERROR;fout;;;;;;MY_STIHL;https://app.stihl.com/nl-nl/mystihl/tools/add;authenticated MY STIHL UI lookup;TECHNICAL_FAILURE;;FALSE;FALSE;TRUE;FALSE;1;1515;stihl_resultaten.csv
10913000;;2026-09-26;BROWSER_ERROR;fout;;;;;;MY_STIHL;https://app.stihl.com/nl-nl/mystihl/tools/add;authenticated MY STIHL UI lookup;TECHNICAL_FAILURE;;FALSE;FALSE;TRUE;FALSE;1;1516;stihl_resultaten.csv
10914000;;2026-09-26;BROWSER_ERROR;fout;;;;;;MY_STIHL;https://app.stihl.com/nl-nl/mystihl/tools/add;authenticated MY STIHL UI lookup;TECHNICAL_FAILURE;;FALSE;FALSE;TRUE;FALSE;1;1517;stihl_resultaten.csv
10915000;;2026-09-26;BROWSER_ERROR;fout;;;;;;MY_STIHL;https://app.stihl.com/nl-nl/mystihl/tools/add;authenticated MY STIHL UI lookup;TECHNICAL_FAILURE;;FALSE;FALSE;TRUE;FALSE;1;1518;stihl_resultaten.csv
10916000;;2026-09-26;BROWSER_ERROR;fout;;;;;;MY_STIHL;https://app.stihl.com/nl-nl/mystihl/tools/add;authenticated MY STIHL UI lookup;TECHNICAL_FAILURE;;FALSE;FALSE;TRUE;FALSE;1;1519;stihl_resultaten.csv
10917000;;2026-09-26;BROWSER_ERROR;fout;;;;;;MY_STIHL;https://app.stihl.com/nl-nl/mystihl/tools/add;authenticated MY STIHL UI lookup;TECHNICAL_FAILURE;;FALSE;FALSE;TRUE;FALSE;1;1520;stihl_resultaten.csv
10918000;;2026-09-26;BROWSER_ERROR;fout;;;;;;MY_STIHL;https://app.stihl.com/nl-nl/mystihl/tools/add;authenticated MY STIHL UI lookup;TECHNICAL_FAILURE;;FALSE;FALSE;TRUE;FALSE;1;1521;stihl_resultaten.csv
10919000;;2026-09-26;BROWSER_ERROR;fout;;;;;;MY_STIHL;https://app.stihl.com/nl-nl/mystihl/tools/add;authenticated MY STIHL UI lookup;TECHNICAL_FAILURE;;FALSE;FALSE;TRUE;FALSE;1;1522;stihl_resultaten.csv
10920000;;2026-09-26;BROWSER_ERROR;fout;;;;;;MY_STIHL;https://app.stihl.com/nl-nl/mystihl/tools/add;authenticated MY STIHL UI lookup;TECHNICAL_FAILURE;;FALSE;FALSE;TRUE;FALSE;1;1523;stihl_resultaten.csv
10921000;;2026-09-26;BROWSER_ERROR;fout;;;;;;MY_STIHL;https://app.stihl.com/nl-nl/mystihl/tools/add;authenticated MY STIHL UI lookup;TECHNICAL_FAILURE;;FALSE;FALSE;TRUE;FALSE;1;1524;stihl_resultaten.csv
10922000;;2026-09-26;BROWSER_ERROR;fout;;;;;;MY_STIHL;https://app.stihl.com/nl-nl/mystihl/tools/add;authenticated MY STIHL UI lookup;TECHNICAL_FAILURE;;FALSE;FALSE;TRUE;FALSE;1;1525;stihl_resultaten.csv
10923000;;2026-09-26;BROWSER_ERROR;fout;;;;;;MY_STIHL;https://app.stihl.com/nl-nl/mystihl/tools/add;authenticated MY STIHL UI lookup;TECHNICAL_FAILURE;;FALSE;FALSE;TRUE;FALSE;1;1526;stihl_resultaten.csv
10924000;;2026-09-26;BROWSER_ERROR;fout;;;;;;MY_STIHL;https://app.stihl.com/nl-nl/mystihl/tools/add;authenticated MY STIHL UI lookup;TECHNICAL_FAILURE;;FALSE;FALSE;TRUE;FALSE;1;1527;stihl_resultaten.csv
10925000;;2026-09-26;BROWSER_ERROR;fout;;;;;;MY_STIHL;https://app.stihl.com/nl-nl/mystihl/tools/add;authenticated MY STIHL UI lookup;TECHNICAL_FAILURE;;FALSE;FALSE;TRUE;FALSE;1;1528;stihl_resultaten.csv
10926000;;2026-09-26;BROWSER_ERROR;fout;;;;;;MY_STIHL;https://app.stihl.com/nl-nl/mystihl/tools/add;authenticated MY STIHL UI lookup;TECHNICAL_FAILURE;;FALSE;FALSE;TRUE;FALSE;1;1529;stihl_resultaten.csv
10927000;;2026-09-26;BROWSER_ERROR;fout;;;;;;MY_STIHL;https://app.stihl.com/nl-nl/mystihl/tools/add;authenticated MY STIHL UI lookup;TECHNICAL_FAILURE;;FALSE;FALSE;TRUE;FALSE;1;1530;stihl_resultaten.csv
10928000;;2026-09-26;BROWSER_ERROR;fout;;;;;;MY_STIHL;https://app.stihl.com/nl-nl/mystihl/tools/add;authenticated MY STIHL UI lookup;TECHNICAL_FAILURE;;FALSE;FALSE;TRUE;FALSE;1;1531;stihl_resultaten.csv
10929000;;2026-09-26;BROWSER_ERROR;fout;;;;;;MY_STIHL;https://app.stihl.com/nl-nl/mystihl/tools/add;authenticated MY STIHL UI lookup;TECHNICAL_FAILURE;;FALSE;FALSE;TRUE;FALSE;1;1532;stihl_resultaten.csv
10930000;;2026-09-26;BROWSER_ERROR;fout;;;;;;MY_STIHL;https://app.stihl.com/nl-nl/mystihl/tools/add;authenticated MY STIHL UI lookup;TECHNICAL_FAILURE;;FALSE;FALSE;TRUE;FALSE;1;1533;stihl_resultaten.csv
10931000;;2026-09-26;BROWSER_ERROR;fout;;;;;;MY_STIHL;https://app.stihl.com/nl-nl/mystihl/tools/add;authenticated MY STIHL UI lookup;TECHNICAL_FAILURE;;FALSE;FALSE;TRUE;FALSE;1;1534;stihl_resultaten.csv
10932000;;2026-09-26;BROWSER_ERROR;fout;;;;;;MY_STIHL;https://app.stihl.com/nl-nl/mystihl/tools/add;authenticated MY STIHL UI lookup;TECHNICAL_FAILURE;;FALSE;FALSE;TRUE;FALSE;1;1535;stihl_resultaten.csv
10933000;;2026-09-26;BROWSER_ERROR;fout;;;;;;MY_STIHL;https://app.stihl.com/nl-nl/mystihl/tools/add;authenticated MY STIHL UI lookup;TECHNICAL_FAILURE;;FALSE;FALSE;TRUE;FALSE;1;1536;stihl_resultaten.csv
10934000;;2026-09-26;BROWSER_ERROR;fout;;;;;;MY_STIHL;https://app.stihl.com/nl-nl/mystihl/tools/add;authenticated MY STIHL UI lookup;TECHNICAL_FAILURE;;FALSE;FALSE;TRUE;FALSE;1;1537;stihl_resultaten.csv
10935000;;2026-09-26;BROWSER_ERROR;fout;;;;;;MY_STIHL;https://app.stihl.com/nl-nl/mystihl/tools/add;authenticated MY STIHL UI lookup;TECHNICAL_FAILURE;;FALSE;FALSE;TRUE;FALSE;1;1538;stihl_resultaten.csv
10936000;;2026-09-26;BROWSER_ERROR;fout;;;;;;MY_STIHL;https://app.stihl.com/nl-nl/mystihl/tools/add;authenticated MY STIHL UI lookup;TECHNICAL_FAILURE;;FALSE;FALSE;TRUE;FALSE;1;1539;stihl_resultaten.csv
10937000;;2026-09-26;BROWSER_ERROR;fout;;;;;;MY_STIHL;https://app.stihl.com/nl-nl/mystihl/tools/add;authenticated MY STIHL UI lookup;TECHNICAL_FAILURE;;FALSE;FALSE;TRUE;FALSE;1;1540;stihl_resultaten.csv
10938000;;2026-09-26;BROWSER_ERROR;fout;;;;;;MY_STIHL;https://app.stihl.com/nl-nl/mystihl/tools/add;authenticated MY STIHL UI lookup;TECHNICAL_FAILURE;;FALSE;FALSE;TRUE;FALSE;1;1541;stihl_resultaten.csv
10939000;;2026-09-26;BROWSER_ERROR;fout;;;;;;MY_STIHL;https://app.stihl.com/nl-nl/mystihl/tools/add;authenticated MY STIHL UI lookup;TECHNICAL_FAILURE;;FALSE;FALSE;TRUE;FALSE;1;1542;stihl_resultaten.csv
10940000;;2026-09-26;BROWSER_ERROR;fout;;;;;;MY_STIHL;https://app.stihl.com/nl-nl/mystihl/tools/add;authenticated MY STIHL UI lookup;TECHNICAL_FAILURE;;FALSE;FALSE;TRUE;FALSE;1;1543;stihl_resultaten.csv
10941000;;2026-09-26;BROWSER_ERROR;fout;;;;;;MY_STIHL;https://app.stihl.com/nl-nl/mystihl/tools/add;authenticated MY STIHL UI lookup;TECHNICAL_FAILURE;;FALSE;FALSE;TRUE;FALSE;1;1544;stihl_resultaten.csv
10942000;;2026-09-26;BROWSER_ERROR;fout;;;;;;MY_STIHL;https://app.stihl.com/nl-nl/mystihl/tools/add;authenticated MY STIHL UI lookup;TECHNICAL_FAILURE;;FALSE;FALSE;TRUE;FALSE;1;1545;stihl_resultaten.csv
10943000;;2026-09-26;BROWSER_ERROR;fout;;;;;;MY_STIHL;https://app.stihl.com/nl-nl/mystihl/tools/add;authenticated MY STIHL UI lookup;TECHNICAL_FAILURE;;FALSE;FALSE;TRUE;FALSE;1;1546;stihl_resultaten.csv
10944000;;2026-09-26;BROWSER_ERROR;fout;;;;;;MY_STIHL;https://app.stihl.com/nl-nl/mystihl/tools/add;authenticated MY STIHL UI lookup;TECHNICAL_FAILURE;;FALSE;FALSE;TRUE;FALSE;1;1547;stihl_resultaten.csv
10945000;;2026-09-26;BROWSER_ERROR;fout;;;;;;MY_STIHL;https://app.stihl.com/nl-nl/mystihl/tools/add;authenticated MY STIHL UI lookup;TECHNICAL_FAILURE;;FALSE;FALSE;TRUE;FALSE;1;1548;stihl_resultaten.csv
10946000;;2026-09-26;BROWSER_ERROR;fout;;;;;;MY_STIHL;https://app.stihl.com/nl-nl/mystihl/tools/add;authenticated MY STIHL UI lookup;TECHNICAL_FAILURE;;FALSE;FALSE;TRUE;FALSE;1;1549;stihl_resultaten.csv
10947000;;2026-09-26;BROWSER_ERROR;fout;;;;;;MY_STIHL;https://app.stihl.com/nl-nl/mystihl/tools/add;authenticated MY STIHL UI lookup;TECHNICAL_FAILURE;;FALSE;FALSE;TRUE;FALSE;1;1550;stihl_resultaten.csv
10948000;;2026-09-26;BROWSER_ERROR;fout;;;;;;MY_STIHL;https://app.stihl.com/nl-nl/mystihl/tools/add;authenticated MY STIHL UI lookup;TECHNICAL_FAILURE;;FALSE;FALSE;TRUE;FALSE;1;1551;stihl_resultaten.csv
10949000;;2026-09-26;BROWSER_ERROR;fout;;;;;;MY_STIHL;https://app.stihl.com/nl-nl/mystihl/tools/add;authenticated MY STIHL UI lookup;TECHNICAL_FAILURE;;FALSE;FALSE;TRUE;FALSE;1;1552;stihl_resultaten.csv
10950000;;2026-09-26;BROWSER_ERROR;fout;;;;;;MY_STIHL;https://app.stihl.com/nl-nl/mystihl/tools/add;authenticated MY STIHL UI lookup;TECHNICAL_FAILURE;;FALSE;FALSE;TRUE;FALSE;1;1553;stihl_resultaten.csv
10951000;;2026-09-26;BROWSER_ERROR;fout;;;;;;MY_STIHL;https://app.stihl.com/nl-nl/mystihl/tools/add;authenticated MY STIHL UI lookup;TECHNICAL_FAILURE;;FALSE;FALSE;TRUE;FALSE;1;1554;stihl_resultaten.csv
10952000;;2026-09-26;BROWSER_ERROR;fout;;;;;;MY_STIHL;https://app.stihl.com/nl-nl/mystihl/tools/add;authenticated MY STIHL UI lookup;TECHNICAL_FAILURE;;FALSE;FALSE;TRUE;FALSE;1;1555;stihl_resultaten.csv
10953000;;2026-09-26;BROWSER_ERROR;fout;;;;;;MY_STIHL;https://app.stihl.com/nl-nl/mystihl/tools/add;authenticated MY STIHL UI lookup;TECHNICAL_FAILURE;;FALSE;FALSE;TRUE;FALSE;1;1556;stihl_resultaten.csv
10954000;;2026-09-26;BROWSER_ERROR;fout;;;;;;MY_STIHL;https://app.stihl.com/nl-nl/mystihl/tools/add;authenticated MY STIHL UI lookup;TECHNICAL_FAILURE;;FALSE;FALSE;TRUE;FALSE;1;1557;stihl_resultaten.csv
10955000;;2026-09-26;BROWSER_ERROR;fout;;;;;;MY_STIHL;https://app.stihl.com/nl-nl/mystihl/tools/add;authenticated MY STIHL UI lookup;TECHNICAL_FAILURE;;FALSE;FALSE;TRUE;FALSE;1;1558;stihl_resultaten.csv
10956000;;2026-09-26;BROWSER_ERROR;fout;;;;;;MY_STIHL;https://app.stihl.com/nl-nl/mystihl/tools/add;authenticated MY STIHL UI lookup;TECHNICAL_FAILURE;;FALSE;FALSE;TRUE;FALSE;1;1559;stihl_resultaten.csv
10957000;;2026-09-26;BROWSER_ERROR;fout;;;;;;MY_STIHL;https://app.stihl.com/nl-nl/mystihl/tools/add;authenticated MY STIHL UI lookup;TECHNICAL_FAILURE;;FALSE;FALSE;TRUE;FALSE;1;1560;stihl_resultaten.csv
10958000;;2026-09-26;BROWSER_ERROR;fout;;;;;;MY_STIHL;https://app.stihl.com/nl-nl/mystihl/tools/add;authenticated MY STIHL UI lookup;TECHNICAL_FAILURE;;FALSE;FALSE;TRUE;FALSE;1;1561;stihl_resultaten.csv
10959000;;2026-09-26;BROWSER_ERROR;fout;;;;;;MY_STIHL;https://app.stihl.com/nl-nl/mystihl/tools/add;authenticated MY STIHL UI lookup;TECHNICAL_FAILURE;;FALSE;FALSE;TRUE;FALSE;1;1562;stihl_resultaten.csv
10960000;;2026-09-26;BROWSER_ERROR;fout;;;;;;MY_STIHL;https://app.stihl.com/nl-nl/mystihl/tools/add;authenticated MY STIHL UI lookup;TECHNICAL_FAILURE;;FALSE;FALSE;TRUE;FALSE;1;1563;stihl_resultaten.csv
10961000;;2026-09-26;BROWSER_ERROR;fout;;;;;;MY_STIHL;https://app.stihl.com/nl-nl/mystihl/tools/add;authenticated MY STIHL UI lookup;TECHNICAL_FAILURE;;FALSE;FALSE;TRUE;FALSE;1;1564;stihl_resultaten.csv
10962000;;2026-09-26;BROWSER_ERROR;fout;;;;;;MY_STIHL;https://app.stihl.com/nl-nl/mystihl/tools/add;authenticated MY STIHL UI lookup;TECHNICAL_FAILURE;;FALSE;FALSE;TRUE;FALSE;1;1565;stihl_resultaten.csv
10963000;;2026-09-26;BROWSER_ERROR;fout;;;;;;MY_STIHL;https://app.stihl.com/nl-nl/mystihl/tools/add;authenticated MY STIHL UI lookup;TECHNICAL_FAILURE;;FALSE;FALSE;TRUE;FALSE;1;1566;stihl_resultaten.csv
10964000;;2026-09-26;BROWSER_ERROR;fout;;;;;;MY_STIHL;https://app.stihl.com/nl-nl/mystihl/tools/add;authenticated MY STIHL UI lookup;TECHNICAL_FAILURE;;FALSE;FALSE;TRUE;FALSE;1;1567;stihl_resultaten.csv
10965000;;2026-09-26;BROWSER_ERROR;fout;;;;;;MY_STIHL;https://app.stihl.com/nl-nl/mystihl/tools/add;authenticated MY STIHL UI lookup;TECHNICAL_FAILURE;;FALSE;FALSE;TRUE;FALSE;1;1568;stihl_resultaten.csv
10966000;;2026-09-26;BROWSER_ERROR;fout;;;;;;MY_STIHL;https://app.stihl.com/nl-nl/mystihl/tools/add;authenticated MY STIHL UI lookup;TECHNICAL_FAILURE;;FALSE;FALSE;TRUE;FALSE;1;1569;stihl_resultaten.csv
10967000;;2026-09-26;BROWSER_ERROR;fout;;;;;;MY_STIHL;https://app.stihl.com/nl-nl/mystihl/tools/add;authenticated MY STIHL UI lookup;TECHNICAL_FAILURE;;FALSE;FALSE;TRUE;FALSE;1;1570;stihl_resultaten.csv
10968000;;2026-09-26;BROWSER_ERROR;fout;;;;;;MY_STIHL;https://app.stihl.com/nl-nl/mystihl/tools/add;authenticated MY STIHL UI lookup;TECHNICAL_FAILURE;;FALSE;FALSE;TRUE;FALSE;1;1571;stihl_resultaten.csv
10969000;;2026-09-26;BROWSER_ERROR;fout;;;;;;MY_STIHL;https://app.stihl.com/nl-nl/mystihl/tools/add;authenticated MY STIHL UI lookup;TECHNICAL_FAILURE;;FALSE;FALSE;TRUE;FALSE;1;1572;stihl_resultaten.csv
10970000;;2026-09-26;BROWSER_ERROR;fout;;;;;;MY_STIHL;https://app.stihl.com/nl-nl/mystihl/tools/add;authenticated MY STIHL UI lookup;TECHNICAL_FAILURE;;FALSE;FALSE;TRUE;FALSE;1;1573;stihl_resultaten.csv
10971000;;2026-09-26;BROWSER_ERROR;fout;;;;;;MY_STIHL;https://app.stihl.com/nl-nl/mystihl/tools/add;authenticated MY STIHL UI lookup;TECHNICAL_FAILURE;;FALSE;FALSE;TRUE;FALSE;1;1574;stihl_resultaten.csv
10972000;;2026-09-26;BROWSER_ERROR;fout;;;;;;MY_STIHL;https://app.stihl.com/nl-nl/mystihl/tools/add;authenticated MY STIHL UI lookup;TECHNICAL_FAILURE;;FALSE;FALSE;TRUE;FALSE;1;1575;stihl_resultaten.csv
10973000;;2026-09-26;BROWSER_ERROR;fout;;;;;;MY_STIHL;https://app.stihl.com/nl-nl/mystihl/tools/add;authenticated MY STIHL UI lookup;TECHNICAL_FAILURE;;FALSE;FALSE;TRUE;FALSE;1;1576;stihl_resultaten.csv
10974000;;2026-09-26;BROWSER_ERROR;fout;;;;;;MY_STIHL;https://app.stihl.com/nl-nl/mystihl/tools/add;authenticated MY STIHL UI lookup;TECHNICAL_FAILURE;;FALSE;FALSE;TRUE;FALSE;1;1577;stihl_resultaten.csv
10975000;;2026-09-26;BROWSER_ERROR;fout;;;;;;MY_STIHL;https://app.stihl.com/nl-nl/mystihl/tools/add;authenticated MY STIHL UI lookup;TECHNICAL_FAILURE;;FALSE;FALSE;TRUE;FALSE;1;1578;stihl_resultaten.csv
10976000;;2026-09-26;BROWSER_ERROR;fout;;;;;;MY_STIHL;https://app.stihl.com/nl-nl/mystihl/tools/add;authenticated MY STIHL UI lookup;TECHNICAL_FAILURE;;FALSE;FALSE;TRUE;FALSE;1;1579;stihl_resultaten.csv
10977000;;2026-09-26;BROWSER_ERROR;fout;;;;;;MY_STIHL;https://app.stihl.com/nl-nl/mystihl/tools/add;authenticated MY STIHL UI lookup;TECHNICAL_FAILURE;;FALSE;FALSE;TRUE;FALSE;1;1580;stihl_resultaten.csv
10978000;;2026-09-26;BROWSER_ERROR;fout;;;;;;MY_STIHL;https://app.stihl.com/nl-nl/mystihl/tools/add;authenticated MY STIHL UI lookup;TECHNICAL_FAILURE;;FALSE;FALSE;TRUE;FALSE;1;1581;stihl_resultaten.csv
10979000;;2026-09-26;BROWSER_ERROR;fout;;;;;;MY_STIHL;https://app.stihl.com/nl-nl/mystihl/tools/add;authenticated MY STIHL UI lookup;TECHNICAL_FAILURE;;FALSE;FALSE;TRUE;FALSE;1;1582;stihl_resultaten.csv
10980000;;2026-09-26;BROWSER_ERROR;fout;;;;;;MY_STIHL;https://app.stihl.com/nl-nl/mystihl/tools/add;authenticated MY STIHL UI lookup;TECHNICAL_FAILURE;;FALSE;FALSE;TRUE;FALSE;1;1583;stihl_resultaten.csv
10981000;;2026-09-26;BROWSER_ERROR;fout;;;;;;MY_STIHL;https://app.stihl.com/nl-nl/mystihl/tools/add;authenticated MY STIHL UI lookup;TECHNICAL_FAILURE;;FALSE;FALSE;TRUE;FALSE;1;1584;stihl_resultaten.csv
10982000;;2026-09-26;BROWSER_ERROR;fout;;;;;;MY_STIHL;https://app.stihl.com/nl-nl/mystihl/tools/add;authenticated MY STIHL UI lookup;TECHNICAL_FAILURE;;FALSE;FALSE;TRUE;FALSE;1;1585;stihl_resultaten.csv
10983000;;2026-09-26;BROWSER_ERROR;fout;;;;;;MY_STIHL;https://app.stihl.com/nl-nl/mystihl/tools/add;authenticated MY STIHL UI lookup;TECHNICAL_FAILURE;;FALSE;FALSE;TRUE;FALSE;1;1586;stihl_resultaten.csv
10984000;;2026-09-26;BROWSER_ERROR;fout;;;;;;MY_STIHL;https://app.stihl.com/nl-nl/mystihl/tools/add;authenticated MY STIHL UI lookup;TECHNICAL_FAILURE;;FALSE;FALSE;TRUE;FALSE;1;1587;stihl_resultaten.csv
10985000;;2026-09-26;BROWSER_ERROR;fout;;;;;;MY_STIHL;https://app.stihl.com/nl-nl/mystihl/tools/add;authenticated MY STIHL UI lookup;TECHNICAL_FAILURE;;FALSE;FALSE;TRUE;FALSE;1;1588;stihl_resultaten.csv
10986000;;2026-09-26;BROWSER_ERROR;fout;;;;;;MY_STIHL;https://app.stihl.com/nl-nl/mystihl/tools/add;authenticated MY STIHL UI lookup;TECHNICAL_FAILURE;;FALSE;FALSE;TRUE;FALSE;1;1589;stihl_resultaten.csv
10987000;;2026-09-26;BROWSER_ERROR;fout;;;;;;MY_STIHL;https://app.stihl.com/nl-nl/mystihl/tools/add;authenticated MY STIHL UI lookup;TECHNICAL_FAILURE;;FALSE;FALSE;TRUE;FALSE;1;1590;stihl_resultaten.csv
10988000;;2026-09-26;BROWSER_ERROR;fout;;;;;;MY_STIHL;https://app.stihl.com/nl-nl/mystihl/tools/add;authenticated MY STIHL UI lookup;TECHNICAL_FAILURE;;FALSE;FALSE;TRUE;FALSE;1;1591;stihl_resultaten.csv
10989000;;2026-09-26;BROWSER_ERROR;fout;;;;;;MY_STIHL;https://app.stihl.com/nl-nl/mystihl/tools/add;authenticated MY STIHL UI lookup;TECHNICAL_FAILURE;;FALSE;FALSE;TRUE;FALSE;1;1592;stihl_resultaten.csv
10990000;;2026-09-26;BROWSER_ERROR;fout;;;;;;MY_STIHL;https://app.stihl.com/nl-nl/mystihl/tools/add;authenticated MY STIHL UI lookup;TECHNICAL_FAILURE;;FALSE;FALSE;TRUE;FALSE;1;1593;stihl_resultaten.csv
10991000;;2026-09-26;BROWSER_ERROR;fout;;;;;;MY_STIHL;https://app.stihl.com/nl-nl/mystihl/tools/add;authenticated MY STIHL UI lookup;TECHNICAL_FAILURE;;FALSE;FALSE;TRUE;FALSE;1;1594;stihl_resultaten.csv
10992000;;2026-09-26;BROWSER_ERROR;fout;;;;;;MY_STIHL;https://app.stihl.com/nl-nl/mystihl/tools/add;authenticated MY STIHL UI lookup;TECHNICAL_FAILURE;;FALSE;FALSE;TRUE;FALSE;1;1595;stihl_resultaten.csv
10993000;;2026-09-26;BROWSER_ERROR;fout;;;;;;MY_STIHL;https://app.stihl.com/nl-nl/mystihl/tools/add;authenticated MY STIHL UI lookup;TECHNICAL_FAILURE;;FALSE;FALSE;TRUE;FALSE;1;1596;stihl_resultaten.csv
10994000;;2026-09-26;BROWSER_ERROR;fout;;;;;;MY_STIHL;https://app.stihl.com/nl-nl/mystihl/tools/add;authenticated MY STIHL UI lookup;TECHNICAL_FAILURE;;FALSE;FALSE;TRUE;FALSE;1;1597;stihl_resultaten.csv
10995000;;2026-09-26;BROWSER_ERROR;fout;;;;;;MY_STIHL;https://app.stihl.com/nl-nl/mystihl/tools/add;authenticated MY STIHL UI lookup;TECHNICAL_FAILURE;;FALSE;FALSE;TRUE;FALSE;1;1598;stihl_resultaten.csv
10996000;;2026-09-26;BROWSER_ERROR;fout;;;;;;MY_STIHL;https://app.stihl.com/nl-nl/mystihl/tools/add;authenticated MY STIHL UI lookup;TECHNICAL_FAILURE;;FALSE;FALSE;TRUE;FALSE;1;1599;stihl_resultaten.csv
10997000;;2026-09-26;BROWSER_ERROR;fout;;;;;;MY_STIHL;https://app.stihl.com/nl-nl/mystihl/tools/add;authenticated MY STIHL UI lookup;TECHNICAL_FAILURE;;FALSE;FALSE;TRUE;FALSE;1;1600;stihl_resultaten.csv
10998000;;2026-09-26;TECHNICAL_UNRESOLVED_MIXED;fout|time-out;;;;;;MY_STIHL;https://app.stihl.com/nl-nl/mystihl/tools/add;authenticated MY STIHL UI lookup;TECHNICAL_FAILURE;;FALSE;FALSE;TRUE;FALSE;2;1601|1602;stihl_resultaten.csv
10999000;;2026-09-26;TECHNICAL_TIMEOUT;time-out;;;;;;MY_STIHL;https://app.stihl.com/nl-nl/mystihl/tools/add;authenticated MY STIHL UI lookup;TECHNICAL_TIMEOUT;;FALSE;FALSE;TRUE;FALSE;1;1603;stihl_resultaten.csv
11000000;;2026-09-26;TECHNICAL_TIMEOUT;time-out;;;;;;MY_STIHL;https://app.stihl.com/nl-nl/mystihl/tools/add;authenticated MY STIHL UI lookup;TECHNICAL_TIMEOUT;;FALSE;FALSE;TRUE;FALSE;1;1604;stihl_resultaten.csv
11001000;;2026-09-26;TECHNICAL_TIMEOUT;time-out;;;;;;MY_STIHL;https://app.stihl.com/nl-nl/mystihl/tools/add;authenticated MY STIHL UI lookup;TECHNICAL_TIMEOUT;;FALSE;FALSE;TRUE;FALSE;1;1605;stihl_resultaten.csv
11002000;;2026-09-26;TECHNICAL_TIMEOUT;time-out;;;;;;MY_STIHL;https://app.stihl.com/nl-nl/mystihl/tools/add;authenticated MY STIHL UI lookup;TECHNICAL_TIMEOUT;;FALSE;FALSE;TRUE;FALSE;1;1606;stihl_resultaten.csv
11003000;011003000;2026-09-26;OFFICIAL_EXACT_FOUND;gevonden;"Motorzaag / Benzine 08 S .404""7Z-P- STIHL Motorsäge";Motorzaag;Benzine;"08 S .404""7Z-P- STIHL Motorsäge";08 S;MY_STIHL;https://app.stihl.com/nl-nl/mystihl/tools/add/serial-number;authenticated MY STIHL UI lookup;OFFICIAL_WEB_LOOKUP;OFFICIAL_STIHL_LOOKUP;TRUE;FALSE;FALSE;TRUE;1;1607;stihl_resultaten.csv
11004000;;2026-09-26;TECHNICAL_TIMEOUT;time-out;;;;;;MY_STIHL;https://app.stihl.com/nl-nl/mystihl/tools/add;authenticated MY STIHL UI lookup;TECHNICAL_TIMEOUT;;FALSE;FALSE;TRUE;FALSE;1;1608;stihl_resultaten.csv
11005000;;2026-09-26;TECHNICAL_TIMEOUT;time-out;;;;;;MY_STIHL;https://app.stihl.com/nl-nl/mystihl/tools/add;authenticated MY STIHL UI lookup;TECHNICAL_TIMEOUT;;FALSE;FALSE;TRUE;FALSE;1;1609;stihl_resultaten.csv
11006000;;2026-09-26;TECHNICAL_TIMEOUT;time-out;;;;;;MY_STIHL;https://app.stihl.com/nl-nl/mystihl/tools/add;authenticated MY STIHL UI lookup;TECHNICAL_TIMEOUT;;FALSE;FALSE;TRUE;FALSE;1;1610;stihl_resultaten.csv
11007000;;2026-09-26;TECHNICAL_TIMEOUT;time-out;;;;;;MY_STIHL;https://app.stihl.com/nl-nl/mystihl/tools/add;authenticated MY STIHL UI lookup;TECHNICAL_TIMEOUT;;FALSE;FALSE;TRUE;FALSE;1;1611;stihl_resultaten.csv
11008000;;2026-09-26;TECHNICAL_TIMEOUT;time-out;;;;;;MY_STIHL;https://app.stihl.com/nl-nl/mystihl/tools/add;authenticated MY STIHL UI lookup;TECHNICAL_TIMEOUT;;FALSE;FALSE;TRUE;FALSE;1;1612;stihl_resultaten.csv
11009000;;2026-09-26;TECHNICAL_TIMEOUT;time-out;;;;;;MY_STIHL;https://app.stihl.com/nl-nl/mystihl/tools/add;authenticated MY STIHL UI lookup;TECHNICAL_TIMEOUT;;FALSE;FALSE;TRUE;FALSE;1;1613;stihl_resultaten.csv
11010000;;2026-09-26;TECHNICAL_TIMEOUT;time-out;;;;;;MY_STIHL;https://app.stihl.com/nl-nl/mystihl/tools/add;authenticated MY STIHL UI lookup;TECHNICAL_TIMEOUT;;FALSE;FALSE;TRUE;FALSE;1;1614;stihl_resultaten.csv
11011000;;2026-09-26;TECHNICAL_TIMEOUT;time-out;;;;;;MY_STIHL;https://app.stihl.com/nl-nl/mystihl/tools/add;authenticated MY STIHL UI lookup;TECHNICAL_TIMEOUT;;FALSE;FALSE;TRUE;FALSE;1;1615;stihl_resultaten.csv
11012000;;2026-09-26;TECHNICAL_TIMEOUT;time-out;;;;;;MY_STIHL;https://app.stihl.com/nl-nl/mystihl/tools/add;authenticated MY STIHL UI lookup;TECHNICAL_TIMEOUT;;FALSE;FALSE;TRUE;FALSE;1;1616;stihl_resultaten.csv
11013000;;2026-09-26;TECHNICAL_TIMEOUT;time-out;;;;;;MY_STIHL;https://app.stihl.com/nl-nl/mystihl/tools/add;authenticated MY STIHL UI lookup;TECHNICAL_TIMEOUT;;FALSE;FALSE;TRUE;FALSE;1;1617;stihl_resultaten.csv
11014000;011014000;2026-09-26;OFFICIAL_EXACT_FOUND;gevonden;"Motorzaag / Benzine 070 .404"" P Motorsäge";Motorzaag;Benzine;"070 .404"" P Motorsäge";070;MY_STIHL;https://app.stihl.com/nl-nl/mystihl/tools/add/serial-number;authenticated MY STIHL UI lookup;OFFICIAL_WEB_LOOKUP;OFFICIAL_STIHL_LOOKUP;TRUE;FALSE;FALSE;TRUE;1;1618;stihl_resultaten.csv
11015000;;2026-09-26;TECHNICAL_TIMEOUT;time-out;;;;;;MY_STIHL;https://app.stihl.com/nl-nl/mystihl/tools/add;authenticated MY STIHL UI lookup;TECHNICAL_TIMEOUT;;FALSE;FALSE;TRUE;FALSE;1;1619;stihl_resultaten.csv
11016000;;2026-09-26;TECHNICAL_TIMEOUT;time-out;;;;;;MY_STIHL;https://app.stihl.com/nl-nl/mystihl/tools/add;authenticated MY STIHL UI lookup;TECHNICAL_TIMEOUT;;FALSE;FALSE;TRUE;FALSE;1;1620;stihl_resultaten.csv
11017000;;2026-09-26;TECHNICAL_TIMEOUT;time-out;;;;;;MY_STIHL;https://app.stihl.com/nl-nl/mystihl/tools/add;authenticated MY STIHL UI lookup;TECHNICAL_TIMEOUT;;FALSE;FALSE;TRUE;FALSE;1;1621;stihl_resultaten.csv
11018000;;2026-09-26;TECHNICAL_TIMEOUT;time-out;;;;;;MY_STIHL;https://app.stihl.com/nl-nl/mystihl/tools/add;authenticated MY STIHL UI lookup;TECHNICAL_TIMEOUT;;FALSE;FALSE;TRUE;FALSE;1;1622;stihl_resultaten.csv
11019000;;2026-09-26;TECHNICAL_TIMEOUT;time-out;;;;;;MY_STIHL;https://app.stihl.com/nl-nl/mystihl/tools/add;authenticated MY STIHL UI lookup;TECHNICAL_TIMEOUT;;FALSE;FALSE;TRUE;FALSE;1;1623;stihl_resultaten.csv
11020000;;2026-09-26;TECHNICAL_TIMEOUT;time-out;;;;;;MY_STIHL;https://app.stihl.com/nl-nl/mystihl/tools/add;authenticated MY STIHL UI lookup;TECHNICAL_TIMEOUT;;FALSE;FALSE;TRUE;FALSE;1;1624;stihl_resultaten.csv
11021000;011021000;2026-09-26;OFFICIAL_EXACT_FOUND;gevonden;"Motorzaag / Benzine 051 .404"" P Motorsäge";Motorzaag;Benzine;"051 .404"" P Motorsäge";051;MY_STIHL;https://app.stihl.com/nl-nl/mystihl/tools/add/serial-number;authenticated MY STIHL UI lookup;OFFICIAL_WEB_LOOKUP;OFFICIAL_STIHL_LOOKUP;TRUE;FALSE;FALSE;TRUE;1;1625;stihl_resultaten.csv
11022000;;2026-09-26;TECHNICAL_TIMEOUT;time-out;;;;;;MY_STIHL;https://app.stihl.com/nl-nl/mystihl/tools/add;authenticated MY STIHL UI lookup;TECHNICAL_TIMEOUT;;FALSE;FALSE;TRUE;FALSE;1;1626;stihl_resultaten.csv
11023000;;2026-09-26;TECHNICAL_TIMEOUT;time-out;;;;;;MY_STIHL;https://app.stihl.com/nl-nl/mystihl/tools/add;authenticated MY STIHL UI lookup;TECHNICAL_TIMEOUT;;FALSE;FALSE;TRUE;FALSE;1;1627;stihl_resultaten.csv
11024000;;2026-09-26;TECHNICAL_TIMEOUT;time-out;;;;;;MY_STIHL;https://app.stihl.com/nl-nl/mystihl/tools/add;authenticated MY STIHL UI lookup;TECHNICAL_TIMEOUT;;FALSE;FALSE;TRUE;FALSE;1;1628;stihl_resultaten.csv
11025000;;2026-09-26;TECHNICAL_TIMEOUT;time-out;;;;;;MY_STIHL;https://app.stihl.com/nl-nl/mystihl/tools/add;authenticated MY STIHL UI lookup;TECHNICAL_TIMEOUT;;FALSE;FALSE;TRUE;FALSE;1;1629;stihl_resultaten.csv
11026000;;2026-09-26;TECHNICAL_TIMEOUT;time-out;;;;;;MY_STIHL;https://app.stihl.com/nl-nl/mystihl/tools/add;authenticated MY STIHL UI lookup;TECHNICAL_TIMEOUT;;FALSE;FALSE;TRUE;FALSE;1;1630;stihl_resultaten.csv
11027000;;2026-09-26;TECHNICAL_TIMEOUT;time-out;;;;;;MY_STIHL;https://app.stihl.com/nl-nl/mystihl/tools/add;authenticated MY STIHL UI lookup;TECHNICAL_TIMEOUT;;FALSE;FALSE;TRUE;FALSE;1;1631;stihl_resultaten.csv
11028000;;2026-09-26;TECHNICAL_TIMEOUT;time-out;;;;;;MY_STIHL;https://app.stihl.com/nl-nl/mystihl/tools/add;authenticated MY STIHL UI lookup;TECHNICAL_TIMEOUT;;FALSE;FALSE;TRUE;FALSE;1;1632;stihl_resultaten.csv
11029000;;2026-09-26;TECHNICAL_TIMEOUT;time-out;;;;;;MY_STIHL;https://app.stihl.com/nl-nl/mystihl/tools/add;authenticated MY STIHL UI lookup;TECHNICAL_TIMEOUT;;FALSE;FALSE;TRUE;FALSE;1;1633;stihl_resultaten.csv
11030000;;2026-09-26;TECHNICAL_TIMEOUT;time-out;;;;;;MY_STIHL;https://app.stihl.com/nl-nl/mystihl/tools/add;authenticated MY STIHL UI lookup;TECHNICAL_TIMEOUT;;FALSE;FALSE;TRUE;FALSE;1;1634;stihl_resultaten.csv
11031000;;2026-09-26;TECHNICAL_TIMEOUT;time-out;;;;;;MY_STIHL;https://app.stihl.com/nl-nl/mystihl/tools/add;authenticated MY STIHL UI lookup;TECHNICAL_TIMEOUT;;FALSE;FALSE;TRUE;FALSE;1;1635;stihl_resultaten.csv
11032000;;2026-09-26;TECHNICAL_TIMEOUT;time-out;;;;;;MY_STIHL;https://app.stihl.com/nl-nl/mystihl/tools/add;authenticated MY STIHL UI lookup;TECHNICAL_TIMEOUT;;FALSE;FALSE;TRUE;FALSE;1;1636;stihl_resultaten.csv
11033000;;2026-09-26;TECHNICAL_TIMEOUT;time-out;;;;;;MY_STIHL;https://app.stihl.com/nl-nl/mystihl/tools/add;authenticated MY STIHL UI lookup;TECHNICAL_TIMEOUT;;FALSE;FALSE;TRUE;FALSE;1;1637;stihl_resultaten.csv
11034000;;2026-09-26;TECHNICAL_TIMEOUT;time-out;;;;;;MY_STIHL;https://app.stihl.com/nl-nl/mystihl/tools/add;authenticated MY STIHL UI lookup;TECHNICAL_TIMEOUT;;FALSE;FALSE;TRUE;FALSE;1;1638;stihl_resultaten.csv
11035000;;2026-09-26;TECHNICAL_TIMEOUT;time-out;;;;;;MY_STIHL;https://app.stihl.com/nl-nl/mystihl/tools/add;authenticated MY STIHL UI lookup;TECHNICAL_TIMEOUT;;FALSE;FALSE;TRUE;FALSE;1;1639;stihl_resultaten.csv
11036000;;2026-09-26;TECHNICAL_TIMEOUT;time-out;;;;;;MY_STIHL;https://app.stihl.com/nl-nl/mystihl/tools/add;authenticated MY STIHL UI lookup;TECHNICAL_TIMEOUT;;FALSE;FALSE;TRUE;FALSE;1;1640;stihl_resultaten.csv
11037000;;2026-09-26;TECHNICAL_TIMEOUT;time-out;;;;;;MY_STIHL;https://app.stihl.com/nl-nl/mystihl/tools/add;authenticated MY STIHL UI lookup;TECHNICAL_TIMEOUT;;FALSE;FALSE;TRUE;FALSE;1;1641;stihl_resultaten.csv
11038000;;2026-09-26;TECHNICAL_TIMEOUT;time-out;;;;;;MY_STIHL;https://app.stihl.com/nl-nl/mystihl/tools/add;authenticated MY STIHL UI lookup;TECHNICAL_TIMEOUT;;FALSE;FALSE;TRUE;FALSE;1;1642;stihl_resultaten.csv
11039000;011039000;2026-09-26;OFFICIAL_EXACT_FOUND;gevonden;"Motorzaag / Benzine 070 .404"" P Motorsäge";Motorzaag;Benzine;"070 .404"" P Motorsäge";070;MY_STIHL;https://app.stihl.com/nl-nl/mystihl/tools/add/serial-number;authenticated MY STIHL UI lookup;OFFICIAL_WEB_LOOKUP;OFFICIAL_STIHL_LOOKUP;TRUE;FALSE;FALSE;TRUE;1;1643;stihl_resultaten.csv
11040000;;2026-09-26;TECHNICAL_TIMEOUT;time-out;;;;;;MY_STIHL;https://app.stihl.com/nl-nl/mystihl/tools/add;authenticated MY STIHL UI lookup;TECHNICAL_TIMEOUT;;FALSE;FALSE;TRUE;FALSE;1;1644;stihl_resultaten.csv
11041000;011041000;2026-09-26;OFFICIAL_EXACT_FOUND;gevonden;"Motorzaag / Benzine 070 .404"" P Motorsäge";Motorzaag;Benzine;"070 .404"" P Motorsäge";070;MY_STIHL;https://app.stihl.com/nl-nl/mystihl/tools/add/serial-number;authenticated MY STIHL UI lookup;OFFICIAL_WEB_LOOKUP;OFFICIAL_STIHL_LOOKUP;TRUE;FALSE;FALSE;TRUE;1;1645;stihl_resultaten.csv
11042000;011042000;2026-09-26;OFFICIAL_EXACT_FOUND;gevonden;"Motorzaag / Benzine 070 .404"" P Motorsäge";Motorzaag;Benzine;"070 .404"" P Motorsäge";070;MY_STIHL;https://app.stihl.com/nl-nl/mystihl/tools/add/serial-number;authenticated MY STIHL UI lookup;OFFICIAL_WEB_LOOKUP;OFFICIAL_STIHL_LOOKUP;TRUE;FALSE;FALSE;TRUE;1;1646;stihl_resultaten.csv
11043000;011043000;2026-09-26;OFFICIAL_EXACT_FOUND;gevonden;"Motorzaag / Benzine 070 .404"" P Motorsäge";Motorzaag;Benzine;"070 .404"" P Motorsäge";070;MY_STIHL;https://app.stihl.com/nl-nl/mystihl/tools/add/serial-number;authenticated MY STIHL UI lookup;OFFICIAL_WEB_LOOKUP;OFFICIAL_STIHL_LOOKUP;TRUE;FALSE;FALSE;TRUE;1;1647;stihl_resultaten.csv
11044000;011044000;2026-09-26;OFFICIAL_EXACT_FOUND;gevonden;"Motorzaag / Benzine 08 S .404""7Z-P- STIHL Motorsäge";Motorzaag;Benzine;"08 S .404""7Z-P- STIHL Motorsäge";08 S;MY_STIHL;https://app.stihl.com/nl-nl/mystihl/tools/add/serial-number;authenticated MY STIHL UI lookup;OFFICIAL_WEB_LOOKUP;OFFICIAL_STIHL_LOOKUP;TRUE;FALSE;FALSE;TRUE;1;1648;stihl_resultaten.csv
11045000;011045000;2026-09-26;OFFICIAL_EXACT_FOUND;gevonden;"Motorzaag / Benzine 08 S .404""7Z-P- STIHL Motorsäge";Motorzaag;Benzine;"08 S .404""7Z-P- STIHL Motorsäge";08 S;MY_STIHL;https://app.stihl.com/nl-nl/mystihl/tools/add/serial-number;authenticated MY STIHL UI lookup;OFFICIAL_WEB_LOOKUP;OFFICIAL_STIHL_LOOKUP;TRUE;FALSE;FALSE;TRUE;1;1649;stihl_resultaten.csv
11046000;;2026-09-26;TECHNICAL_TIMEOUT;time-out;;;;;;MY_STIHL;https://app.stihl.com/nl-nl/mystihl/tools/add;authenticated MY STIHL UI lookup;TECHNICAL_TIMEOUT;;FALSE;FALSE;TRUE;FALSE;1;1650;stihl_resultaten.csv
11047000;;2026-09-26;TECHNICAL_TIMEOUT;time-out;;;;;;MY_STIHL;https://app.stihl.com/nl-nl/mystihl/tools/add;authenticated MY STIHL UI lookup;TECHNICAL_TIMEOUT;;FALSE;FALSE;TRUE;FALSE;1;1651;stihl_resultaten.csv
11048000;;2026-09-26;TECHNICAL_TIMEOUT;time-out;;;;;;MY_STIHL;https://app.stihl.com/nl-nl/mystihl/tools/add;authenticated MY STIHL UI lookup;TECHNICAL_TIMEOUT;;FALSE;FALSE;TRUE;FALSE;1;1652;stihl_resultaten.csv
11049000;;2026-09-26;TECHNICAL_TIMEOUT;time-out;;;;;;MY_STIHL;https://app.stihl.com/nl-nl/mystihl/tools/add;authenticated MY STIHL UI lookup;TECHNICAL_TIMEOUT;;FALSE;FALSE;TRUE;FALSE;1;1653;stihl_resultaten.csv
11050000;;2026-09-26;TECHNICAL_TIMEOUT;time-out;;;;;;MY_STIHL;https://app.stihl.com/nl-nl/mystihl/tools/add;authenticated MY STIHL UI lookup;TECHNICAL_TIMEOUT;;FALSE;FALSE;TRUE;FALSE;1;1654;stihl_resultaten.csv
11051000;;2026-09-26;TECHNICAL_TIMEOUT;time-out;;;;;;MY_STIHL;https://app.stihl.com/nl-nl/mystihl/tools/add;authenticated MY STIHL UI lookup;TECHNICAL_TIMEOUT;;FALSE;FALSE;TRUE;FALSE;1;1655;stihl_resultaten.csv
11052000;;2026-09-26;TECHNICAL_TIMEOUT;time-out;;;;;;MY_STIHL;https://app.stihl.com/nl-nl/mystihl/tools/add;authenticated MY STIHL UI lookup;TECHNICAL_TIMEOUT;;FALSE;FALSE;TRUE;FALSE;1;1656;stihl_resultaten.csv
11053000;011053000;2026-09-26;OFFICIAL_EXACT_FOUND;gevonden;"Motorzaag / Benzine 051 .404"" P Motorsäge";Motorzaag;Benzine;"051 .404"" P Motorsäge";051;MY_STIHL;https://app.stihl.com/nl-nl/mystihl/tools/add/serial-number;authenticated MY STIHL UI lookup;OFFICIAL_WEB_LOOKUP;OFFICIAL_STIHL_LOOKUP;TRUE;FALSE;FALSE;TRUE;1;1657;stihl_resultaten.csv
11054000;;2026-09-26;TECHNICAL_TIMEOUT;time-out;;;;;;MY_STIHL;https://app.stihl.com/nl-nl/mystihl/tools/add;authenticated MY STIHL UI lookup;TECHNICAL_TIMEOUT;;FALSE;FALSE;TRUE;FALSE;1;1658;stihl_resultaten.csv
11055000;;2026-09-26;TECHNICAL_TIMEOUT;time-out;;;;;;MY_STIHL;https://app.stihl.com/nl-nl/mystihl/tools/add;authenticated MY STIHL UI lookup;TECHNICAL_TIMEOUT;;FALSE;FALSE;TRUE;FALSE;1;1659;stihl_resultaten.csv
11056000;;2026-09-26;TECHNICAL_TIMEOUT;time-out;;;;;;MY_STIHL;https://app.stihl.com/nl-nl/mystihl/tools/add;authenticated MY STIHL UI lookup;TECHNICAL_TIMEOUT;;FALSE;FALSE;TRUE;FALSE;1;1660;stihl_resultaten.csv
11057000;;2026-09-26;TECHNICAL_TIMEOUT;time-out;;;;;;MY_STIHL;https://app.stihl.com/nl-nl/mystihl/tools/add;authenticated MY STIHL UI lookup;TECHNICAL_TIMEOUT;;FALSE;FALSE;TRUE;FALSE;1;1661;stihl_resultaten.csv
11058000;;2026-09-26;TECHNICAL_TIMEOUT;time-out;;;;;;MY_STIHL;https://app.stihl.com/nl-nl/mystihl/tools/add;authenticated MY STIHL UI lookup;TECHNICAL_TIMEOUT;;FALSE;FALSE;TRUE;FALSE;1;1662;stihl_resultaten.csv
11059000;;2026-09-26;TECHNICAL_TIMEOUT;time-out;;;;;;MY_STIHL;https://app.stihl.com/nl-nl/mystihl/tools/add;authenticated MY STIHL UI lookup;TECHNICAL_TIMEOUT;;FALSE;FALSE;TRUE;FALSE;1;1663;stihl_resultaten.csv
11060000;;2026-09-26;TECHNICAL_TIMEOUT;time-out;;;;;;MY_STIHL;https://app.stihl.com/nl-nl/mystihl/tools/add;authenticated MY STIHL UI lookup;TECHNICAL_TIMEOUT;;FALSE;FALSE;TRUE;FALSE;1;1664;stihl_resultaten.csv
11061000;;2026-09-26;TECHNICAL_TIMEOUT;time-out;;;;;;MY_STIHL;https://app.stihl.com/nl-nl/mystihl/tools/add;authenticated MY STIHL UI lookup;TECHNICAL_TIMEOUT;;FALSE;FALSE;TRUE;FALSE;1;1665;stihl_resultaten.csv
11062000;;2026-09-26;TECHNICAL_TIMEOUT;time-out;;;;;;MY_STIHL;https://app.stihl.com/nl-nl/mystihl/tools/add;authenticated MY STIHL UI lookup;TECHNICAL_TIMEOUT;;FALSE;FALSE;TRUE;FALSE;1;1666;stihl_resultaten.csv
11063000;;2026-09-26;TECHNICAL_TIMEOUT;time-out;;;;;;MY_STIHL;https://app.stihl.com/nl-nl/mystihl/tools/add;authenticated MY STIHL UI lookup;TECHNICAL_TIMEOUT;;FALSE;FALSE;TRUE;FALSE;1;1667;stihl_resultaten.csv
11064000;;2026-09-26;TECHNICAL_TIMEOUT;time-out;;;;;;MY_STIHL;https://app.stihl.com/nl-nl/mystihl/tools/add;authenticated MY STIHL UI lookup;TECHNICAL_TIMEOUT;;FALSE;FALSE;TRUE;FALSE;1;1668;stihl_resultaten.csv
11065000;;2026-09-26;TECHNICAL_TIMEOUT;time-out;;;;;;MY_STIHL;https://app.stihl.com/nl-nl/mystihl/tools/add;authenticated MY STIHL UI lookup;TECHNICAL_TIMEOUT;;FALSE;FALSE;TRUE;FALSE;1;1669;stihl_resultaten.csv
11066000;;2026-09-26;TECHNICAL_TIMEOUT;time-out;;;;;;MY_STIHL;https://app.stihl.com/nl-nl/mystihl/tools/add;authenticated MY STIHL UI lookup;TECHNICAL_TIMEOUT;;FALSE;FALSE;TRUE;FALSE;1;1670;stihl_resultaten.csv
11067000;;2026-09-26;TECHNICAL_TIMEOUT;time-out;;;;;;MY_STIHL;https://app.stihl.com/nl-nl/mystihl/tools/add;authenticated MY STIHL UI lookup;TECHNICAL_TIMEOUT;;FALSE;FALSE;TRUE;FALSE;1;1671;stihl_resultaten.csv
11068000;;2026-09-26;TECHNICAL_TIMEOUT;time-out;;;;;;MY_STIHL;https://app.stihl.com/nl-nl/mystihl/tools/add;authenticated MY STIHL UI lookup;TECHNICAL_TIMEOUT;;FALSE;FALSE;TRUE;FALSE;1;1672;stihl_resultaten.csv
11069000;;2026-09-26;TECHNICAL_TIMEOUT;time-out;;;;;;MY_STIHL;https://app.stihl.com/nl-nl/mystihl/tools/add;authenticated MY STIHL UI lookup;TECHNICAL_TIMEOUT;;FALSE;FALSE;TRUE;FALSE;1;1673;stihl_resultaten.csv
11070000;;2026-09-26;TECHNICAL_TIMEOUT;time-out;;;;;;MY_STIHL;https://app.stihl.com/nl-nl/mystihl/tools/add;authenticated MY STIHL UI lookup;TECHNICAL_TIMEOUT;;FALSE;FALSE;TRUE;FALSE;1;1674;stihl_resultaten.csv
11071000;;2026-09-26;TECHNICAL_TIMEOUT;time-out;;;;;;MY_STIHL;https://app.stihl.com/nl-nl/mystihl/tools/add;authenticated MY STIHL UI lookup;TECHNICAL_TIMEOUT;;FALSE;FALSE;TRUE;FALSE;1;1675;stihl_resultaten.csv
11072000;;2026-09-26;TECHNICAL_TIMEOUT;time-out;;;;;;MY_STIHL;https://app.stihl.com/nl-nl/mystihl/tools/add;authenticated MY STIHL UI lookup;TECHNICAL_TIMEOUT;;FALSE;FALSE;TRUE;FALSE;1;1676;stihl_resultaten.csv
11073000;;2026-09-26;TECHNICAL_TIMEOUT;time-out;;;;;;MY_STIHL;https://app.stihl.com/nl-nl/mystihl/tools/add;authenticated MY STIHL UI lookup;TECHNICAL_TIMEOUT;;FALSE;FALSE;TRUE;FALSE;1;1677;stihl_resultaten.csv
11074000;;2026-09-26;TECHNICAL_TIMEOUT;time-out;;;;;;MY_STIHL;https://app.stihl.com/nl-nl/mystihl/tools/add;authenticated MY STIHL UI lookup;TECHNICAL_TIMEOUT;;FALSE;FALSE;TRUE;FALSE;1;1678;stihl_resultaten.csv
11075000;;2026-09-26;TECHNICAL_TIMEOUT;time-out;;;;;;MY_STIHL;https://app.stihl.com/nl-nl/mystihl/tools/add;authenticated MY STIHL UI lookup;TECHNICAL_TIMEOUT;;FALSE;FALSE;TRUE;FALSE;1;1679;stihl_resultaten.csv
11076000;;2026-09-26;TECHNICAL_TIMEOUT;time-out;;;;;;MY_STIHL;https://app.stihl.com/nl-nl/mystihl/tools/add;authenticated MY STIHL UI lookup;TECHNICAL_TIMEOUT;;FALSE;FALSE;TRUE;FALSE;1;1680;stihl_resultaten.csv
11077000;;2026-09-26;TECHNICAL_TIMEOUT;time-out;;;;;;MY_STIHL;https://app.stihl.com/nl-nl/mystihl/tools/add;authenticated MY STIHL UI lookup;TECHNICAL_TIMEOUT;;FALSE;FALSE;TRUE;FALSE;1;1681;stihl_resultaten.csv
11078000;;2026-09-26;TECHNICAL_TIMEOUT;time-out;;;;;;MY_STIHL;https://app.stihl.com/nl-nl/mystihl/tools/add;authenticated MY STIHL UI lookup;TECHNICAL_TIMEOUT;;FALSE;FALSE;TRUE;FALSE;1;1682;stihl_resultaten.csv
11079000;;2026-09-26;TECHNICAL_TIMEOUT;time-out;;;;;;MY_STIHL;https://app.stihl.com/nl-nl/mystihl/tools/add;authenticated MY STIHL UI lookup;TECHNICAL_TIMEOUT;;FALSE;FALSE;TRUE;FALSE;1;1683;stihl_resultaten.csv
11080000;;2026-09-26;TECHNICAL_TIMEOUT;time-out;;;;;;MY_STIHL;https://app.stihl.com/nl-nl/mystihl/tools/add;authenticated MY STIHL UI lookup;TECHNICAL_TIMEOUT;;FALSE;FALSE;TRUE;FALSE;1;1684;stihl_resultaten.csv
11081000;;2026-09-26;TECHNICAL_TIMEOUT;time-out;;;;;;MY_STIHL;https://app.stihl.com/nl-nl/mystihl/tools/add;authenticated MY STIHL UI lookup;TECHNICAL_TIMEOUT;;FALSE;FALSE;TRUE;FALSE;1;1685;stihl_resultaten.csv
11082000;;2026-09-26;TECHNICAL_TIMEOUT;time-out;;;;;;MY_STIHL;https://app.stihl.com/nl-nl/mystihl/tools/add;authenticated MY STIHL UI lookup;TECHNICAL_TIMEOUT;;FALSE;FALSE;TRUE;FALSE;1;1686;stihl_resultaten.csv
11083000;;2026-09-26;TECHNICAL_TIMEOUT;time-out;;;;;;MY_STIHL;https://app.stihl.com/nl-nl/mystihl/tools/add;authenticated MY STIHL UI lookup;TECHNICAL_TIMEOUT;;FALSE;FALSE;TRUE;FALSE;1;1687;stihl_resultaten.csv
11084000;;2026-09-26;TECHNICAL_TIMEOUT;time-out;;;;;;MY_STIHL;https://app.stihl.com/nl-nl/mystihl/tools/add;authenticated MY STIHL UI lookup;TECHNICAL_TIMEOUT;;FALSE;FALSE;TRUE;FALSE;1;1688;stihl_resultaten.csv
11085000;011085000;2026-09-26;OFFICIAL_EXACT_FOUND;gevonden;"Motorzaag / Benzine 070 .404"" P Motorsäge";Motorzaag;Benzine;"070 .404"" P Motorsäge";070;MY_STIHL;https://app.stihl.com/nl-nl/mystihl/tools/add/serial-number;authenticated MY STIHL UI lookup;OFFICIAL_WEB_LOOKUP;OFFICIAL_STIHL_LOOKUP;TRUE;FALSE;FALSE;TRUE;1;1689;stihl_resultaten.csv
11086000;011086000;2026-09-26;OFFICIAL_EXACT_FOUND;gevonden;"Motorzaag / Benzine 070 .404"" P Motorsäge";Motorzaag;Benzine;"070 .404"" P Motorsäge";070;MY_STIHL;https://app.stihl.com/nl-nl/mystihl/tools/add/serial-number;authenticated MY STIHL UI lookup;OFFICIAL_WEB_LOOKUP;OFFICIAL_STIHL_LOOKUP;TRUE;FALSE;FALSE;TRUE;1;1690;stihl_resultaten.csv
11087000;011087000;2026-09-26;OFFICIAL_EXACT_FOUND;gevonden;"Motorzaag / Benzine 070 .404"" P Motorsäge";Motorzaag;Benzine;"070 .404"" P Motorsäge";070;MY_STIHL;https://app.stihl.com/nl-nl/mystihl/tools/add/serial-number;authenticated MY STIHL UI lookup;OFFICIAL_WEB_LOOKUP;OFFICIAL_STIHL_LOOKUP;TRUE;FALSE;FALSE;TRUE;1;1691;stihl_resultaten.csv
11088000;011088000;2026-09-26;OFFICIAL_EXACT_FOUND;gevonden;"Motorzaag / Benzine 08 S .404""7Z-P- STIHL Motorsäge";Motorzaag;Benzine;"08 S .404""7Z-P- STIHL Motorsäge";08 S;MY_STIHL;https://app.stihl.com/nl-nl/mystihl/tools/add/serial-number;authenticated MY STIHL UI lookup;OFFICIAL_WEB_LOOKUP;OFFICIAL_STIHL_LOOKUP;TRUE;FALSE;FALSE;TRUE;1;1692;stihl_resultaten.csv
11089000;;2026-09-26;TECHNICAL_TIMEOUT;time-out;;;;;;MY_STIHL;https://app.stihl.com/nl-nl/mystihl/tools/add;authenticated MY STIHL UI lookup;TECHNICAL_TIMEOUT;;FALSE;FALSE;TRUE;FALSE;1;1693;stihl_resultaten.csv
11090000;;2026-09-26;TECHNICAL_TIMEOUT;time-out;;;;;;MY_STIHL;https://app.stihl.com/nl-nl/mystihl/tools/add;authenticated MY STIHL UI lookup;TECHNICAL_TIMEOUT;;FALSE;FALSE;TRUE;FALSE;1;1694;stihl_resultaten.csv
11091000;;2026-09-26;TECHNICAL_TIMEOUT;time-out;;;;;;MY_STIHL;https://app.stihl.com/nl-nl/mystihl/tools/add;authenticated MY STIHL UI lookup;TECHNICAL_TIMEOUT;;FALSE;FALSE;TRUE;FALSE;1;1695;stihl_resultaten.csv
11092000;;2026-09-26;TECHNICAL_TIMEOUT;time-out;;;;;;MY_STIHL;https://app.stihl.com/nl-nl/mystihl/tools/add;authenticated MY STIHL UI lookup;TECHNICAL_TIMEOUT;;FALSE;FALSE;TRUE;FALSE;1;1696;stihl_resultaten.csv
11093000;;2026-09-26;TECHNICAL_TIMEOUT;time-out;;;;;;MY_STIHL;https://app.stihl.com/nl-nl/mystihl/tools/add;authenticated MY STIHL UI lookup;TECHNICAL_TIMEOUT;;FALSE;FALSE;TRUE;FALSE;1;1697;stihl_resultaten.csv
11094000;;2026-09-26;TECHNICAL_TIMEOUT;time-out;;;;;;MY_STIHL;https://app.stihl.com/nl-nl/mystihl/tools/add;authenticated MY STIHL UI lookup;TECHNICAL_TIMEOUT;;FALSE;FALSE;TRUE;FALSE;1;1698;stihl_resultaten.csv
11095000;011095000;2026-09-26;OFFICIAL_EXACT_FOUND;gevonden;"Motorzaag / Benzine 051 .404"" P Motorsäge";Motorzaag;Benzine;"051 .404"" P Motorsäge";051;MY_STIHL;https://app.stihl.com/nl-nl/mystihl/tools/add/serial-number;authenticated MY STIHL UI lookup;OFFICIAL_WEB_LOOKUP;OFFICIAL_STIHL_LOOKUP;TRUE;FALSE;FALSE;TRUE;1;1699;stihl_resultaten.csv
11096000;;2026-09-26;TECHNICAL_TIMEOUT;time-out;;;;;;MY_STIHL;https://app.stihl.com/nl-nl/mystihl/tools/add;authenticated MY STIHL UI lookup;TECHNICAL_TIMEOUT;;FALSE;FALSE;TRUE;FALSE;1;1700;stihl_resultaten.csv
11097000;;2026-09-26;TECHNICAL_TIMEOUT;time-out;;;;;;MY_STIHL;https://app.stihl.com/nl-nl/mystihl/tools/add;authenticated MY STIHL UI lookup;TECHNICAL_TIMEOUT;;FALSE;FALSE;TRUE;FALSE;1;1701;stihl_resultaten.csv
11098000;;2026-09-26;TECHNICAL_TIMEOUT;time-out;;;;;;MY_STIHL;https://app.stihl.com/nl-nl/mystihl/tools/add;authenticated MY STIHL UI lookup;TECHNICAL_TIMEOUT;;FALSE;FALSE;TRUE;FALSE;1;1702;stihl_resultaten.csv
11099000;;2026-09-26;TECHNICAL_TIMEOUT;time-out;;;;;;MY_STIHL;https://app.stihl.com/nl-nl/mystihl/tools/add;authenticated MY STIHL UI lookup;TECHNICAL_TIMEOUT;;FALSE;FALSE;TRUE;FALSE;1;1703;stihl_resultaten.csv
11100000;;2026-09-26;TECHNICAL_TIMEOUT;time-out;;;;;;MY_STIHL;https://app.stihl.com/nl-nl/mystihl/tools/add;authenticated MY STIHL UI lookup;TECHNICAL_TIMEOUT;;FALSE;FALSE;TRUE;FALSE;1;1704;stihl_resultaten.csv
11101000;;2026-09-26;TECHNICAL_TIMEOUT;time-out;;;;;;MY_STIHL;https://app.stihl.com/nl-nl/mystihl/tools/add;authenticated MY STIHL UI lookup;TECHNICAL_TIMEOUT;;FALSE;FALSE;TRUE;FALSE;1;1705;stihl_resultaten.csv
11102000;;2026-09-26;TECHNICAL_TIMEOUT;time-out;;;;;;MY_STIHL;https://app.stihl.com/nl-nl/mystihl/tools/add;authenticated MY STIHL UI lookup;TECHNICAL_TIMEOUT;;FALSE;FALSE;TRUE;FALSE;1;1706;stihl_resultaten.csv
11103000;;2026-09-26;TECHNICAL_TIMEOUT;time-out;;;;;;MY_STIHL;https://app.stihl.com/nl-nl/mystihl/tools/add;authenticated MY STIHL UI lookup;TECHNICAL_TIMEOUT;;FALSE;FALSE;TRUE;FALSE;1;1707;stihl_resultaten.csv
11104000;;2026-09-26;TECHNICAL_TIMEOUT;time-out;;;;;;MY_STIHL;https://app.stihl.com/nl-nl/mystihl/tools/add;authenticated MY STIHL UI lookup;TECHNICAL_TIMEOUT;;FALSE;FALSE;TRUE;FALSE;1;1708;stihl_resultaten.csv
11105000;;2026-09-26;TECHNICAL_TIMEOUT;time-out;;;;;;MY_STIHL;https://app.stihl.com/nl-nl/mystihl/tools/add;authenticated MY STIHL UI lookup;TECHNICAL_TIMEOUT;;FALSE;FALSE;TRUE;FALSE;1;1709;stihl_resultaten.csv
11106000;;2026-09-26;TECHNICAL_TIMEOUT;time-out;;;;;;MY_STIHL;https://app.stihl.com/nl-nl/mystihl/tools/add;authenticated MY STIHL UI lookup;TECHNICAL_TIMEOUT;;FALSE;FALSE;TRUE;FALSE;1;1710;stihl_resultaten.csv
11107000;;2026-09-26;TECHNICAL_TIMEOUT;time-out;;;;;;MY_STIHL;https://app.stihl.com/nl-nl/mystihl/tools/add;authenticated MY STIHL UI lookup;TECHNICAL_TIMEOUT;;FALSE;FALSE;TRUE;FALSE;1;1711;stihl_resultaten.csv
11108000;;2026-09-26;TECHNICAL_TIMEOUT;time-out;;;;;;MY_STIHL;https://app.stihl.com/nl-nl/mystihl/tools/add;authenticated MY STIHL UI lookup;TECHNICAL_TIMEOUT;;FALSE;FALSE;TRUE;FALSE;1;1712;stihl_resultaten.csv
11109000;;2026-09-26;TECHNICAL_TIMEOUT;time-out;;;;;;MY_STIHL;https://app.stihl.com/nl-nl/mystihl/tools/add;authenticated MY STIHL UI lookup;TECHNICAL_TIMEOUT;;FALSE;FALSE;TRUE;FALSE;1;1713;stihl_resultaten.csv
11110000;;2026-09-26;TECHNICAL_TIMEOUT;time-out;;;;;;MY_STIHL;https://app.stihl.com/nl-nl/mystihl/tools/add;authenticated MY STIHL UI lookup;TECHNICAL_TIMEOUT;;FALSE;FALSE;TRUE;FALSE;1;1714;stihl_resultaten.csv
11111000;;2026-09-26;TECHNICAL_TIMEOUT;time-out;;;;;;MY_STIHL;https://app.stihl.com/nl-nl/mystihl/tools/add;authenticated MY STIHL UI lookup;TECHNICAL_TIMEOUT;;FALSE;FALSE;TRUE;FALSE;1;1715;stihl_resultaten.csv
11112000;;2026-09-26;TECHNICAL_TIMEOUT;time-out;;;;;;MY_STIHL;https://app.stihl.com/nl-nl/mystihl/tools/add;authenticated MY STIHL UI lookup;TECHNICAL_TIMEOUT;;FALSE;FALSE;TRUE;FALSE;1;1716;stihl_resultaten.csv
11113000;;2026-09-26;TECHNICAL_TIMEOUT;time-out;;;;;;MY_STIHL;https://app.stihl.com/nl-nl/mystihl/tools/add;authenticated MY STIHL UI lookup;TECHNICAL_TIMEOUT;;FALSE;FALSE;TRUE;FALSE;1;1717;stihl_resultaten.csv
11114000;;2026-09-26;TECHNICAL_TIMEOUT;time-out;;;;;;MY_STIHL;https://app.stihl.com/nl-nl/mystihl/tools/add;authenticated MY STIHL UI lookup;TECHNICAL_TIMEOUT;;FALSE;FALSE;TRUE;FALSE;1;1718;stihl_resultaten.csv
11115000;;2026-09-26;TECHNICAL_TIMEOUT;time-out;;;;;;MY_STIHL;https://app.stihl.com/nl-nl/mystihl/tools/add;authenticated MY STIHL UI lookup;TECHNICAL_TIMEOUT;;FALSE;FALSE;TRUE;FALSE;1;1719;stihl_resultaten.csv
11116000;;2026-09-26;TECHNICAL_TIMEOUT;time-out;;;;;;MY_STIHL;https://app.stihl.com/nl-nl/mystihl/tools/add;authenticated MY STIHL UI lookup;TECHNICAL_TIMEOUT;;FALSE;FALSE;TRUE;FALSE;1;1720;stihl_resultaten.csv
11117000;;2026-09-26;TECHNICAL_TIMEOUT;time-out;;;;;;MY_STIHL;https://app.stihl.com/nl-nl/mystihl/tools/add;authenticated MY STIHL UI lookup;TECHNICAL_TIMEOUT;;FALSE;FALSE;TRUE;FALSE;1;1721;stihl_resultaten.csv
11118000;;2026-09-26;TECHNICAL_TIMEOUT;time-out;;;;;;MY_STIHL;https://app.stihl.com/nl-nl/mystihl/tools/add;authenticated MY STIHL UI lookup;TECHNICAL_TIMEOUT;;FALSE;FALSE;TRUE;FALSE;1;1722;stihl_resultaten.csv
11119000;;2026-09-26;TECHNICAL_TIMEOUT;time-out;;;;;;MY_STIHL;https://app.stihl.com/nl-nl/mystihl/tools/add;authenticated MY STIHL UI lookup;TECHNICAL_TIMEOUT;;FALSE;FALSE;TRUE;FALSE;1;1723;stihl_resultaten.csv
11120000;;2026-09-26;TECHNICAL_TIMEOUT;time-out;;;;;;MY_STIHL;https://app.stihl.com/nl-nl/mystihl/tools/add;authenticated MY STIHL UI lookup;TECHNICAL_TIMEOUT;;FALSE;FALSE;TRUE;FALSE;1;1724;stihl_resultaten.csv
11121000;;2026-09-26;TECHNICAL_TIMEOUT;time-out;;;;;;MY_STIHL;https://app.stihl.com/nl-nl/mystihl/tools/add;authenticated MY STIHL UI lookup;TECHNICAL_TIMEOUT;;FALSE;FALSE;TRUE;FALSE;1;1725;stihl_resultaten.csv
11122000;;2026-09-26;TECHNICAL_TIMEOUT;time-out;;;;;;MY_STIHL;https://app.stihl.com/nl-nl/mystihl/tools/add;authenticated MY STIHL UI lookup;TECHNICAL_TIMEOUT;;FALSE;FALSE;TRUE;FALSE;1;1726;stihl_resultaten.csv
11123000;;2026-09-26;TECHNICAL_TIMEOUT;time-out;;;;;;MY_STIHL;https://app.stihl.com/nl-nl/mystihl/tools/add;authenticated MY STIHL UI lookup;TECHNICAL_TIMEOUT;;FALSE;FALSE;TRUE;FALSE;1;1727;stihl_resultaten.csv
11124000;;2026-09-26;TECHNICAL_TIMEOUT;time-out;;;;;;MY_STIHL;https://app.stihl.com/nl-nl/mystihl/tools/add;authenticated MY STIHL UI lookup;TECHNICAL_TIMEOUT;;FALSE;FALSE;TRUE;FALSE;1;1728;stihl_resultaten.csv
11125000;;2026-09-26;TECHNICAL_TIMEOUT;time-out;;;;;;MY_STIHL;https://app.stihl.com/nl-nl/mystihl/tools/add;authenticated MY STIHL UI lookup;TECHNICAL_TIMEOUT;;FALSE;FALSE;TRUE;FALSE;1;1729;stihl_resultaten.csv
11126000;;2026-09-26;TECHNICAL_TIMEOUT;time-out;;;;;;MY_STIHL;https://app.stihl.com/nl-nl/mystihl/tools/add;authenticated MY STIHL UI lookup;TECHNICAL_TIMEOUT;;FALSE;FALSE;TRUE;FALSE;1;1730;stihl_resultaten.csv
11127000;;2026-09-26;TECHNICAL_TIMEOUT;time-out;;;;;;MY_STIHL;https://app.stihl.com/nl-nl/mystihl/tools/add;authenticated MY STIHL UI lookup;TECHNICAL_TIMEOUT;;FALSE;FALSE;TRUE;FALSE;1;1731;stihl_resultaten.csv
11128000;;2026-09-26;TECHNICAL_TIMEOUT;time-out;;;;;;MY_STIHL;https://app.stihl.com/nl-nl/mystihl/tools/add;authenticated MY STIHL UI lookup;TECHNICAL_TIMEOUT;;FALSE;FALSE;TRUE;FALSE;1;1732;stihl_resultaten.csv
11129000;;2026-09-26;TECHNICAL_TIMEOUT;time-out;;;;;;MY_STIHL;https://app.stihl.com/nl-nl/mystihl/tools/add;authenticated MY STIHL UI lookup;TECHNICAL_TIMEOUT;;FALSE;FALSE;TRUE;FALSE;1;1733;stihl_resultaten.csv
11130000;;2026-09-26;TECHNICAL_TIMEOUT;time-out;;;;;;MY_STIHL;https://app.stihl.com/nl-nl/mystihl/tools/add;authenticated MY STIHL UI lookup;TECHNICAL_TIMEOUT;;FALSE;FALSE;TRUE;FALSE;1;1734;stihl_resultaten.csv
11131000;;2026-09-26;TECHNICAL_TIMEOUT;time-out;;;;;;MY_STIHL;https://app.stihl.com/nl-nl/mystihl/tools/add;authenticated MY STIHL UI lookup;TECHNICAL_TIMEOUT;;FALSE;FALSE;TRUE;FALSE;1;1735;stihl_resultaten.csv
11132000;;2026-09-26;TECHNICAL_TIMEOUT;time-out;;;;;;MY_STIHL;https://app.stihl.com/nl-nl/mystihl/tools/add;authenticated MY STIHL UI lookup;TECHNICAL_TIMEOUT;;FALSE;FALSE;TRUE;FALSE;1;1736;stihl_resultaten.csv
11133000;;2026-09-26;TECHNICAL_TIMEOUT;time-out;;;;;;MY_STIHL;https://app.stihl.com/nl-nl/mystihl/tools/add;authenticated MY STIHL UI lookup;TECHNICAL_TIMEOUT;;FALSE;FALSE;TRUE;FALSE;1;1737;stihl_resultaten.csv
11134000;;2026-09-26;TECHNICAL_TIMEOUT;time-out;;;;;;MY_STIHL;https://app.stihl.com/nl-nl/mystihl/tools/add;authenticated MY STIHL UI lookup;TECHNICAL_TIMEOUT;;FALSE;FALSE;TRUE;FALSE;1;1738;stihl_resultaten.csv
11135000;;2026-09-26;TECHNICAL_TIMEOUT;time-out;;;;;;MY_STIHL;https://app.stihl.com/nl-nl/mystihl/tools/add;authenticated MY STIHL UI lookup;TECHNICAL_TIMEOUT;;FALSE;FALSE;TRUE;FALSE;1;1739;stihl_resultaten.csv
11136000;;2026-09-26;TECHNICAL_TIMEOUT;time-out;;;;;;MY_STIHL;https://app.stihl.com/nl-nl/mystihl/tools/add;authenticated MY STIHL UI lookup;TECHNICAL_TIMEOUT;;FALSE;FALSE;TRUE;FALSE;1;1740;stihl_resultaten.csv
11137000;;2026-09-26;TECHNICAL_TIMEOUT;time-out;;;;;;MY_STIHL;https://app.stihl.com/nl-nl/mystihl/tools/add;authenticated MY STIHL UI lookup;TECHNICAL_TIMEOUT;;FALSE;FALSE;TRUE;FALSE;1;1741;stihl_resultaten.csv
11138000;;2026-09-26;TECHNICAL_TIMEOUT;time-out;;;;;;MY_STIHL;https://app.stihl.com/nl-nl/mystihl/tools/add;authenticated MY STIHL UI lookup;TECHNICAL_TIMEOUT;;FALSE;FALSE;TRUE;FALSE;1;1742;stihl_resultaten.csv
11139000;;2026-09-26;TECHNICAL_TIMEOUT;time-out;;;;;;MY_STIHL;https://app.stihl.com/nl-nl/mystihl/tools/add;authenticated MY STIHL UI lookup;TECHNICAL_TIMEOUT;;FALSE;FALSE;TRUE;FALSE;1;1743;stihl_resultaten.csv
11140000;;2026-09-26;TECHNICAL_TIMEOUT;time-out;;;;;;MY_STIHL;https://app.stihl.com/nl-nl/mystihl/tools/add;authenticated MY STIHL UI lookup;TECHNICAL_TIMEOUT;;FALSE;FALSE;TRUE;FALSE;1;1744;stihl_resultaten.csv
11141000;;2026-09-26;TECHNICAL_TIMEOUT;time-out;;;;;;MY_STIHL;https://app.stihl.com/nl-nl/mystihl/tools/add;authenticated MY STIHL UI lookup;TECHNICAL_TIMEOUT;;FALSE;FALSE;TRUE;FALSE;1;1745;stihl_resultaten.csv
11142000;;2026-09-26;TECHNICAL_TIMEOUT;time-out;;;;;;MY_STIHL;https://app.stihl.com/nl-nl/mystihl/tools/add;authenticated MY STIHL UI lookup;TECHNICAL_TIMEOUT;;FALSE;FALSE;TRUE;FALSE;1;1746;stihl_resultaten.csv
11143000;;2026-09-26;TECHNICAL_TIMEOUT;time-out;;;;;;MY_STIHL;https://app.stihl.com/nl-nl/mystihl/tools/add;authenticated MY STIHL UI lookup;TECHNICAL_TIMEOUT;;FALSE;FALSE;TRUE;FALSE;1;1747;stihl_resultaten.csv
11144000;;2026-09-26;TECHNICAL_TIMEOUT;time-out;;;;;;MY_STIHL;https://app.stihl.com/nl-nl/mystihl/tools/add;authenticated MY STIHL UI lookup;TECHNICAL_TIMEOUT;;FALSE;FALSE;TRUE;FALSE;1;1748;stihl_resultaten.csv
11145000;;2026-09-26;TECHNICAL_TIMEOUT;time-out;;;;;;MY_STIHL;https://app.stihl.com/nl-nl/mystihl/tools/add;authenticated MY STIHL UI lookup;TECHNICAL_TIMEOUT;;FALSE;FALSE;TRUE;FALSE;1;1749;stihl_resultaten.csv
11146000;;2026-09-26;TECHNICAL_TIMEOUT;time-out;;;;;;MY_STIHL;https://app.stihl.com/nl-nl/mystihl/tools/add;authenticated MY STIHL UI lookup;TECHNICAL_TIMEOUT;;FALSE;FALSE;TRUE;FALSE;1;1750;stihl_resultaten.csv
11147000;;2026-09-26;TECHNICAL_TIMEOUT;time-out;;;;;;MY_STIHL;https://app.stihl.com/nl-nl/mystihl/tools/add;authenticated MY STIHL UI lookup;TECHNICAL_TIMEOUT;;FALSE;FALSE;TRUE;FALSE;1;1751;stihl_resultaten.csv
11148000;011148000;2026-09-26;OFFICIAL_EXACT_FOUND;gevonden;"Motorzaag / Benzine 070 .404"" P Motorsäge";Motorzaag;Benzine;"070 .404"" P Motorsäge";070;MY_STIHL;https://app.stihl.com/nl-nl/mystihl/tools/add/serial-number;authenticated MY STIHL UI lookup;OFFICIAL_WEB_LOOKUP;OFFICIAL_STIHL_LOOKUP;TRUE;FALSE;FALSE;TRUE;1;1752;stihl_resultaten.csv
11149000;011149000;2026-09-26;OFFICIAL_EXACT_FOUND;gevonden;"Motorzaag / Benzine 070 .404"" P Motorsäge";Motorzaag;Benzine;"070 .404"" P Motorsäge";070;MY_STIHL;https://app.stihl.com/nl-nl/mystihl/tools/add/serial-number;authenticated MY STIHL UI lookup;OFFICIAL_WEB_LOOKUP;OFFICIAL_STIHL_LOOKUP;TRUE;FALSE;FALSE;TRUE;1;1753;stihl_resultaten.csv
11150000;011150000;2026-09-26;OFFICIAL_EXACT_FOUND;gevonden;"Motorzaag / Benzine 070 .404"" P Motorsäge";Motorzaag;Benzine;"070 .404"" P Motorsäge";070;MY_STIHL;https://app.stihl.com/nl-nl/mystihl/tools/add/serial-number;authenticated MY STIHL UI lookup;OFFICIAL_WEB_LOOKUP;OFFICIAL_STIHL_LOOKUP;TRUE;FALSE;FALSE;TRUE;1;1754;stihl_resultaten.csv
11151000;011151000;2026-09-26;OFFICIAL_EXACT_FOUND;gevonden;"Motorzaag / Benzine 070 .404"" P Motorsäge";Motorzaag;Benzine;"070 .404"" P Motorsäge";070;MY_STIHL;https://app.stihl.com/nl-nl/mystihl/tools/add/serial-number;authenticated MY STIHL UI lookup;OFFICIAL_WEB_LOOKUP;OFFICIAL_STIHL_LOOKUP;TRUE;FALSE;FALSE;TRUE;1;1755;stihl_resultaten.csv
11152000;011152000;2026-09-26;OFFICIAL_EXACT_FOUND;gevonden;"Motorzaag / Benzine 051 .404"" P Motorsäge";Motorzaag;Benzine;"051 .404"" P Motorsäge";051;MY_STIHL;https://app.stihl.com/nl-nl/mystihl/tools/add/serial-number;authenticated MY STIHL UI lookup;OFFICIAL_WEB_LOOKUP;OFFICIAL_STIHL_LOOKUP;TRUE;FALSE;FALSE;TRUE;1;1756;stihl_resultaten.csv
11153000;;2026-09-26;TECHNICAL_TIMEOUT;time-out;;;;;;MY_STIHL;https://app.stihl.com/nl-nl/mystihl/tools/add;authenticated MY STIHL UI lookup;TECHNICAL_TIMEOUT;;FALSE;FALSE;TRUE;FALSE;1;1757;stihl_resultaten.csv
11154000;;2026-09-26;TECHNICAL_TIMEOUT;time-out;;;;;;MY_STIHL;https://app.stihl.com/nl-nl/mystihl/tools/add;authenticated MY STIHL UI lookup;TECHNICAL_TIMEOUT;;FALSE;FALSE;TRUE;FALSE;1;1758;stihl_resultaten.csv
11155000;;2026-09-26;TECHNICAL_TIMEOUT;time-out;;;;;;MY_STIHL;https://app.stihl.com/nl-nl/mystihl/tools/add;authenticated MY STIHL UI lookup;TECHNICAL_TIMEOUT;;FALSE;FALSE;TRUE;FALSE;1;1759;stihl_resultaten.csv
11156000;;2026-09-26;TECHNICAL_TIMEOUT;time-out;;;;;;MY_STIHL;https://app.stihl.com/nl-nl/mystihl/tools/add;authenticated MY STIHL UI lookup;TECHNICAL_TIMEOUT;;FALSE;FALSE;TRUE;FALSE;1;1760;stihl_resultaten.csv
11157000;;2026-09-26;TECHNICAL_TIMEOUT;time-out;;;;;;MY_STIHL;https://app.stihl.com/nl-nl/mystihl/tools/add;authenticated MY STIHL UI lookup;TECHNICAL_TIMEOUT;;FALSE;FALSE;TRUE;FALSE;1;1761;stihl_resultaten.csv
11158000;;2026-09-26;TECHNICAL_TIMEOUT;time-out;;;;;;MY_STIHL;https://app.stihl.com/nl-nl/mystihl/tools/add;authenticated MY STIHL UI lookup;TECHNICAL_TIMEOUT;;FALSE;FALSE;TRUE;FALSE;1;1762;stihl_resultaten.csv
11159000;;2026-09-26;TECHNICAL_TIMEOUT;time-out;;;;;;MY_STIHL;https://app.stihl.com/nl-nl/mystihl/tools/add;authenticated MY STIHL UI lookup;TECHNICAL_TIMEOUT;;FALSE;FALSE;TRUE;FALSE;1;1763;stihl_resultaten.csv
11160000;;2026-09-26;TECHNICAL_TIMEOUT;time-out;;;;;;MY_STIHL;https://app.stihl.com/nl-nl/mystihl/tools/add;authenticated MY STIHL UI lookup;TECHNICAL_TIMEOUT;;FALSE;FALSE;TRUE;FALSE;1;1764;stihl_resultaten.csv
11161000;;2026-09-26;TECHNICAL_TIMEOUT;time-out;;;;;;MY_STIHL;https://app.stihl.com/nl-nl/mystihl/tools/add;authenticated MY STIHL UI lookup;TECHNICAL_TIMEOUT;;FALSE;FALSE;TRUE;FALSE;1;1765;stihl_resultaten.csv
11162000;;2026-09-26;TECHNICAL_TIMEOUT;time-out;;;;;;MY_STIHL;https://app.stihl.com/nl-nl/mystihl/tools/add;authenticated MY STIHL UI lookup;TECHNICAL_TIMEOUT;;FALSE;FALSE;TRUE;FALSE;1;1766;stihl_resultaten.csv
11163000;;2026-09-26;TECHNICAL_TIMEOUT;time-out;;;;;;MY_STIHL;https://app.stihl.com/nl-nl/mystihl/tools/add;authenticated MY STIHL UI lookup;TECHNICAL_TIMEOUT;;FALSE;FALSE;TRUE;FALSE;1;1767;stihl_resultaten.csv
11164000;;2026-09-26;TECHNICAL_TIMEOUT;time-out;;;;;;MY_STIHL;https://app.stihl.com/nl-nl/mystihl/tools/add;authenticated MY STIHL UI lookup;TECHNICAL_TIMEOUT;;FALSE;FALSE;TRUE;FALSE;1;1768;stihl_resultaten.csv
11165000;;2026-09-26;TECHNICAL_TIMEOUT;time-out;;;;;;MY_STIHL;https://app.stihl.com/nl-nl/mystihl/tools/add;authenticated MY STIHL UI lookup;TECHNICAL_TIMEOUT;;FALSE;FALSE;TRUE;FALSE;1;1769;stihl_resultaten.csv
11166000;;2026-09-26;TECHNICAL_TIMEOUT;time-out;;;;;;MY_STIHL;https://app.stihl.com/nl-nl/mystihl/tools/add;authenticated MY STIHL UI lookup;TECHNICAL_TIMEOUT;;FALSE;FALSE;TRUE;FALSE;1;1770;stihl_resultaten.csv
11167000;;2026-09-26;TECHNICAL_TIMEOUT;time-out;;;;;;MY_STIHL;https://app.stihl.com/nl-nl/mystihl/tools/add;authenticated MY STIHL UI lookup;TECHNICAL_TIMEOUT;;FALSE;FALSE;TRUE;FALSE;1;1771;stihl_resultaten.csv
11168000;;2026-09-26;TECHNICAL_TIMEOUT;time-out;;;;;;MY_STIHL;https://app.stihl.com/nl-nl/mystihl/tools/add;authenticated MY STIHL UI lookup;TECHNICAL_TIMEOUT;;FALSE;FALSE;TRUE;FALSE;1;1772;stihl_resultaten.csv
11169000;;2026-09-26;TECHNICAL_TIMEOUT;time-out;;;;;;MY_STIHL;https://app.stihl.com/nl-nl/mystihl/tools/add;authenticated MY STIHL UI lookup;TECHNICAL_TIMEOUT;;FALSE;FALSE;TRUE;FALSE;1;1773;stihl_resultaten.csv
11170000;;2026-09-26;TECHNICAL_TIMEOUT;time-out;;;;;;MY_STIHL;https://app.stihl.com/nl-nl/mystihl/tools/add;authenticated MY STIHL UI lookup;TECHNICAL_TIMEOUT;;FALSE;FALSE;TRUE;FALSE;1;1774;stihl_resultaten.csv
11171000;;2026-09-26;TECHNICAL_TIMEOUT;time-out;;;;;;MY_STIHL;https://app.stihl.com/nl-nl/mystihl/tools/add;authenticated MY STIHL UI lookup;TECHNICAL_TIMEOUT;;FALSE;FALSE;TRUE;FALSE;1;1775;stihl_resultaten.csv
11172000;;2026-09-26;TECHNICAL_TIMEOUT;time-out;;;;;;MY_STIHL;https://app.stihl.com/nl-nl/mystihl/tools/add;authenticated MY STIHL UI lookup;TECHNICAL_TIMEOUT;;FALSE;FALSE;TRUE;FALSE;1;1776;stihl_resultaten.csv
11173000;;2026-09-26;TECHNICAL_TIMEOUT;time-out;;;;;;MY_STIHL;https://app.stihl.com/nl-nl/mystihl/tools/add;authenticated MY STIHL UI lookup;TECHNICAL_TIMEOUT;;FALSE;FALSE;TRUE;FALSE;1;1777;stihl_resultaten.csv
11174000;;2026-09-26;TECHNICAL_TIMEOUT;time-out;;;;;;MY_STIHL;https://app.stihl.com/nl-nl/mystihl/tools/add;authenticated MY STIHL UI lookup;TECHNICAL_TIMEOUT;;FALSE;FALSE;TRUE;FALSE;1;1778;stihl_resultaten.csv
11175000;;2026-09-26;TECHNICAL_TIMEOUT;time-out;;;;;;MY_STIHL;https://app.stihl.com/nl-nl/mystihl/tools/add;authenticated MY STIHL UI lookup;TECHNICAL_TIMEOUT;;FALSE;FALSE;TRUE;FALSE;1;1779;stihl_resultaten.csv
11176000;;2026-09-26;TECHNICAL_TIMEOUT;time-out;;;;;;MY_STIHL;https://app.stihl.com/nl-nl/mystihl/tools/add;authenticated MY STIHL UI lookup;TECHNICAL_TIMEOUT;;FALSE;FALSE;TRUE;FALSE;1;1780;stihl_resultaten.csv
11177000;;2026-09-26;TECHNICAL_TIMEOUT;time-out;;;;;;MY_STIHL;https://app.stihl.com/nl-nl/mystihl/tools/add;authenticated MY STIHL UI lookup;TECHNICAL_TIMEOUT;;FALSE;FALSE;TRUE;FALSE;1;1781;stihl_resultaten.csv
11178000;;2026-09-26;TECHNICAL_TIMEOUT;time-out;;;;;;MY_STIHL;https://app.stihl.com/nl-nl/mystihl/tools/add;authenticated MY STIHL UI lookup;TECHNICAL_TIMEOUT;;FALSE;FALSE;TRUE;FALSE;1;1782;stihl_resultaten.csv
11179000;;2026-09-26;TECHNICAL_TIMEOUT;time-out;;;;;;MY_STIHL;https://app.stihl.com/nl-nl/mystihl/tools/add;authenticated MY STIHL UI lookup;TECHNICAL_TIMEOUT;;FALSE;FALSE;TRUE;FALSE;1;1783;stihl_resultaten.csv
11180000;;2026-09-26;TECHNICAL_TIMEOUT;time-out;;;;;;MY_STIHL;https://app.stihl.com/nl-nl/mystihl/tools/add;authenticated MY STIHL UI lookup;TECHNICAL_TIMEOUT;;FALSE;FALSE;TRUE;FALSE;1;1784;stihl_resultaten.csv
11181000;011181000;2026-09-26;OFFICIAL_EXACT_FOUND;gevonden;Algemeen gemotoriseerd / Benzine 08 S Ersatzmotor;Algemeen gemotoriseerd;Benzine;08 S Ersatzmotor;08 S;MY_STIHL;https://app.stihl.com/nl-nl/mystihl/tools/add/serial-number;authenticated MY STIHL UI lookup;OFFICIAL_WEB_LOOKUP;OFFICIAL_STIHL_LOOKUP;TRUE;FALSE;FALSE;TRUE;1;1785;stihl_resultaten.csv
11182000;011182000;2026-09-26;OFFICIAL_EXACT_FOUND;gevonden;"Motorzaag / Benzine 08 S .404""7Z-P- STIHL Motorsäge";Motorzaag;Benzine;"08 S .404""7Z-P- STIHL Motorsäge";08 S;MY_STIHL;https://app.stihl.com/nl-nl/mystihl/tools/add/serial-number;authenticated MY STIHL UI lookup;OFFICIAL_WEB_LOOKUP;OFFICIAL_STIHL_LOOKUP;TRUE;FALSE;FALSE;TRUE;1;1786;stihl_resultaten.csv
11183000;;2026-09-26;TECHNICAL_TIMEOUT;time-out;;;;;;MY_STIHL;https://app.stihl.com/nl-nl/mystihl/tools/add;authenticated MY STIHL UI lookup;TECHNICAL_TIMEOUT;;FALSE;FALSE;TRUE;FALSE;1;1787;stihl_resultaten.csv
11184000;;2026-09-26;TECHNICAL_TIMEOUT;time-out;;;;;;MY_STIHL;https://app.stihl.com/nl-nl/mystihl/tools/add;authenticated MY STIHL UI lookup;TECHNICAL_TIMEOUT;;FALSE;FALSE;TRUE;FALSE;1;1788;stihl_resultaten.csv
11185000;;2026-09-26;TECHNICAL_TIMEOUT;time-out;;;;;;MY_STIHL;https://app.stihl.com/nl-nl/mystihl/tools/add;authenticated MY STIHL UI lookup;TECHNICAL_TIMEOUT;;FALSE;FALSE;TRUE;FALSE;1;1789;stihl_resultaten.csv
11186000;;2026-09-26;TECHNICAL_TIMEOUT;time-out;;;;;;MY_STIHL;https://app.stihl.com/nl-nl/mystihl/tools/add;authenticated MY STIHL UI lookup;TECHNICAL_TIMEOUT;;FALSE;FALSE;TRUE;FALSE;1;1790;stihl_resultaten.csv
11187000;;2026-09-26;TECHNICAL_TIMEOUT;time-out;;;;;;MY_STIHL;https://app.stihl.com/nl-nl/mystihl/tools/add;authenticated MY STIHL UI lookup;TECHNICAL_TIMEOUT;;FALSE;FALSE;TRUE;FALSE;1;1791;stihl_resultaten.csv
11188000;;2026-09-26;TECHNICAL_TIMEOUT;time-out;;;;;;MY_STIHL;https://app.stihl.com/nl-nl/mystihl/tools/add;authenticated MY STIHL UI lookup;TECHNICAL_TIMEOUT;;FALSE;FALSE;TRUE;FALSE;1;1792;stihl_resultaten.csv
11189000;;2026-09-26;TECHNICAL_TIMEOUT;time-out;;;;;;MY_STIHL;https://app.stihl.com/nl-nl/mystihl/tools/add;authenticated MY STIHL UI lookup;TECHNICAL_TIMEOUT;;FALSE;FALSE;TRUE;FALSE;1;1793;stihl_resultaten.csv
11190000;;2026-09-26;TECHNICAL_TIMEOUT;time-out;;;;;;MY_STIHL;https://app.stihl.com/nl-nl/mystihl/tools/add;authenticated MY STIHL UI lookup;TECHNICAL_TIMEOUT;;FALSE;FALSE;TRUE;FALSE;1;1794;stihl_resultaten.csv
11191000;;2026-09-26;TECHNICAL_TIMEOUT;time-out;;;;;;MY_STIHL;https://app.stihl.com/nl-nl/mystihl/tools/add;authenticated MY STIHL UI lookup;TECHNICAL_TIMEOUT;;FALSE;FALSE;TRUE;FALSE;1;1795;stihl_resultaten.csv
11192000;;2026-09-26;TECHNICAL_TIMEOUT;time-out;;;;;;MY_STIHL;https://app.stihl.com/nl-nl/mystihl/tools/add;authenticated MY STIHL UI lookup;TECHNICAL_TIMEOUT;;FALSE;FALSE;TRUE;FALSE;1;1796;stihl_resultaten.csv
11193000;;2026-09-26;TECHNICAL_TIMEOUT;time-out;;;;;;MY_STIHL;https://app.stihl.com/nl-nl/mystihl/tools/add;authenticated MY STIHL UI lookup;TECHNICAL_TIMEOUT;;FALSE;FALSE;TRUE;FALSE;1;1797;stihl_resultaten.csv
11194000;;2026-09-26;TECHNICAL_TIMEOUT;time-out;;;;;;MY_STIHL;https://app.stihl.com/nl-nl/mystihl/tools/add;authenticated MY STIHL UI lookup;TECHNICAL_TIMEOUT;;FALSE;FALSE;TRUE;FALSE;1;1798;stihl_resultaten.csv
11195000;;2026-09-26;TECHNICAL_TIMEOUT;time-out;;;;;;MY_STIHL;https://app.stihl.com/nl-nl/mystihl/tools/add;authenticated MY STIHL UI lookup;TECHNICAL_TIMEOUT;;FALSE;FALSE;TRUE;FALSE;1;1799;stihl_resultaten.csv
11196000;;2026-09-26;TECHNICAL_TIMEOUT;time-out;;;;;;MY_STIHL;https://app.stihl.com/nl-nl/mystihl/tools/add;authenticated MY STIHL UI lookup;TECHNICAL_TIMEOUT;;FALSE;FALSE;TRUE;FALSE;1;1800;stihl_resultaten.csv
11197000;;2026-09-26;TECHNICAL_TIMEOUT;time-out;;;;;;MY_STIHL;https://app.stihl.com/nl-nl/mystihl/tools/add;authenticated MY STIHL UI lookup;TECHNICAL_TIMEOUT;;FALSE;FALSE;TRUE;FALSE;1;1801;stihl_resultaten.csv
11198000;;2026-09-26;TECHNICAL_TIMEOUT;time-out;;;;;;MY_STIHL;https://app.stihl.com/nl-nl/mystihl/tools/add;authenticated MY STIHL UI lookup;TECHNICAL_TIMEOUT;;FALSE;FALSE;TRUE;FALSE;1;1802;stihl_resultaten.csv
11199000;;2026-09-26;TECHNICAL_TIMEOUT;time-out;;;;;;MY_STIHL;https://app.stihl.com/nl-nl/mystihl/tools/add;authenticated MY STIHL UI lookup;TECHNICAL_TIMEOUT;;FALSE;FALSE;TRUE;FALSE;1;1803;stihl_resultaten.csv
11200000;;2026-09-26;TECHNICAL_TIMEOUT;time-out;;;;;;MY_STIHL;https://app.stihl.com/nl-nl/mystihl/tools/add;authenticated MY STIHL UI lookup;TECHNICAL_TIMEOUT;;FALSE;FALSE;TRUE;FALSE;1;1804;stihl_resultaten.csv
11201000;;2026-09-26;TECHNICAL_TIMEOUT;time-out;;;;;;MY_STIHL;https://app.stihl.com/nl-nl/mystihl/tools/add;authenticated MY STIHL UI lookup;TECHNICAL_TIMEOUT;;FALSE;FALSE;TRUE;FALSE;1;1805;stihl_resultaten.csv
11202000;;2026-09-26;TECHNICAL_TIMEOUT;time-out;;;;;;MY_STIHL;https://app.stihl.com/nl-nl/mystihl/tools/add;authenticated MY STIHL UI lookup;TECHNICAL_TIMEOUT;;FALSE;FALSE;TRUE;FALSE;1;1806;stihl_resultaten.csv
11203000;;2026-09-26;TECHNICAL_TIMEOUT;time-out;;;;;;MY_STIHL;https://app.stihl.com/nl-nl/mystihl/tools/add;authenticated MY STIHL UI lookup;TECHNICAL_TIMEOUT;;FALSE;FALSE;TRUE;FALSE;1;1807;stihl_resultaten.csv
11204000;;2026-09-26;TECHNICAL_TIMEOUT;time-out;;;;;;MY_STIHL;https://app.stihl.com/nl-nl/mystihl/tools/add;authenticated MY STIHL UI lookup;TECHNICAL_TIMEOUT;;FALSE;FALSE;TRUE;FALSE;1;1808;stihl_resultaten.csv
11205000;;2026-09-26;TECHNICAL_TIMEOUT;time-out;;;;;;MY_STIHL;https://app.stihl.com/nl-nl/mystihl/tools/add;authenticated MY STIHL UI lookup;TECHNICAL_TIMEOUT;;FALSE;FALSE;TRUE;FALSE;1;1809;stihl_resultaten.csv
11206000;;2026-09-26;TECHNICAL_TIMEOUT;time-out;;;;;;MY_STIHL;https://app.stihl.com/nl-nl/mystihl/tools/add;authenticated MY STIHL UI lookup;TECHNICAL_TIMEOUT;;FALSE;FALSE;TRUE;FALSE;1;1810;stihl_resultaten.csv
11207000;;2026-09-26;TECHNICAL_TIMEOUT;time-out;;;;;;MY_STIHL;https://app.stihl.com/nl-nl/mystihl/tools/add;authenticated MY STIHL UI lookup;TECHNICAL_TIMEOUT;;FALSE;FALSE;TRUE;FALSE;1;1811;stihl_resultaten.csv
11208000;;2026-09-26;TECHNICAL_TIMEOUT;time-out;;;;;;MY_STIHL;https://app.stihl.com/nl-nl/mystihl/tools/add;authenticated MY STIHL UI lookup;TECHNICAL_TIMEOUT;;FALSE;FALSE;TRUE;FALSE;1;1812;stihl_resultaten.csv
11209000;;2026-09-26;TECHNICAL_TIMEOUT;time-out;;;;;;MY_STIHL;https://app.stihl.com/nl-nl/mystihl/tools/add;authenticated MY STIHL UI lookup;TECHNICAL_TIMEOUT;;FALSE;FALSE;TRUE;FALSE;1;1813;stihl_resultaten.csv
11210000;;2026-09-26;TECHNICAL_TIMEOUT;time-out;;;;;;MY_STIHL;https://app.stihl.com/nl-nl/mystihl/tools/add;authenticated MY STIHL UI lookup;TECHNICAL_TIMEOUT;;FALSE;FALSE;TRUE;FALSE;1;1814;stihl_resultaten.csv
11211000;;2026-09-26;TECHNICAL_TIMEOUT;time-out;;;;;;MY_STIHL;https://app.stihl.com/nl-nl/mystihl/tools/add;authenticated MY STIHL UI lookup;TECHNICAL_TIMEOUT;;FALSE;FALSE;TRUE;FALSE;1;1815;stihl_resultaten.csv
11212000;;2026-09-26;TECHNICAL_TIMEOUT;time-out;;;;;;MY_STIHL;https://app.stihl.com/nl-nl/mystihl/tools/add;authenticated MY STIHL UI lookup;TECHNICAL_TIMEOUT;;FALSE;FALSE;TRUE;FALSE;1;1816;stihl_resultaten.csv
11213000;;2026-09-26;TECHNICAL_TIMEOUT;time-out;;;;;;MY_STIHL;https://app.stihl.com/nl-nl/mystihl/tools/add;authenticated MY STIHL UI lookup;TECHNICAL_TIMEOUT;;FALSE;FALSE;TRUE;FALSE;1;1817;stihl_resultaten.csv
11214000;;2026-09-26;TECHNICAL_TIMEOUT;time-out;;;;;;MY_STIHL;https://app.stihl.com/nl-nl/mystihl/tools/add;authenticated MY STIHL UI lookup;TECHNICAL_TIMEOUT;;FALSE;FALSE;TRUE;FALSE;1;1818;stihl_resultaten.csv
11215000;;2026-09-26;TECHNICAL_TIMEOUT;time-out;;;;;;MY_STIHL;https://app.stihl.com/nl-nl/mystihl/tools/add;authenticated MY STIHL UI lookup;TECHNICAL_TIMEOUT;;FALSE;FALSE;TRUE;FALSE;1;1819;stihl_resultaten.csv
11216000;;2026-09-26;TECHNICAL_TIMEOUT;time-out;;;;;;MY_STIHL;https://app.stihl.com/nl-nl/mystihl/tools/add;authenticated MY STIHL UI lookup;TECHNICAL_TIMEOUT;;FALSE;FALSE;TRUE;FALSE;1;1820;stihl_resultaten.csv
11217000;;2026-09-26;TECHNICAL_TIMEOUT;time-out;;;;;;MY_STIHL;https://app.stihl.com/nl-nl/mystihl/tools/add;authenticated MY STIHL UI lookup;TECHNICAL_TIMEOUT;;FALSE;FALSE;TRUE;FALSE;1;1821;stihl_resultaten.csv
11218000;;2026-09-26;TECHNICAL_TIMEOUT;time-out;;;;;;MY_STIHL;https://app.stihl.com/nl-nl/mystihl/tools/add;authenticated MY STIHL UI lookup;TECHNICAL_TIMEOUT;;FALSE;FALSE;TRUE;FALSE;1;1822;stihl_resultaten.csv
11219000;;2026-09-26;TECHNICAL_TIMEOUT;time-out;;;;;;MY_STIHL;https://app.stihl.com/nl-nl/mystihl/tools/add;authenticated MY STIHL UI lookup;TECHNICAL_TIMEOUT;;FALSE;FALSE;TRUE;FALSE;1;1823;stihl_resultaten.csv
11220000;;2026-09-26;TECHNICAL_TIMEOUT;time-out;;;;;;MY_STIHL;https://app.stihl.com/nl-nl/mystihl/tools/add;authenticated MY STIHL UI lookup;TECHNICAL_TIMEOUT;;FALSE;FALSE;TRUE;FALSE;1;1824;stihl_resultaten.csv
11221000;;2026-09-26;TECHNICAL_TIMEOUT;time-out;;;;;;MY_STIHL;https://app.stihl.com/nl-nl/mystihl/tools/add;authenticated MY STIHL UI lookup;TECHNICAL_TIMEOUT;;FALSE;FALSE;TRUE;FALSE;1;1825;stihl_resultaten.csv
11222000;;2026-09-26;TECHNICAL_TIMEOUT;time-out;;;;;;MY_STIHL;https://app.stihl.com/nl-nl/mystihl/tools/add;authenticated MY STIHL UI lookup;TECHNICAL_TIMEOUT;;FALSE;FALSE;TRUE;FALSE;1;1826;stihl_resultaten.csv
11223000;;2026-09-26;TECHNICAL_TIMEOUT;time-out;;;;;;MY_STIHL;https://app.stihl.com/nl-nl/mystihl/tools/add;authenticated MY STIHL UI lookup;TECHNICAL_TIMEOUT;;FALSE;FALSE;TRUE;FALSE;1;1827;stihl_resultaten.csv
11224000;;2026-09-26;TECHNICAL_TIMEOUT;time-out;;;;;;MY_STIHL;https://app.stihl.com/nl-nl/mystihl/tools/add;authenticated MY STIHL UI lookup;TECHNICAL_TIMEOUT;;FALSE;FALSE;TRUE;FALSE;1;1828;stihl_resultaten.csv
11225000;;2026-09-26;TECHNICAL_TIMEOUT;time-out;;;;;;MY_STIHL;https://app.stihl.com/nl-nl/mystihl/tools/add;authenticated MY STIHL UI lookup;TECHNICAL_TIMEOUT;;FALSE;FALSE;TRUE;FALSE;1;1829;stihl_resultaten.csv
11226000;;2026-09-26;TECHNICAL_TIMEOUT;time-out;;;;;;MY_STIHL;https://app.stihl.com/nl-nl/mystihl/tools/add;authenticated MY STIHL UI lookup;TECHNICAL_TIMEOUT;;FALSE;FALSE;TRUE;FALSE;1;1830;stihl_resultaten.csv
11227000;;2026-09-26;TECHNICAL_TIMEOUT;time-out;;;;;;MY_STIHL;https://app.stihl.com/nl-nl/mystihl/tools/add;authenticated MY STIHL UI lookup;TECHNICAL_TIMEOUT;;FALSE;FALSE;TRUE;FALSE;1;1831;stihl_resultaten.csv
11228000;;2026-09-26;TECHNICAL_TIMEOUT;time-out;;;;;;MY_STIHL;https://app.stihl.com/nl-nl/mystihl/tools/add;authenticated MY STIHL UI lookup;TECHNICAL_TIMEOUT;;FALSE;FALSE;TRUE;FALSE;1;1832;stihl_resultaten.csv
11229000;;2026-09-26;TECHNICAL_TIMEOUT;time-out;;;;;;MY_STIHL;https://app.stihl.com/nl-nl/mystihl/tools/add;authenticated MY STIHL UI lookup;TECHNICAL_TIMEOUT;;FALSE;FALSE;TRUE;FALSE;1;1833;stihl_resultaten.csv
11230000;;2026-09-26;TECHNICAL_TIMEOUT;time-out;;;;;;MY_STIHL;https://app.stihl.com/nl-nl/mystihl/tools/add;authenticated MY STIHL UI lookup;TECHNICAL_TIMEOUT;;FALSE;FALSE;TRUE;FALSE;1;1834;stihl_resultaten.csv
11231000;;2026-09-26;TECHNICAL_TIMEOUT;time-out;;;;;;MY_STIHL;https://app.stihl.com/nl-nl/mystihl/tools/add;authenticated MY STIHL UI lookup;TECHNICAL_TIMEOUT;;FALSE;FALSE;TRUE;FALSE;1;1835;stihl_resultaten.csv
11232000;;2026-09-26;TECHNICAL_TIMEOUT;time-out;;;;;;MY_STIHL;https://app.stihl.com/nl-nl/mystihl/tools/add;authenticated MY STIHL UI lookup;TECHNICAL_TIMEOUT;;FALSE;FALSE;TRUE;FALSE;1;1836;stihl_resultaten.csv
11233000;;2026-09-26;TECHNICAL_TIMEOUT;time-out;;;;;;MY_STIHL;https://app.stihl.com/nl-nl/mystihl/tools/add;authenticated MY STIHL UI lookup;TECHNICAL_TIMEOUT;;FALSE;FALSE;TRUE;FALSE;1;1837;stihl_resultaten.csv
11234000;;2026-09-26;TECHNICAL_TIMEOUT;time-out;;;;;;MY_STIHL;https://app.stihl.com/nl-nl/mystihl/tools/add;authenticated MY STIHL UI lookup;TECHNICAL_TIMEOUT;;FALSE;FALSE;TRUE;FALSE;1;1838;stihl_resultaten.csv
11235000;;2026-09-26;TECHNICAL_TIMEOUT;time-out;;;;;;MY_STIHL;https://app.stihl.com/nl-nl/mystihl/tools/add;authenticated MY STIHL UI lookup;TECHNICAL_TIMEOUT;;FALSE;FALSE;TRUE;FALSE;1;1839;stihl_resultaten.csv
11236000;;2026-09-26;TECHNICAL_TIMEOUT;time-out;;;;;;MY_STIHL;https://app.stihl.com/nl-nl/mystihl/tools/add;authenticated MY STIHL UI lookup;TECHNICAL_TIMEOUT;;FALSE;FALSE;TRUE;FALSE;1;1840;stihl_resultaten.csv
11237000;;2026-09-26;TECHNICAL_TIMEOUT;time-out;;;;;;MY_STIHL;https://app.stihl.com/nl-nl/mystihl/tools/add;authenticated MY STIHL UI lookup;TECHNICAL_TIMEOUT;;FALSE;FALSE;TRUE;FALSE;1;1841;stihl_resultaten.csv
11238000;;2026-09-26;TECHNICAL_TIMEOUT;time-out;;;;;;MY_STIHL;https://app.stihl.com/nl-nl/mystihl/tools/add;authenticated MY STIHL UI lookup;TECHNICAL_TIMEOUT;;FALSE;FALSE;TRUE;FALSE;1;1842;stihl_resultaten.csv
11239000;;2026-09-26;TECHNICAL_TIMEOUT;time-out;;;;;;MY_STIHL;https://app.stihl.com/nl-nl/mystihl/tools/add;authenticated MY STIHL UI lookup;TECHNICAL_TIMEOUT;;FALSE;FALSE;TRUE;FALSE;1;1843;stihl_resultaten.csv
11240000;;2026-09-26;TECHNICAL_TIMEOUT;time-out;;;;;;MY_STIHL;https://app.stihl.com/nl-nl/mystihl/tools/add;authenticated MY STIHL UI lookup;TECHNICAL_TIMEOUT;;FALSE;FALSE;TRUE;FALSE;1;1844;stihl_resultaten.csv
11241000;;2026-09-26;TECHNICAL_TIMEOUT;time-out;;;;;;MY_STIHL;https://app.stihl.com/nl-nl/mystihl/tools/add;authenticated MY STIHL UI lookup;TECHNICAL_TIMEOUT;;FALSE;FALSE;TRUE;FALSE;1;1845;stihl_resultaten.csv
11242000;;2026-09-26;TECHNICAL_TIMEOUT;time-out;;;;;;MY_STIHL;https://app.stihl.com/nl-nl/mystihl/tools/add;authenticated MY STIHL UI lookup;TECHNICAL_TIMEOUT;;FALSE;FALSE;TRUE;FALSE;1;1846;stihl_resultaten.csv
11243000;;2026-09-26;TECHNICAL_TIMEOUT;time-out;;;;;;MY_STIHL;https://app.stihl.com/nl-nl/mystihl/tools/add;authenticated MY STIHL UI lookup;TECHNICAL_TIMEOUT;;FALSE;FALSE;TRUE;FALSE;1;1847;stihl_resultaten.csv
11244000;;2026-09-26;TECHNICAL_TIMEOUT;time-out;;;;;;MY_STIHL;https://app.stihl.com/nl-nl/mystihl/tools/add;authenticated MY STIHL UI lookup;TECHNICAL_TIMEOUT;;FALSE;FALSE;TRUE;FALSE;1;1848;stihl_resultaten.csv
11245000;;2026-09-26;TECHNICAL_TIMEOUT;time-out;;;;;;MY_STIHL;https://app.stihl.com/nl-nl/mystihl/tools/add;authenticated MY STIHL UI lookup;TECHNICAL_TIMEOUT;;FALSE;FALSE;TRUE;FALSE;1;1849;stihl_resultaten.csv
11246000;;2026-09-26;TECHNICAL_TIMEOUT;time-out;;;;;;MY_STIHL;https://app.stihl.com/nl-nl/mystihl/tools/add;authenticated MY STIHL UI lookup;TECHNICAL_TIMEOUT;;FALSE;FALSE;TRUE;FALSE;1;1850;stihl_resultaten.csv
11247000;;2026-09-26;TECHNICAL_TIMEOUT;time-out;;;;;;MY_STIHL;https://app.stihl.com/nl-nl/mystihl/tools/add;authenticated MY STIHL UI lookup;TECHNICAL_TIMEOUT;;FALSE;FALSE;TRUE;FALSE;1;1851;stihl_resultaten.csv
11248000;;2026-09-26;TECHNICAL_TIMEOUT;time-out;;;;;;MY_STIHL;https://app.stihl.com/nl-nl/mystihl/tools/add;authenticated MY STIHL UI lookup;TECHNICAL_TIMEOUT;;FALSE;FALSE;TRUE;FALSE;1;1852;stihl_resultaten.csv
11249000;;2026-09-26;TECHNICAL_TIMEOUT;time-out;;;;;;MY_STIHL;https://app.stihl.com/nl-nl/mystihl/tools/add;authenticated MY STIHL UI lookup;TECHNICAL_TIMEOUT;;FALSE;FALSE;TRUE;FALSE;1;1853;stihl_resultaten.csv
11250000;;2026-09-26;TECHNICAL_TIMEOUT;time-out;;;;;;MY_STIHL;https://app.stihl.com/nl-nl/mystihl/tools/add;authenticated MY STIHL UI lookup;TECHNICAL_TIMEOUT;;FALSE;FALSE;TRUE;FALSE;1;1854;stihl_resultaten.csv
11251000;;2026-09-26;TECHNICAL_TIMEOUT;time-out;;;;;;MY_STIHL;https://app.stihl.com/nl-nl/mystihl/tools/add;authenticated MY STIHL UI lookup;TECHNICAL_TIMEOUT;;FALSE;FALSE;TRUE;FALSE;1;1855;stihl_resultaten.csv
11252000;;2026-09-26;TECHNICAL_TIMEOUT;time-out;;;;;;MY_STIHL;https://app.stihl.com/nl-nl/mystihl/tools/add;authenticated MY STIHL UI lookup;TECHNICAL_TIMEOUT;;FALSE;FALSE;TRUE;FALSE;1;1856;stihl_resultaten.csv
11253000;;2026-09-26;TECHNICAL_TIMEOUT;time-out;;;;;;MY_STIHL;https://app.stihl.com/nl-nl/mystihl/tools/add;authenticated MY STIHL UI lookup;TECHNICAL_TIMEOUT;;FALSE;FALSE;TRUE;FALSE;1;1857;stihl_resultaten.csv
11254000;;2026-09-26;TECHNICAL_TIMEOUT;time-out;;;;;;MY_STIHL;https://app.stihl.com/nl-nl/mystihl/tools/add;authenticated MY STIHL UI lookup;TECHNICAL_TIMEOUT;;FALSE;FALSE;TRUE;FALSE;1;1858;stihl_resultaten.csv
11255000;;2026-09-26;TECHNICAL_TIMEOUT;time-out;;;;;;MY_STIHL;https://app.stihl.com/nl-nl/mystihl/tools/add;authenticated MY STIHL UI lookup;TECHNICAL_TIMEOUT;;FALSE;FALSE;TRUE;FALSE;1;1859;stihl_resultaten.csv
11256000;;2026-09-26;TECHNICAL_TIMEOUT;time-out;;;;;;MY_STIHL;https://app.stihl.com/nl-nl/mystihl/tools/add;authenticated MY STIHL UI lookup;TECHNICAL_TIMEOUT;;FALSE;FALSE;TRUE;FALSE;1;1860;stihl_resultaten.csv
11257000;;2026-09-26;TECHNICAL_TIMEOUT;time-out;;;;;;MY_STIHL;https://app.stihl.com/nl-nl/mystihl/tools/add;authenticated MY STIHL UI lookup;TECHNICAL_TIMEOUT;;FALSE;FALSE;TRUE;FALSE;1;1861;stihl_resultaten.csv
11258000;;2026-09-26;TECHNICAL_TIMEOUT;time-out;;;;;;MY_STIHL;https://app.stihl.com/nl-nl/mystihl/tools/add;authenticated MY STIHL UI lookup;TECHNICAL_TIMEOUT;;FALSE;FALSE;TRUE;FALSE;1;1862;stihl_resultaten.csv
11259000;;2026-09-26;TECHNICAL_TIMEOUT;time-out;;;;;;MY_STIHL;https://app.stihl.com/nl-nl/mystihl/tools/add;authenticated MY STIHL UI lookup;TECHNICAL_TIMEOUT;;FALSE;FALSE;TRUE;FALSE;1;1863;stihl_resultaten.csv
11260000;;2026-09-26;TECHNICAL_TIMEOUT;time-out;;;;;;MY_STIHL;https://app.stihl.com/nl-nl/mystihl/tools/add;authenticated MY STIHL UI lookup;TECHNICAL_TIMEOUT;;FALSE;FALSE;TRUE;FALSE;1;1864;stihl_resultaten.csv
11261000;;2026-09-26;TECHNICAL_TIMEOUT;time-out;;;;;;MY_STIHL;https://app.stihl.com/nl-nl/mystihl/tools/add;authenticated MY STIHL UI lookup;TECHNICAL_TIMEOUT;;FALSE;FALSE;TRUE;FALSE;1;1865;stihl_resultaten.csv
11262000;;2026-09-26;TECHNICAL_TIMEOUT;time-out;;;;;;MY_STIHL;https://app.stihl.com/nl-nl/mystihl/tools/add;authenticated MY STIHL UI lookup;TECHNICAL_TIMEOUT;;FALSE;FALSE;TRUE;FALSE;1;1866;stihl_resultaten.csv
11263000;;2026-09-26;TECHNICAL_TIMEOUT;time-out;;;;;;MY_STIHL;https://app.stihl.com/nl-nl/mystihl/tools/add;authenticated MY STIHL UI lookup;TECHNICAL_TIMEOUT;;FALSE;FALSE;TRUE;FALSE;1;1867;stihl_resultaten.csv
11264000;;2026-09-26;TECHNICAL_TIMEOUT;time-out;;;;;;MY_STIHL;https://app.stihl.com/nl-nl/mystihl/tools/add;authenticated MY STIHL UI lookup;TECHNICAL_TIMEOUT;;FALSE;FALSE;TRUE;FALSE;1;1868;stihl_resultaten.csv
11265000;;2026-09-26;TECHNICAL_TIMEOUT;time-out;;;;;;MY_STIHL;https://app.stihl.com/nl-nl/mystihl/tools/add;authenticated MY STIHL UI lookup;TECHNICAL_TIMEOUT;;FALSE;FALSE;TRUE;FALSE;1;1869;stihl_resultaten.csv
11266000;;2026-09-26;TECHNICAL_TIMEOUT;time-out;;;;;;MY_STIHL;https://app.stihl.com/nl-nl/mystihl/tools/add;authenticated MY STIHL UI lookup;TECHNICAL_TIMEOUT;;FALSE;FALSE;TRUE;FALSE;1;1870;stihl_resultaten.csv
11267000;;2026-09-26;TECHNICAL_TIMEOUT;time-out;;;;;;MY_STIHL;https://app.stihl.com/nl-nl/mystihl/tools/add;authenticated MY STIHL UI lookup;TECHNICAL_TIMEOUT;;FALSE;FALSE;TRUE;FALSE;1;1871;stihl_resultaten.csv
11268000;;2026-09-26;TECHNICAL_TIMEOUT;time-out;;;;;;MY_STIHL;https://app.stihl.com/nl-nl/mystihl/tools/add;authenticated MY STIHL UI lookup;TECHNICAL_TIMEOUT;;FALSE;FALSE;TRUE;FALSE;1;1872;stihl_resultaten.csv
11269000;;2026-09-26;TECHNICAL_TIMEOUT;time-out;;;;;;MY_STIHL;https://app.stihl.com/nl-nl/mystihl/tools/add;authenticated MY STIHL UI lookup;TECHNICAL_TIMEOUT;;FALSE;FALSE;TRUE;FALSE;1;1873;stihl_resultaten.csv
11270000;;2026-09-26;TECHNICAL_TIMEOUT;time-out;;;;;;MY_STIHL;https://app.stihl.com/nl-nl/mystihl/tools/add;authenticated MY STIHL UI lookup;TECHNICAL_TIMEOUT;;FALSE;FALSE;TRUE;FALSE;1;1874;stihl_resultaten.csv
11271000;;2026-09-26;TECHNICAL_TIMEOUT;time-out;;;;;;MY_STIHL;https://app.stihl.com/nl-nl/mystihl/tools/add;authenticated MY STIHL UI lookup;TECHNICAL_TIMEOUT;;FALSE;FALSE;TRUE;FALSE;1;1875;stihl_resultaten.csv
11272000;;2026-09-26;TECHNICAL_TIMEOUT;time-out;;;;;;MY_STIHL;https://app.stihl.com/nl-nl/mystihl/tools/add;authenticated MY STIHL UI lookup;TECHNICAL_TIMEOUT;;FALSE;FALSE;TRUE;FALSE;1;1876;stihl_resultaten.csv
11273000;;2026-09-26;TECHNICAL_TIMEOUT;time-out;;;;;;MY_STIHL;https://app.stihl.com/nl-nl/mystihl/tools/add;authenticated MY STIHL UI lookup;TECHNICAL_TIMEOUT;;FALSE;FALSE;TRUE;FALSE;1;1877;stihl_resultaten.csv
11274000;;2026-09-26;TECHNICAL_TIMEOUT;time-out;;;;;;MY_STIHL;https://app.stihl.com/nl-nl/mystihl/tools/add;authenticated MY STIHL UI lookup;TECHNICAL_TIMEOUT;;FALSE;FALSE;TRUE;FALSE;1;1878;stihl_resultaten.csv
11275000;;2026-09-26;TECHNICAL_TIMEOUT;time-out;;;;;;MY_STIHL;https://app.stihl.com/nl-nl/mystihl/tools/add;authenticated MY STIHL UI lookup;TECHNICAL_TIMEOUT;;FALSE;FALSE;TRUE;FALSE;1;1879;stihl_resultaten.csv
11276000;;2026-09-26;TECHNICAL_TIMEOUT;time-out;;;;;;MY_STIHL;https://app.stihl.com/nl-nl/mystihl/tools/add;authenticated MY STIHL UI lookup;TECHNICAL_TIMEOUT;;FALSE;FALSE;TRUE;FALSE;1;1880;stihl_resultaten.csv
11277000;;2026-09-26;TECHNICAL_TIMEOUT;time-out;;;;;;MY_STIHL;https://app.stihl.com/nl-nl/mystihl/tools/add;authenticated MY STIHL UI lookup;TECHNICAL_TIMEOUT;;FALSE;FALSE;TRUE;FALSE;1;1881;stihl_resultaten.csv
11278000;;2026-09-26;TECHNICAL_TIMEOUT;time-out;;;;;;MY_STIHL;https://app.stihl.com/nl-nl/mystihl/tools/add;authenticated MY STIHL UI lookup;TECHNICAL_TIMEOUT;;FALSE;FALSE;TRUE;FALSE;1;1882;stihl_resultaten.csv
11279000;;2026-09-26;TECHNICAL_TIMEOUT;time-out;;;;;;MY_STIHL;https://app.stihl.com/nl-nl/mystihl/tools/add;authenticated MY STIHL UI lookup;TECHNICAL_TIMEOUT;;FALSE;FALSE;TRUE;FALSE;1;1883;stihl_resultaten.csv
11280000;;2026-09-26;TECHNICAL_TIMEOUT;time-out;;;;;;MY_STIHL;https://app.stihl.com/nl-nl/mystihl/tools/add;authenticated MY STIHL UI lookup;TECHNICAL_TIMEOUT;;FALSE;FALSE;TRUE;FALSE;1;1884;stihl_resultaten.csv
11281000;;2026-09-26;TECHNICAL_TIMEOUT;time-out;;;;;;MY_STIHL;https://app.stihl.com/nl-nl/mystihl/tools/add;authenticated MY STIHL UI lookup;TECHNICAL_TIMEOUT;;FALSE;FALSE;TRUE;FALSE;1;1885;stihl_resultaten.csv
11282000;;2026-09-26;TECHNICAL_TIMEOUT;time-out;;;;;;MY_STIHL;https://app.stihl.com/nl-nl/mystihl/tools/add;authenticated MY STIHL UI lookup;TECHNICAL_TIMEOUT;;FALSE;FALSE;TRUE;FALSE;1;1886;stihl_resultaten.csv
11283000;;2026-09-26;TECHNICAL_TIMEOUT;time-out;;;;;;MY_STIHL;https://app.stihl.com/nl-nl/mystihl/tools/add;authenticated MY STIHL UI lookup;TECHNICAL_TIMEOUT;;FALSE;FALSE;TRUE;FALSE;1;1887;stihl_resultaten.csv
11284000;;2026-09-26;TECHNICAL_TIMEOUT;time-out;;;;;;MY_STIHL;https://app.stihl.com/nl-nl/mystihl/tools/add;authenticated MY STIHL UI lookup;TECHNICAL_TIMEOUT;;FALSE;FALSE;TRUE;FALSE;1;1888;stihl_resultaten.csv
11285000;;2026-09-26;TECHNICAL_TIMEOUT;time-out;;;;;;MY_STIHL;https://app.stihl.com/nl-nl/mystihl/tools/add;authenticated MY STIHL UI lookup;TECHNICAL_TIMEOUT;;FALSE;FALSE;TRUE;FALSE;1;1889;stihl_resultaten.csv
11286000;;2026-09-26;TECHNICAL_TIMEOUT;time-out;;;;;;MY_STIHL;https://app.stihl.com/nl-nl/mystihl/tools/add;authenticated MY STIHL UI lookup;TECHNICAL_TIMEOUT;;FALSE;FALSE;TRUE;FALSE;1;1890;stihl_resultaten.csv
11287000;011287000;2026-09-26;OFFICIAL_EXACT_FOUND;gevonden;"Motorzaag / Benzine 070 .404"" P Motorsäge";Motorzaag;Benzine;"070 .404"" P Motorsäge";070;MY_STIHL;https://app.stihl.com/nl-nl/mystihl/tools/add/serial-number;authenticated MY STIHL UI lookup;OFFICIAL_WEB_LOOKUP;OFFICIAL_STIHL_LOOKUP;TRUE;FALSE;FALSE;TRUE;1;1891;stihl_resultaten.csv
11288000;011288000;2026-09-26;OFFICIAL_EXACT_FOUND;gevonden;"Motorzaag / Benzine 070 .404"" P Motorsäge";Motorzaag;Benzine;"070 .404"" P Motorsäge";070;MY_STIHL;https://app.stihl.com/nl-nl/mystihl/tools/add/serial-number;authenticated MY STIHL UI lookup;OFFICIAL_WEB_LOOKUP;OFFICIAL_STIHL_LOOKUP;TRUE;FALSE;FALSE;TRUE;1;1892;stihl_resultaten.csv
11289000;011289000;2026-09-26;OFFICIAL_EXACT_FOUND;gevonden;"Motorzaag / Benzine 070 .404"" P Motorsäge";Motorzaag;Benzine;"070 .404"" P Motorsäge";070;MY_STIHL;https://app.stihl.com/nl-nl/mystihl/tools/add/serial-number;authenticated MY STIHL UI lookup;OFFICIAL_WEB_LOOKUP;OFFICIAL_STIHL_LOOKUP;TRUE;FALSE;FALSE;TRUE;1;1893;stihl_resultaten.csv
11290000;;2026-09-26;TECHNICAL_TIMEOUT;time-out;;;;;;MY_STIHL;https://app.stihl.com/nl-nl/mystihl/tools/add;authenticated MY STIHL UI lookup;TECHNICAL_TIMEOUT;;FALSE;FALSE;TRUE;FALSE;1;1894;stihl_resultaten.csv
11291000;;2026-09-26;TECHNICAL_TIMEOUT;time-out;;;;;;MY_STIHL;https://app.stihl.com/nl-nl/mystihl/tools/add;authenticated MY STIHL UI lookup;TECHNICAL_TIMEOUT;;FALSE;FALSE;TRUE;FALSE;1;1895;stihl_resultaten.csv
11292000;;2026-09-26;TECHNICAL_TIMEOUT;time-out;;;;;;MY_STIHL;https://app.stihl.com/nl-nl/mystihl/tools/add;authenticated MY STIHL UI lookup;TECHNICAL_TIMEOUT;;FALSE;FALSE;TRUE;FALSE;1;1896;stihl_resultaten.csv
11293000;;2026-09-26;TECHNICAL_TIMEOUT;time-out;;;;;;MY_STIHL;https://app.stihl.com/nl-nl/mystihl/tools/add;authenticated MY STIHL UI lookup;TECHNICAL_TIMEOUT;;FALSE;FALSE;TRUE;FALSE;1;1897;stihl_resultaten.csv
11294000;;2026-09-26;TECHNICAL_TIMEOUT;time-out;;;;;;MY_STIHL;https://app.stihl.com/nl-nl/mystihl/tools/add;authenticated MY STIHL UI lookup;TECHNICAL_TIMEOUT;;FALSE;FALSE;TRUE;FALSE;1;1898;stihl_resultaten.csv
11295000;;2026-09-26;TECHNICAL_TIMEOUT;time-out;;;;;;MY_STIHL;https://app.stihl.com/nl-nl/mystihl/tools/add;authenticated MY STIHL UI lookup;TECHNICAL_TIMEOUT;;FALSE;FALSE;TRUE;FALSE;1;1899;stihl_resultaten.csv
11296000;;2026-09-26;TECHNICAL_TIMEOUT;time-out;;;;;;MY_STIHL;https://app.stihl.com/nl-nl/mystihl/tools/add;authenticated MY STIHL UI lookup;TECHNICAL_TIMEOUT;;FALSE;FALSE;TRUE;FALSE;1;1900;stihl_resultaten.csv
11297000;;2026-09-26;TECHNICAL_TIMEOUT;time-out;;;;;;MY_STIHL;https://app.stihl.com/nl-nl/mystihl/tools/add;authenticated MY STIHL UI lookup;TECHNICAL_TIMEOUT;;FALSE;FALSE;TRUE;FALSE;1;1901;stihl_resultaten.csv
11298000;;2026-09-26;TECHNICAL_TIMEOUT;time-out;;;;;;MY_STIHL;https://app.stihl.com/nl-nl/mystihl/tools/add;authenticated MY STIHL UI lookup;TECHNICAL_TIMEOUT;;FALSE;FALSE;TRUE;FALSE;1;1902;stihl_resultaten.csv
11299000;;2026-09-26;TECHNICAL_TIMEOUT;time-out;;;;;;MY_STIHL;https://app.stihl.com/nl-nl/mystihl/tools/add;authenticated MY STIHL UI lookup;TECHNICAL_TIMEOUT;;FALSE;FALSE;TRUE;FALSE;1;1903;stihl_resultaten.csv
11300000;011300000;2026-09-26;OFFICIAL_EXACT_FOUND;gevonden;"Motorzaag / Benzine 051 .404"" P Motorsäge";Motorzaag;Benzine;"051 .404"" P Motorsäge";051;MY_STIHL;https://app.stihl.com/nl-nl/mystihl/tools/add/serial-number;authenticated MY STIHL UI lookup;OFFICIAL_WEB_LOOKUP;OFFICIAL_STIHL_LOOKUP;TRUE;FALSE;FALSE;TRUE;1;1904;stihl_resultaten.csv
11301000;;2026-09-26;TECHNICAL_TIMEOUT;time-out;;;;;;MY_STIHL;https://app.stihl.com/nl-nl/mystihl/tools/add;authenticated MY STIHL UI lookup;TECHNICAL_TIMEOUT;;FALSE;FALSE;TRUE;FALSE;1;1905;stihl_resultaten.csv
11302000;;2026-09-26;TECHNICAL_TIMEOUT;time-out;;;;;;MY_STIHL;https://app.stihl.com/nl-nl/mystihl/tools/add;authenticated MY STIHL UI lookup;TECHNICAL_TIMEOUT;;FALSE;FALSE;TRUE;FALSE;1;1906;stihl_resultaten.csv
11303000;;2026-09-26;TECHNICAL_TIMEOUT;time-out;;;;;;MY_STIHL;https://app.stihl.com/nl-nl/mystihl/tools/add;authenticated MY STIHL UI lookup;TECHNICAL_TIMEOUT;;FALSE;FALSE;TRUE;FALSE;1;1907;stihl_resultaten.csv
11304000;;2026-09-26;TECHNICAL_TIMEOUT;time-out;;;;;;MY_STIHL;https://app.stihl.com/nl-nl/mystihl/tools/add;authenticated MY STIHL UI lookup;TECHNICAL_TIMEOUT;;FALSE;FALSE;TRUE;FALSE;1;1908;stihl_resultaten.csv
11305000;;2026-09-26;TECHNICAL_TIMEOUT;time-out;;;;;;MY_STIHL;https://app.stihl.com/nl-nl/mystihl/tools/add;authenticated MY STIHL UI lookup;TECHNICAL_TIMEOUT;;FALSE;FALSE;TRUE;FALSE;1;1909;stihl_resultaten.csv
11306000;;2026-09-26;TECHNICAL_TIMEOUT;time-out;;;;;;MY_STIHL;https://app.stihl.com/nl-nl/mystihl/tools/add;authenticated MY STIHL UI lookup;TECHNICAL_TIMEOUT;;FALSE;FALSE;TRUE;FALSE;1;1910;stihl_resultaten.csv
11307000;;2026-09-26;TECHNICAL_TIMEOUT;time-out;;;;;;MY_STIHL;https://app.stihl.com/nl-nl/mystihl/tools/add;authenticated MY STIHL UI lookup;TECHNICAL_TIMEOUT;;FALSE;FALSE;TRUE;FALSE;1;1911;stihl_resultaten.csv
11308000;;2026-09-26;TECHNICAL_TIMEOUT;time-out;;;;;;MY_STIHL;https://app.stihl.com/nl-nl/mystihl/tools/add;authenticated MY STIHL UI lookup;TECHNICAL_TIMEOUT;;FALSE;FALSE;TRUE;FALSE;1;1912;stihl_resultaten.csv
11309000;;2026-09-26;TECHNICAL_TIMEOUT;time-out;;;;;;MY_STIHL;https://app.stihl.com/nl-nl/mystihl/tools/add;authenticated MY STIHL UI lookup;TECHNICAL_TIMEOUT;;FALSE;FALSE;TRUE;FALSE;1;1913;stihl_resultaten.csv
11310000;;2026-09-26;TECHNICAL_TIMEOUT;time-out;;;;;;MY_STIHL;https://app.stihl.com/nl-nl/mystihl/tools/add;authenticated MY STIHL UI lookup;TECHNICAL_TIMEOUT;;FALSE;FALSE;TRUE;FALSE;1;1914;stihl_resultaten.csv
11311000;;2026-09-26;TECHNICAL_TIMEOUT;time-out;;;;;;MY_STIHL;https://app.stihl.com/nl-nl/mystihl/tools/add;authenticated MY STIHL UI lookup;TECHNICAL_TIMEOUT;;FALSE;FALSE;TRUE;FALSE;1;1915;stihl_resultaten.csv
11312000;;2026-09-26;TECHNICAL_TIMEOUT;time-out;;;;;;MY_STIHL;https://app.stihl.com/nl-nl/mystihl/tools/add;authenticated MY STIHL UI lookup;TECHNICAL_TIMEOUT;;FALSE;FALSE;TRUE;FALSE;1;1916;stihl_resultaten.csv
11313000;;2026-09-26;TECHNICAL_TIMEOUT;time-out;;;;;;MY_STIHL;https://app.stihl.com/nl-nl/mystihl/tools/add;authenticated MY STIHL UI lookup;TECHNICAL_TIMEOUT;;FALSE;FALSE;TRUE;FALSE;1;1917;stihl_resultaten.csv
11314000;;2026-09-26;TECHNICAL_TIMEOUT;time-out;;;;;;MY_STIHL;https://app.stihl.com/nl-nl/mystihl/tools/add;authenticated MY STIHL UI lookup;TECHNICAL_TIMEOUT;;FALSE;FALSE;TRUE;FALSE;1;1918;stihl_resultaten.csv
11315000;;2026-09-26;TECHNICAL_TIMEOUT;time-out;;;;;;MY_STIHL;https://app.stihl.com/nl-nl/mystihl/tools/add;authenticated MY STIHL UI lookup;TECHNICAL_TIMEOUT;;FALSE;FALSE;TRUE;FALSE;1;1919;stihl_resultaten.csv
11316000;;2026-09-26;TECHNICAL_TIMEOUT;time-out;;;;;;MY_STIHL;https://app.stihl.com/nl-nl/mystihl/tools/add;authenticated MY STIHL UI lookup;TECHNICAL_TIMEOUT;;FALSE;FALSE;TRUE;FALSE;1;1920;stihl_resultaten.csv
11317000;;2026-09-26;TECHNICAL_TIMEOUT;time-out;;;;;;MY_STIHL;https://app.stihl.com/nl-nl/mystihl/tools/add;authenticated MY STIHL UI lookup;TECHNICAL_TIMEOUT;;FALSE;FALSE;TRUE;FALSE;1;1921;stihl_resultaten.csv
11318000;;2026-09-26;TECHNICAL_TIMEOUT;time-out;;;;;;MY_STIHL;https://app.stihl.com/nl-nl/mystihl/tools/add;authenticated MY STIHL UI lookup;TECHNICAL_TIMEOUT;;FALSE;FALSE;TRUE;FALSE;1;1922;stihl_resultaten.csv
11319000;;2026-09-26;TECHNICAL_TIMEOUT;time-out;;;;;;MY_STIHL;https://app.stihl.com/nl-nl/mystihl/tools/add;authenticated MY STIHL UI lookup;TECHNICAL_TIMEOUT;;FALSE;FALSE;TRUE;FALSE;1;1923;stihl_resultaten.csv
11320000;;2026-09-26;TECHNICAL_TIMEOUT;time-out;;;;;;MY_STIHL;https://app.stihl.com/nl-nl/mystihl/tools/add;authenticated MY STIHL UI lookup;TECHNICAL_TIMEOUT;;FALSE;FALSE;TRUE;FALSE;1;1924;stihl_resultaten.csv
11321000;;2026-09-26;TECHNICAL_TIMEOUT;time-out;;;;;;MY_STIHL;https://app.stihl.com/nl-nl/mystihl/tools/add;authenticated MY STIHL UI lookup;TECHNICAL_TIMEOUT;;FALSE;FALSE;TRUE;FALSE;1;1925;stihl_resultaten.csv
11322000;;2026-09-26;TECHNICAL_TIMEOUT;time-out;;;;;;MY_STIHL;https://app.stihl.com/nl-nl/mystihl/tools/add;authenticated MY STIHL UI lookup;TECHNICAL_TIMEOUT;;FALSE;FALSE;TRUE;FALSE;1;1926;stihl_resultaten.csv
11323000;;2026-09-26;TECHNICAL_TIMEOUT;time-out;;;;;;MY_STIHL;https://app.stihl.com/nl-nl/mystihl/tools/add;authenticated MY STIHL UI lookup;TECHNICAL_TIMEOUT;;FALSE;FALSE;TRUE;FALSE;1;1927;stihl_resultaten.csv
11324000;;2026-09-26;TECHNICAL_TIMEOUT;time-out;;;;;;MY_STIHL;https://app.stihl.com/nl-nl/mystihl/tools/add;authenticated MY STIHL UI lookup;TECHNICAL_TIMEOUT;;FALSE;FALSE;TRUE;FALSE;1;1928;stihl_resultaten.csv
11325000;;2026-09-26;TECHNICAL_TIMEOUT;time-out;;;;;;MY_STIHL;https://app.stihl.com/nl-nl/mystihl/tools/add;authenticated MY STIHL UI lookup;TECHNICAL_TIMEOUT;;FALSE;FALSE;TRUE;FALSE;1;1929;stihl_resultaten.csv
11326000;;2026-09-26;TECHNICAL_TIMEOUT;time-out;;;;;;MY_STIHL;https://app.stihl.com/nl-nl/mystihl/tools/add;authenticated MY STIHL UI lookup;TECHNICAL_TIMEOUT;;FALSE;FALSE;TRUE;FALSE;1;1930;stihl_resultaten.csv
11327000;;2026-09-26;TECHNICAL_TIMEOUT;time-out;;;;;;MY_STIHL;https://app.stihl.com/nl-nl/mystihl/tools/add;authenticated MY STIHL UI lookup;TECHNICAL_TIMEOUT;;FALSE;FALSE;TRUE;FALSE;1;1931;stihl_resultaten.csv
11328000;;2026-09-26;TECHNICAL_TIMEOUT;time-out;;;;;;MY_STIHL;https://app.stihl.com/nl-nl/mystihl/tools/add;authenticated MY STIHL UI lookup;TECHNICAL_TIMEOUT;;FALSE;FALSE;TRUE;FALSE;1;1932;stihl_resultaten.csv
11329000;;2026-09-26;TECHNICAL_TIMEOUT;time-out;;;;;;MY_STIHL;https://app.stihl.com/nl-nl/mystihl/tools/add;authenticated MY STIHL UI lookup;TECHNICAL_TIMEOUT;;FALSE;FALSE;TRUE;FALSE;1;1933;stihl_resultaten.csv
11330000;;2026-09-26;TECHNICAL_TIMEOUT;time-out;;;;;;MY_STIHL;https://app.stihl.com/nl-nl/mystihl/tools/add;authenticated MY STIHL UI lookup;TECHNICAL_TIMEOUT;;FALSE;FALSE;TRUE;FALSE;1;1934;stihl_resultaten.csv
11331000;;2026-09-26;TECHNICAL_TIMEOUT;time-out;;;;;;MY_STIHL;https://app.stihl.com/nl-nl/mystihl/tools/add;authenticated MY STIHL UI lookup;TECHNICAL_TIMEOUT;;FALSE;FALSE;TRUE;FALSE;1;1935;stihl_resultaten.csv
11332000;;2026-09-26;TECHNICAL_TIMEOUT;time-out;;;;;;MY_STIHL;https://app.stihl.com/nl-nl/mystihl/tools/add;authenticated MY STIHL UI lookup;TECHNICAL_TIMEOUT;;FALSE;FALSE;TRUE;FALSE;1;1936;stihl_resultaten.csv
11333000;;2026-09-26;TECHNICAL_TIMEOUT;time-out;;;;;;MY_STIHL;https://app.stihl.com/nl-nl/mystihl/tools/add;authenticated MY STIHL UI lookup;TECHNICAL_TIMEOUT;;FALSE;FALSE;TRUE;FALSE;1;1937;stihl_resultaten.csv
11334000;;2026-09-26;TECHNICAL_TIMEOUT;time-out;;;;;;MY_STIHL;https://app.stihl.com/nl-nl/mystihl/tools/add;authenticated MY STIHL UI lookup;TECHNICAL_TIMEOUT;;FALSE;FALSE;TRUE;FALSE;1;1938;stihl_resultaten.csv
11335000;;2026-09-26;TECHNICAL_TIMEOUT;time-out;;;;;;MY_STIHL;https://app.stihl.com/nl-nl/mystihl/tools/add;authenticated MY STIHL UI lookup;TECHNICAL_TIMEOUT;;FALSE;FALSE;TRUE;FALSE;1;1939;stihl_resultaten.csv
11336000;;2026-09-26;TECHNICAL_TIMEOUT;time-out;;;;;;MY_STIHL;https://app.stihl.com/nl-nl/mystihl/tools/add;authenticated MY STIHL UI lookup;TECHNICAL_TIMEOUT;;FALSE;FALSE;TRUE;FALSE;1;1940;stihl_resultaten.csv
11337000;;2026-09-26;TECHNICAL_TIMEOUT;time-out;;;;;;MY_STIHL;https://app.stihl.com/nl-nl/mystihl/tools/add;authenticated MY STIHL UI lookup;TECHNICAL_TIMEOUT;;FALSE;FALSE;TRUE;FALSE;1;1941;stihl_resultaten.csv
11338000;;2026-09-26;TECHNICAL_TIMEOUT;time-out;;;;;;MY_STIHL;https://app.stihl.com/nl-nl/mystihl/tools/add;authenticated MY STIHL UI lookup;TECHNICAL_TIMEOUT;;FALSE;FALSE;TRUE;FALSE;1;1942;stihl_resultaten.csv
11339000;;2026-09-26;TECHNICAL_TIMEOUT;time-out;;;;;;MY_STIHL;https://app.stihl.com/nl-nl/mystihl/tools/add;authenticated MY STIHL UI lookup;TECHNICAL_TIMEOUT;;FALSE;FALSE;TRUE;FALSE;1;1943;stihl_resultaten.csv
11340000;;2026-09-26;TECHNICAL_TIMEOUT;time-out;;;;;;MY_STIHL;https://app.stihl.com/nl-nl/mystihl/tools/add;authenticated MY STIHL UI lookup;TECHNICAL_TIMEOUT;;FALSE;FALSE;TRUE;FALSE;1;1944;stihl_resultaten.csv
11341000;;2026-09-26;TECHNICAL_TIMEOUT;time-out;;;;;;MY_STIHL;https://app.stihl.com/nl-nl/mystihl/tools/add;authenticated MY STIHL UI lookup;TECHNICAL_TIMEOUT;;FALSE;FALSE;TRUE;FALSE;1;1945;stihl_resultaten.csv
11342000;;2026-09-26;TECHNICAL_TIMEOUT;time-out;;;;;;MY_STIHL;https://app.stihl.com/nl-nl/mystihl/tools/add;authenticated MY STIHL UI lookup;TECHNICAL_TIMEOUT;;FALSE;FALSE;TRUE;FALSE;1;1946;stihl_resultaten.csv
11343000;;2026-09-26;TECHNICAL_TIMEOUT;time-out;;;;;;MY_STIHL;https://app.stihl.com/nl-nl/mystihl/tools/add;authenticated MY STIHL UI lookup;TECHNICAL_TIMEOUT;;FALSE;FALSE;TRUE;FALSE;1;1947;stihl_resultaten.csv
11344000;;2026-09-26;TECHNICAL_TIMEOUT;time-out;;;;;;MY_STIHL;https://app.stihl.com/nl-nl/mystihl/tools/add;authenticated MY STIHL UI lookup;TECHNICAL_TIMEOUT;;FALSE;FALSE;TRUE;FALSE;1;1948;stihl_resultaten.csv
11345000;;2026-09-26;TECHNICAL_TIMEOUT;time-out;;;;;;MY_STIHL;https://app.stihl.com/nl-nl/mystihl/tools/add;authenticated MY STIHL UI lookup;TECHNICAL_TIMEOUT;;FALSE;FALSE;TRUE;FALSE;1;1949;stihl_resultaten.csv
11346000;;2026-09-26;TECHNICAL_TIMEOUT;time-out;;;;;;MY_STIHL;https://app.stihl.com/nl-nl/mystihl/tools/add;authenticated MY STIHL UI lookup;TECHNICAL_TIMEOUT;;FALSE;FALSE;TRUE;FALSE;1;1950;stihl_resultaten.csv
11347000;;2026-09-26;TECHNICAL_TIMEOUT;time-out;;;;;;MY_STIHL;https://app.stihl.com/nl-nl/mystihl/tools/add;authenticated MY STIHL UI lookup;TECHNICAL_TIMEOUT;;FALSE;FALSE;TRUE;FALSE;1;1951;stihl_resultaten.csv
11348000;;2026-09-26;TECHNICAL_TIMEOUT;time-out;;;;;;MY_STIHL;https://app.stihl.com/nl-nl/mystihl/tools/add;authenticated MY STIHL UI lookup;TECHNICAL_TIMEOUT;;FALSE;FALSE;TRUE;FALSE;1;1952;stihl_resultaten.csv
11349000;;2026-09-26;TECHNICAL_TIMEOUT;time-out;;;;;;MY_STIHL;https://app.stihl.com/nl-nl/mystihl/tools/add;authenticated MY STIHL UI lookup;TECHNICAL_TIMEOUT;;FALSE;FALSE;TRUE;FALSE;1;1953;stihl_resultaten.csv
11350000;;2026-09-26;TECHNICAL_TIMEOUT;time-out;;;;;;MY_STIHL;https://app.stihl.com/nl-nl/mystihl/tools/add;authenticated MY STIHL UI lookup;TECHNICAL_TIMEOUT;;FALSE;FALSE;TRUE;FALSE;1;1954;stihl_resultaten.csv
11351000;;2026-09-26;TECHNICAL_TIMEOUT;time-out;;;;;;MY_STIHL;https://app.stihl.com/nl-nl/mystihl/tools/add;authenticated MY STIHL UI lookup;TECHNICAL_TIMEOUT;;FALSE;FALSE;TRUE;FALSE;1;1955;stihl_resultaten.csv
11352000;;2026-09-26;TECHNICAL_TIMEOUT;time-out;;;;;;MY_STIHL;https://app.stihl.com/nl-nl/mystihl/tools/add;authenticated MY STIHL UI lookup;TECHNICAL_TIMEOUT;;FALSE;FALSE;TRUE;FALSE;1;1956;stihl_resultaten.csv
11353000;;2026-09-26;TECHNICAL_TIMEOUT;time-out;;;;;;MY_STIHL;https://app.stihl.com/nl-nl/mystihl/tools/add;authenticated MY STIHL UI lookup;TECHNICAL_TIMEOUT;;FALSE;FALSE;TRUE;FALSE;1;1957;stihl_resultaten.csv
11354000;;2026-09-26;TECHNICAL_TIMEOUT;time-out;;;;;;MY_STIHL;https://app.stihl.com/nl-nl/mystihl/tools/add;authenticated MY STIHL UI lookup;TECHNICAL_TIMEOUT;;FALSE;FALSE;TRUE;FALSE;1;1958;stihl_resultaten.csv
11355000;;2026-09-26;TECHNICAL_TIMEOUT;time-out;;;;;;MY_STIHL;https://app.stihl.com/nl-nl/mystihl/tools/add;authenticated MY STIHL UI lookup;TECHNICAL_TIMEOUT;;FALSE;FALSE;TRUE;FALSE;1;1959;stihl_resultaten.csv
11356000;011356000;2026-09-26;OFFICIAL_EXACT_FOUND;gevonden;Gereedschappen HOS Schärfgerät;;;Gereedschappen HOS Schärfgerät;;MY_STIHL;https://app.stihl.com/nl-nl/mystihl/tools/add/serial-number;authenticated MY STIHL UI lookup;OFFICIAL_WEB_LOOKUP;OFFICIAL_STIHL_LOOKUP;TRUE;FALSE;FALSE;TRUE;1;1960;stihl_resultaten.csv
11357000;;2026-09-26;TECHNICAL_TIMEOUT;time-out;;;;;;MY_STIHL;https://app.stihl.com/nl-nl/mystihl/tools/add;authenticated MY STIHL UI lookup;TECHNICAL_TIMEOUT;;FALSE;FALSE;TRUE;FALSE;1;1961;stihl_resultaten.csv
11358000;011358000;2026-09-26;OFFICIAL_EXACT_FOUND;gevonden;"Motorzaag / Benzine 08 S .404""7Z-P- STIHL Motorsäge";Motorzaag;Benzine;"08 S .404""7Z-P- STIHL Motorsäge";08 S;MY_STIHL;https://app.stihl.com/nl-nl/mystihl/tools/add/serial-number;authenticated MY STIHL UI lookup;OFFICIAL_WEB_LOOKUP;OFFICIAL_STIHL_LOOKUP;TRUE;FALSE;FALSE;TRUE;1;1962;stihl_resultaten.csv
11359000;011359000;2026-09-26;OFFICIAL_EXACT_FOUND;gevonden;"Motorzaag / Benzine 08 S .404""7Z-P- STIHL Motorsäge";Motorzaag;Benzine;"08 S .404""7Z-P- STIHL Motorsäge";08 S;MY_STIHL;https://app.stihl.com/nl-nl/mystihl/tools/add/serial-number;authenticated MY STIHL UI lookup;OFFICIAL_WEB_LOOKUP;OFFICIAL_STIHL_LOOKUP;TRUE;FALSE;FALSE;TRUE;1;1963;stihl_resultaten.csv
11360000;011360000;2026-09-26;OFFICIAL_EXACT_FOUND;gevonden;"Motorzaag / Benzine 08 S .404""7Z-P- STIHL Motorsäge";Motorzaag;Benzine;"08 S .404""7Z-P- STIHL Motorsäge";08 S;MY_STIHL;https://app.stihl.com/nl-nl/mystihl/tools/add/serial-number;authenticated MY STIHL UI lookup;OFFICIAL_WEB_LOOKUP;OFFICIAL_STIHL_LOOKUP;TRUE;FALSE;FALSE;TRUE;1;1964;stihl_resultaten.csv
11361000;011361000;2026-09-26;OFFICIAL_EXACT_FOUND;gevonden;"Motorzaag / Benzine 08 S .404""7Z-P- STIHL Motorsäge";Motorzaag;Benzine;"08 S .404""7Z-P- STIHL Motorsäge";08 S;MY_STIHL;https://app.stihl.com/nl-nl/mystihl/tools/add/serial-number;authenticated MY STIHL UI lookup;OFFICIAL_WEB_LOOKUP;OFFICIAL_STIHL_LOOKUP;TRUE;FALSE;FALSE;TRUE;1;1965;stihl_resultaten.csv
11362000;011362000;2026-09-26;OFFICIAL_EXACT_FOUND;gevonden;"Motorzaag / Benzine 08 S .404""7Z-P- STIHL Motorsäge";Motorzaag;Benzine;"08 S .404""7Z-P- STIHL Motorsäge";08 S;MY_STIHL;https://app.stihl.com/nl-nl/mystihl/tools/add/serial-number;authenticated MY STIHL UI lookup;OFFICIAL_WEB_LOOKUP;OFFICIAL_STIHL_LOOKUP;TRUE;FALSE;FALSE;TRUE;1;1966;stihl_resultaten.csv
11363000;011363000;2026-09-26;OFFICIAL_EXACT_FOUND;gevonden;"Motorzaag / Benzine 08 S .404""7Z-P- STIHL Motorsäge";Motorzaag;Benzine;"08 S .404""7Z-P- STIHL Motorsäge";08 S;MY_STIHL;https://app.stihl.com/nl-nl/mystihl/tools/add/serial-number;authenticated MY STIHL UI lookup;OFFICIAL_WEB_LOOKUP;OFFICIAL_STIHL_LOOKUP;TRUE;FALSE;FALSE;TRUE;1;1967;stihl_resultaten.csv
11364000;011364000;2026-09-26;OFFICIAL_EXACT_FOUND;gevonden;"Motorzaag / Benzine 08 S .404""7Z-P- STIHL Motorsäge";Motorzaag;Benzine;"08 S .404""7Z-P- STIHL Motorsäge";08 S;MY_STIHL;https://app.stihl.com/nl-nl/mystihl/tools/add/serial-number;authenticated MY STIHL UI lookup;OFFICIAL_WEB_LOOKUP;OFFICIAL_STIHL_LOOKUP;TRUE;FALSE;FALSE;TRUE;1;1968;stihl_resultaten.csv
11365000;011365000;2026-09-26;OFFICIAL_EXACT_FOUND;gevonden;"Motorzaag / Benzine 08 S .404""7Z-P- STIHL Motorsäge";Motorzaag;Benzine;"08 S .404""7Z-P- STIHL Motorsäge";08 S;MY_STIHL;https://app.stihl.com/nl-nl/mystihl/tools/add/serial-number;authenticated MY STIHL UI lookup;OFFICIAL_WEB_LOOKUP;OFFICIAL_STIHL_LOOKUP;TRUE;FALSE;FALSE;TRUE;1;1969;stihl_resultaten.csv
11366000;011366000;2026-09-26;OFFICIAL_EXACT_FOUND;gevonden;"Motorzaag / Benzine 08 S .404""7Z-P- STIHL Motorsäge";Motorzaag;Benzine;"08 S .404""7Z-P- STIHL Motorsäge";08 S;MY_STIHL;https://app.stihl.com/nl-nl/mystihl/tools/add/serial-number;authenticated MY STIHL UI lookup;OFFICIAL_WEB_LOOKUP;OFFICIAL_STIHL_LOOKUP;TRUE;FALSE;FALSE;TRUE;1;1970;stihl_resultaten.csv
11367000;011367000;2026-09-26;OFFICIAL_EXACT_FOUND;gevonden;Motorzaag / Benzine 08 SQ STIHL Motorsäge;Motorzaag;Benzine;08 SQ STIHL Motorsäge;08 SQ;MY_STIHL;https://app.stihl.com/nl-nl/mystihl/tools/add/serial-number;authenticated MY STIHL UI lookup;OFFICIAL_WEB_LOOKUP;OFFICIAL_STIHL_LOOKUP;TRUE;FALSE;FALSE;TRUE;1;1971;stihl_resultaten.csv
11368000;011368000;2026-09-26;OFFICIAL_EXACT_FOUND;gevonden;Motorzaag / Benzine 08 SQ STIHL Motorsäge;Motorzaag;Benzine;08 SQ STIHL Motorsäge;08 SQ;MY_STIHL;https://app.stihl.com/nl-nl/mystihl/tools/add/serial-number;authenticated MY STIHL UI lookup;OFFICIAL_WEB_LOOKUP;OFFICIAL_STIHL_LOOKUP;TRUE;FALSE;FALSE;TRUE;1;1972;stihl_resultaten.csv
11369000;011369000;2026-09-26;OFFICIAL_EXACT_FOUND;gevonden;"Motorzaag / Benzine 08 S .404""7Z-P- STIHL Motorsäge";Motorzaag;Benzine;"08 S .404""7Z-P- STIHL Motorsäge";08 S;MY_STIHL;https://app.stihl.com/nl-nl/mystihl/tools/add/serial-number;authenticated MY STIHL UI lookup;OFFICIAL_WEB_LOOKUP;OFFICIAL_STIHL_LOOKUP;TRUE;FALSE;FALSE;TRUE;1;1973;stihl_resultaten.csv
11370000;011370000;2026-09-26;OFFICIAL_EXACT_FOUND;gevonden;"Motorzaag / Benzine 08 S .404""7Z-P- STIHL Motorsäge";Motorzaag;Benzine;"08 S .404""7Z-P- STIHL Motorsäge";08 S;MY_STIHL;https://app.stihl.com/nl-nl/mystihl/tools/add/serial-number;authenticated MY STIHL UI lookup;OFFICIAL_WEB_LOOKUP;OFFICIAL_STIHL_LOOKUP;TRUE;FALSE;FALSE;TRUE;1;1974;stihl_resultaten.csv
11371000;011371000;2026-09-26;OFFICIAL_EXACT_FOUND;gevonden;"Motorzaag / Benzine 08 S .404""7Z-P- STIHL Motorsäge";Motorzaag;Benzine;"08 S .404""7Z-P- STIHL Motorsäge";08 S;MY_STIHL;https://app.stihl.com/nl-nl/mystihl/tools/add/serial-number;authenticated MY STIHL UI lookup;OFFICIAL_WEB_LOOKUP;OFFICIAL_STIHL_LOOKUP;TRUE;FALSE;FALSE;TRUE;1;1975;stihl_resultaten.csv
11372000;011372000;2026-09-26;OFFICIAL_EXACT_FOUND;gevonden;"Motorzaag / Benzine 08 S .404""7Z-P- STIHL Motorsäge";Motorzaag;Benzine;"08 S .404""7Z-P- STIHL Motorsäge";08 S;MY_STIHL;https://app.stihl.com/nl-nl/mystihl/tools/add/serial-number;authenticated MY STIHL UI lookup;OFFICIAL_WEB_LOOKUP;OFFICIAL_STIHL_LOOKUP;TRUE;FALSE;FALSE;TRUE;1;1976;stihl_resultaten.csv
11373000;011373000;2026-09-26;OFFICIAL_EXACT_FOUND;gevonden;"Motorzaag / Benzine 08 S .404""7Z-P- STIHL Motorsäge";Motorzaag;Benzine;"08 S .404""7Z-P- STIHL Motorsäge";08 S;MY_STIHL;https://app.stihl.com/nl-nl/mystihl/tools/add/serial-number;authenticated MY STIHL UI lookup;OFFICIAL_WEB_LOOKUP;OFFICIAL_STIHL_LOOKUP;TRUE;FALSE;FALSE;TRUE;1;1977;stihl_resultaten.csv
11374000;011374000;2026-09-26;OFFICIAL_EXACT_FOUND;gevonden;"Motorzaag / Benzine 08 S .404""7Z-P- STIHL Motorsäge";Motorzaag;Benzine;"08 S .404""7Z-P- STIHL Motorsäge";08 S;MY_STIHL;https://app.stihl.com/nl-nl/mystihl/tools/add/serial-number;authenticated MY STIHL UI lookup;OFFICIAL_WEB_LOOKUP;OFFICIAL_STIHL_LOOKUP;TRUE;FALSE;FALSE;TRUE;1;1978;stihl_resultaten.csv
11375000;011375000;2026-09-26;OFFICIAL_EXACT_FOUND;gevonden;"Motorzaag / Benzine 08 S .404""7Z-P- STIHL Motorsäge";Motorzaag;Benzine;"08 S .404""7Z-P- STIHL Motorsäge";08 S;MY_STIHL;https://app.stihl.com/nl-nl/mystihl/tools/add/serial-number;authenticated MY STIHL UI lookup;OFFICIAL_WEB_LOOKUP;OFFICIAL_STIHL_LOOKUP;TRUE;FALSE;FALSE;TRUE;1;1979;stihl_resultaten.csv
11376000;011376000;2026-09-26;OFFICIAL_EXACT_FOUND;gevonden;"Motorzaag / Benzine 08 S .404""7Z-P- STIHL Motorsäge";Motorzaag;Benzine;"08 S .404""7Z-P- STIHL Motorsäge";08 S;MY_STIHL;https://app.stihl.com/nl-nl/mystihl/tools/add/serial-number;authenticated MY STIHL UI lookup;OFFICIAL_WEB_LOOKUP;OFFICIAL_STIHL_LOOKUP;TRUE;FALSE;FALSE;TRUE;1;1980;stihl_resultaten.csv
11377000;011377000;2026-09-26;OFFICIAL_EXACT_FOUND;gevonden;Motorzaag / Benzine 08 SQ STIHL Motorsäge;Motorzaag;Benzine;08 SQ STIHL Motorsäge;08 SQ;MY_STIHL;https://app.stihl.com/nl-nl/mystihl/tools/add/serial-number;authenticated MY STIHL UI lookup;OFFICIAL_WEB_LOOKUP;OFFICIAL_STIHL_LOOKUP;TRUE;FALSE;FALSE;TRUE;1;1981;stihl_resultaten.csv
11378000;;2026-09-26;TECHNICAL_TIMEOUT;time-out;;;;;;MY_STIHL;https://app.stihl.com/nl-nl/mystihl/tools/add;authenticated MY STIHL UI lookup;TECHNICAL_TIMEOUT;;FALSE;FALSE;TRUE;FALSE;1;1982;stihl_resultaten.csv
11379000;011379000;2026-09-26;OFFICIAL_EXACT_FOUND;gevonden;"Motorzaag / Benzine 070 .404"" P Motorsäge";Motorzaag;Benzine;"070 .404"" P Motorsäge";070;MY_STIHL;https://app.stihl.com/nl-nl/mystihl/tools/add/serial-number;authenticated MY STIHL UI lookup;OFFICIAL_WEB_LOOKUP;OFFICIAL_STIHL_LOOKUP;TRUE;FALSE;FALSE;TRUE;1;1983;stihl_resultaten.csv
11380000;011380000;2026-09-26;OFFICIAL_EXACT_FOUND;gevonden;"Motorzaag / Benzine 070 .404"" P Motorsäge";Motorzaag;Benzine;"070 .404"" P Motorsäge";070;MY_STIHL;https://app.stihl.com/nl-nl/mystihl/tools/add/serial-number;authenticated MY STIHL UI lookup;OFFICIAL_WEB_LOOKUP;OFFICIAL_STIHL_LOOKUP;TRUE;FALSE;FALSE;TRUE;1;1984;stihl_resultaten.csv
11381000;011381000;2026-09-26;OFFICIAL_EXACT_FOUND;gevonden;"Motorzaag / Benzine 070 .404"" P Motorsäge";Motorzaag;Benzine;"070 .404"" P Motorsäge";070;MY_STIHL;https://app.stihl.com/nl-nl/mystihl/tools/add/serial-number;authenticated MY STIHL UI lookup;OFFICIAL_WEB_LOOKUP;OFFICIAL_STIHL_LOOKUP;TRUE;FALSE;FALSE;TRUE;1;1985;stihl_resultaten.csv
11382000;011382000;2026-09-26;OFFICIAL_EXACT_FOUND;gevonden;"Motorzaag / Benzine 070 .404"" P Motorsäge";Motorzaag;Benzine;"070 .404"" P Motorsäge";070;MY_STIHL;https://app.stihl.com/nl-nl/mystihl/tools/add/serial-number;authenticated MY STIHL UI lookup;OFFICIAL_WEB_LOOKUP;OFFICIAL_STIHL_LOOKUP;TRUE;FALSE;FALSE;TRUE;1;1986;stihl_resultaten.csv
11383000;011383000;2026-09-26;OFFICIAL_EXACT_FOUND;gevonden;"Motorzaag / Benzine 070 .404"" P Motorsäge";Motorzaag;Benzine;"070 .404"" P Motorsäge";070;MY_STIHL;https://app.stihl.com/nl-nl/mystihl/tools/add/serial-number;authenticated MY STIHL UI lookup;OFFICIAL_WEB_LOOKUP;OFFICIAL_STIHL_LOOKUP;TRUE;FALSE;FALSE;TRUE;1;1987;stihl_resultaten.csv
11384000;011384000;2026-09-26;OFFICIAL_EXACT_FOUND;gevonden;Algemeen gemotoriseerd MEAN TS350 S Ersatzmotor;;;Algemeen gemotoriseerd MEAN TS350 S Ersatzmotor;;MY_STIHL;https://app.stihl.com/nl-nl/mystihl/tools/add/serial-number;authenticated MY STIHL UI lookup;OFFICIAL_WEB_LOOKUP;OFFICIAL_STIHL_LOOKUP;TRUE;FALSE;FALSE;TRUE;1;1988;stihl_resultaten.csv
11385000;;2026-09-26;TECHNICAL_TIMEOUT;time-out;;;;;;MY_STIHL;https://app.stihl.com/nl-nl/mystihl/tools/add;authenticated MY STIHL UI lookup;TECHNICAL_TIMEOUT;;FALSE;FALSE;TRUE;FALSE;1;1989;stihl_resultaten.csv
11386000;;2026-09-26;TECHNICAL_TIMEOUT;time-out;;;;;;MY_STIHL;https://app.stihl.com/nl-nl/mystihl/tools/add;authenticated MY STIHL UI lookup;TECHNICAL_TIMEOUT;;FALSE;FALSE;TRUE;FALSE;1;1990;stihl_resultaten.csv
11387000;;2026-09-26;TECHNICAL_TIMEOUT;time-out;;;;;;MY_STIHL;https://app.stihl.com/nl-nl/mystihl/tools/add;authenticated MY STIHL UI lookup;TECHNICAL_TIMEOUT;;FALSE;FALSE;TRUE;FALSE;1;1991;stihl_resultaten.csv
11388000;;2026-09-26;TECHNICAL_TIMEOUT;time-out;;;;;;MY_STIHL;https://app.stihl.com/nl-nl/mystihl/tools/add;authenticated MY STIHL UI lookup;TECHNICAL_TIMEOUT;;FALSE;FALSE;TRUE;FALSE;1;1992;stihl_resultaten.csv
11389000;;2026-09-26;TECHNICAL_TIMEOUT;time-out;;;;;;MY_STIHL;https://app.stihl.com/nl-nl/mystihl/tools/add;authenticated MY STIHL UI lookup;TECHNICAL_TIMEOUT;;FALSE;FALSE;TRUE;FALSE;1;1993;stihl_resultaten.csv
11390000;;2026-09-26;TECHNICAL_TIMEOUT;time-out;;;;;;MY_STIHL;https://app.stihl.com/nl-nl/mystihl/tools/add;authenticated MY STIHL UI lookup;TECHNICAL_TIMEOUT;;FALSE;FALSE;TRUE;FALSE;1;1994;stihl_resultaten.csv
11391000;;2026-09-26;TECHNICAL_TIMEOUT;time-out;;;;;;MY_STIHL;https://app.stihl.com/nl-nl/mystihl/tools/add;authenticated MY STIHL UI lookup;TECHNICAL_TIMEOUT;;FALSE;FALSE;TRUE;FALSE;1;1995;stihl_resultaten.csv
11392000;;2026-09-26;TECHNICAL_TIMEOUT;time-out;;;;;;MY_STIHL;https://app.stihl.com/nl-nl/mystihl/tools/add;authenticated MY STIHL UI lookup;TECHNICAL_TIMEOUT;;FALSE;FALSE;TRUE;FALSE;1;1996;stihl_resultaten.csv
11393000;;2026-09-26;TECHNICAL_TIMEOUT;time-out;;;;;;MY_STIHL;https://app.stihl.com/nl-nl/mystihl/tools/add;authenticated MY STIHL UI lookup;TECHNICAL_TIMEOUT;;FALSE;FALSE;TRUE;FALSE;1;1997;stihl_resultaten.csv
11394000;;2026-09-26;TECHNICAL_TIMEOUT;time-out;;;;;;MY_STIHL;https://app.stihl.com/nl-nl/mystihl/tools/add;authenticated MY STIHL UI lookup;TECHNICAL_TIMEOUT;;FALSE;FALSE;TRUE;FALSE;1;1998;stihl_resultaten.csv
11395000;;2026-09-26;TECHNICAL_TIMEOUT;time-out;;;;;;MY_STIHL;https://app.stihl.com/nl-nl/mystihl/tools/add;authenticated MY STIHL UI lookup;TECHNICAL_TIMEOUT;;FALSE;FALSE;TRUE;FALSE;1;1999;stihl_resultaten.csv
11396000;;2026-09-26;TECHNICAL_TIMEOUT;time-out;;;;;;MY_STIHL;https://app.stihl.com/nl-nl/mystihl/tools/add;authenticated MY STIHL UI lookup;TECHNICAL_TIMEOUT;;FALSE;FALSE;TRUE;FALSE;1;2000;stihl_resultaten.csv
11397000;;2026-09-26;TECHNICAL_TIMEOUT;time-out;;;;;;MY_STIHL;https://app.stihl.com/nl-nl/mystihl/tools/add;authenticated MY STIHL UI lookup;TECHNICAL_TIMEOUT;;FALSE;FALSE;TRUE;FALSE;1;2001;stihl_resultaten.csv
11398000;;2026-09-26;TECHNICAL_TIMEOUT;time-out;;;;;;MY_STIHL;https://app.stihl.com/nl-nl/mystihl/tools/add;authenticated MY STIHL UI lookup;TECHNICAL_TIMEOUT;;FALSE;FALSE;TRUE;FALSE;1;2002;stihl_resultaten.csv
11399000;;2026-09-26;TECHNICAL_TIMEOUT;time-out;;;;;;MY_STIHL;https://app.stihl.com/nl-nl/mystihl/tools/add;authenticated MY STIHL UI lookup;TECHNICAL_TIMEOUT;;FALSE;FALSE;TRUE;FALSE;1;2003;stihl_resultaten.csv
11400000;;2026-09-26;TECHNICAL_TIMEOUT;time-out;;;;;;MY_STIHL;https://app.stihl.com/nl-nl/mystihl/tools/add;authenticated MY STIHL UI lookup;TECHNICAL_TIMEOUT;;FALSE;FALSE;TRUE;FALSE;1;2004;stihl_resultaten.csv
11401000;;2026-09-26;TECHNICAL_TIMEOUT;time-out;;;;;;MY_STIHL;https://app.stihl.com/nl-nl/mystihl/tools/add;authenticated MY STIHL UI lookup;TECHNICAL_TIMEOUT;;FALSE;FALSE;TRUE;FALSE;1;2005;stihl_resultaten.csv
11402000;;2026-09-26;TECHNICAL_TIMEOUT;time-out;;;;;;MY_STIHL;https://app.stihl.com/nl-nl/mystihl/tools/add;authenticated MY STIHL UI lookup;TECHNICAL_TIMEOUT;;FALSE;FALSE;TRUE;FALSE;1;2006;stihl_resultaten.csv
11403000;;2026-09-26;TECHNICAL_TIMEOUT;time-out;;;;;;MY_STIHL;https://app.stihl.com/nl-nl/mystihl/tools/add;authenticated MY STIHL UI lookup;TECHNICAL_TIMEOUT;;FALSE;FALSE;TRUE;FALSE;1;2007;stihl_resultaten.csv
11404000;;2026-09-26;TECHNICAL_TIMEOUT;time-out;;;;;;MY_STIHL;https://app.stihl.com/nl-nl/mystihl/tools/add;authenticated MY STIHL UI lookup;TECHNICAL_TIMEOUT;;FALSE;FALSE;TRUE;FALSE;1;2008;stihl_resultaten.csv
11405000;;2026-09-26;TECHNICAL_TIMEOUT;time-out;;;;;;MY_STIHL;https://app.stihl.com/nl-nl/mystihl/tools/add;authenticated MY STIHL UI lookup;TECHNICAL_TIMEOUT;;FALSE;FALSE;TRUE;FALSE;1;2009;stihl_resultaten.csv
11406000;;2026-09-26;TECHNICAL_TIMEOUT;time-out;;;;;;MY_STIHL;https://app.stihl.com/nl-nl/mystihl/tools/add;authenticated MY STIHL UI lookup;TECHNICAL_TIMEOUT;;FALSE;FALSE;TRUE;FALSE;1;2010;stihl_resultaten.csv
11407000;;2026-09-26;TECHNICAL_TIMEOUT;time-out;;;;;;MY_STIHL;https://app.stihl.com/nl-nl/mystihl/tools/add;authenticated MY STIHL UI lookup;TECHNICAL_TIMEOUT;;FALSE;FALSE;TRUE;FALSE;1;2011;stihl_resultaten.csv
11408000;;2026-09-26;TECHNICAL_TIMEOUT;time-out;;;;;;MY_STIHL;https://app.stihl.com/nl-nl/mystihl/tools/add;authenticated MY STIHL UI lookup;TECHNICAL_TIMEOUT;;FALSE;FALSE;TRUE;FALSE;1;2012;stihl_resultaten.csv
11409000;;2026-09-26;TECHNICAL_TIMEOUT;time-out;;;;;;MY_STIHL;https://app.stihl.com/nl-nl/mystihl/tools/add;authenticated MY STIHL UI lookup;TECHNICAL_TIMEOUT;;FALSE;FALSE;TRUE;FALSE;1;2013;stihl_resultaten.csv
11410000;;2026-09-26;TECHNICAL_TIMEOUT;time-out;;;;;;MY_STIHL;https://app.stihl.com/nl-nl/mystihl/tools/add;authenticated MY STIHL UI lookup;TECHNICAL_TIMEOUT;;FALSE;FALSE;TRUE;FALSE;1;2014;stihl_resultaten.csv
11411000;;2026-09-26;TECHNICAL_TIMEOUT;time-out;;;;;;MY_STIHL;https://app.stihl.com/nl-nl/mystihl/tools/add;authenticated MY STIHL UI lookup;TECHNICAL_TIMEOUT;;FALSE;FALSE;TRUE;FALSE;1;2015;stihl_resultaten.csv
11412000;;2026-09-26;TECHNICAL_TIMEOUT;time-out;;;;;;MY_STIHL;https://app.stihl.com/nl-nl/mystihl/tools/add;authenticated MY STIHL UI lookup;TECHNICAL_TIMEOUT;;FALSE;FALSE;TRUE;FALSE;1;2016;stihl_resultaten.csv
11413000;;2026-09-26;TECHNICAL_TIMEOUT;time-out;;;;;;MY_STIHL;https://app.stihl.com/nl-nl/mystihl/tools/add;authenticated MY STIHL UI lookup;TECHNICAL_TIMEOUT;;FALSE;FALSE;TRUE;FALSE;1;2017;stihl_resultaten.csv
11414000;;2026-09-26;TECHNICAL_TIMEOUT;time-out;;;;;;MY_STIHL;https://app.stihl.com/nl-nl/mystihl/tools/add;authenticated MY STIHL UI lookup;TECHNICAL_TIMEOUT;;FALSE;FALSE;TRUE;FALSE;1;2018;stihl_resultaten.csv
11415000;;2026-09-26;TECHNICAL_TIMEOUT;time-out;;;;;;MY_STIHL;https://app.stihl.com/nl-nl/mystihl/tools/add;authenticated MY STIHL UI lookup;TECHNICAL_TIMEOUT;;FALSE;FALSE;TRUE;FALSE;1;2019;stihl_resultaten.csv
11416000;;2026-09-26;TECHNICAL_TIMEOUT;time-out;;;;;;MY_STIHL;https://app.stihl.com/nl-nl/mystihl/tools/add;authenticated MY STIHL UI lookup;TECHNICAL_TIMEOUT;;FALSE;FALSE;TRUE;FALSE;1;2020;stihl_resultaten.csv
11417000;;2026-09-26;TECHNICAL_TIMEOUT;time-out;;;;;;MY_STIHL;https://app.stihl.com/nl-nl/mystihl/tools/add;authenticated MY STIHL UI lookup;TECHNICAL_TIMEOUT;;FALSE;FALSE;TRUE;FALSE;1;2021;stihl_resultaten.csv
11418000;;2026-09-26;TECHNICAL_TIMEOUT;time-out;;;;;;MY_STIHL;https://app.stihl.com/nl-nl/mystihl/tools/add;authenticated MY STIHL UI lookup;TECHNICAL_TIMEOUT;;FALSE;FALSE;TRUE;FALSE;1;2022;stihl_resultaten.csv
11419000;;2026-09-26;TECHNICAL_TIMEOUT;time-out;;;;;;MY_STIHL;https://app.stihl.com/nl-nl/mystihl/tools/add;authenticated MY STIHL UI lookup;TECHNICAL_TIMEOUT;;FALSE;FALSE;TRUE;FALSE;1;2023;stihl_resultaten.csv
11420000;;2026-09-26;TECHNICAL_TIMEOUT;time-out;;;;;;MY_STIHL;https://app.stihl.com/nl-nl/mystihl/tools/add;authenticated MY STIHL UI lookup;TECHNICAL_TIMEOUT;;FALSE;FALSE;TRUE;FALSE;1;2024;stihl_resultaten.csv
11421000;;2026-09-26;TECHNICAL_TIMEOUT;time-out;;;;;;MY_STIHL;https://app.stihl.com/nl-nl/mystihl/tools/add;authenticated MY STIHL UI lookup;TECHNICAL_TIMEOUT;;FALSE;FALSE;TRUE;FALSE;1;2025;stihl_resultaten.csv
11422000;;2026-09-26;TECHNICAL_TIMEOUT;time-out;;;;;;MY_STIHL;https://app.stihl.com/nl-nl/mystihl/tools/add;authenticated MY STIHL UI lookup;TECHNICAL_TIMEOUT;;FALSE;FALSE;TRUE;FALSE;1;2026;stihl_resultaten.csv
11423000;;2026-09-26;TECHNICAL_TIMEOUT;time-out;;;;;;MY_STIHL;https://app.stihl.com/nl-nl/mystihl/tools/add;authenticated MY STIHL UI lookup;TECHNICAL_TIMEOUT;;FALSE;FALSE;TRUE;FALSE;1;2027;stihl_resultaten.csv
11424000;;2026-09-26;TECHNICAL_TIMEOUT;time-out;;;;;;MY_STIHL;https://app.stihl.com/nl-nl/mystihl/tools/add;authenticated MY STIHL UI lookup;TECHNICAL_TIMEOUT;;FALSE;FALSE;TRUE;FALSE;1;2028;stihl_resultaten.csv
11425000;;2026-09-26;TECHNICAL_TIMEOUT;time-out;;;;;;MY_STIHL;https://app.stihl.com/nl-nl/mystihl/tools/add;authenticated MY STIHL UI lookup;TECHNICAL_TIMEOUT;;FALSE;FALSE;TRUE;FALSE;1;2029;stihl_resultaten.csv
11426000;;2026-09-26;TECHNICAL_TIMEOUT;time-out;;;;;;MY_STIHL;https://app.stihl.com/nl-nl/mystihl/tools/add;authenticated MY STIHL UI lookup;TECHNICAL_TIMEOUT;;FALSE;FALSE;TRUE;FALSE;1;2030;stihl_resultaten.csv
11427000;;2026-09-26;TECHNICAL_TIMEOUT;time-out;;;;;;MY_STIHL;https://app.stihl.com/nl-nl/mystihl/tools/add;authenticated MY STIHL UI lookup;TECHNICAL_TIMEOUT;;FALSE;FALSE;TRUE;FALSE;1;2031;stihl_resultaten.csv
11428000;;2026-09-26;TECHNICAL_TIMEOUT;time-out;;;;;;MY_STIHL;https://app.stihl.com/nl-nl/mystihl/tools/add;authenticated MY STIHL UI lookup;TECHNICAL_TIMEOUT;;FALSE;FALSE;TRUE;FALSE;1;2032;stihl_resultaten.csv
11429000;;2026-09-26;TECHNICAL_TIMEOUT;time-out;;;;;;MY_STIHL;https://app.stihl.com/nl-nl/mystihl/tools/add;authenticated MY STIHL UI lookup;TECHNICAL_TIMEOUT;;FALSE;FALSE;TRUE;FALSE;1;2033;stihl_resultaten.csv
11430000;011430000;2026-09-26;OFFICIAL_EXACT_FOUND;gevonden;"Motorzaag / Benzine 08 S .404""7Z-P- STIHL Motorsäge";Motorzaag;Benzine;"08 S .404""7Z-P- STIHL Motorsäge";08 S;MY_STIHL;https://app.stihl.com/nl-nl/mystihl/tools/add/serial-number;authenticated MY STIHL UI lookup;OFFICIAL_WEB_LOOKUP;OFFICIAL_STIHL_LOOKUP;TRUE;FALSE;FALSE;TRUE;1;2034;stihl_resultaten.csv
11431000;;2026-09-26;TECHNICAL_TIMEOUT;time-out;;;;;;MY_STIHL;https://app.stihl.com/nl-nl/mystihl/tools/add;authenticated MY STIHL UI lookup;TECHNICAL_TIMEOUT;;FALSE;FALSE;TRUE;FALSE;1;2035;stihl_resultaten.csv
11432000;;2026-09-26;TECHNICAL_TIMEOUT;time-out;;;;;;MY_STIHL;https://app.stihl.com/nl-nl/mystihl/tools/add;authenticated MY STIHL UI lookup;TECHNICAL_TIMEOUT;;FALSE;FALSE;TRUE;FALSE;1;2036;stihl_resultaten.csv
11433000;;2026-09-26;TECHNICAL_TIMEOUT;time-out;;;;;;MY_STIHL;https://app.stihl.com/nl-nl/mystihl/tools/add;authenticated MY STIHL UI lookup;TECHNICAL_TIMEOUT;;FALSE;FALSE;TRUE;FALSE;1;2037;stihl_resultaten.csv
11434000;;2026-09-26;TECHNICAL_TIMEOUT;time-out;;;;;;MY_STIHL;https://app.stihl.com/nl-nl/mystihl/tools/add;authenticated MY STIHL UI lookup;TECHNICAL_TIMEOUT;;FALSE;FALSE;TRUE;FALSE;1;2038;stihl_resultaten.csv
11435000;;2026-09-26;TECHNICAL_TIMEOUT;time-out;;;;;;MY_STIHL;https://app.stihl.com/nl-nl/mystihl/tools/add;authenticated MY STIHL UI lookup;TECHNICAL_TIMEOUT;;FALSE;FALSE;TRUE;FALSE;1;2039;stihl_resultaten.csv
11436000;;2026-09-26;TECHNICAL_TIMEOUT;time-out;;;;;;MY_STIHL;https://app.stihl.com/nl-nl/mystihl/tools/add;authenticated MY STIHL UI lookup;TECHNICAL_TIMEOUT;;FALSE;FALSE;TRUE;FALSE;1;2040;stihl_resultaten.csv
11437000;;2026-09-26;TECHNICAL_TIMEOUT;time-out;;;;;;MY_STIHL;https://app.stihl.com/nl-nl/mystihl/tools/add;authenticated MY STIHL UI lookup;TECHNICAL_TIMEOUT;;FALSE;FALSE;TRUE;FALSE;1;2041;stihl_resultaten.csv
11438000;;2026-09-26;TECHNICAL_TIMEOUT;time-out;;;;;;MY_STIHL;https://app.stihl.com/nl-nl/mystihl/tools/add;authenticated MY STIHL UI lookup;TECHNICAL_TIMEOUT;;FALSE;FALSE;TRUE;FALSE;1;2042;stihl_resultaten.csv
11439000;011439000;2026-09-26;OFFICIAL_EXACT_FOUND;gevonden;Algemeen gemotoriseerd / Benzine 08 S Ersatzmotor;Algemeen gemotoriseerd;Benzine;08 S Ersatzmotor;08 S;MY_STIHL;https://app.stihl.com/nl-nl/mystihl/tools/add/serial-number;authenticated MY STIHL UI lookup;OFFICIAL_WEB_LOOKUP;OFFICIAL_STIHL_LOOKUP;TRUE;FALSE;FALSE;TRUE;1;2043;stihl_resultaten.csv
11440000;011440000;2026-09-26;OFFICIAL_EXACT_FOUND;gevonden;"Motorzaag / Benzine 08 S .404""7Z-P- STIHL Motorsäge";Motorzaag;Benzine;"08 S .404""7Z-P- STIHL Motorsäge";08 S;MY_STIHL;https://app.stihl.com/nl-nl/mystihl/tools/add/serial-number;authenticated MY STIHL UI lookup;OFFICIAL_WEB_LOOKUP;OFFICIAL_STIHL_LOOKUP;TRUE;FALSE;FALSE;TRUE;1;2044;stihl_resultaten.csv
11441000;;2026-09-26;TECHNICAL_TIMEOUT;time-out;;;;;;MY_STIHL;https://app.stihl.com/nl-nl/mystihl/tools/add;authenticated MY STIHL UI lookup;TECHNICAL_TIMEOUT;;FALSE;FALSE;TRUE;FALSE;1;2045;stihl_resultaten.csv
11442000;;2026-09-26;TECHNICAL_TIMEOUT;time-out;;;;;;MY_STIHL;https://app.stihl.com/nl-nl/mystihl/tools/add;authenticated MY STIHL UI lookup;TECHNICAL_TIMEOUT;;FALSE;FALSE;TRUE;FALSE;1;2046;stihl_resultaten.csv
11443000;;2026-09-26;TECHNICAL_TIMEOUT;time-out;;;;;;MY_STIHL;https://app.stihl.com/nl-nl/mystihl/tools/add;authenticated MY STIHL UI lookup;TECHNICAL_TIMEOUT;;FALSE;FALSE;TRUE;FALSE;1;2047;stihl_resultaten.csv
11444000;;2026-09-26;TECHNICAL_TIMEOUT;time-out;;;;;;MY_STIHL;https://app.stihl.com/nl-nl/mystihl/tools/add;authenticated MY STIHL UI lookup;TECHNICAL_TIMEOUT;;FALSE;FALSE;TRUE;FALSE;1;2048;stihl_resultaten.csv
11445000;;2026-09-26;TECHNICAL_TIMEOUT;time-out;;;;;;MY_STIHL;https://app.stihl.com/nl-nl/mystihl/tools/add;authenticated MY STIHL UI lookup;TECHNICAL_TIMEOUT;;FALSE;FALSE;TRUE;FALSE;1;2049;stihl_resultaten.csv
11446000;;2026-09-26;TECHNICAL_TIMEOUT;time-out;;;;;;MY_STIHL;https://app.stihl.com/nl-nl/mystihl/tools/add;authenticated MY STIHL UI lookup;TECHNICAL_TIMEOUT;;FALSE;FALSE;TRUE;FALSE;1;2050;stihl_resultaten.csv
11447000;;2026-09-26;TECHNICAL_TIMEOUT;time-out;;;;;;MY_STIHL;https://app.stihl.com/nl-nl/mystihl/tools/add;authenticated MY STIHL UI lookup;TECHNICAL_TIMEOUT;;FALSE;FALSE;TRUE;FALSE;1;2051;stihl_resultaten.csv
11448000;;2026-09-26;TECHNICAL_TIMEOUT;time-out;;;;;;MY_STIHL;https://app.stihl.com/nl-nl/mystihl/tools/add;authenticated MY STIHL UI lookup;TECHNICAL_TIMEOUT;;FALSE;FALSE;TRUE;FALSE;1;2052;stihl_resultaten.csv
11449000;;2026-09-26;TECHNICAL_TIMEOUT;time-out;;;;;;MY_STIHL;https://app.stihl.com/nl-nl/mystihl/tools/add;authenticated MY STIHL UI lookup;TECHNICAL_TIMEOUT;;FALSE;FALSE;TRUE;FALSE;1;2053;stihl_resultaten.csv
11450000;;2026-09-26;TECHNICAL_TIMEOUT;time-out;;;;;;MY_STIHL;https://app.stihl.com/nl-nl/mystihl/tools/add;authenticated MY STIHL UI lookup;TECHNICAL_TIMEOUT;;FALSE;FALSE;TRUE;FALSE;1;2054;stihl_resultaten.csv
11451000;;2026-09-26;TECHNICAL_TIMEOUT;time-out;;;;;;MY_STIHL;https://app.stihl.com/nl-nl/mystihl/tools/add;authenticated MY STIHL UI lookup;TECHNICAL_TIMEOUT;;FALSE;FALSE;TRUE;FALSE;1;2055;stihl_resultaten.csv
11452000;;2026-09-26;TECHNICAL_TIMEOUT;time-out;;;;;;MY_STIHL;https://app.stihl.com/nl-nl/mystihl/tools/add;authenticated MY STIHL UI lookup;TECHNICAL_TIMEOUT;;FALSE;FALSE;TRUE;FALSE;1;2056;stihl_resultaten.csv
11453000;;2026-09-26;TECHNICAL_TIMEOUT;time-out;;;;;;MY_STIHL;https://app.stihl.com/nl-nl/mystihl/tools/add;authenticated MY STIHL UI lookup;TECHNICAL_TIMEOUT;;FALSE;FALSE;TRUE;FALSE;1;2057;stihl_resultaten.csv
11454000;;2026-09-26;TECHNICAL_TIMEOUT;time-out;;;;;;MY_STIHL;https://app.stihl.com/nl-nl/mystihl/tools/add;authenticated MY STIHL UI lookup;TECHNICAL_TIMEOUT;;FALSE;FALSE;TRUE;FALSE;1;2058;stihl_resultaten.csv
11455000;;2026-09-26;TECHNICAL_TIMEOUT;time-out;;;;;;MY_STIHL;https://app.stihl.com/nl-nl/mystihl/tools/add;authenticated MY STIHL UI lookup;TECHNICAL_TIMEOUT;;FALSE;FALSE;TRUE;FALSE;1;2059;stihl_resultaten.csv
11456000;;2026-09-26;TECHNICAL_TIMEOUT;time-out;;;;;;MY_STIHL;https://app.stihl.com/nl-nl/mystihl/tools/add;authenticated MY STIHL UI lookup;TECHNICAL_TIMEOUT;;FALSE;FALSE;TRUE;FALSE;1;2060;stihl_resultaten.csv
11457000;;2026-09-26;TECHNICAL_TIMEOUT;time-out;;;;;;MY_STIHL;https://app.stihl.com/nl-nl/mystihl/tools/add;authenticated MY STIHL UI lookup;TECHNICAL_TIMEOUT;;FALSE;FALSE;TRUE;FALSE;1;2061;stihl_resultaten.csv
11458000;;2026-09-26;TECHNICAL_TIMEOUT;time-out;;;;;;MY_STIHL;https://app.stihl.com/nl-nl/mystihl/tools/add;authenticated MY STIHL UI lookup;TECHNICAL_TIMEOUT;;FALSE;FALSE;TRUE;FALSE;1;2062;stihl_resultaten.csv
11459000;;2026-09-26;TECHNICAL_TIMEOUT;time-out;;;;;;MY_STIHL;https://app.stihl.com/nl-nl/mystihl/tools/add;authenticated MY STIHL UI lookup;TECHNICAL_TIMEOUT;;FALSE;FALSE;TRUE;FALSE;1;2063;stihl_resultaten.csv
11460000;;2026-09-26;TECHNICAL_TIMEOUT;time-out;;;;;;MY_STIHL;https://app.stihl.com/nl-nl/mystihl/tools/add;authenticated MY STIHL UI lookup;TECHNICAL_TIMEOUT;;FALSE;FALSE;TRUE;FALSE;1;2064;stihl_resultaten.csv
11461000;;2026-09-26;TECHNICAL_TIMEOUT;time-out;;;;;;MY_STIHL;https://app.stihl.com/nl-nl/mystihl/tools/add;authenticated MY STIHL UI lookup;TECHNICAL_TIMEOUT;;FALSE;FALSE;TRUE;FALSE;1;2065;stihl_resultaten.csv
11462000;;2026-09-26;TECHNICAL_TIMEOUT;time-out;;;;;;MY_STIHL;https://app.stihl.com/nl-nl/mystihl/tools/add;authenticated MY STIHL UI lookup;TECHNICAL_TIMEOUT;;FALSE;FALSE;TRUE;FALSE;1;2066;stihl_resultaten.csv
11463000;;2026-09-26;TECHNICAL_TIMEOUT;time-out;;;;;;MY_STIHL;https://app.stihl.com/nl-nl/mystihl/tools/add;authenticated MY STIHL UI lookup;TECHNICAL_TIMEOUT;;FALSE;FALSE;TRUE;FALSE;1;2067;stihl_resultaten.csv
11464000;;2026-09-26;TECHNICAL_TIMEOUT;time-out;;;;;;MY_STIHL;https://app.stihl.com/nl-nl/mystihl/tools/add;authenticated MY STIHL UI lookup;TECHNICAL_TIMEOUT;;FALSE;FALSE;TRUE;FALSE;1;2068;stihl_resultaten.csv
11465000;;2026-09-26;TECHNICAL_TIMEOUT;time-out;;;;;;MY_STIHL;https://app.stihl.com/nl-nl/mystihl/tools/add;authenticated MY STIHL UI lookup;TECHNICAL_TIMEOUT;;FALSE;FALSE;TRUE;FALSE;1;2069;stihl_resultaten.csv
11466000;;2026-09-26;TECHNICAL_TIMEOUT;time-out;;;;;;MY_STIHL;https://app.stihl.com/nl-nl/mystihl/tools/add;authenticated MY STIHL UI lookup;TECHNICAL_TIMEOUT;;FALSE;FALSE;TRUE;FALSE;1;2070;stihl_resultaten.csv
11467000;;2026-09-26;TECHNICAL_TIMEOUT;time-out;;;;;;MY_STIHL;https://app.stihl.com/nl-nl/mystihl/tools/add;authenticated MY STIHL UI lookup;TECHNICAL_TIMEOUT;;FALSE;FALSE;TRUE;FALSE;1;2071;stihl_resultaten.csv
11468000;;2026-09-26;TECHNICAL_TIMEOUT;time-out;;;;;;MY_STIHL;https://app.stihl.com/nl-nl/mystihl/tools/add;authenticated MY STIHL UI lookup;TECHNICAL_TIMEOUT;;FALSE;FALSE;TRUE;FALSE;1;2072;stihl_resultaten.csv
11469000;;2026-09-26;TECHNICAL_TIMEOUT;time-out;;;;;;MY_STIHL;https://app.stihl.com/nl-nl/mystihl/tools/add;authenticated MY STIHL UI lookup;TECHNICAL_TIMEOUT;;FALSE;FALSE;TRUE;FALSE;1;2073;stihl_resultaten.csv
11470000;;2026-09-26;TECHNICAL_TIMEOUT;time-out;;;;;;MY_STIHL;https://app.stihl.com/nl-nl/mystihl/tools/add;authenticated MY STIHL UI lookup;TECHNICAL_TIMEOUT;;FALSE;FALSE;TRUE;FALSE;1;2074;stihl_resultaten.csv
11471000;;2026-09-26;TECHNICAL_TIMEOUT;time-out;;;;;;MY_STIHL;https://app.stihl.com/nl-nl/mystihl/tools/add;authenticated MY STIHL UI lookup;TECHNICAL_TIMEOUT;;FALSE;FALSE;TRUE;FALSE;1;2075;stihl_resultaten.csv
11472000;;2026-09-26;TECHNICAL_TIMEOUT;time-out;;;;;;MY_STIHL;https://app.stihl.com/nl-nl/mystihl/tools/add;authenticated MY STIHL UI lookup;TECHNICAL_TIMEOUT;;FALSE;FALSE;TRUE;FALSE;1;2076;stihl_resultaten.csv
11473000;;2026-09-26;TECHNICAL_TIMEOUT;time-out;;;;;;MY_STIHL;https://app.stihl.com/nl-nl/mystihl/tools/add;authenticated MY STIHL UI lookup;TECHNICAL_TIMEOUT;;FALSE;FALSE;TRUE;FALSE;1;2077;stihl_resultaten.csv
11474000;;2026-09-26;TECHNICAL_TIMEOUT;time-out;;;;;;MY_STIHL;https://app.stihl.com/nl-nl/mystihl/tools/add;authenticated MY STIHL UI lookup;TECHNICAL_TIMEOUT;;FALSE;FALSE;TRUE;FALSE;1;2078;stihl_resultaten.csv
11475000;;2026-09-26;TECHNICAL_TIMEOUT;time-out;;;;;;MY_STIHL;https://app.stihl.com/nl-nl/mystihl/tools/add;authenticated MY STIHL UI lookup;TECHNICAL_TIMEOUT;;FALSE;FALSE;TRUE;FALSE;1;2079;stihl_resultaten.csv
11476000;;2026-09-26;TECHNICAL_TIMEOUT;time-out;;;;;;MY_STIHL;https://app.stihl.com/nl-nl/mystihl/tools/add;authenticated MY STIHL UI lookup;TECHNICAL_TIMEOUT;;FALSE;FALSE;TRUE;FALSE;1;2080;stihl_resultaten.csv
11477000;;2026-09-26;TECHNICAL_TIMEOUT;time-out;;;;;;MY_STIHL;https://app.stihl.com/nl-nl/mystihl/tools/add;authenticated MY STIHL UI lookup;TECHNICAL_TIMEOUT;;FALSE;FALSE;TRUE;FALSE;1;2081;stihl_resultaten.csv
11478000;;2026-09-26;TECHNICAL_TIMEOUT;time-out;;;;;;MY_STIHL;https://app.stihl.com/nl-nl/mystihl/tools/add;authenticated MY STIHL UI lookup;TECHNICAL_TIMEOUT;;FALSE;FALSE;TRUE;FALSE;1;2082;stihl_resultaten.csv
11479000;;2026-09-26;TECHNICAL_TIMEOUT;time-out;;;;;;MY_STIHL;https://app.stihl.com/nl-nl/mystihl/tools/add;authenticated MY STIHL UI lookup;TECHNICAL_TIMEOUT;;FALSE;FALSE;TRUE;FALSE;1;2083;stihl_resultaten.csv
11480000;;2026-09-26;TECHNICAL_TIMEOUT;time-out;;;;;;MY_STIHL;https://app.stihl.com/nl-nl/mystihl/tools/add;authenticated MY STIHL UI lookup;TECHNICAL_TIMEOUT;;FALSE;FALSE;TRUE;FALSE;1;2084;stihl_resultaten.csv
11481000;;2026-09-26;TECHNICAL_TIMEOUT;time-out;;;;;;MY_STIHL;https://app.stihl.com/nl-nl/mystihl/tools/add;authenticated MY STIHL UI lookup;TECHNICAL_TIMEOUT;;FALSE;FALSE;TRUE;FALSE;1;2085;stihl_resultaten.csv
11482000;;2026-09-26;TECHNICAL_TIMEOUT;time-out;;;;;;MY_STIHL;https://app.stihl.com/nl-nl/mystihl/tools/add;authenticated MY STIHL UI lookup;TECHNICAL_TIMEOUT;;FALSE;FALSE;TRUE;FALSE;1;2086;stihl_resultaten.csv
11483000;;2026-09-26;TECHNICAL_TIMEOUT;time-out;;;;;;MY_STIHL;https://app.stihl.com/nl-nl/mystihl/tools/add;authenticated MY STIHL UI lookup;TECHNICAL_TIMEOUT;;FALSE;FALSE;TRUE;FALSE;1;2087;stihl_resultaten.csv
11484000;;2026-09-26;TECHNICAL_TIMEOUT;time-out;;;;;;MY_STIHL;https://app.stihl.com/nl-nl/mystihl/tools/add;authenticated MY STIHL UI lookup;TECHNICAL_TIMEOUT;;FALSE;FALSE;TRUE;FALSE;1;2088;stihl_resultaten.csv
11485000;;2026-09-26;TECHNICAL_TIMEOUT;time-out;;;;;;MY_STIHL;https://app.stihl.com/nl-nl/mystihl/tools/add;authenticated MY STIHL UI lookup;TECHNICAL_TIMEOUT;;FALSE;FALSE;TRUE;FALSE;1;2089;stihl_resultaten.csv
11486000;;2026-09-26;TECHNICAL_TIMEOUT;time-out;;;;;;MY_STIHL;https://app.stihl.com/nl-nl/mystihl/tools/add;authenticated MY STIHL UI lookup;TECHNICAL_TIMEOUT;;FALSE;FALSE;TRUE;FALSE;1;2090;stihl_resultaten.csv
11487000;;2026-09-26;TECHNICAL_TIMEOUT;time-out;;;;;;MY_STIHL;https://app.stihl.com/nl-nl/mystihl/tools/add;authenticated MY STIHL UI lookup;TECHNICAL_TIMEOUT;;FALSE;FALSE;TRUE;FALSE;1;2091;stihl_resultaten.csv
11488000;;2026-09-26;TECHNICAL_TIMEOUT;time-out;;;;;;MY_STIHL;https://app.stihl.com/nl-nl/mystihl/tools/add;authenticated MY STIHL UI lookup;TECHNICAL_TIMEOUT;;FALSE;FALSE;TRUE;FALSE;1;2092;stihl_resultaten.csv
11489000;;2026-09-26;TECHNICAL_TIMEOUT;time-out;;;;;;MY_STIHL;https://app.stihl.com/nl-nl/mystihl/tools/add;authenticated MY STIHL UI lookup;TECHNICAL_TIMEOUT;;FALSE;FALSE;TRUE;FALSE;1;2093;stihl_resultaten.csv
11490000;;2026-09-26;TECHNICAL_TIMEOUT;time-out;;;;;;MY_STIHL;https://app.stihl.com/nl-nl/mystihl/tools/add;authenticated MY STIHL UI lookup;TECHNICAL_TIMEOUT;;FALSE;FALSE;TRUE;FALSE;1;2094;stihl_resultaten.csv
11491000;;2026-09-26;TECHNICAL_TIMEOUT;time-out;;;;;;MY_STIHL;https://app.stihl.com/nl-nl/mystihl/tools/add;authenticated MY STIHL UI lookup;TECHNICAL_TIMEOUT;;FALSE;FALSE;TRUE;FALSE;1;2095;stihl_resultaten.csv
11492000;;2026-09-26;TECHNICAL_TIMEOUT;time-out;;;;;;MY_STIHL;https://app.stihl.com/nl-nl/mystihl/tools/add;authenticated MY STIHL UI lookup;TECHNICAL_TIMEOUT;;FALSE;FALSE;TRUE;FALSE;1;2096;stihl_resultaten.csv
11493000;;2026-09-26;TECHNICAL_TIMEOUT;time-out;;;;;;MY_STIHL;https://app.stihl.com/nl-nl/mystihl/tools/add;authenticated MY STIHL UI lookup;TECHNICAL_TIMEOUT;;FALSE;FALSE;TRUE;FALSE;1;2097;stihl_resultaten.csv
11494000;;2026-09-26;TECHNICAL_TIMEOUT;time-out;;;;;;MY_STIHL;https://app.stihl.com/nl-nl/mystihl/tools/add;authenticated MY STIHL UI lookup;TECHNICAL_TIMEOUT;;FALSE;FALSE;TRUE;FALSE;1;2098;stihl_resultaten.csv
11495000;;2026-09-26;TECHNICAL_TIMEOUT;time-out;;;;;;MY_STIHL;https://app.stihl.com/nl-nl/mystihl/tools/add;authenticated MY STIHL UI lookup;TECHNICAL_TIMEOUT;;FALSE;FALSE;TRUE;FALSE;1;2099;stihl_resultaten.csv
11496000;;2026-09-26;TECHNICAL_TIMEOUT;time-out;;;;;;MY_STIHL;https://app.stihl.com/nl-nl/mystihl/tools/add;authenticated MY STIHL UI lookup;TECHNICAL_TIMEOUT;;FALSE;FALSE;TRUE;FALSE;1;2100;stihl_resultaten.csv
11497000;;2026-09-26;TECHNICAL_TIMEOUT;time-out;;;;;;MY_STIHL;https://app.stihl.com/nl-nl/mystihl/tools/add;authenticated MY STIHL UI lookup;TECHNICAL_TIMEOUT;;FALSE;FALSE;TRUE;FALSE;1;2101;stihl_resultaten.csv
163000000;163000000;2026-09-26;OFFICIAL_EXACT_FOUND;gevonden;"Motorzaag / Benzine MS 460-RZ 3/8"" RIM Magnum Motorsäge";Motorzaag;Benzine;"MS 460-RZ 3/8"" RIM Magnum Motorsäge";MS;MY_STIHL;https://app.stihl.com/nl-nl/mystihl/tools/add/serial-number;authenticated MY STIHL UI lookup;OFFICIAL_WEB_LOOKUP;OFFICIAL_STIHL_LOOKUP;TRUE;FALSE;FALSE;FALSE;1;202;stihl_resultaten.csv
163100000;163100000;2026-09-26;OFFICIAL_EXACT_FOUND;gevonden;"Heggenschaar / Benzine HS 45 Heckenschere, 600mm/24""";Heggenschaar;Benzine;"HS 45 Heckenschere, 600mm/24""";HS 45;MY_STIHL;https://app.stihl.com/nl-nl/mystihl/tools/add/serial-number;authenticated MY STIHL UI lookup;OFFICIAL_WEB_LOOKUP;OFFICIAL_STIHL_LOOKUP;TRUE;FALSE;FALSE;FALSE;1;203;stihl_resultaten.csv
163118080;163118080;2026-09-26;OFFICIAL_EXACT_FOUND;gevonden;"Motorzaag / Benzine MS 440-Z 3/8"" RIM Magnum Motorsäge";Motorzaag;Benzine;"MS 440-Z 3/8"" RIM Magnum Motorsäge";MS 440;MY_STIHL;https://app.stihl.com/nl-nl/mystihl/tools/add/serial-number;authenticated MY STIHL UI lookup;OFFICIAL_WEB_LOOKUP;OFFICIAL_STIHL_LOOKUP;TRUE;FALSE;FALSE;FALSE;2;2|102;stihl_resultaten.csv
163118081;163118081;2026-09-26;OFFICIAL_EXACT_FOUND;gevonden;"Motorzaag / Benzine MS 440-Z 3/8"" RIM Magnum Motorsäge";Motorzaag;Benzine;"MS 440-Z 3/8"" RIM Magnum Motorsäge";MS 440;MY_STIHL;https://app.stihl.com/nl-nl/mystihl/tools/add/serial-number;authenticated MY STIHL UI lookup;OFFICIAL_WEB_LOOKUP;OFFICIAL_STIHL_LOOKUP;TRUE;FALSE;FALSE;FALSE;1;3;stihl_resultaten.csv
163118082;163118082;2026-09-26;OFFICIAL_EXACT_FOUND;gevonden;"Motorzaag / Benzine MS 440-Z 3/8"" RIM Magnum Motorsäge";Motorzaag;Benzine;"MS 440-Z 3/8"" RIM Magnum Motorsäge";MS 440;MY_STIHL;https://app.stihl.com/nl-nl/mystihl/tools/add/serial-number;authenticated MY STIHL UI lookup;OFFICIAL_WEB_LOOKUP;OFFICIAL_STIHL_LOOKUP;TRUE;FALSE;FALSE;FALSE;1;4;stihl_resultaten.csv
163118083;163118083;2026-09-26;OFFICIAL_EXACT_FOUND;gevonden;"Motorzaag / Benzine MS 440-Z 3/8"" RIM Magnum Motorsäge";Motorzaag;Benzine;"MS 440-Z 3/8"" RIM Magnum Motorsäge";MS 440;MY_STIHL;https://app.stihl.com/nl-nl/mystihl/tools/add/serial-number;authenticated MY STIHL UI lookup;OFFICIAL_WEB_LOOKUP;OFFICIAL_STIHL_LOOKUP;TRUE;FALSE;FALSE;FALSE;1;5;stihl_resultaten.csv
163118084;163118084;2026-09-26;OFFICIAL_EXACT_FOUND;gevonden;"Motorzaag / Benzine MS 440-Z 3/8"" RIM Magnum Motorsäge";Motorzaag;Benzine;"MS 440-Z 3/8"" RIM Magnum Motorsäge";MS 440;MY_STIHL;https://app.stihl.com/nl-nl/mystihl/tools/add/serial-number;authenticated MY STIHL UI lookup;OFFICIAL_WEB_LOOKUP;OFFICIAL_STIHL_LOOKUP;TRUE;FALSE;FALSE;FALSE;1;6;stihl_resultaten.csv
163118085;163118085;2026-09-26;OFFICIAL_EXACT_FOUND;gevonden;"Motorzaag / Benzine MS 440-Z 3/8"" RIM Magnum Motorsäge";Motorzaag;Benzine;"MS 440-Z 3/8"" RIM Magnum Motorsäge";MS 440;MY_STIHL;https://app.stihl.com/nl-nl/mystihl/tools/add/serial-number;authenticated MY STIHL UI lookup;OFFICIAL_WEB_LOOKUP;OFFICIAL_STIHL_LOOKUP;TRUE;FALSE;FALSE;FALSE;1;7;stihl_resultaten.csv
163118086;163118086;2026-09-26;OFFICIAL_EXACT_FOUND;gevonden;"Motorzaag / Benzine MS 440-Z 3/8"" RIM Magnum Motorsäge";Motorzaag;Benzine;"MS 440-Z 3/8"" RIM Magnum Motorsäge";MS 440;MY_STIHL;https://app.stihl.com/nl-nl/mystihl/tools/add/serial-number;authenticated MY STIHL UI lookup;OFFICIAL_WEB_LOOKUP;OFFICIAL_STIHL_LOOKUP;TRUE;FALSE;FALSE;FALSE;1;8;stihl_resultaten.csv
163118087;163118087;2026-09-26;OFFICIAL_EXACT_FOUND;gevonden;"Motorzaag / Benzine MS 440-Z 3/8"" RIM Magnum Motorsäge";Motorzaag;Benzine;"MS 440-Z 3/8"" RIM Magnum Motorsäge";MS 440;MY_STIHL;https://app.stihl.com/nl-nl/mystihl/tools/add/serial-number;authenticated MY STIHL UI lookup;OFFICIAL_WEB_LOOKUP;OFFICIAL_STIHL_LOOKUP;TRUE;FALSE;FALSE;FALSE;1;9;stihl_resultaten.csv
163118088;163118088;2026-09-26;OFFICIAL_EXACT_FOUND;gevonden;"Motorzaag / Benzine MS 440-Z 3/8"" RIM Magnum Motorsäge";Motorzaag;Benzine;"MS 440-Z 3/8"" RIM Magnum Motorsäge";MS 440;MY_STIHL;https://app.stihl.com/nl-nl/mystihl/tools/add/serial-number;authenticated MY STIHL UI lookup;OFFICIAL_WEB_LOOKUP;OFFICIAL_STIHL_LOOKUP;TRUE;FALSE;FALSE;FALSE;1;10;stihl_resultaten.csv
163118089;163118089;2026-09-26;OFFICIAL_EXACT_FOUND;gevonden;"Motorzaag / Benzine MS 440-Z 3/8"" RIM Magnum Motorsäge";Motorzaag;Benzine;"MS 440-Z 3/8"" RIM Magnum Motorsäge";MS 440;MY_STIHL;https://app.stihl.com/nl-nl/mystihl/tools/add/serial-number;authenticated MY STIHL UI lookup;OFFICIAL_WEB_LOOKUP;OFFICIAL_STIHL_LOOKUP;TRUE;FALSE;FALSE;FALSE;1;11;stihl_resultaten.csv
163118090;163118090;2026-09-26;OFFICIAL_EXACT_FOUND;gevonden;"Motorzaag / Benzine MS 440-Z 3/8"" RIM Magnum Motorsäge";Motorzaag;Benzine;"MS 440-Z 3/8"" RIM Magnum Motorsäge";MS 440;MY_STIHL;https://app.stihl.com/nl-nl/mystihl/tools/add/serial-number;authenticated MY STIHL UI lookup;OFFICIAL_WEB_LOOKUP;OFFICIAL_STIHL_LOOKUP;TRUE;FALSE;FALSE;FALSE;1;12;stihl_resultaten.csv
163118091;163118091;2026-09-26;OFFICIAL_EXACT_FOUND;gevonden;"Motorzaag / Benzine MS 440-Z 3/8"" RIM Magnum Motorsäge";Motorzaag;Benzine;"MS 440-Z 3/8"" RIM Magnum Motorsäge";MS 440;MY_STIHL;https://app.stihl.com/nl-nl/mystihl/tools/add/serial-number;authenticated MY STIHL UI lookup;OFFICIAL_WEB_LOOKUP;OFFICIAL_STIHL_LOOKUP;TRUE;FALSE;FALSE;FALSE;1;13;stihl_resultaten.csv
163118092;163118092;2026-09-26;OFFICIAL_EXACT_FOUND;gevonden;"Motorzaag / Benzine MS 440-Z 3/8"" RIM Magnum Motorsäge";Motorzaag;Benzine;"MS 440-Z 3/8"" RIM Magnum Motorsäge";MS 440;MY_STIHL;https://app.stihl.com/nl-nl/mystihl/tools/add/serial-number;authenticated MY STIHL UI lookup;OFFICIAL_WEB_LOOKUP;OFFICIAL_STIHL_LOOKUP;TRUE;FALSE;FALSE;FALSE;1;14;stihl_resultaten.csv
163118093;163118093;2026-09-26;OFFICIAL_EXACT_FOUND;gevonden;"Motorzaag / Benzine MS 440-Z 3/8"" RIM Magnum Motorsäge";Motorzaag;Benzine;"MS 440-Z 3/8"" RIM Magnum Motorsäge";MS 440;MY_STIHL;https://app.stihl.com/nl-nl/mystihl/tools/add/serial-number;authenticated MY STIHL UI lookup;OFFICIAL_WEB_LOOKUP;OFFICIAL_STIHL_LOOKUP;TRUE;FALSE;FALSE;FALSE;1;15;stihl_resultaten.csv
163118094;163118094;2026-09-26;OFFICIAL_EXACT_FOUND;gevonden;"Motorzaag / Benzine MS 440-Z 3/8"" RIM Magnum Motorsäge";Motorzaag;Benzine;"MS 440-Z 3/8"" RIM Magnum Motorsäge";MS 440;MY_STIHL;https://app.stihl.com/nl-nl/mystihl/tools/add/serial-number;authenticated MY STIHL UI lookup;OFFICIAL_WEB_LOOKUP;OFFICIAL_STIHL_LOOKUP;TRUE;FALSE;FALSE;FALSE;1;16;stihl_resultaten.csv
163118095;163118095;2026-09-26;OFFICIAL_EXACT_FOUND;gevonden;"Motorzaag / Benzine MS 440-Z 3/8"" RIM Magnum Motorsäge";Motorzaag;Benzine;"MS 440-Z 3/8"" RIM Magnum Motorsäge";MS 440;MY_STIHL;https://app.stihl.com/nl-nl/mystihl/tools/add/serial-number;authenticated MY STIHL UI lookup;OFFICIAL_WEB_LOOKUP;OFFICIAL_STIHL_LOOKUP;TRUE;FALSE;FALSE;FALSE;1;17;stihl_resultaten.csv
163118096;163118096;2026-09-26;OFFICIAL_EXACT_FOUND;gevonden;"Motorzaag / Benzine MS 440-Z 3/8"" RIM Magnum Motorsäge";Motorzaag;Benzine;"MS 440-Z 3/8"" RIM Magnum Motorsäge";MS 440;MY_STIHL;https://app.stihl.com/nl-nl/mystihl/tools/add/serial-number;authenticated MY STIHL UI lookup;OFFICIAL_WEB_LOOKUP;OFFICIAL_STIHL_LOOKUP;TRUE;FALSE;FALSE;FALSE;1;18;stihl_resultaten.csv
163118097;163118097;2026-09-26;OFFICIAL_EXACT_FOUND;gevonden;"Motorzaag / Benzine MS 440-Z 3/8"" RIM Magnum Motorsäge";Motorzaag;Benzine;"MS 440-Z 3/8"" RIM Magnum Motorsäge";MS 440;MY_STIHL;https://app.stihl.com/nl-nl/mystihl/tools/add/serial-number;authenticated MY STIHL UI lookup;OFFICIAL_WEB_LOOKUP;OFFICIAL_STIHL_LOOKUP;TRUE;FALSE;FALSE;FALSE;1;19;stihl_resultaten.csv
163118098;163118098;2026-09-26;OFFICIAL_EXACT_FOUND;gevonden;"Motorzaag / Benzine MS 440-Z 3/8"" RIM Magnum Motorsäge";Motorzaag;Benzine;"MS 440-Z 3/8"" RIM Magnum Motorsäge";MS 440;MY_STIHL;https://app.stihl.com/nl-nl/mystihl/tools/add/serial-number;authenticated MY STIHL UI lookup;OFFICIAL_WEB_LOOKUP;OFFICIAL_STIHL_LOOKUP;TRUE;FALSE;FALSE;FALSE;1;20;stihl_resultaten.csv
163118099;163118099;2026-09-26;OFFICIAL_EXACT_FOUND;gevonden;"Motorzaag / Benzine MS 440-Z 3/8"" RIM Magnum Motorsäge";Motorzaag;Benzine;"MS 440-Z 3/8"" RIM Magnum Motorsäge";MS 440;MY_STIHL;https://app.stihl.com/nl-nl/mystihl/tools/add/serial-number;authenticated MY STIHL UI lookup;OFFICIAL_WEB_LOOKUP;OFFICIAL_STIHL_LOOKUP;TRUE;FALSE;FALSE;FALSE;1;21;stihl_resultaten.csv
163118100;163118100;2026-09-26;OFFICIAL_EXACT_FOUND;gevonden;"Motorzaag / Benzine MS 440-Z 3/8"" RIM Magnum Motorsäge";Motorzaag;Benzine;"MS 440-Z 3/8"" RIM Magnum Motorsäge";MS 440;MY_STIHL;https://app.stihl.com/nl-nl/mystihl/tools/add/serial-number;authenticated MY STIHL UI lookup;OFFICIAL_WEB_LOOKUP;OFFICIAL_STIHL_LOOKUP;TRUE;FALSE;FALSE;FALSE;1;22;stihl_resultaten.csv
163118101;163118101;2026-09-26;OFFICIAL_EXACT_FOUND;gevonden;"Motorzaag / Benzine MS 440-Z 3/8"" RIM Magnum Motorsäge";Motorzaag;Benzine;"MS 440-Z 3/8"" RIM Magnum Motorsäge";MS 440;MY_STIHL;https://app.stihl.com/nl-nl/mystihl/tools/add/serial-number;authenticated MY STIHL UI lookup;OFFICIAL_WEB_LOOKUP;OFFICIAL_STIHL_LOOKUP;TRUE;FALSE;FALSE;FALSE;1;23;stihl_resultaten.csv
163118102;163118102;2026-09-26;OFFICIAL_EXACT_FOUND;gevonden;"Motorzaag / Benzine MS 440-Z 3/8"" RIM Magnum Motorsäge";Motorzaag;Benzine;"MS 440-Z 3/8"" RIM Magnum Motorsäge";MS 440;MY_STIHL;https://app.stihl.com/nl-nl/mystihl/tools/add/serial-number;authenticated MY STIHL UI lookup;OFFICIAL_WEB_LOOKUP;OFFICIAL_STIHL_LOOKUP;TRUE;FALSE;FALSE;FALSE;1;24;stihl_resultaten.csv
163118103;163118103;2026-09-26;OFFICIAL_EXACT_FOUND;gevonden;"Motorzaag / Benzine MS 440-Z 3/8"" RIM Magnum Motorsäge";Motorzaag;Benzine;"MS 440-Z 3/8"" RIM Magnum Motorsäge";MS 440;MY_STIHL;https://app.stihl.com/nl-nl/mystihl/tools/add/serial-number;authenticated MY STIHL UI lookup;OFFICIAL_WEB_LOOKUP;OFFICIAL_STIHL_LOOKUP;TRUE;FALSE;FALSE;FALSE;1;25;stihl_resultaten.csv
163118104;163118104;2026-09-26;OFFICIAL_EXACT_FOUND;gevonden;"Motorzaag / Benzine MS 440-Z 3/8"" RIM Magnum Motorsäge";Motorzaag;Benzine;"MS 440-Z 3/8"" RIM Magnum Motorsäge";MS 440;MY_STIHL;https://app.stihl.com/nl-nl/mystihl/tools/add/serial-number;authenticated MY STIHL UI lookup;OFFICIAL_WEB_LOOKUP;OFFICIAL_STIHL_LOOKUP;TRUE;FALSE;FALSE;FALSE;1;26;stihl_resultaten.csv
163118105;163118105;2026-09-26;OFFICIAL_EXACT_FOUND;gevonden;"Motorzaag / Benzine MS 440-Z 3/8"" RIM Magnum Motorsäge";Motorzaag;Benzine;"MS 440-Z 3/8"" RIM Magnum Motorsäge";MS 440;MY_STIHL;https://app.stihl.com/nl-nl/mystihl/tools/add/serial-number;authenticated MY STIHL UI lookup;OFFICIAL_WEB_LOOKUP;OFFICIAL_STIHL_LOOKUP;TRUE;FALSE;FALSE;FALSE;1;27;stihl_resultaten.csv
163118106;163118106;2026-09-26;OFFICIAL_EXACT_FOUND;gevonden;"Motorzaag / Benzine MS 440-Z 3/8"" RIM Magnum Motorsäge";Motorzaag;Benzine;"MS 440-Z 3/8"" RIM Magnum Motorsäge";MS 440;MY_STIHL;https://app.stihl.com/nl-nl/mystihl/tools/add/serial-number;authenticated MY STIHL UI lookup;OFFICIAL_WEB_LOOKUP;OFFICIAL_STIHL_LOOKUP;TRUE;FALSE;FALSE;FALSE;1;28;stihl_resultaten.csv
163118107;163118107;2026-09-26;OFFICIAL_EXACT_FOUND;gevonden;"Motorzaag / Benzine MS 440-Z 3/8"" RIM Magnum Motorsäge";Motorzaag;Benzine;"MS 440-Z 3/8"" RIM Magnum Motorsäge";MS 440;MY_STIHL;https://app.stihl.com/nl-nl/mystihl/tools/add/serial-number;authenticated MY STIHL UI lookup;OFFICIAL_WEB_LOOKUP;OFFICIAL_STIHL_LOOKUP;TRUE;FALSE;FALSE;FALSE;1;29;stihl_resultaten.csv
163118108;163118108;2026-09-26;OFFICIAL_EXACT_FOUND;gevonden;"Motorzaag / Benzine MS 440-Z 3/8"" RIM Magnum Motorsäge";Motorzaag;Benzine;"MS 440-Z 3/8"" RIM Magnum Motorsäge";MS 440;MY_STIHL;https://app.stihl.com/nl-nl/mystihl/tools/add/serial-number;authenticated MY STIHL UI lookup;OFFICIAL_WEB_LOOKUP;OFFICIAL_STIHL_LOOKUP;TRUE;FALSE;FALSE;FALSE;1;30;stihl_resultaten.csv
163118109;163118109;2026-09-26;OFFICIAL_EXACT_FOUND;gevonden;"Motorzaag / Benzine MS 440-Z 3/8"" RIM Magnum Motorsäge";Motorzaag;Benzine;"MS 440-Z 3/8"" RIM Magnum Motorsäge";MS 440;MY_STIHL;https://app.stihl.com/nl-nl/mystihl/tools/add/serial-number;authenticated MY STIHL UI lookup;OFFICIAL_WEB_LOOKUP;OFFICIAL_STIHL_LOOKUP;TRUE;FALSE;FALSE;FALSE;1;31;stihl_resultaten.csv
163118110;163118110;2026-09-26;OFFICIAL_EXACT_FOUND;gevonden;"Motorzaag / Benzine MS 440-Z 3/8"" RIM Magnum Motorsäge";Motorzaag;Benzine;"MS 440-Z 3/8"" RIM Magnum Motorsäge";MS 440;MY_STIHL;https://app.stihl.com/nl-nl/mystihl/tools/add/serial-number;authenticated MY STIHL UI lookup;OFFICIAL_WEB_LOOKUP;OFFICIAL_STIHL_LOOKUP;TRUE;FALSE;FALSE;FALSE;1;32;stihl_resultaten.csv
163118111;163118111;2026-09-26;OFFICIAL_EXACT_FOUND;gevonden;"Motorzaag / Benzine MS 440-Z 3/8"" RIM Magnum Motorsäge";Motorzaag;Benzine;"MS 440-Z 3/8"" RIM Magnum Motorsäge";MS 440;MY_STIHL;https://app.stihl.com/nl-nl/mystihl/tools/add/serial-number;authenticated MY STIHL UI lookup;OFFICIAL_WEB_LOOKUP;OFFICIAL_STIHL_LOOKUP;TRUE;FALSE;FALSE;FALSE;1;33;stihl_resultaten.csv
163118112;163118112;2026-09-26;OFFICIAL_EXACT_FOUND;gevonden;"Motorzaag / Benzine MS 440-Z 3/8"" RIM Magnum Motorsäge";Motorzaag;Benzine;"MS 440-Z 3/8"" RIM Magnum Motorsäge";MS 440;MY_STIHL;https://app.stihl.com/nl-nl/mystihl/tools/add/serial-number;authenticated MY STIHL UI lookup;OFFICIAL_WEB_LOOKUP;OFFICIAL_STIHL_LOOKUP;TRUE;FALSE;FALSE;FALSE;1;34;stihl_resultaten.csv
163118113;163118113;2026-09-26;OFFICIAL_EXACT_FOUND;gevonden;"Motorzaag / Benzine MS 440-Z 3/8"" RIM Magnum Motorsäge";Motorzaag;Benzine;"MS 440-Z 3/8"" RIM Magnum Motorsäge";MS 440;MY_STIHL;https://app.stihl.com/nl-nl/mystihl/tools/add/serial-number;authenticated MY STIHL UI lookup;OFFICIAL_WEB_LOOKUP;OFFICIAL_STIHL_LOOKUP;TRUE;FALSE;FALSE;FALSE;1;35;stihl_resultaten.csv
163118114;163118114;2026-09-26;OFFICIAL_EXACT_FOUND;gevonden;"Motorzaag / Benzine MS 440-Z 3/8"" RIM Magnum Motorsäge";Motorzaag;Benzine;"MS 440-Z 3/8"" RIM Magnum Motorsäge";MS 440;MY_STIHL;https://app.stihl.com/nl-nl/mystihl/tools/add/serial-number;authenticated MY STIHL UI lookup;OFFICIAL_WEB_LOOKUP;OFFICIAL_STIHL_LOOKUP;TRUE;FALSE;FALSE;FALSE;1;36;stihl_resultaten.csv
163118115;163118115;2026-09-26;OFFICIAL_EXACT_FOUND;gevonden;"Motorzaag / Benzine MS 440-Z 3/8"" RIM Magnum Motorsäge";Motorzaag;Benzine;"MS 440-Z 3/8"" RIM Magnum Motorsäge";MS 440;MY_STIHL;https://app.stihl.com/nl-nl/mystihl/tools/add/serial-number;authenticated MY STIHL UI lookup;OFFICIAL_WEB_LOOKUP;OFFICIAL_STIHL_LOOKUP;TRUE;FALSE;FALSE;FALSE;1;37;stihl_resultaten.csv
163118116;163118116;2026-09-26;OFFICIAL_EXACT_FOUND;gevonden;"Motorzaag / Benzine MS 440-Z 3/8"" RIM Magnum Motorsäge";Motorzaag;Benzine;"MS 440-Z 3/8"" RIM Magnum Motorsäge";MS 440;MY_STIHL;https://app.stihl.com/nl-nl/mystihl/tools/add/serial-number;authenticated MY STIHL UI lookup;OFFICIAL_WEB_LOOKUP;OFFICIAL_STIHL_LOOKUP;TRUE;FALSE;FALSE;FALSE;1;38;stihl_resultaten.csv
163118117;163118117;2026-09-26;OFFICIAL_EXACT_FOUND;gevonden;"Motorzaag / Benzine MS 440-Z 3/8"" RIM Magnum Motorsäge";Motorzaag;Benzine;"MS 440-Z 3/8"" RIM Magnum Motorsäge";MS 440;MY_STIHL;https://app.stihl.com/nl-nl/mystihl/tools/add/serial-number;authenticated MY STIHL UI lookup;OFFICIAL_WEB_LOOKUP;OFFICIAL_STIHL_LOOKUP;TRUE;FALSE;FALSE;FALSE;1;39;stihl_resultaten.csv
163118118;163118118;2026-09-26;OFFICIAL_EXACT_FOUND;gevonden;"Motorzaag / Benzine MS 440-Z 3/8"" RIM Magnum Motorsäge";Motorzaag;Benzine;"MS 440-Z 3/8"" RIM Magnum Motorsäge";MS 440;MY_STIHL;https://app.stihl.com/nl-nl/mystihl/tools/add/serial-number;authenticated MY STIHL UI lookup;OFFICIAL_WEB_LOOKUP;OFFICIAL_STIHL_LOOKUP;TRUE;FALSE;FALSE;FALSE;1;40;stihl_resultaten.csv
163118119;163118119;2026-09-26;OFFICIAL_EXACT_FOUND;gevonden;"Motorzaag / Benzine MS 440-Z 3/8"" RIM Magnum Motorsäge";Motorzaag;Benzine;"MS 440-Z 3/8"" RIM Magnum Motorsäge";MS 440;MY_STIHL;https://app.stihl.com/nl-nl/mystihl/tools/add/serial-number;authenticated MY STIHL UI lookup;OFFICIAL_WEB_LOOKUP;OFFICIAL_STIHL_LOOKUP;TRUE;FALSE;FALSE;FALSE;1;41;stihl_resultaten.csv
163118120;163118120;2026-09-26;OFFICIAL_EXACT_FOUND;gevonden;"Motorzaag / Benzine MS 440-Z 3/8"" RIM Magnum Motorsäge";Motorzaag;Benzine;"MS 440-Z 3/8"" RIM Magnum Motorsäge";MS 440;MY_STIHL;https://app.stihl.com/nl-nl/mystihl/tools/add/serial-number;authenticated MY STIHL UI lookup;OFFICIAL_WEB_LOOKUP;OFFICIAL_STIHL_LOOKUP;TRUE;FALSE;FALSE;FALSE;1;42;stihl_resultaten.csv
163118121;163118121;2026-09-26;OFFICIAL_EXACT_FOUND;gevonden;"Motorzaag / Benzine MS 440-Z 3/8"" RIM Magnum Motorsäge";Motorzaag;Benzine;"MS 440-Z 3/8"" RIM Magnum Motorsäge";MS 440;MY_STIHL;https://app.stihl.com/nl-nl/mystihl/tools/add/serial-number;authenticated MY STIHL UI lookup;OFFICIAL_WEB_LOOKUP;OFFICIAL_STIHL_LOOKUP;TRUE;FALSE;FALSE;FALSE;1;43;stihl_resultaten.csv
163118122;163118122;2026-09-26;OFFICIAL_EXACT_FOUND;gevonden;"Motorzaag / Benzine MS 440-Z 3/8"" RIM Magnum Motorsäge";Motorzaag;Benzine;"MS 440-Z 3/8"" RIM Magnum Motorsäge";MS 440;MY_STIHL;https://app.stihl.com/nl-nl/mystihl/tools/add/serial-number;authenticated MY STIHL UI lookup;OFFICIAL_WEB_LOOKUP;OFFICIAL_STIHL_LOOKUP;TRUE;FALSE;FALSE;FALSE;1;44;stihl_resultaten.csv
163118123;163118123;2026-09-26;OFFICIAL_EXACT_FOUND;gevonden;"Motorzaag / Benzine MS 440-Z 3/8"" RIM Magnum Motorsäge";Motorzaag;Benzine;"MS 440-Z 3/8"" RIM Magnum Motorsäge";MS 440;MY_STIHL;https://app.stihl.com/nl-nl/mystihl/tools/add/serial-number;authenticated MY STIHL UI lookup;OFFICIAL_WEB_LOOKUP;OFFICIAL_STIHL_LOOKUP;TRUE;FALSE;FALSE;FALSE;1;45;stihl_resultaten.csv
163118124;163118124;2026-09-26;OFFICIAL_EXACT_FOUND;gevonden;"Motorzaag / Benzine MS 440-Z 3/8"" RIM Magnum Motorsäge";Motorzaag;Benzine;"MS 440-Z 3/8"" RIM Magnum Motorsäge";MS 440;MY_STIHL;https://app.stihl.com/nl-nl/mystihl/tools/add/serial-number;authenticated MY STIHL UI lookup;OFFICIAL_WEB_LOOKUP;OFFICIAL_STIHL_LOOKUP;TRUE;FALSE;FALSE;FALSE;1;46;stihl_resultaten.csv
163118125;163118125;2026-09-26;OFFICIAL_EXACT_FOUND;gevonden;"Motorzaag / Benzine MS 440-Z 3/8"" RIM Magnum Motorsäge";Motorzaag;Benzine;"MS 440-Z 3/8"" RIM Magnum Motorsäge";MS 440;MY_STIHL;https://app.stihl.com/nl-nl/mystihl/tools/add/serial-number;authenticated MY STIHL UI lookup;OFFICIAL_WEB_LOOKUP;OFFICIAL_STIHL_LOOKUP;TRUE;FALSE;FALSE;FALSE;1;47;stihl_resultaten.csv
163118126;163118126;2026-09-26;OFFICIAL_EXACT_FOUND;gevonden;"Motorzaag / Benzine MS 440-Z 3/8"" RIM Magnum Motorsäge";Motorzaag;Benzine;"MS 440-Z 3/8"" RIM Magnum Motorsäge";MS 440;MY_STIHL;https://app.stihl.com/nl-nl/mystihl/tools/add/serial-number;authenticated MY STIHL UI lookup;OFFICIAL_WEB_LOOKUP;OFFICIAL_STIHL_LOOKUP;TRUE;FALSE;FALSE;FALSE;1;48;stihl_resultaten.csv
163118127;163118127;2026-09-26;OFFICIAL_EXACT_FOUND;gevonden;"Motorzaag / Benzine MS 440-Z 3/8"" RIM Magnum Motorsäge";Motorzaag;Benzine;"MS 440-Z 3/8"" RIM Magnum Motorsäge";MS 440;MY_STIHL;https://app.stihl.com/nl-nl/mystihl/tools/add/serial-number;authenticated MY STIHL UI lookup;OFFICIAL_WEB_LOOKUP;OFFICIAL_STIHL_LOOKUP;TRUE;FALSE;FALSE;FALSE;1;49;stihl_resultaten.csv
163118128;163118128;2026-09-26;OFFICIAL_EXACT_FOUND;gevonden;"Motorzaag / Benzine MS 440-Z 3/8"" RIM Magnum Motorsäge";Motorzaag;Benzine;"MS 440-Z 3/8"" RIM Magnum Motorsäge";MS 440;MY_STIHL;https://app.stihl.com/nl-nl/mystihl/tools/add/serial-number;authenticated MY STIHL UI lookup;OFFICIAL_WEB_LOOKUP;OFFICIAL_STIHL_LOOKUP;TRUE;FALSE;FALSE;FALSE;1;50;stihl_resultaten.csv
163118129;163118129;2026-09-26;OFFICIAL_EXACT_FOUND;gevonden;"Motorzaag / Benzine MS 440-Z 3/8"" RIM Magnum Motorsäge";Motorzaag;Benzine;"MS 440-Z 3/8"" RIM Magnum Motorsäge";MS 440;MY_STIHL;https://app.stihl.com/nl-nl/mystihl/tools/add/serial-number;authenticated MY STIHL UI lookup;OFFICIAL_WEB_LOOKUP;OFFICIAL_STIHL_LOOKUP;TRUE;FALSE;FALSE;FALSE;1;51;stihl_resultaten.csv
163118130;163118130;2026-09-26;OFFICIAL_EXACT_FOUND;gevonden;"Motorzaag / Benzine MS 440-Z 3/8"" RIM Magnum Motorsäge";Motorzaag;Benzine;"MS 440-Z 3/8"" RIM Magnum Motorsäge";MS 440;MY_STIHL;https://app.stihl.com/nl-nl/mystihl/tools/add/serial-number;authenticated MY STIHL UI lookup;OFFICIAL_WEB_LOOKUP;OFFICIAL_STIHL_LOOKUP;TRUE;FALSE;FALSE;FALSE;1;52;stihl_resultaten.csv
163118131;163118131;2026-09-26;OFFICIAL_EXACT_FOUND;gevonden;"Motorzaag / Benzine MS 440-Z 3/8"" RIM Magnum Motorsäge";Motorzaag;Benzine;"MS 440-Z 3/8"" RIM Magnum Motorsäge";MS 440;MY_STIHL;https://app.stihl.com/nl-nl/mystihl/tools/add/serial-number;authenticated MY STIHL UI lookup;OFFICIAL_WEB_LOOKUP;OFFICIAL_STIHL_LOOKUP;TRUE;FALSE;FALSE;FALSE;1;53;stihl_resultaten.csv
163118132;163118132;2026-09-26;OFFICIAL_EXACT_FOUND;gevonden;"Motorzaag / Benzine MS 440-Z 3/8"" RIM Magnum Motorsäge";Motorzaag;Benzine;"MS 440-Z 3/8"" RIM Magnum Motorsäge";MS 440;MY_STIHL;https://app.stihl.com/nl-nl/mystihl/tools/add/serial-number;authenticated MY STIHL UI lookup;OFFICIAL_WEB_LOOKUP;OFFICIAL_STIHL_LOOKUP;TRUE;FALSE;FALSE;FALSE;1;54;stihl_resultaten.csv
163118133;163118133;2026-09-26;OFFICIAL_EXACT_FOUND;gevonden;"Motorzaag / Benzine MS 440-Z 3/8"" RIM Magnum Motorsäge";Motorzaag;Benzine;"MS 440-Z 3/8"" RIM Magnum Motorsäge";MS 440;MY_STIHL;https://app.stihl.com/nl-nl/mystihl/tools/add/serial-number;authenticated MY STIHL UI lookup;OFFICIAL_WEB_LOOKUP;OFFICIAL_STIHL_LOOKUP;TRUE;FALSE;FALSE;FALSE;1;55;stihl_resultaten.csv
163118134;163118134;2026-09-26;OFFICIAL_EXACT_FOUND;gevonden;"Motorzaag / Benzine MS 440-Z 3/8"" RIM Magnum Motorsäge";Motorzaag;Benzine;"MS 440-Z 3/8"" RIM Magnum Motorsäge";MS 440;MY_STIHL;https://app.stihl.com/nl-nl/mystihl/tools/add/serial-number;authenticated MY STIHL UI lookup;OFFICIAL_WEB_LOOKUP;OFFICIAL_STIHL_LOOKUP;TRUE;FALSE;FALSE;FALSE;1;56;stihl_resultaten.csv
163118135;163118135;2026-09-26;OFFICIAL_EXACT_FOUND;gevonden;"Motorzaag / Benzine MS 440-Z 3/8"" RIM Magnum Motorsäge";Motorzaag;Benzine;"MS 440-Z 3/8"" RIM Magnum Motorsäge";MS 440;MY_STIHL;https://app.stihl.com/nl-nl/mystihl/tools/add/serial-number;authenticated MY STIHL UI lookup;OFFICIAL_WEB_LOOKUP;OFFICIAL_STIHL_LOOKUP;TRUE;FALSE;FALSE;FALSE;1;57;stihl_resultaten.csv
163118136;163118136;2026-09-26;OFFICIAL_EXACT_FOUND;gevonden;"Motorzaag / Benzine MS 440-Z 3/8"" RIM Magnum Motorsäge";Motorzaag;Benzine;"MS 440-Z 3/8"" RIM Magnum Motorsäge";MS 440;MY_STIHL;https://app.stihl.com/nl-nl/mystihl/tools/add/serial-number;authenticated MY STIHL UI lookup;OFFICIAL_WEB_LOOKUP;OFFICIAL_STIHL_LOOKUP;TRUE;FALSE;FALSE;FALSE;1;58;stihl_resultaten.csv
163118137;163118137;2026-09-26;OFFICIAL_EXACT_FOUND;gevonden;"Motorzaag / Benzine MS 440-Z 3/8"" RIM Magnum Motorsäge";Motorzaag;Benzine;"MS 440-Z 3/8"" RIM Magnum Motorsäge";MS 440;MY_STIHL;https://app.stihl.com/nl-nl/mystihl/tools/add/serial-number;authenticated MY STIHL UI lookup;OFFICIAL_WEB_LOOKUP;OFFICIAL_STIHL_LOOKUP;TRUE;FALSE;FALSE;FALSE;1;59;stihl_resultaten.csv
163118138;163118138;2026-09-26;OFFICIAL_EXACT_FOUND;gevonden;"Motorzaag / Benzine MS 440-Z 3/8"" RIM Magnum Motorsäge";Motorzaag;Benzine;"MS 440-Z 3/8"" RIM Magnum Motorsäge";MS 440;MY_STIHL;https://app.stihl.com/nl-nl/mystihl/tools/add/serial-number;authenticated MY STIHL UI lookup;OFFICIAL_WEB_LOOKUP;OFFICIAL_STIHL_LOOKUP;TRUE;FALSE;FALSE;FALSE;1;60;stihl_resultaten.csv
163118139;163118139;2026-09-26;OFFICIAL_EXACT_FOUND;gevonden;"Motorzaag / Benzine MS 440-Z 3/8"" RIM Magnum Motorsäge";Motorzaag;Benzine;"MS 440-Z 3/8"" RIM Magnum Motorsäge";MS 440;MY_STIHL;https://app.stihl.com/nl-nl/mystihl/tools/add/serial-number;authenticated MY STIHL UI lookup;OFFICIAL_WEB_LOOKUP;OFFICIAL_STIHL_LOOKUP;TRUE;FALSE;FALSE;FALSE;1;61;stihl_resultaten.csv
163118140;163118140;2026-09-26;OFFICIAL_EXACT_FOUND;gevonden;"Motorzaag / Benzine MS 440-Z 3/8"" RIM Magnum Motorsäge";Motorzaag;Benzine;"MS 440-Z 3/8"" RIM Magnum Motorsäge";MS 440;MY_STIHL;https://app.stihl.com/nl-nl/mystihl/tools/add/serial-number;authenticated MY STIHL UI lookup;OFFICIAL_WEB_LOOKUP;OFFICIAL_STIHL_LOOKUP;TRUE;FALSE;FALSE;FALSE;1;62;stihl_resultaten.csv
163118141;163118141;2026-09-26;OFFICIAL_EXACT_FOUND;gevonden;"Motorzaag / Benzine MS 440-Z 3/8"" RIM Magnum Motorsäge";Motorzaag;Benzine;"MS 440-Z 3/8"" RIM Magnum Motorsäge";MS 440;MY_STIHL;https://app.stihl.com/nl-nl/mystihl/tools/add/serial-number;authenticated MY STIHL UI lookup;OFFICIAL_WEB_LOOKUP;OFFICIAL_STIHL_LOOKUP;TRUE;FALSE;FALSE;FALSE;1;63;stihl_resultaten.csv
163118142;163118142;2026-09-26;OFFICIAL_EXACT_FOUND;gevonden;"Motorzaag / Benzine MS 440-Z 3/8"" RIM Magnum Motorsäge";Motorzaag;Benzine;"MS 440-Z 3/8"" RIM Magnum Motorsäge";MS 440;MY_STIHL;https://app.stihl.com/nl-nl/mystihl/tools/add/serial-number;authenticated MY STIHL UI lookup;OFFICIAL_WEB_LOOKUP;OFFICIAL_STIHL_LOOKUP;TRUE;FALSE;FALSE;FALSE;1;64;stihl_resultaten.csv
163118143;163118143;2026-09-26;OFFICIAL_EXACT_FOUND;gevonden;"Motorzaag / Benzine MS 440-Z 3/8"" RIM Magnum Motorsäge";Motorzaag;Benzine;"MS 440-Z 3/8"" RIM Magnum Motorsäge";MS 440;MY_STIHL;https://app.stihl.com/nl-nl/mystihl/tools/add/serial-number;authenticated MY STIHL UI lookup;OFFICIAL_WEB_LOOKUP;OFFICIAL_STIHL_LOOKUP;TRUE;FALSE;FALSE;FALSE;1;65;stihl_resultaten.csv
163118144;163118144;2026-09-26;OFFICIAL_EXACT_FOUND;gevonden;"Motorzaag / Benzine MS 440-Z 3/8"" RIM Magnum Motorsäge";Motorzaag;Benzine;"MS 440-Z 3/8"" RIM Magnum Motorsäge";MS 440;MY_STIHL;https://app.stihl.com/nl-nl/mystihl/tools/add/serial-number;authenticated MY STIHL UI lookup;OFFICIAL_WEB_LOOKUP;OFFICIAL_STIHL_LOOKUP;TRUE;FALSE;FALSE;FALSE;1;66;stihl_resultaten.csv
163118145;163118145;2026-09-26;OFFICIAL_EXACT_FOUND;gevonden;"Motorzaag / Benzine MS 440-Z 3/8"" RIM Magnum Motorsäge";Motorzaag;Benzine;"MS 440-Z 3/8"" RIM Magnum Motorsäge";MS 440;MY_STIHL;https://app.stihl.com/nl-nl/mystihl/tools/add/serial-number;authenticated MY STIHL UI lookup;OFFICIAL_WEB_LOOKUP;OFFICIAL_STIHL_LOOKUP;TRUE;FALSE;FALSE;FALSE;1;67;stihl_resultaten.csv
163118146;163118146;2026-09-26;OFFICIAL_EXACT_FOUND;gevonden;"Motorzaag / Benzine MS 440-Z 3/8"" RIM Magnum Motorsäge";Motorzaag;Benzine;"MS 440-Z 3/8"" RIM Magnum Motorsäge";MS 440;MY_STIHL;https://app.stihl.com/nl-nl/mystihl/tools/add/serial-number;authenticated MY STIHL UI lookup;OFFICIAL_WEB_LOOKUP;OFFICIAL_STIHL_LOOKUP;TRUE;FALSE;FALSE;FALSE;1;68;stihl_resultaten.csv
163118147;163118147;2026-09-26;OFFICIAL_EXACT_FOUND;gevonden;"Motorzaag / Benzine MS 440-Z 3/8"" RIM Magnum Motorsäge";Motorzaag;Benzine;"MS 440-Z 3/8"" RIM Magnum Motorsäge";MS 440;MY_STIHL;https://app.stihl.com/nl-nl/mystihl/tools/add/serial-number;authenticated MY STIHL UI lookup;OFFICIAL_WEB_LOOKUP;OFFICIAL_STIHL_LOOKUP;TRUE;FALSE;FALSE;FALSE;1;69;stihl_resultaten.csv
163118148;163118148;2026-09-26;OFFICIAL_EXACT_FOUND;gevonden;"Motorzaag / Benzine MS 440-Z 3/8"" RIM Magnum Motorsäge";Motorzaag;Benzine;"MS 440-Z 3/8"" RIM Magnum Motorsäge";MS 440;MY_STIHL;https://app.stihl.com/nl-nl/mystihl/tools/add/serial-number;authenticated MY STIHL UI lookup;OFFICIAL_WEB_LOOKUP;OFFICIAL_STIHL_LOOKUP;TRUE;FALSE;FALSE;FALSE;1;70;stihl_resultaten.csv
163118149;163118149;2026-09-26;OFFICIAL_EXACT_FOUND;gevonden;"Motorzaag / Benzine MS 440-Z 3/8"" RIM Magnum Motorsäge";Motorzaag;Benzine;"MS 440-Z 3/8"" RIM Magnum Motorsäge";MS 440;MY_STIHL;https://app.stihl.com/nl-nl/mystihl/tools/add/serial-number;authenticated MY STIHL UI lookup;OFFICIAL_WEB_LOOKUP;OFFICIAL_STIHL_LOOKUP;TRUE;FALSE;FALSE;FALSE;1;71;stihl_resultaten.csv
163118150;163118150;2026-09-26;OFFICIAL_EXACT_FOUND;gevonden;"Motorzaag / Benzine MS 440-Z 3/8"" RIM Magnum Motorsäge";Motorzaag;Benzine;"MS 440-Z 3/8"" RIM Magnum Motorsäge";MS 440;MY_STIHL;https://app.stihl.com/nl-nl/mystihl/tools/add/serial-number;authenticated MY STIHL UI lookup;OFFICIAL_WEB_LOOKUP;OFFICIAL_STIHL_LOOKUP;TRUE;FALSE;FALSE;FALSE;1;72;stihl_resultaten.csv
163118151;163118151;2026-09-26;OFFICIAL_EXACT_FOUND;gevonden;"Motorzaag / Benzine MS 440-Z 3/8"" RIM Magnum Motorsäge";Motorzaag;Benzine;"MS 440-Z 3/8"" RIM Magnum Motorsäge";MS 440;MY_STIHL;https://app.stihl.com/nl-nl/mystihl/tools/add/serial-number;authenticated MY STIHL UI lookup;OFFICIAL_WEB_LOOKUP;OFFICIAL_STIHL_LOOKUP;TRUE;FALSE;FALSE;FALSE;1;73;stihl_resultaten.csv
163118152;163118152;2026-09-26;OFFICIAL_EXACT_FOUND;gevonden;"Motorzaag / Benzine MS 440-Z 3/8"" RIM Magnum Motorsäge";Motorzaag;Benzine;"MS 440-Z 3/8"" RIM Magnum Motorsäge";MS 440;MY_STIHL;https://app.stihl.com/nl-nl/mystihl/tools/add/serial-number;authenticated MY STIHL UI lookup;OFFICIAL_WEB_LOOKUP;OFFICIAL_STIHL_LOOKUP;TRUE;FALSE;FALSE;FALSE;1;74;stihl_resultaten.csv
163118153;163118153;2026-09-26;OFFICIAL_EXACT_FOUND;gevonden;"Motorzaag / Benzine MS 440-Z 3/8"" RIM Magnum Motorsäge";Motorzaag;Benzine;"MS 440-Z 3/8"" RIM Magnum Motorsäge";MS 440;MY_STIHL;https://app.stihl.com/nl-nl/mystihl/tools/add/serial-number;authenticated MY STIHL UI lookup;OFFICIAL_WEB_LOOKUP;OFFICIAL_STIHL_LOOKUP;TRUE;FALSE;FALSE;FALSE;1;75;stihl_resultaten.csv
163118154;163118154;2026-09-26;OFFICIAL_EXACT_FOUND;gevonden;"Motorzaag / Benzine MS 440-Z 3/8"" RIM Magnum Motorsäge";Motorzaag;Benzine;"MS 440-Z 3/8"" RIM Magnum Motorsäge";MS 440;MY_STIHL;https://app.stihl.com/nl-nl/mystihl/tools/add/serial-number;authenticated MY STIHL UI lookup;OFFICIAL_WEB_LOOKUP;OFFICIAL_STIHL_LOOKUP;TRUE;FALSE;FALSE;FALSE;1;76;stihl_resultaten.csv
163118155;163118155;2026-09-26;OFFICIAL_EXACT_FOUND;gevonden;"Motorzaag / Benzine MS 440-Z 3/8"" RIM Magnum Motorsäge";Motorzaag;Benzine;"MS 440-Z 3/8"" RIM Magnum Motorsäge";MS 440;MY_STIHL;https://app.stihl.com/nl-nl/mystihl/tools/add/serial-number;authenticated MY STIHL UI lookup;OFFICIAL_WEB_LOOKUP;OFFICIAL_STIHL_LOOKUP;TRUE;FALSE;FALSE;FALSE;1;77;stihl_resultaten.csv
163118156;163118156;2026-09-26;OFFICIAL_EXACT_FOUND;gevonden;"Motorzaag / Benzine MS 440-Z 3/8"" RIM Magnum Motorsäge";Motorzaag;Benzine;"MS 440-Z 3/8"" RIM Magnum Motorsäge";MS 440;MY_STIHL;https://app.stihl.com/nl-nl/mystihl/tools/add/serial-number;authenticated MY STIHL UI lookup;OFFICIAL_WEB_LOOKUP;OFFICIAL_STIHL_LOOKUP;TRUE;FALSE;FALSE;FALSE;1;78;stihl_resultaten.csv
163118157;163118157;2026-09-26;OFFICIAL_EXACT_FOUND;gevonden;"Motorzaag / Benzine MS 440-Z 3/8"" RIM Magnum Motorsäge";Motorzaag;Benzine;"MS 440-Z 3/8"" RIM Magnum Motorsäge";MS 440;MY_STIHL;https://app.stihl.com/nl-nl/mystihl/tools/add/serial-number;authenticated MY STIHL UI lookup;OFFICIAL_WEB_LOOKUP;OFFICIAL_STIHL_LOOKUP;TRUE;FALSE;FALSE;FALSE;1;79;stihl_resultaten.csv
163118158;163118158;2026-09-26;OFFICIAL_EXACT_FOUND;gevonden;"Motorzaag / Benzine MS 440-Z 3/8"" RIM Magnum Motorsäge";Motorzaag;Benzine;"MS 440-Z 3/8"" RIM Magnum Motorsäge";MS 440;MY_STIHL;https://app.stihl.com/nl-nl/mystihl/tools/add/serial-number;authenticated MY STIHL UI lookup;OFFICIAL_WEB_LOOKUP;OFFICIAL_STIHL_LOOKUP;TRUE;FALSE;FALSE;FALSE;1;80;stihl_resultaten.csv
163118159;163118159;2026-09-26;OFFICIAL_EXACT_FOUND;gevonden;"Motorzaag / Benzine MS 440-Z 3/8"" RIM Magnum Motorsäge";Motorzaag;Benzine;"MS 440-Z 3/8"" RIM Magnum Motorsäge";MS 440;MY_STIHL;https://app.stihl.com/nl-nl/mystihl/tools/add/serial-number;authenticated MY STIHL UI lookup;OFFICIAL_WEB_LOOKUP;OFFICIAL_STIHL_LOOKUP;TRUE;FALSE;FALSE;FALSE;1;81;stihl_resultaten.csv
163118160;163118160;2026-09-26;OFFICIAL_EXACT_FOUND;gevonden;"Motorzaag / Benzine MS 440-Z 3/8"" RIM Magnum Motorsäge";Motorzaag;Benzine;"MS 440-Z 3/8"" RIM Magnum Motorsäge";MS 440;MY_STIHL;https://app.stihl.com/nl-nl/mystihl/tools/add/serial-number;authenticated MY STIHL UI lookup;OFFICIAL_WEB_LOOKUP;OFFICIAL_STIHL_LOOKUP;TRUE;FALSE;FALSE;FALSE;1;82;stihl_resultaten.csv
163118161;163118161;2026-09-26;OFFICIAL_EXACT_FOUND;gevonden;"Motorzaag / Benzine MS 440-Z 3/8"" RIM Magnum Motorsäge";Motorzaag;Benzine;"MS 440-Z 3/8"" RIM Magnum Motorsäge";MS 440;MY_STIHL;https://app.stihl.com/nl-nl/mystihl/tools/add/serial-number;authenticated MY STIHL UI lookup;OFFICIAL_WEB_LOOKUP;OFFICIAL_STIHL_LOOKUP;TRUE;FALSE;FALSE;FALSE;1;83;stihl_resultaten.csv
163118162;163118162;2026-09-26;OFFICIAL_EXACT_FOUND;gevonden;"Motorzaag / Benzine MS 440-Z 3/8"" RIM Magnum Motorsäge";Motorzaag;Benzine;"MS 440-Z 3/8"" RIM Magnum Motorsäge";MS 440;MY_STIHL;https://app.stihl.com/nl-nl/mystihl/tools/add/serial-number;authenticated MY STIHL UI lookup;OFFICIAL_WEB_LOOKUP;OFFICIAL_STIHL_LOOKUP;TRUE;FALSE;FALSE;FALSE;1;84;stihl_resultaten.csv
163118163;163118163;2026-09-26;OFFICIAL_EXACT_FOUND;gevonden;"Motorzaag / Benzine MS 440-Z 3/8"" RIM Magnum Motorsäge";Motorzaag;Benzine;"MS 440-Z 3/8"" RIM Magnum Motorsäge";MS 440;MY_STIHL;https://app.stihl.com/nl-nl/mystihl/tools/add/serial-number;authenticated MY STIHL UI lookup;OFFICIAL_WEB_LOOKUP;OFFICIAL_STIHL_LOOKUP;TRUE;FALSE;FALSE;FALSE;1;85;stihl_resultaten.csv
163118164;163118164;2026-09-26;OFFICIAL_EXACT_FOUND;gevonden;"Motorzaag / Benzine MS 440-Z 3/8"" RIM Magnum Motorsäge";Motorzaag;Benzine;"MS 440-Z 3/8"" RIM Magnum Motorsäge";MS 440;MY_STIHL;https://app.stihl.com/nl-nl/mystihl/tools/add/serial-number;authenticated MY STIHL UI lookup;OFFICIAL_WEB_LOOKUP;OFFICIAL_STIHL_LOOKUP;TRUE;FALSE;FALSE;FALSE;1;86;stihl_resultaten.csv
163118165;163118165;2026-09-26;OFFICIAL_EXACT_FOUND;gevonden;"Motorzaag / Benzine MS 440-Z 3/8"" RIM Magnum Motorsäge";Motorzaag;Benzine;"MS 440-Z 3/8"" RIM Magnum Motorsäge";MS 440;MY_STIHL;https://app.stihl.com/nl-nl/mystihl/tools/add/serial-number;authenticated MY STIHL UI lookup;OFFICIAL_WEB_LOOKUP;OFFICIAL_STIHL_LOOKUP;TRUE;FALSE;FALSE;FALSE;1;87;stihl_resultaten.csv
163118166;163118166;2026-09-26;OFFICIAL_EXACT_FOUND;gevonden;"Motorzaag / Benzine MS 440-Z 3/8"" RIM Magnum Motorsäge";Motorzaag;Benzine;"MS 440-Z 3/8"" RIM Magnum Motorsäge";MS 440;MY_STIHL;https://app.stihl.com/nl-nl/mystihl/tools/add/serial-number;authenticated MY STIHL UI lookup;OFFICIAL_WEB_LOOKUP;OFFICIAL_STIHL_LOOKUP;TRUE;FALSE;FALSE;FALSE;1;88;stihl_resultaten.csv
163118167;163118167;2026-09-26;OFFICIAL_EXACT_FOUND;gevonden;"Motorzaag / Benzine MS 440-Z 3/8"" RIM Magnum Motorsäge";Motorzaag;Benzine;"MS 440-Z 3/8"" RIM Magnum Motorsäge";MS 440;MY_STIHL;https://app.stihl.com/nl-nl/mystihl/tools/add/serial-number;authenticated MY STIHL UI lookup;OFFICIAL_WEB_LOOKUP;OFFICIAL_STIHL_LOOKUP;TRUE;FALSE;FALSE;FALSE;1;89;stihl_resultaten.csv
163118168;163118168;2026-09-26;OFFICIAL_EXACT_FOUND;gevonden;"Motorzaag / Benzine MS 440-Z 3/8"" RIM Magnum Motorsäge";Motorzaag;Benzine;"MS 440-Z 3/8"" RIM Magnum Motorsäge";MS 440;MY_STIHL;https://app.stihl.com/nl-nl/mystihl/tools/add/serial-number;authenticated MY STIHL UI lookup;OFFICIAL_WEB_LOOKUP;OFFICIAL_STIHL_LOOKUP;TRUE;FALSE;FALSE;FALSE;1;90;stihl_resultaten.csv
163118169;163118169;2026-09-26;OFFICIAL_EXACT_FOUND;gevonden;"Motorzaag / Benzine MS 440-Z 3/8"" RIM Magnum Motorsäge";Motorzaag;Benzine;"MS 440-Z 3/8"" RIM Magnum Motorsäge";MS 440;MY_STIHL;https://app.stihl.com/nl-nl/mystihl/tools/add/serial-number;authenticated MY STIHL UI lookup;OFFICIAL_WEB_LOOKUP;OFFICIAL_STIHL_LOOKUP;TRUE;FALSE;FALSE;FALSE;1;91;stihl_resultaten.csv
163118170;163118170;2026-09-26;OFFICIAL_EXACT_FOUND;gevonden;"Motorzaag / Benzine MS 440-Z 3/8"" RIM Magnum Motorsäge";Motorzaag;Benzine;"MS 440-Z 3/8"" RIM Magnum Motorsäge";MS 440;MY_STIHL;https://app.stihl.com/nl-nl/mystihl/tools/add/serial-number;authenticated MY STIHL UI lookup;OFFICIAL_WEB_LOOKUP;OFFICIAL_STIHL_LOOKUP;TRUE;FALSE;FALSE;FALSE;1;92;stihl_resultaten.csv
163118171;163118171;2026-09-26;OFFICIAL_EXACT_FOUND;gevonden;"Motorzaag / Benzine MS 440-Z 3/8"" RIM Magnum Motorsäge";Motorzaag;Benzine;"MS 440-Z 3/8"" RIM Magnum Motorsäge";MS 440;MY_STIHL;https://app.stihl.com/nl-nl/mystihl/tools/add/serial-number;authenticated MY STIHL UI lookup;OFFICIAL_WEB_LOOKUP;OFFICIAL_STIHL_LOOKUP;TRUE;FALSE;FALSE;FALSE;1;93;stihl_resultaten.csv
163118172;163118172;2026-09-26;OFFICIAL_EXACT_FOUND;gevonden;"Motorzaag / Benzine MS 440-Z 3/8"" RIM Magnum Motorsäge";Motorzaag;Benzine;"MS 440-Z 3/8"" RIM Magnum Motorsäge";MS 440;MY_STIHL;https://app.stihl.com/nl-nl/mystihl/tools/add/serial-number;authenticated MY STIHL UI lookup;OFFICIAL_WEB_LOOKUP;OFFICIAL_STIHL_LOOKUP;TRUE;FALSE;FALSE;FALSE;1;94;stihl_resultaten.csv
163118173;163118173;2026-09-26;OFFICIAL_EXACT_FOUND;gevonden;"Motorzaag / Benzine MS 440-Z 3/8"" RIM Magnum Motorsäge";Motorzaag;Benzine;"MS 440-Z 3/8"" RIM Magnum Motorsäge";MS 440;MY_STIHL;https://app.stihl.com/nl-nl/mystihl/tools/add/serial-number;authenticated MY STIHL UI lookup;OFFICIAL_WEB_LOOKUP;OFFICIAL_STIHL_LOOKUP;TRUE;FALSE;FALSE;FALSE;1;95;stihl_resultaten.csv
163118174;163118174;2026-09-26;OFFICIAL_EXACT_FOUND;gevonden;"Motorzaag / Benzine MS 440-Z 3/8"" RIM Magnum Motorsäge";Motorzaag;Benzine;"MS 440-Z 3/8"" RIM Magnum Motorsäge";MS 440;MY_STIHL;https://app.stihl.com/nl-nl/mystihl/tools/add/serial-number;authenticated MY STIHL UI lookup;OFFICIAL_WEB_LOOKUP;OFFICIAL_STIHL_LOOKUP;TRUE;FALSE;FALSE;FALSE;1;96;stihl_resultaten.csv
163118175;163118175;2026-09-26;OFFICIAL_EXACT_FOUND;gevonden;"Motorzaag / Benzine MS 440-Z 3/8"" RIM Magnum Motorsäge";Motorzaag;Benzine;"MS 440-Z 3/8"" RIM Magnum Motorsäge";MS 440;MY_STIHL;https://app.stihl.com/nl-nl/mystihl/tools/add/serial-number;authenticated MY STIHL UI lookup;OFFICIAL_WEB_LOOKUP;OFFICIAL_STIHL_LOOKUP;TRUE;FALSE;FALSE;FALSE;1;97;stihl_resultaten.csv
163118176;163118176;2026-09-26;OFFICIAL_EXACT_FOUND;gevonden;"Motorzaag / Benzine MS 440-Z 3/8"" RIM Magnum Motorsäge";Motorzaag;Benzine;"MS 440-Z 3/8"" RIM Magnum Motorsäge";MS 440;MY_STIHL;https://app.stihl.com/nl-nl/mystihl/tools/add/serial-number;authenticated MY STIHL UI lookup;OFFICIAL_WEB_LOOKUP;OFFICIAL_STIHL_LOOKUP;TRUE;FALSE;FALSE;FALSE;1;98;stihl_resultaten.csv
163118177;163118177;2026-09-26;OFFICIAL_EXACT_FOUND;gevonden;"Motorzaag / Benzine MS 440-Z 3/8"" RIM Magnum Motorsäge";Motorzaag;Benzine;"MS 440-Z 3/8"" RIM Magnum Motorsäge";MS 440;MY_STIHL;https://app.stihl.com/nl-nl/mystihl/tools/add/serial-number;authenticated MY STIHL UI lookup;OFFICIAL_WEB_LOOKUP;OFFICIAL_STIHL_LOOKUP;TRUE;FALSE;FALSE;FALSE;1;99;stihl_resultaten.csv
163118178;163118178;2026-09-26;OFFICIAL_EXACT_FOUND;gevonden;"Motorzaag / Benzine MS 440-Z 3/8"" RIM Magnum Motorsäge";Motorzaag;Benzine;"MS 440-Z 3/8"" RIM Magnum Motorsäge";MS 440;MY_STIHL;https://app.stihl.com/nl-nl/mystihl/tools/add/serial-number;authenticated MY STIHL UI lookup;OFFICIAL_WEB_LOOKUP;OFFICIAL_STIHL_LOOKUP;TRUE;FALSE;FALSE;FALSE;1;100;stihl_resultaten.csv
163118179;163118179;2026-09-26;OFFICIAL_EXACT_FOUND;gevonden;"Motorzaag / Benzine MS 440-Z 3/8"" RIM Magnum Motorsäge";Motorzaag;Benzine;"MS 440-Z 3/8"" RIM Magnum Motorsäge";MS 440;MY_STIHL;https://app.stihl.com/nl-nl/mystihl/tools/add/serial-number;authenticated MY STIHL UI lookup;OFFICIAL_WEB_LOOKUP;OFFICIAL_STIHL_LOOKUP;TRUE;FALSE;FALSE;FALSE;1;101;stihl_resultaten.csv
163128080;;2026-09-26;TECHNICAL_TIMEOUT;time-out;;;;;;MY_STIHL;https://app.stihl.com/nl-nl/mystihl/tools/add;authenticated MY STIHL UI lookup;TECHNICAL_TIMEOUT;;FALSE;FALSE;TRUE;FALSE;1;103;stihl_resultaten.csv
163138080;;2026-09-26;TECHNICAL_TIMEOUT;time-out;;;;;;MY_STIHL;https://app.stihl.com/nl-nl/mystihl/tools/add;authenticated MY STIHL UI lookup;TECHNICAL_TIMEOUT;;FALSE;FALSE;TRUE;FALSE;1;104;stihl_resultaten.csv
163148080;163148080;2026-09-26;OFFICIAL_EXACT_FOUND;gevonden;"Motorzaag / Benzine MS 260-W .325"" P Motorsäge";Motorzaag;Benzine;"MS 260-W .325"" P Motorsäge";MS;MY_STIHL;https://app.stihl.com/nl-nl/mystihl/tools/add/serial-number;authenticated MY STIHL UI lookup;OFFICIAL_WEB_LOOKUP;OFFICIAL_STIHL_LOOKUP;TRUE;FALSE;FALSE;FALSE;1;105;stihl_resultaten.csv
163158080;163158080;2026-09-26;OFFICIAL_EXACT_FOUND;gevonden;"Heggenschaar / Benzine HS 45 Heckenschere, 600mm/24""";Heggenschaar;Benzine;"HS 45 Heckenschere, 600mm/24""";HS 45;MY_STIHL;https://app.stihl.com/nl-nl/mystihl/tools/add/serial-number;authenticated MY STIHL UI lookup;OFFICIAL_WEB_LOOKUP;OFFICIAL_STIHL_LOOKUP;TRUE;FALSE;FALSE;FALSE;1;106;stihl_resultaten.csv
163168080;;2026-09-26;TECHNICAL_TIMEOUT;time-out;;;;;;MY_STIHL;https://app.stihl.com/nl-nl/mystihl/tools/add;authenticated MY STIHL UI lookup;TECHNICAL_TIMEOUT;;FALSE;FALSE;TRUE;FALSE;1;107;stihl_resultaten.csv
163178080;163178080;2026-09-26;OFFICIAL_EXACT_FOUND;gevonden;"Hoogsnoeier / Benzine HT 75 3/8""P P Hoch-Entaster";Hoogsnoeier;Benzine;"HT 75 3/8""P P Hoch-Entaster";HT 75;MY_STIHL;https://app.stihl.com/nl-nl/mystihl/tools/add/serial-number;authenticated MY STIHL UI lookup;OFFICIAL_WEB_LOOKUP;OFFICIAL_STIHL_LOOKUP;TRUE;FALSE;FALSE;FALSE;1;108;stihl_resultaten.csv
163188080;163188080;2026-09-26;OFFICIAL_EXACT_FOUND;gevonden;"Motorzaag / Elektrisch MSE 180 C-BQ 3/8""P Elektro-Motorsäge";Motorzaag;Elektrisch;"MSE 180 C-BQ 3/8""P Elektro-Motorsäge";MSE 180 C-BQ;MY_STIHL;https://app.stihl.com/nl-nl/mystihl/tools/add/serial-number;authenticated MY STIHL UI lookup;OFFICIAL_WEB_LOOKUP;OFFICIAL_STIHL_LOOKUP;TRUE;FALSE;FALSE;FALSE;1;109;stihl_resultaten.csv
163198080;163198080;2026-09-26;OFFICIAL_EXACT_FOUND;gevonden;Doorslijpmachine / Benzine TS 400-Z Trennschleifer;Doorslijpmachine;Benzine;TS 400-Z Trennschleifer;TS 400;MY_STIHL;https://app.stihl.com/nl-nl/mystihl/tools/add/serial-number;authenticated MY STIHL UI lookup;OFFICIAL_WEB_LOOKUP;OFFICIAL_STIHL_LOOKUP;TRUE;FALSE;FALSE;FALSE;1;110;stihl_resultaten.csv
163200000;163200000;2026-09-26;OFFICIAL_EXACT_FOUND;gevonden;Doorslijpmachine / Benzine TS 400-Z Trennschleifer;Doorslijpmachine;Benzine;TS 400-Z Trennschleifer;TS 400;MY_STIHL;https://app.stihl.com/nl-nl/mystihl/tools/add/serial-number;authenticated MY STIHL UI lookup;OFFICIAL_WEB_LOOKUP;OFFICIAL_STIHL_LOOKUP;TRUE;FALSE;FALSE;FALSE;1;204;stihl_resultaten.csv
163208080;163208080;2026-09-26;OFFICIAL_EXACT_FOUND;gevonden;Bosmaaier / Benzine FS 120 Motorsense;Bosmaaier;Benzine;FS 120 Motorsense;FS 120;MY_STIHL;https://app.stihl.com/nl-nl/mystihl/tools/add/serial-number;authenticated MY STIHL UI lookup;OFFICIAL_WEB_LOOKUP;OFFICIAL_STIHL_LOOKUP;TRUE;FALSE;FALSE;FALSE;1;111;stihl_resultaten.csv
163218080;163218080;2026-09-26;OFFICIAL_EXACT_FOUND;gevonden;"Motorzaag / Benzine MS 230 3/8""P Motorsäge";Motorzaag;Benzine;"MS 230 3/8""P Motorsäge";MS 230;MY_STIHL;https://app.stihl.com/nl-nl/mystihl/tools/add/serial-number;authenticated MY STIHL UI lookup;OFFICIAL_WEB_LOOKUP;OFFICIAL_STIHL_LOOKUP;TRUE;FALSE;FALSE;FALSE;1;112;stihl_resultaten.csv
163228080;;2026-09-26;TECHNICAL_TIMEOUT;time-out;;;;;;MY_STIHL;https://app.stihl.com/nl-nl/mystihl/tools/add;authenticated MY STIHL UI lookup;TECHNICAL_TIMEOUT;;FALSE;FALSE;TRUE;FALSE;1;113;stihl_resultaten.csv
163238080;163238080;2026-09-26;OFFICIAL_EXACT_FOUND;gevonden;"Motorzaag / Benzine MS 230 3/8""P Motorsäge";Motorzaag;Benzine;"MS 230 3/8""P Motorsäge";MS 230;MY_STIHL;https://app.stihl.com/nl-nl/mystihl/tools/add/serial-number;authenticated MY STIHL UI lookup;OFFICIAL_WEB_LOOKUP;OFFICIAL_STIHL_LOOKUP;TRUE;FALSE;FALSE;FALSE;1;114;stihl_resultaten.csv
163248080;163248080;2026-09-26;OFFICIAL_EXACT_FOUND;gevonden;Bosmaaier / Benzine FS 80 Motorsense;Bosmaaier;Benzine;FS 80 Motorsense;FS 80;MY_STIHL;https://app.stihl.com/nl-nl/mystihl/tools/add/serial-number;authenticated MY STIHL UI lookup;OFFICIAL_WEB_LOOKUP;OFFICIAL_STIHL_LOOKUP;TRUE;FALSE;FALSE;FALSE;1;115;stihl_resultaten.csv
163258080;163258080;2026-09-26;OFFICIAL_EXACT_FOUND;gevonden;"Toebehoren / Benzine HS 246 600mm/24"" Heckenschere";Toebehoren;Benzine;"HS 246 600mm/24"" Heckenschere";HS 246;MY_STIHL;https://app.stihl.com/nl-nl/mystihl/tools/add/serial-number;authenticated MY STIHL UI lookup;OFFICIAL_WEB_LOOKUP;OFFICIAL_STIHL_LOOKUP;TRUE;FALSE;FALSE;FALSE;1;116;stihl_resultaten.csv
163268080;163268080;2026-09-26;OFFICIAL_EXACT_FOUND;gevonden;"Motorzaag / Benzine MS 260 .325"" P Motorsäge";Motorzaag;Benzine;"MS 260 .325"" P Motorsäge";MS 260;MY_STIHL;https://app.stihl.com/nl-nl/mystihl/tools/add/serial-number;authenticated MY STIHL UI lookup;OFFICIAL_WEB_LOOKUP;OFFICIAL_STIHL_LOOKUP;TRUE;FALSE;FALSE;FALSE;1;117;stihl_resultaten.csv
163278080;163278080;2026-09-26;OFFICIAL_EXACT_FOUND;gevonden;"Motorzaag / Benzine MS 440 3/8"" R Motorsäge";Motorzaag;Benzine;"MS 440 3/8"" R Motorsäge";MS 440;MY_STIHL;https://app.stihl.com/nl-nl/mystihl/tools/add/serial-number;authenticated MY STIHL UI lookup;OFFICIAL_WEB_LOOKUP;OFFICIAL_STIHL_LOOKUP;TRUE;FALSE;FALSE;FALSE;1;118;stihl_resultaten.csv
163288080;163288080;2026-09-26;OFFICIAL_EXACT_FOUND;gevonden;Bosmaaier / Benzine FS 85 Motorsense;Bosmaaier;Benzine;FS 85 Motorsense;FS 85;MY_STIHL;https://app.stihl.com/nl-nl/mystihl/tools/add/serial-number;authenticated MY STIHL UI lookup;OFFICIAL_WEB_LOOKUP;OFFICIAL_STIHL_LOOKUP;TRUE;FALSE;FALSE;FALSE;1;119;stihl_resultaten.csv
163298080;163298080;2026-09-26;OFFICIAL_EXACT_FOUND;gevonden;"Motorzaag / Benzine MS 290 3/8"" P Motorsäge";Motorzaag;Benzine;"MS 290 3/8"" P Motorsäge";MS 290;MY_STIHL;https://app.stihl.com/nl-nl/mystihl/tools/add/serial-number;authenticated MY STIHL UI lookup;OFFICIAL_WEB_LOOKUP;OFFICIAL_STIHL_LOOKUP;TRUE;FALSE;FALSE;FALSE;1;120;stihl_resultaten.csv
163300000;163300000;2026-09-26;OFFICIAL_EXACT_FOUND;gevonden;Bosmaaier / Benzine FS 55 Motorsense;Bosmaaier;Benzine;FS 55 Motorsense;FS 55;MY_STIHL;https://app.stihl.com/nl-nl/mystihl/tools/add/serial-number;authenticated MY STIHL UI lookup;OFFICIAL_WEB_LOOKUP;OFFICIAL_STIHL_LOOKUP;TRUE;FALSE;FALSE;FALSE;1;205;stihl_resultaten.csv
163308080;163308080;2026-09-26;OFFICIAL_EXACT_FOUND;gevonden;Bosmaaier / Benzine FS 400 Freischneider;Bosmaaier;Benzine;FS 400 Freischneider;FS 400;MY_STIHL;https://app.stihl.com/nl-nl/mystihl/tools/add/serial-number;authenticated MY STIHL UI lookup;OFFICIAL_WEB_LOOKUP;OFFICIAL_STIHL_LOOKUP;TRUE;FALSE;FALSE;FALSE;1;121;stihl_resultaten.csv
163318080;163318080;2026-09-26;OFFICIAL_EXACT_FOUND;gevonden;"Motorzaag / Benzine MS 210 C-BE 3/8""P P Motorsäge";Motorzaag;Benzine;"MS 210 C-BE 3/8""P P Motorsäge";MS 210 C-BE;MY_STIHL;https://app.stihl.com/nl-nl/mystihl/tools/add/serial-number;authenticated MY STIHL UI lookup;OFFICIAL_WEB_LOOKUP;OFFICIAL_STIHL_LOOKUP;TRUE;FALSE;FALSE;FALSE;1;122;stihl_resultaten.csv
163328080;163328080;2026-09-26;OFFICIAL_EXACT_FOUND;gevonden;Bosmaaier / Benzine FS 350 Freischneider;Bosmaaier;Benzine;FS 350 Freischneider;FS 350;MY_STIHL;https://app.stihl.com/nl-nl/mystihl/tools/add/serial-number;authenticated MY STIHL UI lookup;OFFICIAL_WEB_LOOKUP;OFFICIAL_STIHL_LOOKUP;TRUE;FALSE;FALSE;FALSE;1;123;stihl_resultaten.csv
163338080;163338080;2026-09-26;OFFICIAL_EXACT_FOUND;gevonden;Bosmaaier / Benzine FS 55 R Motorsense;Bosmaaier;Benzine;FS 55 R Motorsense;FS 55 R;MY_STIHL;https://app.stihl.com/nl-nl/mystihl/tools/add/serial-number;authenticated MY STIHL UI lookup;OFFICIAL_WEB_LOOKUP;OFFICIAL_STIHL_LOOKUP;TRUE;FALSE;FALSE;FALSE;1;124;stihl_resultaten.csv
163348080;163348080;2026-09-26;OFFICIAL_EXACT_FOUND;gevonden;"Motorzaag / Benzine MS 230 C-BE .325"" P Motorsäge";Motorzaag;Benzine;"MS 230 C-BE .325"" P Motorsäge";MS 230 C-BE;MY_STIHL;https://app.stihl.com/nl-nl/mystihl/tools/add/serial-number;authenticated MY STIHL UI lookup;OFFICIAL_WEB_LOOKUP;OFFICIAL_STIHL_LOOKUP;TRUE;FALSE;FALSE;FALSE;1;125;stihl_resultaten.csv
163358080;163358080;2026-09-26;OFFICIAL_EXACT_FOUND;gevonden;"Motorzaag / Benzine MS 230 C-BE Z .325"" P WoodBoss Motorsäge";Motorzaag;Benzine;"MS 230 C-BE Z .325"" P WoodBoss Motorsäge";MS 230 C-BE;MY_STIHL;https://app.stihl.com/nl-nl/mystihl/tools/add/serial-number;authenticated MY STIHL UI lookup;OFFICIAL_WEB_LOOKUP;OFFICIAL_STIHL_LOOKUP;TRUE;FALSE;FALSE;FALSE;1;126;stihl_resultaten.csv
163368080;163368080;2026-09-26;OFFICIAL_EXACT_FOUND;gevonden;Doorslijpmachine / Benzine TS 400-Z Trennschleifer;Doorslijpmachine;Benzine;TS 400-Z Trennschleifer;TS 400;MY_STIHL;https://app.stihl.com/nl-nl/mystihl/tools/add/serial-number;authenticated MY STIHL UI lookup;OFFICIAL_WEB_LOOKUP;OFFICIAL_STIHL_LOOKUP;TRUE;FALSE;FALSE;FALSE;1;127;stihl_resultaten.csv
163378080;163378080;2026-09-26;OFFICIAL_EXACT_FOUND;gevonden;"Motorzaag / Benzine 070 .404"" P Motorsäge";Motorzaag;Benzine;"070 .404"" P Motorsäge";070;MY_STIHL;https://app.stihl.com/nl-nl/mystihl/tools/add/serial-number;authenticated MY STIHL UI lookup;OFFICIAL_WEB_LOOKUP;OFFICIAL_STIHL_LOOKUP;TRUE;FALSE;FALSE;FALSE;1;128;stihl_resultaten.csv
163388080;163388080;2026-09-26;OFFICIAL_EXACT_FOUND;gevonden;"Heggenschaar / Benzine HS 75 Heckenschere,600mm/24""";Heggenschaar;Benzine;"HS 75 Heckenschere,600mm/24""";HS 75;MY_STIHL;https://app.stihl.com/nl-nl/mystihl/tools/add/serial-number;authenticated MY STIHL UI lookup;OFFICIAL_WEB_LOOKUP;OFFICIAL_STIHL_LOOKUP;TRUE;FALSE;FALSE;FALSE;1;129;stihl_resultaten.csv
163398080;163398080;2026-09-26;OFFICIAL_EXACT_FOUND;gevonden;Zuighakselaar / Benzine SH 85 SaugHäcksler;Zuighakselaar;Benzine;SH 85 SaugHäcksler;SH 85;MY_STIHL;https://app.stihl.com/nl-nl/mystihl/tools/add/serial-number;authenticated MY STIHL UI lookup;OFFICIAL_WEB_LOOKUP;OFFICIAL_STIHL_LOOKUP;TRUE;FALSE;FALSE;FALSE;1;130;stihl_resultaten.csv
163400000;163400000;2026-09-26;OFFICIAL_EXACT_FOUND;gevonden;Doorslijpmachine / Benzine TS 400 Trennschleifer;Doorslijpmachine;Benzine;TS 400 Trennschleifer;TS 400;MY_STIHL;https://app.stihl.com/nl-nl/mystihl/tools/add/serial-number;authenticated MY STIHL UI lookup;OFFICIAL_WEB_LOOKUP;OFFICIAL_STIHL_LOOKUP;TRUE;FALSE;FALSE;FALSE;1;206;stihl_resultaten.csv
163408080;;2026-09-26;TECHNICAL_TIMEOUT;time-out;;;;;;MY_STIHL;https://app.stihl.com/nl-nl/mystihl/tools/add;authenticated MY STIHL UI lookup;TECHNICAL_TIMEOUT;;FALSE;FALSE;TRUE;FALSE;1;131;stihl_resultaten.csv
163418080;163418080;2026-09-26;OFFICIAL_EXACT_FOUND;gevonden;"Motorzaag / Benzine MS 310 3/8"" P Motorsäge";Motorzaag;Benzine;"MS 310 3/8"" P Motorsäge";MS 310;MY_STIHL;https://app.stihl.com/nl-nl/mystihl/tools/add/serial-number;authenticated MY STIHL UI lookup;OFFICIAL_WEB_LOOKUP;OFFICIAL_STIHL_LOOKUP;TRUE;FALSE;FALSE;FALSE;1;132;stihl_resultaten.csv
163428080;163428080;2026-09-26;OFFICIAL_EXACT_FOUND;gevonden;"Motorzaag / Benzine MS 390 3/8"" P Motorsäge";Motorzaag;Benzine;"MS 390 3/8"" P Motorsäge";MS 390;MY_STIHL;https://app.stihl.com/nl-nl/mystihl/tools/add/serial-number;authenticated MY STIHL UI lookup;OFFICIAL_WEB_LOOKUP;OFFICIAL_STIHL_LOOKUP;TRUE;FALSE;FALSE;FALSE;1;133;stihl_resultaten.csv
163438080;163438080;2026-09-26;OFFICIAL_EXACT_FOUND;gevonden;"Heggenschaar / Benzine HS 80 Heckenschere,600mm/24""";Heggenschaar;Benzine;"HS 80 Heckenschere,600mm/24""";HS 80;MY_STIHL;https://app.stihl.com/nl-nl/mystihl/tools/add/serial-number;authenticated MY STIHL UI lookup;OFFICIAL_WEB_LOOKUP;OFFICIAL_STIHL_LOOKUP;TRUE;FALSE;FALSE;FALSE;1;134;stihl_resultaten.csv
163448080;;2026-09-26;TECHNICAL_TIMEOUT;time-out;;;;;;MY_STIHL;https://app.stihl.com/nl-nl/mystihl/tools/add;authenticated MY STIHL UI lookup;TECHNICAL_TIMEOUT;;FALSE;FALSE;TRUE;FALSE;1;135;stihl_resultaten.csv
163458080;163458080;2026-09-26;OFFICIAL_EXACT_FOUND;gevonden;"Motorzaag / Benzine MS 230 3/8""P Motorsäge";Motorzaag;Benzine;"MS 230 3/8""P Motorsäge";MS 230;MY_STIHL;https://app.stihl.com/nl-nl/mystihl/tools/add/serial-number;authenticated MY STIHL UI lookup;OFFICIAL_WEB_LOOKUP;OFFICIAL_STIHL_LOOKUP;TRUE;FALSE;FALSE;FALSE;1;136;stihl_resultaten.csv
163468080;163468080;2026-09-26;OFFICIAL_EXACT_FOUND;gevonden;Bosmaaier / Benzine FS 400 Freischneider;Bosmaaier;Benzine;FS 400 Freischneider;FS 400;MY_STIHL;https://app.stihl.com/nl-nl/mystihl/tools/add/serial-number;authenticated MY STIHL UI lookup;OFFICIAL_WEB_LOOKUP;OFFICIAL_STIHL_LOOKUP;TRUE;FALSE;FALSE;FALSE;1;137;stihl_resultaten.csv
163478080;163478080;2026-09-26;OFFICIAL_EXACT_FOUND;gevonden;"Motorzaag / Benzine MS 250 C-BE Z .325"" P WoodBoss Motorsäge";Motorzaag;Benzine;"MS 250 C-BE Z .325"" P WoodBoss Motorsäge";MS 250 C-BE;MY_STIHL;https://app.stihl.com/nl-nl/mystihl/tools/add/serial-number;authenticated MY STIHL UI lookup;OFFICIAL_WEB_LOOKUP;OFFICIAL_STIHL_LOOKUP;TRUE;FALSE;FALSE;FALSE;1;138;stihl_resultaten.csv
163488080;163488080;2026-09-26;OFFICIAL_EXACT_FOUND;gevonden;Bosmaaier / Benzine FS 55 Motorsense;Bosmaaier;Benzine;FS 55 Motorsense;FS 55;MY_STIHL;https://app.stihl.com/nl-nl/mystihl/tools/add/serial-number;authenticated MY STIHL UI lookup;OFFICIAL_WEB_LOOKUP;OFFICIAL_STIHL_LOOKUP;TRUE;FALSE;FALSE;FALSE;1;139;stihl_resultaten.csv
163498080;163498080;2026-09-26;OFFICIAL_EXACT_FOUND;gevonden;Bosmaaier / Benzine FS 480-K Freischneider;Bosmaaier;Benzine;FS 480-K Freischneider;FS;MY_STIHL;https://app.stihl.com/nl-nl/mystihl/tools/add/serial-number;authenticated MY STIHL UI lookup;OFFICIAL_WEB_LOOKUP;OFFICIAL_STIHL_LOOKUP;TRUE;FALSE;FALSE;FALSE;1;140;stihl_resultaten.csv
163500000;163500000;2026-09-26;OFFICIAL_EXACT_FOUND;gevonden;"Motorzaag / Benzine MS 650-Z 3/8"" RIM Magnum Motorsäge";Motorzaag;Benzine;"MS 650-Z 3/8"" RIM Magnum Motorsäge";MS 650;MY_STIHL;https://app.stihl.com/nl-nl/mystihl/tools/add/serial-number;authenticated MY STIHL UI lookup;OFFICIAL_WEB_LOOKUP;OFFICIAL_STIHL_LOOKUP;TRUE;FALSE;FALSE;FALSE;1;207;stihl_resultaten.csv
163508080;;2026-09-26;TECHNICAL_TIMEOUT;time-out;;;;;;MY_STIHL;https://app.stihl.com/nl-nl/mystihl/tools/add;authenticated MY STIHL UI lookup;TECHNICAL_TIMEOUT;;FALSE;FALSE;TRUE;FALSE;1;141;stihl_resultaten.csv
163518080;163518080;2026-09-26;OFFICIAL_EXACT_FOUND;gevonden;"Doorslijpmachine / Benzine TS 700-Z Trennschleifer, 350mm/14""";Doorslijpmachine;Benzine;"TS 700-Z Trennschleifer, 350mm/14""";TS 700;MY_STIHL;https://app.stihl.com/nl-nl/mystihl/tools/add/serial-number;authenticated MY STIHL UI lookup;OFFICIAL_WEB_LOOKUP;OFFICIAL_STIHL_LOOKUP;TRUE;FALSE;FALSE;FALSE;1;142;stihl_resultaten.csv
163528080;;2026-09-26;TECHNICAL_TIMEOUT;time-out;;;;;;MY_STIHL;https://app.stihl.com/nl-nl/mystihl/tools/add;authenticated MY STIHL UI lookup;TECHNICAL_TIMEOUT;;FALSE;FALSE;TRUE;FALSE;1;143;stihl_resultaten.csv
163538080;163538080;2026-09-26;OFFICIAL_EXACT_FOUND;gevonden;Doorslijpmachine / Benzine TS 400 Trennschleifer;Doorslijpmachine;Benzine;TS 400 Trennschleifer;TS 400;MY_STIHL;https://app.stihl.com/nl-nl/mystihl/tools/add/serial-number;authenticated MY STIHL UI lookup;OFFICIAL_WEB_LOOKUP;OFFICIAL_STIHL_LOOKUP;TRUE;FALSE;FALSE;FALSE;1;144;stihl_resultaten.csv
163548080;163548080;2026-09-26;OFFICIAL_EXACT_FOUND;gevonden;Bosmaaier / Benzine FS 300 Freischneider;Bosmaaier;Benzine;FS 300 Freischneider;FS 300;MY_STIHL;https://app.stihl.com/nl-nl/mystihl/tools/add/serial-number;authenticated MY STIHL UI lookup;OFFICIAL_WEB_LOOKUP;OFFICIAL_STIHL_LOOKUP;TRUE;FALSE;FALSE;FALSE;1;145;stihl_resultaten.csv
163558080;163558080;2026-09-26;OFFICIAL_EXACT_FOUND;gevonden;Bosmaaier / Benzine FS 55 Motorsense;Bosmaaier;Benzine;FS 55 Motorsense;FS 55;MY_STIHL;https://app.stihl.com/nl-nl/mystihl/tools/add/serial-number;authenticated MY STIHL UI lookup;OFFICIAL_WEB_LOOKUP;OFFICIAL_STIHL_LOOKUP;TRUE;FALSE;FALSE;FALSE;1;146;stihl_resultaten.csv
163568080;163568080;2026-09-26;OFFICIAL_EXACT_FOUND;gevonden;"Motorzaag / Benzine MS 260 .325"" P Motorsäge";Motorzaag;Benzine;"MS 260 .325"" P Motorsäge";MS 260;MY_STIHL;https://app.stihl.com/nl-nl/mystihl/tools/add/serial-number;authenticated MY STIHL UI lookup;OFFICIAL_WEB_LOOKUP;OFFICIAL_STIHL_LOOKUP;TRUE;FALSE;FALSE;FALSE;1;147;stihl_resultaten.csv
163578080;163578080;2026-09-26;OFFICIAL_EXACT_FOUND;gevonden;Bosmaaier / Benzine FS 80 Motorsense;Bosmaaier;Benzine;FS 80 Motorsense;FS 80;MY_STIHL;https://app.stihl.com/nl-nl/mystihl/tools/add/serial-number;authenticated MY STIHL UI lookup;OFFICIAL_WEB_LOOKUP;OFFICIAL_STIHL_LOOKUP;TRUE;FALSE;FALSE;FALSE;1;148;stihl_resultaten.csv
163588080;163588080;2026-09-26;OFFICIAL_EXACT_FOUND;gevonden;"Motorzaag / Benzine 070 .404"" P Motorsäge";Motorzaag;Benzine;"070 .404"" P Motorsäge";070;MY_STIHL;https://app.stihl.com/nl-nl/mystihl/tools/add/serial-number;authenticated MY STIHL UI lookup;OFFICIAL_WEB_LOOKUP;OFFICIAL_STIHL_LOOKUP;TRUE;FALSE;FALSE;FALSE;1;149;stihl_resultaten.csv
163598080;163598080;2026-09-26;OFFICIAL_EXACT_FOUND;gevonden;"Motorzaag / Benzine MS 260 .325"" P Motorsäge";Motorzaag;Benzine;"MS 260 .325"" P Motorsäge";MS 260;MY_STIHL;https://app.stihl.com/nl-nl/mystihl/tools/add/serial-number;authenticated MY STIHL UI lookup;OFFICIAL_WEB_LOOKUP;OFFICIAL_STIHL_LOOKUP;TRUE;FALSE;FALSE;FALSE;1;150;stihl_resultaten.csv
163600000;163600000;2026-09-26;OFFICIAL_EXACT_FOUND;gevonden;Bosmaaier / Benzine FS 55 RC-E Motorsense;Bosmaaier;Benzine;FS 55 RC-E Motorsense;FS 55 RC-E;MY_STIHL;https://app.stihl.com/nl-nl/mystihl/tools/add/serial-number;authenticated MY STIHL UI lookup;OFFICIAL_WEB_LOOKUP;OFFICIAL_STIHL_LOOKUP;TRUE;FALSE;FALSE;FALSE;1;208;stihl_resultaten.csv
163608080;163608080;2026-09-26;OFFICIAL_EXACT_FOUND;gevonden;"Motorzaag / Benzine MS 440-Z 3/8"" RIM Magnum Motorsäge";Motorzaag;Benzine;"MS 440-Z 3/8"" RIM Magnum Motorsäge";MS 440;MY_STIHL;https://app.stihl.com/nl-nl/mystihl/tools/add/serial-number;authenticated MY STIHL UI lookup;OFFICIAL_WEB_LOOKUP;OFFICIAL_STIHL_LOOKUP;TRUE;FALSE;FALSE;FALSE;1;151;stihl_resultaten.csv
163618080;163618080;2026-09-26;OFFICIAL_EXACT_FOUND;gevonden;Bosmaaier / Benzine FS 120 Motorsense;Bosmaaier;Benzine;FS 120 Motorsense;FS 120;MY_STIHL;https://app.stihl.com/nl-nl/mystihl/tools/add/serial-number;authenticated MY STIHL UI lookup;OFFICIAL_WEB_LOOKUP;OFFICIAL_STIHL_LOOKUP;TRUE;FALSE;FALSE;FALSE;1;152;stihl_resultaten.csv
163628080;163628080;2026-09-26;OFFICIAL_EXACT_FOUND;gevonden;Doorslijpmachine / Benzine TS 400-Z Trennschleifer;Doorslijpmachine;Benzine;TS 400-Z Trennschleifer;TS 400;MY_STIHL;https://app.stihl.com/nl-nl/mystihl/tools/add/serial-number;authenticated MY STIHL UI lookup;OFFICIAL_WEB_LOOKUP;OFFICIAL_STIHL_LOOKUP;TRUE;FALSE;FALSE;FALSE;1;153;stihl_resultaten.csv
163638080;163638080;2026-09-26;OFFICIAL_EXACT_FOUND;gevonden;Combimotor / Benzine KM 85 R;Combimotor;Benzine;KM 85 R;KM 85 R;MY_STIHL;https://app.stihl.com/nl-nl/mystihl/tools/add/serial-number;authenticated MY STIHL UI lookup;OFFICIAL_WEB_LOOKUP;OFFICIAL_STIHL_LOOKUP;TRUE;FALSE;FALSE;FALSE;1;154;stihl_resultaten.csv
163648080;163648080;2026-09-26;OFFICIAL_EXACT_FOUND;gevonden;"Heggenschaar / Benzine HS 85 Heckenschere,750mm/30""";Heggenschaar;Benzine;"HS 85 Heckenschere,750mm/30""";HS 85;MY_STIHL;https://app.stihl.com/nl-nl/mystihl/tools/add/serial-number;authenticated MY STIHL UI lookup;OFFICIAL_WEB_LOOKUP;OFFICIAL_STIHL_LOOKUP;TRUE;FALSE;FALSE;FALSE;1;155;stihl_resultaten.csv
163658080;163658080;2026-09-26;OFFICIAL_EXACT_FOUND;gevonden;"Motorzaag / Benzine MS 660-RVWZ 3/8"" RIM Mag Arctic";Motorzaag;Benzine;"MS 660-RVWZ 3/8"" RIM Mag Arctic";MS;MY_STIHL;https://app.stihl.com/nl-nl/mystihl/tools/add/serial-number;authenticated MY STIHL UI lookup;OFFICIAL_WEB_LOOKUP;OFFICIAL_STIHL_LOOKUP;TRUE;FALSE;FALSE;FALSE;1;156;stihl_resultaten.csv
163668080;163668080;2026-09-26;OFFICIAL_EXACT_FOUND;gevonden;Bosmaaier / Benzine FS 480 Freischneider;Bosmaaier;Benzine;FS 480 Freischneider;FS 480;MY_STIHL;https://app.stihl.com/nl-nl/mystihl/tools/add/serial-number;authenticated MY STIHL UI lookup;OFFICIAL_WEB_LOOKUP;OFFICIAL_STIHL_LOOKUP;TRUE;FALSE;FALSE;FALSE;1;157;stihl_resultaten.csv
163678080;163678080;2026-09-26;OFFICIAL_EXACT_FOUND;gevonden;Doorslijpmachine / Benzine TS 400-Z Trennschleifer;Doorslijpmachine;Benzine;TS 400-Z Trennschleifer;TS 400;MY_STIHL;https://app.stihl.com/nl-nl/mystihl/tools/add/serial-number;authenticated MY STIHL UI lookup;OFFICIAL_WEB_LOOKUP;OFFICIAL_STIHL_LOOKUP;TRUE;FALSE;FALSE;FALSE;1;158;stihl_resultaten.csv
163688080;163688080;2026-09-26;OFFICIAL_EXACT_FOUND;gevonden;"Motorzaag / Benzine MS 230 3/8""P Motorsäge";Motorzaag;Benzine;"MS 230 3/8""P Motorsäge";MS 230;MY_STIHL;https://app.stihl.com/nl-nl/mystihl/tools/add/serial-number;authenticated MY STIHL UI lookup;OFFICIAL_WEB_LOOKUP;OFFICIAL_STIHL_LOOKUP;TRUE;FALSE;FALSE;FALSE;1;159;stihl_resultaten.csv
163698080;163698080;2026-09-26;OFFICIAL_EXACT_FOUND;gevonden;"Motorzaag / Benzine MS 440 3/8"" R Motorsäge";Motorzaag;Benzine;"MS 440 3/8"" R Motorsäge";MS 440;MY_STIHL;https://app.stihl.com/nl-nl/mystihl/tools/add/serial-number;authenticated MY STIHL UI lookup;OFFICIAL_WEB_LOOKUP;OFFICIAL_STIHL_LOOKUP;TRUE;FALSE;FALSE;FALSE;1;160;stihl_resultaten.csv
163700000;163700000;2026-09-26;OFFICIAL_EXACT_FOUND;gevonden;"Motorzaag / Benzine MS 250 3/8""P Motorsäge";Motorzaag;Benzine;"MS 250 3/8""P Motorsäge";MS 250;MY_STIHL;https://app.stihl.com/nl-nl/mystihl/tools/add/serial-number;authenticated MY STIHL UI lookup;OFFICIAL_WEB_LOOKUP;OFFICIAL_STIHL_LOOKUP;TRUE;FALSE;FALSE;FALSE;1;209;stihl_resultaten.csv
163708080;163708080;2026-09-26;OFFICIAL_EXACT_FOUND;gevonden;Doorslijpmachine / Benzine TS 400-Z Trennschleifer;Doorslijpmachine;Benzine;TS 400-Z Trennschleifer;TS 400;MY_STIHL;https://app.stihl.com/nl-nl/mystihl/tools/add/serial-number;authenticated MY STIHL UI lookup;OFFICIAL_WEB_LOOKUP;OFFICIAL_STIHL_LOOKUP;TRUE;FALSE;FALSE;FALSE;1;161;stihl_resultaten.csv
163718080;163718080;2026-09-26;OFFICIAL_EXACT_FOUND;gevonden;"Hoogsnoeier / Benzine HT 75-Z 3/8""P P Hoch-Entaster";Hoogsnoeier;Benzine;"HT 75-Z 3/8""P P Hoch-Entaster";HT 75;MY_STIHL;https://app.stihl.com/nl-nl/mystihl/tools/add/serial-number;authenticated MY STIHL UI lookup;OFFICIAL_WEB_LOOKUP;OFFICIAL_STIHL_LOOKUP;TRUE;FALSE;FALSE;FALSE;1;162;stihl_resultaten.csv
163728080;163728080;2026-09-26;OFFICIAL_EXACT_FOUND;gevonden;Zuighakselaar / Benzine SH 85 SaugHäcksler;Zuighakselaar;Benzine;SH 85 SaugHäcksler;SH 85;MY_STIHL;https://app.stihl.com/nl-nl/mystihl/tools/add/serial-number;authenticated MY STIHL UI lookup;OFFICIAL_WEB_LOOKUP;OFFICIAL_STIHL_LOOKUP;TRUE;FALSE;FALSE;FALSE;1;163;stihl_resultaten.csv
163738080;163738080;2026-09-26;OFFICIAL_EXACT_FOUND;gevonden;Doorslijpmachine / Benzine TS 400-Z Trennschleifer;Doorslijpmachine;Benzine;TS 400-Z Trennschleifer;TS 400;MY_STIHL;https://app.stihl.com/nl-nl/mystihl/tools/add/serial-number;authenticated MY STIHL UI lookup;OFFICIAL_WEB_LOOKUP;OFFICIAL_STIHL_LOOKUP;TRUE;FALSE;FALSE;FALSE;1;164;stihl_resultaten.csv
163748080;163748080;2026-09-26;OFFICIAL_EXACT_FOUND;gevonden;"Motorzaag / Benzine MS 650-Z 3/8"" RIM Magnum Motorsäge";Motorzaag;Benzine;"MS 650-Z 3/8"" RIM Magnum Motorsäge";MS 650;MY_STIHL;https://app.stihl.com/nl-nl/mystihl/tools/add/serial-number;authenticated MY STIHL UI lookup;OFFICIAL_WEB_LOOKUP;OFFICIAL_STIHL_LOOKUP;TRUE;FALSE;FALSE;FALSE;1;165;stihl_resultaten.csv
163758080;163758080;2026-09-26;OFFICIAL_EXACT_FOUND;gevonden;Bosmaaier / Benzine FS 300 Freischneider;Bosmaaier;Benzine;FS 300 Freischneider;FS 300;MY_STIHL;https://app.stihl.com/nl-nl/mystihl/tools/add/serial-number;authenticated MY STIHL UI lookup;OFFICIAL_WEB_LOOKUP;OFFICIAL_STIHL_LOOKUP;TRUE;FALSE;FALSE;FALSE;1;166;stihl_resultaten.csv
163768080;163768080;2026-09-26;OFFICIAL_EXACT_FOUND;gevonden;Doorslijpmachine / Benzine TS 400 Trennschleifer;Doorslijpmachine;Benzine;TS 400 Trennschleifer;TS 400;MY_STIHL;https://app.stihl.com/nl-nl/mystihl/tools/add/serial-number;authenticated MY STIHL UI lookup;OFFICIAL_WEB_LOOKUP;OFFICIAL_STIHL_LOOKUP;TRUE;FALSE;FALSE;FALSE;1;167;stihl_resultaten.csv
163778080;163778080;2026-09-26;OFFICIAL_EXACT_FOUND;gevonden;Bosmaaier / Benzine FS 350 Freischneider;Bosmaaier;Benzine;FS 350 Freischneider;FS 350;MY_STIHL;https://app.stihl.com/nl-nl/mystihl/tools/add/serial-number;authenticated MY STIHL UI lookup;OFFICIAL_WEB_LOOKUP;OFFICIAL_STIHL_LOOKUP;TRUE;FALSE;FALSE;FALSE;1;168;stihl_resultaten.csv
163788080;163788080;2026-09-26;OFFICIAL_EXACT_FOUND;gevonden;"Motorzaag / Benzine MS 070 AV .404"" P Motorsäge";Motorzaag;Benzine;"MS 070 AV .404"" P Motorsäge";MS 070 AV;MY_STIHL;https://app.stihl.com/nl-nl/mystihl/tools/add/serial-number;authenticated MY STIHL UI lookup;OFFICIAL_WEB_LOOKUP;OFFICIAL_STIHL_LOOKUP;TRUE;FALSE;FALSE;FALSE;1;169;stihl_resultaten.csv
163798080;163798080;2026-09-26;OFFICIAL_EXACT_FOUND;gevonden;Doorslijpmachine / Benzine TS 400-Z Trennschleifer;Doorslijpmachine;Benzine;TS 400-Z Trennschleifer;TS 400;MY_STIHL;https://app.stihl.com/nl-nl/mystihl/tools/add/serial-number;authenticated MY STIHL UI lookup;OFFICIAL_WEB_LOOKUP;OFFICIAL_STIHL_LOOKUP;TRUE;FALSE;FALSE;FALSE;1;170;stihl_resultaten.csv
163800000;163800000;2026-09-26;OFFICIAL_EXACT_FOUND;gevonden;Bosmaaier / Benzine FS 55 R Motorsense;Bosmaaier;Benzine;FS 55 R Motorsense;FS 55 R;MY_STIHL;https://app.stihl.com/nl-nl/mystihl/tools/add/serial-number;authenticated MY STIHL UI lookup;OFFICIAL_WEB_LOOKUP;OFFICIAL_STIHL_LOOKUP;TRUE;FALSE;FALSE;FALSE;1;210;stihl_resultaten.csv
163808080;;2026-09-26;TECHNICAL_TIMEOUT;time-out;;;;;;MY_STIHL;https://app.stihl.com/nl-nl/mystihl/tools/add;authenticated MY STIHL UI lookup;TECHNICAL_TIMEOUT;;FALSE;FALSE;TRUE;FALSE;1;171;stihl_resultaten.csv
163818080;163818080;2026-09-26;OFFICIAL_EXACT_FOUND;gevonden;Doorslijpmachine / Benzine TS 400-Z Trennschleifer;Doorslijpmachine;Benzine;TS 400-Z Trennschleifer;TS 400;MY_STIHL;https://app.stihl.com/nl-nl/mystihl/tools/add/serial-number;authenticated MY STIHL UI lookup;OFFICIAL_WEB_LOOKUP;OFFICIAL_STIHL_LOOKUP;TRUE;FALSE;FALSE;FALSE;1;172;stihl_resultaten.csv
163828080;163828080;2026-09-26;OFFICIAL_EXACT_FOUND;gevonden;"Motorzaag / Benzine 070 .404"" P Motorsäge";Motorzaag;Benzine;"070 .404"" P Motorsäge";070;MY_STIHL;https://app.stihl.com/nl-nl/mystihl/tools/add/serial-number;authenticated MY STIHL UI lookup;OFFICIAL_WEB_LOOKUP;OFFICIAL_STIHL_LOOKUP;TRUE;FALSE;FALSE;FALSE;1;173;stihl_resultaten.csv
163838080;163838080;2026-09-26;OFFICIAL_EXACT_FOUND;gevonden;Bosmaaier / Benzine FS 55 Motorsense;Bosmaaier;Benzine;FS 55 Motorsense;FS 55;MY_STIHL;https://app.stihl.com/nl-nl/mystihl/tools/add/serial-number;authenticated MY STIHL UI lookup;OFFICIAL_WEB_LOOKUP;OFFICIAL_STIHL_LOOKUP;TRUE;FALSE;FALSE;FALSE;1;174;stihl_resultaten.csv
163848080;;2026-09-26;TECHNICAL_TIMEOUT;time-out;;;;;;MY_STIHL;https://app.stihl.com/nl-nl/mystihl/tools/add;authenticated MY STIHL UI lookup;TECHNICAL_TIMEOUT;;FALSE;FALSE;TRUE;FALSE;1;175;stihl_resultaten.csv
163858080;;2026-09-26;TECHNICAL_TIMEOUT;time-out;;;;;;MY_STIHL;https://app.stihl.com/nl-nl/mystihl/tools/add;authenticated MY STIHL UI lookup;TECHNICAL_TIMEOUT;;FALSE;FALSE;TRUE;FALSE;1;176;stihl_resultaten.csv
163868080;163868080;2026-09-26;OFFICIAL_EXACT_FOUND;gevonden;"Heggenschaar / Benzine HS 85 Heckenschere,750mm/30""";Heggenschaar;Benzine;"HS 85 Heckenschere,750mm/30""";HS 85;MY_STIHL;https://app.stihl.com/nl-nl/mystihl/tools/add/serial-number;authenticated MY STIHL UI lookup;OFFICIAL_WEB_LOOKUP;OFFICIAL_STIHL_LOOKUP;TRUE;FALSE;FALSE;FALSE;1;177;stihl_resultaten.csv
163878080;163878080;2026-09-26;OFFICIAL_EXACT_FOUND;gevonden;Bosmaaier / Benzine FS 250 Motorsense;Bosmaaier;Benzine;FS 250 Motorsense;FS 250;MY_STIHL;https://app.stihl.com/nl-nl/mystihl/tools/add/serial-number;authenticated MY STIHL UI lookup;OFFICIAL_WEB_LOOKUP;OFFICIAL_STIHL_LOOKUP;TRUE;FALSE;FALSE;FALSE;1;178;stihl_resultaten.csv
163888080;163888080;2026-09-26;OFFICIAL_EXACT_FOUND;gevonden;Bosmaaier / Benzine FS 55 Motorsense;Bosmaaier;Benzine;FS 55 Motorsense;FS 55;MY_STIHL;https://app.stihl.com/nl-nl/mystihl/tools/add/serial-number;authenticated MY STIHL UI lookup;OFFICIAL_WEB_LOOKUP;OFFICIAL_STIHL_LOOKUP;TRUE;FALSE;FALSE;FALSE;1;179;stihl_resultaten.csv
163898080;163898080;2026-09-26;OFFICIAL_EXACT_FOUND;gevonden;"Motorzaag / Benzine MS 440-Z 3/8"" RIM Magnum Motorsäge";Motorzaag;Benzine;"MS 440-Z 3/8"" RIM Magnum Motorsäge";MS 440;MY_STIHL;https://app.stihl.com/nl-nl/mystihl/tools/add/serial-number;authenticated MY STIHL UI lookup;OFFICIAL_WEB_LOOKUP;OFFICIAL_STIHL_LOOKUP;TRUE;FALSE;FALSE;FALSE;1;180;stihl_resultaten.csv
163900000;163900000;2026-09-26;OFFICIAL_EXACT_FOUND;gevonden;"Motorzaag / Benzine MS 250 C-BE Z .325"" P WoodBoss Motorsäge";Motorzaag;Benzine;"MS 250 C-BE Z .325"" P WoodBoss Motorsäge";MS 250 C-BE;MY_STIHL;https://app.stihl.com/nl-nl/mystihl/tools/add/serial-number;authenticated MY STIHL UI lookup;OFFICIAL_WEB_LOOKUP;OFFICIAL_STIHL_LOOKUP;TRUE;FALSE;FALSE;FALSE;1;211;stihl_resultaten.csv
163908080;163908080;2026-09-26;OFFICIAL_EXACT_FOUND;gevonden;"Motorzaag / Benzine MS 250 C-BE .325"" P Motorsäge";Motorzaag;Benzine;"MS 250 C-BE .325"" P Motorsäge";MS 250 C-BE;MY_STIHL;https://app.stihl.com/nl-nl/mystihl/tools/add/serial-number;authenticated MY STIHL UI lookup;OFFICIAL_WEB_LOOKUP;OFFICIAL_STIHL_LOOKUP;TRUE;FALSE;FALSE;FALSE;1;181;stihl_resultaten.csv
163918080;163918080;2026-09-26;OFFICIAL_EXACT_FOUND;gevonden;Bosmaaier / Benzine FS 120 Motorsense;Bosmaaier;Benzine;FS 120 Motorsense;FS 120;MY_STIHL;https://app.stihl.com/nl-nl/mystihl/tools/add/serial-number;authenticated MY STIHL UI lookup;OFFICIAL_WEB_LOOKUP;OFFICIAL_STIHL_LOOKUP;TRUE;FALSE;FALSE;FALSE;1;182;stihl_resultaten.csv
163928080;163928080;2026-09-26;OFFICIAL_EXACT_FOUND;gevonden;"Motorzaag / Benzine MS 440 3/8"" R Motorsäge";Motorzaag;Benzine;"MS 440 3/8"" R Motorsäge";MS 440;MY_STIHL;https://app.stihl.com/nl-nl/mystihl/tools/add/serial-number;authenticated MY STIHL UI lookup;OFFICIAL_WEB_LOOKUP;OFFICIAL_STIHL_LOOKUP;TRUE;FALSE;FALSE;FALSE;1;183;stihl_resultaten.csv
163938080;163938080;2026-09-26;OFFICIAL_EXACT_FOUND;gevonden;"Heggenschaar / Benzine HS 45 Heckenschere, 450mm/18""";Heggenschaar;Benzine;"HS 45 Heckenschere, 450mm/18""";HS 45;MY_STIHL;https://app.stihl.com/nl-nl/mystihl/tools/add/serial-number;authenticated MY STIHL UI lookup;OFFICIAL_WEB_LOOKUP;OFFICIAL_STIHL_LOOKUP;TRUE;FALSE;FALSE;FALSE;1;184;stihl_resultaten.csv
163948080;163948080;2026-09-26;OFFICIAL_EXACT_FOUND;gevonden;Bosmaaier / Benzine FS 350 Freischneider;Bosmaaier;Benzine;FS 350 Freischneider;FS 350;MY_STIHL;https://app.stihl.com/nl-nl/mystihl/tools/add/serial-number;authenticated MY STIHL UI lookup;OFFICIAL_WEB_LOOKUP;OFFICIAL_STIHL_LOOKUP;TRUE;FALSE;FALSE;FALSE;1;185;stihl_resultaten.csv
163958080;;2026-09-26;TECHNICAL_TIMEOUT;time-out;;;;;;MY_STIHL;https://app.stihl.com/nl-nl/mystihl/tools/add;authenticated MY STIHL UI lookup;TECHNICAL_TIMEOUT;;FALSE;FALSE;TRUE;FALSE;1;186;stihl_resultaten.csv
163968080;163968080;2026-09-26;OFFICIAL_EXACT_FOUND;gevonden;"Motorzaag / Benzine MS 460-RZ 3/8"" RIM Mag Rescue Motorsäge";Motorzaag;Benzine;"MS 460-RZ 3/8"" RIM Mag Rescue Motorsäge";MS;MY_STIHL;https://app.stihl.com/nl-nl/mystihl/tools/add/serial-number;authenticated MY STIHL UI lookup;OFFICIAL_WEB_LOOKUP;OFFICIAL_STIHL_LOOKUP;TRUE;FALSE;FALSE;FALSE;1;187;stihl_resultaten.csv
163978080;163978080;2026-09-26;OFFICIAL_EXACT_FOUND;gevonden;Bladblazer / Benzine BG 55 Blasgerät;Bladblazer;Benzine;BG 55 Blasgerät;BG 55;MY_STIHL;https://app.stihl.com/nl-nl/mystihl/tools/add/serial-number;authenticated MY STIHL UI lookup;OFFICIAL_WEB_LOOKUP;OFFICIAL_STIHL_LOOKUP;TRUE;FALSE;FALSE;FALSE;1;188;stihl_resultaten.csv
163988080;163988080;2026-09-26;OFFICIAL_EXACT_FOUND;gevonden;"Motorzaag / Benzine MS 650 3/8"" R Motorsäge";Motorzaag;Benzine;"MS 650 3/8"" R Motorsäge";MS 650;MY_STIHL;https://app.stihl.com/nl-nl/mystihl/tools/add/serial-number;authenticated MY STIHL UI lookup;OFFICIAL_WEB_LOOKUP;OFFICIAL_STIHL_LOOKUP;TRUE;FALSE;FALSE;FALSE;1;189;stihl_resultaten.csv
163998080;163998080;2026-09-26;OFFICIAL_EXACT_FOUND;gevonden;"Motorzaag / Benzine MS 260 .325"" P Motorsäge";Motorzaag;Benzine;"MS 260 .325"" P Motorsäge";MS 260;MY_STIHL;https://app.stihl.com/nl-nl/mystihl/tools/add/serial-number;authenticated MY STIHL UI lookup;OFFICIAL_WEB_LOOKUP;OFFICIAL_STIHL_LOOKUP;TRUE;FALSE;FALSE;FALSE;1;190;stihl_resultaten.csv
164000000;164000000;2026-09-26;OFFICIAL_EXACT_FOUND;gevonden;"Motorzaag / Benzine MS 230 3/8""P Motorsäge";Motorzaag;Benzine;"MS 230 3/8""P Motorsäge";MS 230;MY_STIHL;https://app.stihl.com/nl-nl/mystihl/tools/add/serial-number;authenticated MY STIHL UI lookup;OFFICIAL_WEB_LOOKUP;OFFICIAL_STIHL_LOOKUP;TRUE;FALSE;FALSE;FALSE;1;212;stihl_resultaten.csv
164008080;164008080;2026-09-26;OFFICIAL_EXACT_FOUND;gevonden;Bosmaaier / Benzine FS 450 Freischneider;Bosmaaier;Benzine;FS 450 Freischneider;FS 450;MY_STIHL;https://app.stihl.com/nl-nl/mystihl/tools/add/serial-number;authenticated MY STIHL UI lookup;OFFICIAL_WEB_LOOKUP;OFFICIAL_STIHL_LOOKUP;TRUE;FALSE;FALSE;FALSE;1;191;stihl_resultaten.csv
164018080;164018080;2026-09-26;OFFICIAL_EXACT_FOUND;gevonden;Doorslijpmachine / Benzine TS 400 Trennschleifer;Doorslijpmachine;Benzine;TS 400 Trennschleifer;TS 400;MY_STIHL;https://app.stihl.com/nl-nl/mystihl/tools/add/serial-number;authenticated MY STIHL UI lookup;OFFICIAL_WEB_LOOKUP;OFFICIAL_STIHL_LOOKUP;TRUE;FALSE;FALSE;FALSE;1;192;stihl_resultaten.csv
164028080;164028080;2026-09-26;OFFICIAL_EXACT_FOUND;gevonden;"Motorzaag / Benzine MS 260 .325"" R FarmBoss Motorsäge";Motorzaag;Benzine;"MS 260 .325"" R FarmBoss Motorsäge";MS 260;MY_STIHL;https://app.stihl.com/nl-nl/mystihl/tools/add/serial-number;authenticated MY STIHL UI lookup;OFFICIAL_WEB_LOOKUP;OFFICIAL_STIHL_LOOKUP;TRUE;FALSE;FALSE;FALSE;1;193;stihl_resultaten.csv
164038080;;2026-09-26;TECHNICAL_TIMEOUT;time-out;;;;;;MY_STIHL;https://app.stihl.com/nl-nl/mystihl/tools/add;authenticated MY STIHL UI lookup;TECHNICAL_TIMEOUT;;FALSE;FALSE;TRUE;FALSE;1;194;stihl_resultaten.csv
164048080;164048080;2026-09-26;OFFICIAL_EXACT_FOUND;gevonden;"Heggenschaar / Benzine HS 80 Heckenschere,750mm/30""";Heggenschaar;Benzine;"HS 80 Heckenschere,750mm/30""";HS 80;MY_STIHL;https://app.stihl.com/nl-nl/mystihl/tools/add/serial-number;authenticated MY STIHL UI lookup;OFFICIAL_WEB_LOOKUP;OFFICIAL_STIHL_LOOKUP;TRUE;FALSE;FALSE;FALSE;1;195;stihl_resultaten.csv
164058080;164058080;2026-09-26;OFFICIAL_EXACT_FOUND;gevonden;"Heggenschaar / Benzine HS 80 Heckenschere,750mm/30""";Heggenschaar;Benzine;"HS 80 Heckenschere,750mm/30""";HS 80;MY_STIHL;https://app.stihl.com/nl-nl/mystihl/tools/add/serial-number;authenticated MY STIHL UI lookup;OFFICIAL_WEB_LOOKUP;OFFICIAL_STIHL_LOOKUP;TRUE;FALSE;FALSE;FALSE;1;196;stihl_resultaten.csv
164068080;164068080;2026-09-26;OFFICIAL_EXACT_FOUND;gevonden;"Motorzaag / Benzine MS 210 C-BE 3/8""P P Motorsäge";Motorzaag;Benzine;"MS 210 C-BE 3/8""P P Motorsäge";MS 210 C-BE;MY_STIHL;https://app.stihl.com/nl-nl/mystihl/tools/add/serial-number;authenticated MY STIHL UI lookup;OFFICIAL_WEB_LOOKUP;OFFICIAL_STIHL_LOOKUP;TRUE;FALSE;FALSE;FALSE;1;197;stihl_resultaten.csv
164078080;164078080;2026-09-26;OFFICIAL_EXACT_FOUND;gevonden;"Motorzaag / Benzine MS 210 C-BE 3/8""P P Motorsäge";Motorzaag;Benzine;"MS 210 C-BE 3/8""P P Motorsäge";MS 210 C-BE;MY_STIHL;https://app.stihl.com/nl-nl/mystihl/tools/add/serial-number;authenticated MY STIHL UI lookup;OFFICIAL_WEB_LOOKUP;OFFICIAL_STIHL_LOOKUP;TRUE;FALSE;FALSE;FALSE;1;198;stihl_resultaten.csv
164088080;164088080;2026-09-26;OFFICIAL_EXACT_FOUND;gevonden;"Heggenschaar / Benzine HS 75 Heckenschere,500mm/20""";Heggenschaar;Benzine;"HS 75 Heckenschere,500mm/20""";HS 75;MY_STIHL;https://app.stihl.com/nl-nl/mystihl/tools/add/serial-number;authenticated MY STIHL UI lookup;OFFICIAL_WEB_LOOKUP;OFFICIAL_STIHL_LOOKUP;TRUE;FALSE;FALSE;FALSE;1;199;stihl_resultaten.csv
164098080;164098080;2026-09-26;OFFICIAL_EXACT_FOUND;gevonden;Bosmaaier / Benzine FS 55 C-E Motorsense;Bosmaaier;Benzine;FS 55 C-E Motorsense;FS 55 C-E;MY_STIHL;https://app.stihl.com/nl-nl/mystihl/tools/add/serial-number;authenticated MY STIHL UI lookup;OFFICIAL_WEB_LOOKUP;OFFICIAL_STIHL_LOOKUP;TRUE;FALSE;FALSE;FALSE;1;200;stihl_resultaten.csv
164100000;164100000;2026-09-26;OFFICIAL_EXACT_FOUND;gevonden;Zuighakselaar / Benzine SH 85 SaugHäcksler;Zuighakselaar;Benzine;SH 85 SaugHäcksler;SH 85;MY_STIHL;https://app.stihl.com/nl-nl/mystihl/tools/add/serial-number;authenticated MY STIHL UI lookup;OFFICIAL_WEB_LOOKUP;OFFICIAL_STIHL_LOOKUP;TRUE;FALSE;FALSE;FALSE;1;213;stihl_resultaten.csv
164108080;164108080;2026-09-26;OFFICIAL_EXACT_FOUND;gevonden;Doorslijpmachine / Benzine TS 400 Trennschleifer;Doorslijpmachine;Benzine;TS 400 Trennschleifer;TS 400;MY_STIHL;https://app.stihl.com/nl-nl/mystihl/tools/add/serial-number;authenticated MY STIHL UI lookup;OFFICIAL_WEB_LOOKUP;OFFICIAL_STIHL_LOOKUP;TRUE;FALSE;FALSE;FALSE;1;201;stihl_resultaten.csv
164200000;164200000;2026-09-26;OFFICIAL_EXACT_FOUND;gevonden;"Motorzaag / Benzine MS 440-Z 3/8"" RIM Magnum Motorsäge";Motorzaag;Benzine;"MS 440-Z 3/8"" RIM Magnum Motorsäge";MS 440;MY_STIHL;https://app.stihl.com/nl-nl/mystihl/tools/add/serial-number;authenticated MY STIHL UI lookup;OFFICIAL_WEB_LOOKUP;OFFICIAL_STIHL_LOOKUP;TRUE;FALSE;FALSE;FALSE;1;214;stihl_resultaten.csv
164300000;;2026-09-26;TECHNICAL_TIMEOUT;time-out;;;;;;MY_STIHL;https://app.stihl.com/nl-nl/mystihl/tools/add;authenticated MY STIHL UI lookup;TECHNICAL_TIMEOUT;;FALSE;FALSE;TRUE;FALSE;1;215;stihl_resultaten.csv
164400000;164400000;2026-09-26;OFFICIAL_EXACT_FOUND;gevonden;Bosmaaier / Benzine FS 550 Freischneider;Bosmaaier;Benzine;FS 550 Freischneider;FS 550;MY_STIHL;https://app.stihl.com/nl-nl/mystihl/tools/add/serial-number;authenticated MY STIHL UI lookup;OFFICIAL_WEB_LOOKUP;OFFICIAL_STIHL_LOOKUP;TRUE;FALSE;FALSE;FALSE;1;216;stihl_resultaten.csv
164500000;164500000;2026-09-26;OFFICIAL_EXACT_FOUND;gevonden;Doorslijpmachine / Benzine TS 400 Trennschleifer;Doorslijpmachine;Benzine;TS 400 Trennschleifer;TS 400;MY_STIHL;https://app.stihl.com/nl-nl/mystihl/tools/add/serial-number;authenticated MY STIHL UI lookup;OFFICIAL_WEB_LOOKUP;OFFICIAL_STIHL_LOOKUP;TRUE;FALSE;FALSE;FALSE;1;217;stihl_resultaten.csv
164600000;164600000;2026-09-26;OFFICIAL_EXACT_FOUND;gevonden;"Motorzaag / Elektrisch MSE 160 C-Q 3/8""P Elektro-Motorsäge";Motorzaag;Elektrisch;"MSE 160 C-Q 3/8""P Elektro-Motorsäge";MSE 160 C-Q;MY_STIHL;https://app.stihl.com/nl-nl/mystihl/tools/add/serial-number;authenticated MY STIHL UI lookup;OFFICIAL_WEB_LOOKUP;OFFICIAL_STIHL_LOOKUP;TRUE;FALSE;FALSE;FALSE;1;218;stihl_resultaten.csv
164700000;164700000;2026-09-26;OFFICIAL_EXACT_FOUND;gevonden;"Motorzaag / Benzine MS 260 .325"" P Motorsäge";Motorzaag;Benzine;"MS 260 .325"" P Motorsäge";MS 260;MY_STIHL;https://app.stihl.com/nl-nl/mystihl/tools/add/serial-number;authenticated MY STIHL UI lookup;OFFICIAL_WEB_LOOKUP;OFFICIAL_STIHL_LOOKUP;TRUE;FALSE;FALSE;FALSE;1;219;stihl_resultaten.csv
164800000;164800000;2026-09-26;OFFICIAL_EXACT_FOUND;gevonden;"Heggenschaar / Benzine HS 81 R Cutter Heckenschere, 600mm/24""";Heggenschaar;Benzine;"HS 81 R Cutter Heckenschere, 600mm/24""";HS 81 R;MY_STIHL;https://app.stihl.com/nl-nl/mystihl/tools/add/serial-number;authenticated MY STIHL UI lookup;OFFICIAL_WEB_LOOKUP;OFFICIAL_STIHL_LOOKUP;TRUE;FALSE;FALSE;FALSE;1;220;stihl_resultaten.csv
164900000;;2026-09-26;TECHNICAL_TIMEOUT;time-out;;;;;;MY_STIHL;https://app.stihl.com/nl-nl/mystihl/tools/add;authenticated MY STIHL UI lookup;TECHNICAL_TIMEOUT;;FALSE;FALSE;TRUE;FALSE;1;221;stihl_resultaten.csv
165000000;165000000;2026-09-26;OFFICIAL_EXACT_FOUND;gevonden;Doorslijpmachine / Benzine TS 400;Doorslijpmachine;Benzine;TS 400;TS 400;MY_STIHL;https://app.stihl.com/nl-nl/mystihl/tools/add/serial-number;authenticated MY STIHL UI lookup;OFFICIAL_WEB_LOOKUP;OFFICIAL_STIHL_LOOKUP;TRUE;FALSE;FALSE;FALSE;1;222;stihl_resultaten.csv
165100000;165100000;2026-09-26;OFFICIAL_EXACT_FOUND;gevonden;Bosmaaier / Benzine FS 55 Motorsense;Bosmaaier;Benzine;FS 55 Motorsense;FS 55;MY_STIHL;https://app.stihl.com/nl-nl/mystihl/tools/add/serial-number;authenticated MY STIHL UI lookup;OFFICIAL_WEB_LOOKUP;OFFICIAL_STIHL_LOOKUP;TRUE;FALSE;FALSE;FALSE;1;223;stihl_resultaten.csv
165200000;165200000;2026-09-26;OFFICIAL_EXACT_FOUND;gevonden;Combimotor / Benzine KM 85 R;Combimotor;Benzine;KM 85 R;KM 85 R;MY_STIHL;https://app.stihl.com/nl-nl/mystihl/tools/add/serial-number;authenticated MY STIHL UI lookup;OFFICIAL_WEB_LOOKUP;OFFICIAL_STIHL_LOOKUP;TRUE;FALSE;FALSE;FALSE;1;224;stihl_resultaten.csv
165300000;165300000;2026-09-26;OFFICIAL_EXACT_FOUND;gevonden;Bladblazer / Benzine BG 85 Blasgerät;Bladblazer;Benzine;BG 85 Blasgerät;BG 85;MY_STIHL;https://app.stihl.com/nl-nl/mystihl/tools/add/serial-number;authenticated MY STIHL UI lookup;OFFICIAL_WEB_LOOKUP;OFFICIAL_STIHL_LOOKUP;TRUE;FALSE;FALSE;FALSE;1;225;stihl_resultaten.csv
165400000;165400000;2026-09-26;OFFICIAL_EXACT_FOUND;gevonden;Combimotor / Benzine KM 85 R;Combimotor;Benzine;KM 85 R;KM 85 R;MY_STIHL;https://app.stihl.com/nl-nl/mystihl/tools/add/serial-number;authenticated MY STIHL UI lookup;OFFICIAL_WEB_LOOKUP;OFFICIAL_STIHL_LOOKUP;TRUE;FALSE;FALSE;FALSE;1;226;stihl_resultaten.csv
165500000;165500000;2026-09-26;OFFICIAL_EXACT_FOUND;gevonden;"Heggenschaar / Benzine HS 45 Heckenschere, 450mm/18""";Heggenschaar;Benzine;"HS 45 Heckenschere, 450mm/18""";HS 45;MY_STIHL;https://app.stihl.com/nl-nl/mystihl/tools/add/serial-number;authenticated MY STIHL UI lookup;OFFICIAL_WEB_LOOKUP;OFFICIAL_STIHL_LOOKUP;TRUE;FALSE;FALSE;FALSE;1;227;stihl_resultaten.csv
165600000;;2026-09-26;TECHNICAL_TIMEOUT;time-out;;;;;;MY_STIHL;https://app.stihl.com/nl-nl/mystihl/tools/add;authenticated MY STIHL UI lookup;TECHNICAL_TIMEOUT;;FALSE;FALSE;TRUE;FALSE;1;228;stihl_resultaten.csv
165700000;165700000;2026-09-26;OFFICIAL_EXACT_FOUND;gevonden;"Motorzaag / Benzine MS 250 .325"" Motorsäge";Motorzaag;Benzine;"MS 250 .325"" Motorsäge";MS 250;MY_STIHL;https://app.stihl.com/nl-nl/mystihl/tools/add/serial-number;authenticated MY STIHL UI lookup;OFFICIAL_WEB_LOOKUP;OFFICIAL_STIHL_LOOKUP;TRUE;FALSE;FALSE;FALSE;1;229;stihl_resultaten.csv
165800000;165800000;2026-09-26;OFFICIAL_EXACT_FOUND;gevonden;"Motorzaag / Benzine MS 260 C-B .325"" P Motorsäge";Motorzaag;Benzine;"MS 260 C-B .325"" P Motorsäge";MS 260 C-B;MY_STIHL;https://app.stihl.com/nl-nl/mystihl/tools/add/serial-number;authenticated MY STIHL UI lookup;OFFICIAL_WEB_LOOKUP;OFFICIAL_STIHL_LOOKUP;TRUE;FALSE;FALSE;FALSE;1;230;stihl_resultaten.csv
165900000;165900000;2026-09-26;OFFICIAL_EXACT_FOUND;gevonden;"Motorzaag / Benzine MS 290 3/8"" P Motorsäge";Motorzaag;Benzine;"MS 290 3/8"" P Motorsäge";MS 290;MY_STIHL;https://app.stihl.com/nl-nl/mystihl/tools/add/serial-number;authenticated MY STIHL UI lookup;OFFICIAL_WEB_LOOKUP;OFFICIAL_STIHL_LOOKUP;TRUE;FALSE;FALSE;FALSE;1;231;stihl_resultaten.csv
166000000;166000000;2026-09-26;OFFICIAL_EXACT_FOUND;gevonden;"Motorzaag / Benzine MS 230 3/8""P Motorsäge";Motorzaag;Benzine;"MS 230 3/8""P Motorsäge";MS 230;MY_STIHL;https://app.stihl.com/nl-nl/mystihl/tools/add/serial-number;authenticated MY STIHL UI lookup;OFFICIAL_WEB_LOOKUP;OFFICIAL_STIHL_LOOKUP;TRUE;FALSE;FALSE;FALSE;1;232;stihl_resultaten.csv
166100000;166100000;2026-09-26;OFFICIAL_EXACT_FOUND;gevonden;Doorslijpmachine / Benzine TS 400;Doorslijpmachine;Benzine;TS 400;TS 400;MY_STIHL;https://app.stihl.com/nl-nl/mystihl/tools/add/serial-number;authenticated MY STIHL UI lookup;OFFICIAL_WEB_LOOKUP;OFFICIAL_STIHL_LOOKUP;TRUE;FALSE;FALSE;FALSE;1;233;stihl_resultaten.csv
166200000;166200000;2026-09-26;OFFICIAL_EXACT_FOUND;gevonden;Zuighakselaar / Benzine SH 85 SaugHäcksler;Zuighakselaar;Benzine;SH 85 SaugHäcksler;SH 85;MY_STIHL;https://app.stihl.com/nl-nl/mystihl/tools/add/serial-number;authenticated MY STIHL UI lookup;OFFICIAL_WEB_LOOKUP;OFFICIAL_STIHL_LOOKUP;TRUE;FALSE;FALSE;FALSE;1;234;stihl_resultaten.csv
166300000;166300000;2026-09-26;OFFICIAL_EXACT_FOUND;gevonden;"Motorzaag / Benzine MS 390 3/8"" P Motorsäge";Motorzaag;Benzine;"MS 390 3/8"" P Motorsäge";MS 390;MY_STIHL;https://app.stihl.com/nl-nl/mystihl/tools/add/serial-number;authenticated MY STIHL UI lookup;OFFICIAL_WEB_LOOKUP;OFFICIAL_STIHL_LOOKUP;TRUE;FALSE;FALSE;FALSE;1;235;stihl_resultaten.csv
166400000;;2026-09-26;TECHNICAL_TIMEOUT;time-out;;;;;;MY_STIHL;https://app.stihl.com/nl-nl/mystihl/tools/add;authenticated MY STIHL UI lookup;TECHNICAL_TIMEOUT;;FALSE;FALSE;TRUE;FALSE;1;236;stihl_resultaten.csv
166500000;166500000;2026-09-26;OFFICIAL_EXACT_FOUND;gevonden;"Heggenschaar / Benzine HS 86 R Heckenschere, 750mm/30""";Heggenschaar;Benzine;"HS 86 R Heckenschere, 750mm/30""";HS 86 R;MY_STIHL;https://app.stihl.com/nl-nl/mystihl/tools/add/serial-number;authenticated MY STIHL UI lookup;OFFICIAL_WEB_LOOKUP;OFFICIAL_STIHL_LOOKUP;TRUE;FALSE;FALSE;FALSE;1;237;stihl_resultaten.csv
166600000;166600000;2026-09-26;OFFICIAL_EXACT_FOUND;gevonden;"Motorzaag / Benzine MS 230 3/8""P Motorsäge";Motorzaag;Benzine;"MS 230 3/8""P Motorsäge";MS 230;MY_STIHL;https://app.stihl.com/nl-nl/mystihl/tools/add/serial-number;authenticated MY STIHL UI lookup;OFFICIAL_WEB_LOOKUP;OFFICIAL_STIHL_LOOKUP;TRUE;FALSE;FALSE;FALSE;1;238;stihl_resultaten.csv
166700000;166700000;2026-09-26;OFFICIAL_EXACT_FOUND;gevonden;"Motorzaag / Benzine MS 290 3/8"" P Motorsäge";Motorzaag;Benzine;"MS 290 3/8"" P Motorsäge";MS 290;MY_STIHL;https://app.stihl.com/nl-nl/mystihl/tools/add/serial-number;authenticated MY STIHL UI lookup;OFFICIAL_WEB_LOOKUP;OFFICIAL_STIHL_LOOKUP;TRUE;FALSE;FALSE;FALSE;1;239;stihl_resultaten.csv
166800000;166800000;2026-09-26;OFFICIAL_EXACT_FOUND;gevonden;Bladblazer / Benzine BG 85 Blasgerät;Bladblazer;Benzine;BG 85 Blasgerät;BG 85;MY_STIHL;https://app.stihl.com/nl-nl/mystihl/tools/add/serial-number;authenticated MY STIHL UI lookup;OFFICIAL_WEB_LOOKUP;OFFICIAL_STIHL_LOOKUP;TRUE;FALSE;FALSE;FALSE;1;240;stihl_resultaten.csv
166900000;166900000;2026-09-26;OFFICIAL_EXACT_FOUND;gevonden;"Motorzaag / Benzine MS 260 C-B .325"" P Motorsäge";Motorzaag;Benzine;"MS 260 C-B .325"" P Motorsäge";MS 260 C-B;MY_STIHL;https://app.stihl.com/nl-nl/mystihl/tools/add/serial-number;authenticated MY STIHL UI lookup;OFFICIAL_WEB_LOOKUP;OFFICIAL_STIHL_LOOKUP;TRUE;FALSE;FALSE;FALSE;1;241;stihl_resultaten.csv
167000000;167000000;2026-09-26;OFFICIAL_EXACT_FOUND;gevonden;Doorslijpmachine / Benzine TS 400;Doorslijpmachine;Benzine;TS 400;TS 400;MY_STIHL;https://app.stihl.com/nl-nl/mystihl/tools/add/serial-number;authenticated MY STIHL UI lookup;OFFICIAL_WEB_LOOKUP;OFFICIAL_STIHL_LOOKUP;TRUE;FALSE;FALSE;FALSE;1;242;stihl_resultaten.csv
167100000;167100000;2026-09-26;OFFICIAL_EXACT_FOUND;gevonden;"Motorzaag / Elektrisch MSE 140 C-Q 3/8""P Elektro-Motorsäge";Motorzaag;Elektrisch;"MSE 140 C-Q 3/8""P Elektro-Motorsäge";MSE 140 C-Q;MY_STIHL;https://app.stihl.com/nl-nl/mystihl/tools/add/serial-number;authenticated MY STIHL UI lookup;OFFICIAL_WEB_LOOKUP;OFFICIAL_STIHL_LOOKUP;TRUE;FALSE;FALSE;FALSE;1;243;stihl_resultaten.csv
167200000;167200000;2026-09-26;OFFICIAL_EXACT_FOUND;gevonden;Heggenschaar / Benzine HL 75 K Heckenschneider;Heggenschaar;Benzine;HL 75 K Heckenschneider;HL 75 K Heckenschneider;MY_STIHL;https://app.stihl.com/nl-nl/mystihl/tools/add/serial-number;authenticated MY STIHL UI lookup;OFFICIAL_WEB_LOOKUP;OFFICIAL_STIHL_LOOKUP;TRUE;FALSE;FALSE;FALSE;1;244;stihl_resultaten.csv
167300000;167300000;2026-09-26;OFFICIAL_EXACT_FOUND;gevonden;"Motorzaag / Benzine MS 310 3/8"" P Motorsäge";Motorzaag;Benzine;"MS 310 3/8"" P Motorsäge";MS 310;MY_STIHL;https://app.stihl.com/nl-nl/mystihl/tools/add/serial-number;authenticated MY STIHL UI lookup;OFFICIAL_WEB_LOOKUP;OFFICIAL_STIHL_LOOKUP;TRUE;FALSE;FALSE;FALSE;1;245;stihl_resultaten.csv
167400000;167400000;2026-09-26;OFFICIAL_EXACT_FOUND;gevonden;Bosmaaier / Benzine FS 480 Freischneider;Bosmaaier;Benzine;FS 480 Freischneider;FS 480;MY_STIHL;https://app.stihl.com/nl-nl/mystihl/tools/add/serial-number;authenticated MY STIHL UI lookup;OFFICIAL_WEB_LOOKUP;OFFICIAL_STIHL_LOOKUP;TRUE;FALSE;FALSE;FALSE;1;246;stihl_resultaten.csv
167500000;;2026-09-26;TECHNICAL_TIMEOUT;time-out;;;;;;MY_STIHL;https://app.stihl.com/nl-nl/mystihl/tools/add;authenticated MY STIHL UI lookup;TECHNICAL_TIMEOUT;;FALSE;FALSE;TRUE;FALSE;1;247;stihl_resultaten.csv
167600000;167600000;2026-09-26;OFFICIAL_EXACT_FOUND;gevonden;Combimotor / Benzine KM 55 R KombiMotor;Combimotor;Benzine;KM 55 R KombiMotor;KM 55 R KombiMotor;MY_STIHL;https://app.stihl.com/nl-nl/mystihl/tools/add/serial-number;authenticated MY STIHL UI lookup;OFFICIAL_WEB_LOOKUP;OFFICIAL_STIHL_LOOKUP;TRUE;FALSE;FALSE;FALSE;1;248;stihl_resultaten.csv
167700000;167700000;2026-09-26;OFFICIAL_EXACT_FOUND;gevonden;Bosmaaier / Benzine FS 120 Motorsense;Bosmaaier;Benzine;FS 120 Motorsense;FS 120;MY_STIHL;https://app.stihl.com/nl-nl/mystihl/tools/add/serial-number;authenticated MY STIHL UI lookup;OFFICIAL_WEB_LOOKUP;OFFICIAL_STIHL_LOOKUP;TRUE;FALSE;FALSE;FALSE;1;249;stihl_resultaten.csv
167800000;167800000;2026-09-26;OFFICIAL_EXACT_FOUND;gevonden;"Motorzaag / Benzine MS 260 .325"" P Motorsäge";Motorzaag;Benzine;"MS 260 .325"" P Motorsäge";MS 260;MY_STIHL;https://app.stihl.com/nl-nl/mystihl/tools/add/serial-number;authenticated MY STIHL UI lookup;OFFICIAL_WEB_LOOKUP;OFFICIAL_STIHL_LOOKUP;TRUE;FALSE;FALSE;FALSE;1;250;stihl_resultaten.csv
167900000;167900000;2026-09-26;OFFICIAL_EXACT_FOUND;gevonden;Bosmaaier / Benzine FS 85 Motorsense;Bosmaaier;Benzine;FS 85 Motorsense;FS 85;MY_STIHL;https://app.stihl.com/nl-nl/mystihl/tools/add/serial-number;authenticated MY STIHL UI lookup;OFFICIAL_WEB_LOOKUP;OFFICIAL_STIHL_LOOKUP;TRUE;FALSE;FALSE;FALSE;1;251;stihl_resultaten.csv
168000000;;2026-09-26;TECHNICAL_TIMEOUT;time-out;;;;;;MY_STIHL;https://app.stihl.com/nl-nl/mystihl/tools/add;authenticated MY STIHL UI lookup;TECHNICAL_TIMEOUT;;FALSE;FALSE;TRUE;FALSE;1;252;stihl_resultaten.csv
168100000;168100000;2026-09-26;OFFICIAL_EXACT_FOUND;gevonden;Bosmaaier / Benzine FS 55 Motorsense;Bosmaaier;Benzine;FS 55 Motorsense;FS 55;MY_STIHL;https://app.stihl.com/nl-nl/mystihl/tools/add/serial-number;authenticated MY STIHL UI lookup;OFFICIAL_WEB_LOOKUP;OFFICIAL_STIHL_LOOKUP;TRUE;FALSE;FALSE;FALSE;1;253;stihl_resultaten.csv
168200000;;2026-09-26;TECHNICAL_TIMEOUT;time-out;;;;;;MY_STIHL;https://app.stihl.com/nl-nl/mystihl/tools/add;authenticated MY STIHL UI lookup;TECHNICAL_TIMEOUT;;FALSE;FALSE;TRUE;FALSE;1;254;stihl_resultaten.csv
168300000;168300000;2026-09-26;OFFICIAL_EXACT_FOUND;gevonden;"Motorzaag / Elektrisch MSE 140 C-BQ 3/8""P Elektro-Motorsäge";Motorzaag;Elektrisch;"MSE 140 C-BQ 3/8""P Elektro-Motorsäge";MSE 140 C-BQ;MY_STIHL;https://app.stihl.com/nl-nl/mystihl/tools/add/serial-number;authenticated MY STIHL UI lookup;OFFICIAL_WEB_LOOKUP;OFFICIAL_STIHL_LOOKUP;TRUE;FALSE;FALSE;FALSE;1;255;stihl_resultaten.csv
168400000;168400000;2026-09-26;OFFICIAL_EXACT_FOUND;gevonden;"Motorzaag / Benzine MS 260 .325"" R FarmBoss Motorsäge";Motorzaag;Benzine;"MS 260 .325"" R FarmBoss Motorsäge";MS 260;MY_STIHL;https://app.stihl.com/nl-nl/mystihl/tools/add/serial-number;authenticated MY STIHL UI lookup;OFFICIAL_WEB_LOOKUP;OFFICIAL_STIHL_LOOKUP;TRUE;FALSE;FALSE;FALSE;1;256;stihl_resultaten.csv
168500000;;2026-09-26;TECHNICAL_TIMEOUT;time-out;;;;;;MY_STIHL;https://app.stihl.com/nl-nl/mystihl/tools/add;authenticated MY STIHL UI lookup;TECHNICAL_TIMEOUT;;FALSE;FALSE;TRUE;FALSE;1;257;stihl_resultaten.csv
168600000;168600000;2026-09-26;OFFICIAL_EXACT_FOUND;gevonden;"Heggenschaar / Benzine HS 81 R Cutter Heckenschere, 600mm/24""";Heggenschaar;Benzine;"HS 81 R Cutter Heckenschere, 600mm/24""";HS 81 R;MY_STIHL;https://app.stihl.com/nl-nl/mystihl/tools/add/serial-number;authenticated MY STIHL UI lookup;OFFICIAL_WEB_LOOKUP;OFFICIAL_STIHL_LOOKUP;TRUE;FALSE;FALSE;FALSE;1;258;stihl_resultaten.csv
168700000;;2026-09-26;TECHNICAL_TIMEOUT;time-out;;;;;;MY_STIHL;https://app.stihl.com/nl-nl/mystihl/tools/add;authenticated MY STIHL UI lookup;TECHNICAL_TIMEOUT;;FALSE;FALSE;TRUE;FALSE;1;259;stihl_resultaten.csv
168800000;;2026-09-26;TECHNICAL_TIMEOUT;time-out;;;;;;MY_STIHL;https://app.stihl.com/nl-nl/mystihl/tools/add;authenticated MY STIHL UI lookup;TECHNICAL_TIMEOUT;;FALSE;FALSE;TRUE;FALSE;1;260;stihl_resultaten.csv
168900000;168900000;2026-09-26;OFFICIAL_EXACT_FOUND;gevonden;Bosmaaier / Benzine FS 480-KZ Freischneider;Bosmaaier;Benzine;FS 480-KZ Freischneider;FS;MY_STIHL;https://app.stihl.com/nl-nl/mystihl/tools/add/serial-number;authenticated MY STIHL UI lookup;OFFICIAL_WEB_LOOKUP;OFFICIAL_STIHL_LOOKUP;TRUE;FALSE;FALSE;FALSE;1;261;stihl_resultaten.csv
169000000;169000000;2026-09-26;OFFICIAL_EXACT_FOUND;gevonden;Zuighakselaar / Benzine SH 85 SaugHäcksler;Zuighakselaar;Benzine;SH 85 SaugHäcksler;SH 85;MY_STIHL;https://app.stihl.com/nl-nl/mystihl/tools/add/serial-number;authenticated MY STIHL UI lookup;OFFICIAL_WEB_LOOKUP;OFFICIAL_STIHL_LOOKUP;TRUE;FALSE;FALSE;FALSE;1;262;stihl_resultaten.csv
169100000;169100000;2026-09-26;OFFICIAL_EXACT_FOUND;gevonden;Combimotor / Benzine KM 55 R KombiMotor;Combimotor;Benzine;KM 55 R KombiMotor;KM 55 R KombiMotor;MY_STIHL;https://app.stihl.com/nl-nl/mystihl/tools/add/serial-number;authenticated MY STIHL UI lookup;OFFICIAL_WEB_LOOKUP;OFFICIAL_STIHL_LOOKUP;TRUE;FALSE;FALSE;FALSE;1;263;stihl_resultaten.csv
169200000;169200000;2026-09-26;OFFICIAL_EXACT_FOUND;gevonden;"Motorzaag / Benzine MS 250 3/8""P Motorsäge";Motorzaag;Benzine;"MS 250 3/8""P Motorsäge";MS 250;MY_STIHL;https://app.stihl.com/nl-nl/mystihl/tools/add/serial-number;authenticated MY STIHL UI lookup;OFFICIAL_WEB_LOOKUP;OFFICIAL_STIHL_LOOKUP;TRUE;FALSE;FALSE;FALSE;1;264;stihl_resultaten.csv
169300000;169300000;2026-09-26;OFFICIAL_EXACT_FOUND;gevonden;"Motorzaag / Benzine MS 390-Z 3/8"" P FarmBoss Motorsäge";Motorzaag;Benzine;"MS 390-Z 3/8"" P FarmBoss Motorsäge";MS 390;MY_STIHL;https://app.stihl.com/nl-nl/mystihl/tools/add/serial-number;authenticated MY STIHL UI lookup;OFFICIAL_WEB_LOOKUP;OFFICIAL_STIHL_LOOKUP;TRUE;FALSE;FALSE;FALSE;1;265;stihl_resultaten.csv
169400000;169400000;2026-09-26;OFFICIAL_EXACT_FOUND;gevonden;"Motorzaag / Benzine MS 260 .325"" R Motorsäge";Motorzaag;Benzine;"MS 260 .325"" R Motorsäge";MS 260;MY_STIHL;https://app.stihl.com/nl-nl/mystihl/tools/add/serial-number;authenticated MY STIHL UI lookup;OFFICIAL_WEB_LOOKUP;OFFICIAL_STIHL_LOOKUP;TRUE;FALSE;FALSE;FALSE;1;266;stihl_resultaten.csv
169500000;169500000;2026-09-26;OFFICIAL_EXACT_FOUND;gevonden;"Doorslijpmachine / Benzine TS 420-Z Trennschleifer, 350mm/14""";Doorslijpmachine;Benzine;"TS 420-Z Trennschleifer, 350mm/14""";TS 420;MY_STIHL;https://app.stihl.com/nl-nl/mystihl/tools/add/serial-number;authenticated MY STIHL UI lookup;OFFICIAL_WEB_LOOKUP;OFFICIAL_STIHL_LOOKUP;TRUE;FALSE;FALSE;FALSE;1;267;stihl_resultaten.csv
169600000;169600000;2026-09-26;OFFICIAL_EXACT_FOUND;gevonden;"Motorzaag / Benzine MS 660-Z 3/8"" R Magnum Motorsäge";Motorzaag;Benzine;"MS 660-Z 3/8"" R Magnum Motorsäge";MS 660;MY_STIHL;https://app.stihl.com/nl-nl/mystihl/tools/add/serial-number;authenticated MY STIHL UI lookup;OFFICIAL_WEB_LOOKUP;OFFICIAL_STIHL_LOOKUP;TRUE;FALSE;FALSE;FALSE;1;268;stihl_resultaten.csv
169700000;169700000;2026-09-26;OFFICIAL_EXACT_FOUND;gevonden;"Heggenschaar / Benzine HS 81 R Cutter Heckenschere, 600mm/24""";Heggenschaar;Benzine;"HS 81 R Cutter Heckenschere, 600mm/24""";HS 81 R;MY_STIHL;https://app.stihl.com/nl-nl/mystihl/tools/add/serial-number;authenticated MY STIHL UI lookup;OFFICIAL_WEB_LOOKUP;OFFICIAL_STIHL_LOOKUP;TRUE;FALSE;FALSE;FALSE;1;269;stihl_resultaten.csv
169800000;169800000;2026-09-26;OFFICIAL_EXACT_FOUND;gevonden;"Motorzaag / Benzine 070 .404"" Motorsäge";Motorzaag;Benzine;"070 .404"" Motorsäge";070;MY_STIHL;https://app.stihl.com/nl-nl/mystihl/tools/add/serial-number;authenticated MY STIHL UI lookup;OFFICIAL_WEB_LOOKUP;OFFICIAL_STIHL_LOOKUP;TRUE;FALSE;FALSE;FALSE;1;270;stihl_resultaten.csv
169900000;169900000;2026-09-26;OFFICIAL_EXACT_FOUND;gevonden;"Motorzaag / Benzine MS 250 3/8""P Motorsäge";Motorzaag;Benzine;"MS 250 3/8""P Motorsäge";MS 250;MY_STIHL;https://app.stihl.com/nl-nl/mystihl/tools/add/serial-number;authenticated MY STIHL UI lookup;OFFICIAL_WEB_LOOKUP;OFFICIAL_STIHL_LOOKUP;TRUE;FALSE;FALSE;FALSE;1;271;stihl_resultaten.csv
170000000;170000000;2026-09-26;OFFICIAL_EXACT_FOUND;gevonden;Bosmaaier / Benzine FS 450 Freischneider;Bosmaaier;Benzine;FS 450 Freischneider;FS 450;MY_STIHL;https://app.stihl.com/nl-nl/mystihl/tools/add/serial-number;authenticated MY STIHL UI lookup;OFFICIAL_WEB_LOOKUP;OFFICIAL_STIHL_LOOKUP;TRUE;FALSE;FALSE;FALSE;1;272;stihl_resultaten.csv
170100000;170100000;2026-09-26;OFFICIAL_EXACT_FOUND;gevonden;"Motorzaag / Benzine MS 460 3/8"" R Motorsäge";Motorzaag;Benzine;"MS 460 3/8"" R Motorsäge";MS 460;MY_STIHL;https://app.stihl.com/nl-nl/mystihl/tools/add/serial-number;authenticated MY STIHL UI lookup;OFFICIAL_WEB_LOOKUP;OFFICIAL_STIHL_LOOKUP;TRUE;FALSE;FALSE;FALSE;1;273;stihl_resultaten.csv
170200000;170200000;2026-09-26;OFFICIAL_EXACT_FOUND;gevonden;Bosmaaier / Benzine FS 400 Freischneider;Bosmaaier;Benzine;FS 400 Freischneider;FS 400;MY_STIHL;https://app.stihl.com/nl-nl/mystihl/tools/add/serial-number;authenticated MY STIHL UI lookup;OFFICIAL_WEB_LOOKUP;OFFICIAL_STIHL_LOOKUP;TRUE;FALSE;FALSE;FALSE;1;274;stihl_resultaten.csv
170300000;170300000;2026-09-26;OFFICIAL_EXACT_FOUND;gevonden;"Motorzaag / Benzine MS 250 3/8""P Motorsäge";Motorzaag;Benzine;"MS 250 3/8""P Motorsäge";MS 250;MY_STIHL;https://app.stihl.com/nl-nl/mystihl/tools/add/serial-number;authenticated MY STIHL UI lookup;OFFICIAL_WEB_LOOKUP;OFFICIAL_STIHL_LOOKUP;TRUE;FALSE;FALSE;FALSE;1;275;stihl_resultaten.csv
170400000;170400000;2026-09-26;OFFICIAL_EXACT_FOUND;gevonden;Bosmaaier / Benzine FS 450-K Freischneider;Bosmaaier;Benzine;FS 450-K Freischneider;FS;MY_STIHL;https://app.stihl.com/nl-nl/mystihl/tools/add/serial-number;authenticated MY STIHL UI lookup;OFFICIAL_WEB_LOOKUP;OFFICIAL_STIHL_LOOKUP;TRUE;FALSE;FALSE;FALSE;1;276;stihl_resultaten.csv
170500000;170500000;2026-09-26;OFFICIAL_EXACT_FOUND;gevonden;"Motorzaag / Benzine 070 .404"" Motorsäge";Motorzaag;Benzine;"070 .404"" Motorsäge";070;MY_STIHL;https://app.stihl.com/nl-nl/mystihl/tools/add/serial-number;authenticated MY STIHL UI lookup;OFFICIAL_WEB_LOOKUP;OFFICIAL_STIHL_LOOKUP;TRUE;FALSE;FALSE;FALSE;1;277;stihl_resultaten.csv
170600000;170600000;2026-09-26;OFFICIAL_EXACT_FOUND;gevonden;Grondboren / Benzine BT 360 Bohrgerät;Grondboren;Benzine;BT 360 Bohrgerät;BT 360;MY_STIHL;https://app.stihl.com/nl-nl/mystihl/tools/add/serial-number;authenticated MY STIHL UI lookup;OFFICIAL_WEB_LOOKUP;OFFICIAL_STIHL_LOOKUP;TRUE;FALSE;FALSE;FALSE;1;278;stihl_resultaten.csv
170700000;;2026-09-26;TECHNICAL_TIMEOUT;time-out;;;;;;MY_STIHL;https://app.stihl.com/nl-nl/mystihl/tools/add;authenticated MY STIHL UI lookup;TECHNICAL_TIMEOUT;;FALSE;FALSE;TRUE;FALSE;1;279;stihl_resultaten.csv
170800000;170800000;2026-09-26;OFFICIAL_EXACT_FOUND;gevonden;"Motorzaag / Benzine MS 250 .325"" Motorsäge";Motorzaag;Benzine;"MS 250 .325"" Motorsäge";MS 250;MY_STIHL;https://app.stihl.com/nl-nl/mystihl/tools/add/serial-number;authenticated MY STIHL UI lookup;OFFICIAL_WEB_LOOKUP;OFFICIAL_STIHL_LOOKUP;TRUE;FALSE;FALSE;FALSE;1;280;stihl_resultaten.csv
170900000;170900000;2026-09-26;OFFICIAL_EXACT_FOUND;gevonden;"Motorzaag / Benzine MS 260 .325"" R FarmBoss Motorsäge";Motorzaag;Benzine;"MS 260 .325"" R FarmBoss Motorsäge";MS 260;MY_STIHL;https://app.stihl.com/nl-nl/mystihl/tools/add/serial-number;authenticated MY STIHL UI lookup;OFFICIAL_WEB_LOOKUP;OFFICIAL_STIHL_LOOKUP;TRUE;FALSE;FALSE;FALSE;1;281;stihl_resultaten.csv
171000000;171000000;2026-09-26;OFFICIAL_EXACT_FOUND;gevonden;"Motorzaag / Benzine MS 260 .325"" P Motorsäge";Motorzaag;Benzine;"MS 260 .325"" P Motorsäge";MS 260;MY_STIHL;https://app.stihl.com/nl-nl/mystihl/tools/add/serial-number;authenticated MY STIHL UI lookup;OFFICIAL_WEB_LOOKUP;OFFICIAL_STIHL_LOOKUP;TRUE;FALSE;FALSE;FALSE;1;282;stihl_resultaten.csv
171100000;171100000;2026-09-26;OFFICIAL_EXACT_FOUND;gevonden;Bosmaaier / Benzine FS 450 Freischneider;Bosmaaier;Benzine;FS 450 Freischneider;FS 450;MY_STIHL;https://app.stihl.com/nl-nl/mystihl/tools/add/serial-number;authenticated MY STIHL UI lookup;OFFICIAL_WEB_LOOKUP;OFFICIAL_STIHL_LOOKUP;TRUE;FALSE;FALSE;FALSE;1;283;stihl_resultaten.csv
171200000;171200000;2026-09-26;OFFICIAL_EXACT_FOUND;gevonden;"Motorzaag / Benzine MS 230 .325"" P Motorsäge";Motorzaag;Benzine;"MS 230 .325"" P Motorsäge";MS 230;MY_STIHL;https://app.stihl.com/nl-nl/mystihl/tools/add/serial-number;authenticated MY STIHL UI lookup;OFFICIAL_WEB_LOOKUP;OFFICIAL_STIHL_LOOKUP;TRUE;FALSE;FALSE;FALSE;1;284;stihl_resultaten.csv
171300000;171300000;2026-09-26;OFFICIAL_EXACT_FOUND;gevonden;"Motorzaag / Benzine MS 660 3/8""P P Motorsäge";Motorzaag;Benzine;"MS 660 3/8""P P Motorsäge";MS 660;MY_STIHL;https://app.stihl.com/nl-nl/mystihl/tools/add/serial-number;authenticated MY STIHL UI lookup;OFFICIAL_WEB_LOOKUP;OFFICIAL_STIHL_LOOKUP;TRUE;FALSE;FALSE;FALSE;1;285;stihl_resultaten.csv
171400000;;2026-09-26;TECHNICAL_TIMEOUT;time-out;;;;;;MY_STIHL;https://app.stihl.com/nl-nl/mystihl/tools/add;authenticated MY STIHL UI lookup;TECHNICAL_TIMEOUT;;FALSE;FALSE;TRUE;FALSE;1;286;stihl_resultaten.csv
171500000;171500000;2026-09-26;OFFICIAL_EXACT_FOUND;gevonden;"Motorzaag / Benzine MS 250 C-BE 3/8""P Motorsäge";Motorzaag;Benzine;"MS 250 C-BE 3/8""P Motorsäge";MS 250 C-BE;MY_STIHL;https://app.stihl.com/nl-nl/mystihl/tools/add/serial-number;authenticated MY STIHL UI lookup;OFFICIAL_WEB_LOOKUP;OFFICIAL_STIHL_LOOKUP;TRUE;FALSE;FALSE;FALSE;1;287;stihl_resultaten.csv
171600000;;2026-09-26;TECHNICAL_TIMEOUT;time-out;;;;;;MY_STIHL;https://app.stihl.com/nl-nl/mystihl/tools/add;authenticated MY STIHL UI lookup;TECHNICAL_TIMEOUT;;FALSE;FALSE;TRUE;FALSE;1;288;stihl_resultaten.csv
171700000;171700000;2026-09-26;OFFICIAL_EXACT_FOUND;gevonden;"Motorzaag / Elektrisch MSE 180 C-BQ 3/8""P Elektro-Motorsäge";Motorzaag;Elektrisch;"MSE 180 C-BQ 3/8""P Elektro-Motorsäge";MSE 180 C-BQ;MY_STIHL;https://app.stihl.com/nl-nl/mystihl/tools/add/serial-number;authenticated MY STIHL UI lookup;OFFICIAL_WEB_LOOKUP;OFFICIAL_STIHL_LOOKUP;TRUE;FALSE;FALSE;FALSE;1;289;stihl_resultaten.csv
171800000;;2026-09-26;TECHNICAL_TIMEOUT;time-out;;;;;;MY_STIHL;https://app.stihl.com/nl-nl/mystihl/tools/add;authenticated MY STIHL UI lookup;TECHNICAL_TIMEOUT;;FALSE;FALSE;TRUE;FALSE;1;290;stihl_resultaten.csv
171900000;171900000;2026-09-26;OFFICIAL_EXACT_FOUND;gevonden;Bosmaaier / Benzine FS 450-K Freischneider;Bosmaaier;Benzine;FS 450-K Freischneider;FS;MY_STIHL;https://app.stihl.com/nl-nl/mystihl/tools/add/serial-number;authenticated MY STIHL UI lookup;OFFICIAL_WEB_LOOKUP;OFFICIAL_STIHL_LOOKUP;TRUE;FALSE;FALSE;FALSE;1;291;stihl_resultaten.csv
172000000;172000000;2026-09-26;OFFICIAL_EXACT_FOUND;gevonden;Bosmaaier / Benzine FS 350 Freischneider;Bosmaaier;Benzine;FS 350 Freischneider;FS 350;MY_STIHL;https://app.stihl.com/nl-nl/mystihl/tools/add/serial-number;authenticated MY STIHL UI lookup;OFFICIAL_WEB_LOOKUP;OFFICIAL_STIHL_LOOKUP;TRUE;FALSE;FALSE;FALSE;1;292;stihl_resultaten.csv
172100000;172100000;2026-09-26;OFFICIAL_EXACT_FOUND;gevonden;Bosmaaier / Benzine FS 450 Freischneider;Bosmaaier;Benzine;FS 450 Freischneider;FS 450;MY_STIHL;https://app.stihl.com/nl-nl/mystihl/tools/add/serial-number;authenticated MY STIHL UI lookup;OFFICIAL_WEB_LOOKUP;OFFICIAL_STIHL_LOOKUP;TRUE;FALSE;FALSE;FALSE;1;293;stihl_resultaten.csv
172200000;172200000;2026-09-26;OFFICIAL_EXACT_FOUND;gevonden;"Motorzaag / Benzine 070 .404"" Motorsäge";Motorzaag;Benzine;"070 .404"" Motorsäge";070;MY_STIHL;https://app.stihl.com/nl-nl/mystihl/tools/add/serial-number;authenticated MY STIHL UI lookup;OFFICIAL_WEB_LOOKUP;OFFICIAL_STIHL_LOOKUP;TRUE;FALSE;FALSE;FALSE;1;294;stihl_resultaten.csv
172300000;172300000;2026-09-26;OFFICIAL_EXACT_FOUND;gevonden;"Motorzaag / Benzine MS 250 C-BE Z .325"" P WoodBoss Motorsäge";Motorzaag;Benzine;"MS 250 C-BE Z .325"" P WoodBoss Motorsäge";MS 250 C-BE;MY_STIHL;https://app.stihl.com/nl-nl/mystihl/tools/add/serial-number;authenticated MY STIHL UI lookup;OFFICIAL_WEB_LOOKUP;OFFICIAL_STIHL_LOOKUP;TRUE;FALSE;FALSE;FALSE;1;295;stihl_resultaten.csv
172400000;172400000;2026-09-26;OFFICIAL_EXACT_FOUND;gevonden;"Motorzaag / Benzine MS 460-Z 3/8"" R Magnum Motorsäge";Motorzaag;Benzine;"MS 460-Z 3/8"" R Magnum Motorsäge";MS 460;MY_STIHL;https://app.stihl.com/nl-nl/mystihl/tools/add/serial-number;authenticated MY STIHL UI lookup;OFFICIAL_WEB_LOOKUP;OFFICIAL_STIHL_LOOKUP;TRUE;FALSE;FALSE;FALSE;1;296;stihl_resultaten.csv
172500000;172500000;2026-09-26;OFFICIAL_EXACT_FOUND;gevonden;Bosmaaier / Benzine FS 450 Freischneider;Bosmaaier;Benzine;FS 450 Freischneider;FS 450;MY_STIHL;https://app.stihl.com/nl-nl/mystihl/tools/add/serial-number;authenticated MY STIHL UI lookup;OFFICIAL_WEB_LOOKUP;OFFICIAL_STIHL_LOOKUP;TRUE;FALSE;FALSE;FALSE;1;297;stihl_resultaten.csv
172600000;172600000;2026-09-26;OFFICIAL_EXACT_FOUND;gevonden;"Motorzaag / Benzine MS 310 3/8"" P Motorsäge";Motorzaag;Benzine;"MS 310 3/8"" P Motorsäge";MS 310;MY_STIHL;https://app.stihl.com/nl-nl/mystihl/tools/add/serial-number;authenticated MY STIHL UI lookup;OFFICIAL_WEB_LOOKUP;OFFICIAL_STIHL_LOOKUP;TRUE;FALSE;FALSE;FALSE;1;298;stihl_resultaten.csv
172700000;172700000;2026-09-26;OFFICIAL_EXACT_FOUND;gevonden;"Motorzaag / Benzine MS 250 C-BE .325"" SPUR Motorsäge";Motorzaag;Benzine;"MS 250 C-BE .325"" SPUR Motorsäge";MS 250 C-BE;MY_STIHL;https://app.stihl.com/nl-nl/mystihl/tools/add/serial-number;authenticated MY STIHL UI lookup;OFFICIAL_WEB_LOOKUP;OFFICIAL_STIHL_LOOKUP;TRUE;FALSE;FALSE;FALSE;1;299;stihl_resultaten.csv
172800000;172800000;2026-09-26;OFFICIAL_EXACT_FOUND;gevonden;"Motorzaag / Benzine MS 230 C-BE 3/8""P P Motorsäge";Motorzaag;Benzine;"MS 230 C-BE 3/8""P P Motorsäge";MS 230 C-BE;MY_STIHL;https://app.stihl.com/nl-nl/mystihl/tools/add/serial-number;authenticated MY STIHL UI lookup;OFFICIAL_WEB_LOOKUP;OFFICIAL_STIHL_LOOKUP;TRUE;FALSE;FALSE;FALSE;1;300;stihl_resultaten.csv
172900000;;2026-09-26;TECHNICAL_TIMEOUT;time-out;;;;;;MY_STIHL;https://app.stihl.com/nl-nl/mystihl/tools/add;authenticated MY STIHL UI lookup;TECHNICAL_TIMEOUT;;FALSE;FALSE;TRUE;FALSE;1;301;stihl_resultaten.csv
173000000;;2026-09-26;TECHNICAL_TIMEOUT;time-out;;;;;;MY_STIHL;https://app.stihl.com/nl-nl/mystihl/tools/add;authenticated MY STIHL UI lookup;TECHNICAL_TIMEOUT;;FALSE;FALSE;TRUE;FALSE;1;302;stihl_resultaten.csv
173050000;173050000;2026-09-26;OFFICIAL_EXACT_FOUND;gevonden;"Motorzaag / Elektrisch MSE 180 C-BQ 3/8""P Elektro-Motorsäge";Motorzaag;Elektrisch;"MSE 180 C-BQ 3/8""P Elektro-Motorsäge";MSE 180 C-BQ;MY_STIHL;https://app.stihl.com/nl-nl/mystihl/tools/add/serial-number;authenticated MY STIHL UI lookup;OFFICIAL_WEB_LOOKUP;OFFICIAL_STIHL_LOOKUP;TRUE;FALSE;FALSE;FALSE;1;303;stihl_resultaten.csv
173100000;173100000;2026-09-26;OFFICIAL_EXACT_FOUND;gevonden;"Doorslijpmachine / Benzine TS 420-Z Trennschleifer, 350mm/14""";Doorslijpmachine;Benzine;"TS 420-Z Trennschleifer, 350mm/14""";TS 420;MY_STIHL;https://app.stihl.com/nl-nl/mystihl/tools/add/serial-number;authenticated MY STIHL UI lookup;OFFICIAL_WEB_LOOKUP;OFFICIAL_STIHL_LOOKUP;TRUE;FALSE;FALSE;FALSE;1;304;stihl_resultaten.csv
173150000;;2026-09-26;TECHNICAL_TIMEOUT;time-out;;;;;;MY_STIHL;https://app.stihl.com/nl-nl/mystihl/tools/add;authenticated MY STIHL UI lookup;TECHNICAL_TIMEOUT;;FALSE;FALSE;TRUE;FALSE;1;305;stihl_resultaten.csv
173200000;173200000;2026-09-26;OFFICIAL_EXACT_FOUND;gevonden;"Motorzaag / Benzine MS 250 .325"" P Motorsäge";Motorzaag;Benzine;"MS 250 .325"" P Motorsäge";MS 250;MY_STIHL;https://app.stihl.com/nl-nl/mystihl/tools/add/serial-number;authenticated MY STIHL UI lookup;OFFICIAL_WEB_LOOKUP;OFFICIAL_STIHL_LOOKUP;TRUE;FALSE;FALSE;FALSE;1;306;stihl_resultaten.csv
173250000;173250000;2026-09-26;OFFICIAL_EXACT_FOUND;gevonden;Bosmaaier / Benzine FS 410 C-E Freischneider;Bosmaaier;Benzine;FS 410 C-E Freischneider;FS 410 C-E;MY_STIHL;https://app.stihl.com/nl-nl/mystihl/tools/add/serial-number;authenticated MY STIHL UI lookup;OFFICIAL_WEB_LOOKUP;OFFICIAL_STIHL_LOOKUP;TRUE;FALSE;FALSE;FALSE;1;307;stihl_resultaten.csv
173300000;173300000;2026-09-26;OFFICIAL_EXACT_FOUND;gevonden;Bosmaaier / Benzine FR 450 Freischneider rückentragbar;Bosmaaier;Benzine;FR 450 Freischneider rückentragbar;FR 450;MY_STIHL;https://app.stihl.com/nl-nl/mystihl/tools/add/serial-number;authenticated MY STIHL UI lookup;OFFICIAL_WEB_LOOKUP;OFFICIAL_STIHL_LOOKUP;TRUE;FALSE;FALSE;FALSE;1;308;stihl_resultaten.csv
173350000;173350000;2026-09-26;OFFICIAL_EXACT_FOUND;gevonden;"Motorzaag / Benzine MS 250 3/8""P P Motorsäge";Motorzaag;Benzine;"MS 250 3/8""P P Motorsäge";MS 250;MY_STIHL;https://app.stihl.com/nl-nl/mystihl/tools/add/serial-number;authenticated MY STIHL UI lookup;OFFICIAL_WEB_LOOKUP;OFFICIAL_STIHL_LOOKUP;TRUE;FALSE;FALSE;FALSE;1;309;stihl_resultaten.csv
173400000;173400000;2026-09-26;OFFICIAL_EXACT_FOUND;gevonden;"Motorzaag / Benzine MS 440 3/8"" R Motorsäge";Motorzaag;Benzine;"MS 440 3/8"" R Motorsäge";MS 440;MY_STIHL;https://app.stihl.com/nl-nl/mystihl/tools/add/serial-number;authenticated MY STIHL UI lookup;OFFICIAL_WEB_LOOKUP;OFFICIAL_STIHL_LOOKUP;TRUE;FALSE;FALSE;FALSE;1;310;stihl_resultaten.csv
173450000;173450000;2026-09-26;OFFICIAL_EXACT_FOUND;gevonden;Bosmaaier / Benzine FS 410 C-E Freischneider;Bosmaaier;Benzine;FS 410 C-E Freischneider;FS 410 C-E;MY_STIHL;https://app.stihl.com/nl-nl/mystihl/tools/add/serial-number;authenticated MY STIHL UI lookup;OFFICIAL_WEB_LOOKUP;OFFICIAL_STIHL_LOOKUP;TRUE;FALSE;FALSE;FALSE;1;311;stihl_resultaten.csv
173500000;173500000;2026-09-26;OFFICIAL_EXACT_FOUND;gevonden;"Motorzaag / Benzine MS 230-Z .325"" SPUR Motorsäge";Motorzaag;Benzine;"MS 230-Z .325"" SPUR Motorsäge";MS 230;MY_STIHL;https://app.stihl.com/nl-nl/mystihl/tools/add/serial-number;authenticated MY STIHL UI lookup;OFFICIAL_WEB_LOOKUP;OFFICIAL_STIHL_LOOKUP;TRUE;FALSE;FALSE;FALSE;1;312;stihl_resultaten.csv
173550000;173550000;2026-09-26;OFFICIAL_EXACT_FOUND;gevonden;"Motorzaag / Benzine MS 260 .325"" P Motorsäge";Motorzaag;Benzine;"MS 260 .325"" P Motorsäge";MS 260;MY_STIHL;https://app.stihl.com/nl-nl/mystihl/tools/add/serial-number;authenticated MY STIHL UI lookup;OFFICIAL_WEB_LOOKUP;OFFICIAL_STIHL_LOOKUP;TRUE;FALSE;FALSE;FALSE;1;313;stihl_resultaten.csv
173600000;173600000;2026-09-26;OFFICIAL_EXACT_FOUND;gevonden;"Motorzaag / Benzine MS 440-Z 3/8"" RIM Magnum Motorsäge";Motorzaag;Benzine;"MS 440-Z 3/8"" RIM Magnum Motorsäge";MS 440;MY_STIHL;https://app.stihl.com/nl-nl/mystihl/tools/add/serial-number;authenticated MY STIHL UI lookup;OFFICIAL_WEB_LOOKUP;OFFICIAL_STIHL_LOOKUP;TRUE;FALSE;FALSE;FALSE;1;314;stihl_resultaten.csv
173650000;;2026-09-26;TECHNICAL_TIMEOUT;time-out;;;;;;MY_STIHL;https://app.stihl.com/nl-nl/mystihl/tools/add;authenticated MY STIHL UI lookup;TECHNICAL_TIMEOUT;;FALSE;FALSE;TRUE;FALSE;1;315;stihl_resultaten.csv
173700000;173700000;2026-09-26;OFFICIAL_EXACT_FOUND;gevonden;"Motorzaag / Benzine MS 310 3/8"" P Motorsäge";Motorzaag;Benzine;"MS 310 3/8"" P Motorsäge";MS 310;MY_STIHL;https://app.stihl.com/nl-nl/mystihl/tools/add/serial-number;authenticated MY STIHL UI lookup;OFFICIAL_WEB_LOOKUP;OFFICIAL_STIHL_LOOKUP;TRUE;FALSE;FALSE;FALSE;1;316;stihl_resultaten.csv
173750000;173750000;2026-09-26;OFFICIAL_EXACT_FOUND;gevonden;"Motorzaag / Benzine 070 .404"" Motorsäge";Motorzaag;Benzine;"070 .404"" Motorsäge";070;MY_STIHL;https://app.stihl.com/nl-nl/mystihl/tools/add/serial-number;authenticated MY STIHL UI lookup;OFFICIAL_WEB_LOOKUP;OFFICIAL_STIHL_LOOKUP;TRUE;FALSE;FALSE;FALSE;1;317;stihl_resultaten.csv
173800000;173800000;2026-09-26;OFFICIAL_EXACT_FOUND;gevonden;Doorslijpmachine / Benzine TS 410;Doorslijpmachine;Benzine;TS 410;TS 410;MY_STIHL;https://app.stihl.com/nl-nl/mystihl/tools/add/serial-number;authenticated MY STIHL UI lookup;OFFICIAL_WEB_LOOKUP;OFFICIAL_STIHL_LOOKUP;TRUE;FALSE;FALSE;FALSE;1;318;stihl_resultaten.csv
173850000;173850000;2026-09-26;OFFICIAL_EXACT_FOUND;gevonden;"Motorzaag / Benzine MS 660-Z 3/8"" RIM Magnum Motorsäge";Motorzaag;Benzine;"MS 660-Z 3/8"" RIM Magnum Motorsäge";MS 660;MY_STIHL;https://app.stihl.com/nl-nl/mystihl/tools/add/serial-number;authenticated MY STIHL UI lookup;OFFICIAL_WEB_LOOKUP;OFFICIAL_STIHL_LOOKUP;TRUE;FALSE;FALSE;FALSE;1;319;stihl_resultaten.csv
173900000;173900000;2026-09-26;OFFICIAL_EXACT_FOUND;gevonden;"Motorzaag / Benzine MS 650 3/8"" R Magnum Motorsäge";Motorzaag;Benzine;"MS 650 3/8"" R Magnum Motorsäge";MS 650;MY_STIHL;https://app.stihl.com/nl-nl/mystihl/tools/add/serial-number;authenticated MY STIHL UI lookup;OFFICIAL_WEB_LOOKUP;OFFICIAL_STIHL_LOOKUP;TRUE;FALSE;FALSE;FALSE;1;320;stihl_resultaten.csv
173950000;173950000;2026-09-26;OFFICIAL_EXACT_FOUND;gevonden;"Motorzaag / Benzine MS 660 .404"" R Magnum Motorsäge";Motorzaag;Benzine;"MS 660 .404"" R Magnum Motorsäge";MS 660;MY_STIHL;https://app.stihl.com/nl-nl/mystihl/tools/add/serial-number;authenticated MY STIHL UI lookup;OFFICIAL_WEB_LOOKUP;OFFICIAL_STIHL_LOOKUP;TRUE;FALSE;FALSE;FALSE;1;321;stihl_resultaten.csv
174000000;174000000;2026-09-26;OFFICIAL_EXACT_FOUND;gevonden;"Motorzaag / Benzine MS 440 3/8"" R Motorsäge";Motorzaag;Benzine;"MS 440 3/8"" R Motorsäge";MS 440;MY_STIHL;https://app.stihl.com/nl-nl/mystihl/tools/add/serial-number;authenticated MY STIHL UI lookup;OFFICIAL_WEB_LOOKUP;OFFICIAL_STIHL_LOOKUP;TRUE;FALSE;FALSE;FALSE;1;322;stihl_resultaten.csv
174050000;174050000;2026-09-26;OFFICIAL_EXACT_FOUND;gevonden;"Motorzaag / Elektrisch MSE 160 C-BQ 3/8""P Elektro-Motorsäge";Motorzaag;Elektrisch;"MSE 160 C-BQ 3/8""P Elektro-Motorsäge";MSE 160 C-BQ;MY_STIHL;https://app.stihl.com/nl-nl/mystihl/tools/add/serial-number;authenticated MY STIHL UI lookup;OFFICIAL_WEB_LOOKUP;OFFICIAL_STIHL_LOOKUP;TRUE;FALSE;FALSE;FALSE;1;323;stihl_resultaten.csv
174100000;174100000;2026-09-26;OFFICIAL_EXACT_FOUND;gevonden;"Motorzaag / Benzine MS 660 3/8"" R Motorsäge";Motorzaag;Benzine;"MS 660 3/8"" R Motorsäge";MS 660;MY_STIHL;https://app.stihl.com/nl-nl/mystihl/tools/add/serial-number;authenticated MY STIHL UI lookup;OFFICIAL_WEB_LOOKUP;OFFICIAL_STIHL_LOOKUP;TRUE;FALSE;FALSE;FALSE;1;324;stihl_resultaten.csv
174150000;174150000;2026-09-26;OFFICIAL_EXACT_FOUND;gevonden;"Motorzaag / Benzine MS 660 .404"" R Magnum Motorsäge";Motorzaag;Benzine;"MS 660 .404"" R Magnum Motorsäge";MS 660;MY_STIHL;https://app.stihl.com/nl-nl/mystihl/tools/add/serial-number;authenticated MY STIHL UI lookup;OFFICIAL_WEB_LOOKUP;OFFICIAL_STIHL_LOOKUP;TRUE;FALSE;FALSE;FALSE;1;325;stihl_resultaten.csv
174200000;174200000;2026-09-26;OFFICIAL_EXACT_FOUND;gevonden;"Motorzaag / Benzine MS 201 T-Z 3/8""P P Motorsäge";Motorzaag;Benzine;"MS 201 T-Z 3/8""P P Motorsäge";MS 201 T-Z;MY_STIHL;https://app.stihl.com/nl-nl/mystihl/tools/add/serial-number;authenticated MY STIHL UI lookup;OFFICIAL_WEB_LOOKUP;OFFICIAL_STIHL_LOOKUP;TRUE;FALSE;FALSE;FALSE;1;326;stihl_resultaten.csv
174250000;174250000;2026-09-26;OFFICIAL_EXACT_FOUND;gevonden;"Motorzaag / Benzine MS 231 C-BE .325"" P Motorsäge";Motorzaag;Benzine;"MS 231 C-BE .325"" P Motorsäge";MS 231 C-BE;MY_STIHL;https://app.stihl.com/nl-nl/mystihl/tools/add/serial-number;authenticated MY STIHL UI lookup;OFFICIAL_WEB_LOOKUP;OFFICIAL_STIHL_LOOKUP;TRUE;FALSE;FALSE;FALSE;1;327;stihl_resultaten.csv
174300000;174300000;2026-09-26;OFFICIAL_EXACT_FOUND;gevonden;"Motorzaag / Benzine MS 230 .325"" P Motorsäge";Motorzaag;Benzine;"MS 230 .325"" P Motorsäge";MS 230;MY_STIHL;https://app.stihl.com/nl-nl/mystihl/tools/add/serial-number;authenticated MY STIHL UI lookup;OFFICIAL_WEB_LOOKUP;OFFICIAL_STIHL_LOOKUP;TRUE;FALSE;FALSE;FALSE;1;328;stihl_resultaten.csv
174350000;174350000;2026-09-26;OFFICIAL_EXACT_FOUND;gevonden;"Motorzaag / Benzine MS 460-RZ 3/8"" RIM Magnum Motorsäge";Motorzaag;Benzine;"MS 460-RZ 3/8"" RIM Magnum Motorsäge";MS;MY_STIHL;https://app.stihl.com/nl-nl/mystihl/tools/add/serial-number;authenticated MY STIHL UI lookup;OFFICIAL_WEB_LOOKUP;OFFICIAL_STIHL_LOOKUP;TRUE;FALSE;FALSE;FALSE;1;329;stihl_resultaten.csv
174400000;174400000;2026-09-26;OFFICIAL_EXACT_FOUND;gevonden;"Motorzaag / Benzine MS 250 3/8""P Motorsäge";Motorzaag;Benzine;"MS 250 3/8""P Motorsäge";MS 250;MY_STIHL;https://app.stihl.com/nl-nl/mystihl/tools/add/serial-number;authenticated MY STIHL UI lookup;OFFICIAL_WEB_LOOKUP;OFFICIAL_STIHL_LOOKUP;TRUE;FALSE;FALSE;FALSE;1;330;stihl_resultaten.csv
174450000;174450000;2026-09-26;OFFICIAL_EXACT_FOUND;gevonden;"Motorzaag / Benzine MS 290 3/8"" P Motorsäge";Motorzaag;Benzine;"MS 290 3/8"" P Motorsäge";MS 290;MY_STIHL;https://app.stihl.com/nl-nl/mystihl/tools/add/serial-number;authenticated MY STIHL UI lookup;OFFICIAL_WEB_LOOKUP;OFFICIAL_STIHL_LOOKUP;TRUE;FALSE;FALSE;FALSE;1;331;stihl_resultaten.csv
174500000;174500000;2026-09-26;OFFICIAL_EXACT_FOUND;gevonden;"Motorzaag / Benzine MS 231 3/8""P P Motorsäge";Motorzaag;Benzine;"MS 231 3/8""P P Motorsäge";MS 231;MY_STIHL;https://app.stihl.com/nl-nl/mystihl/tools/add/serial-number;authenticated MY STIHL UI lookup;OFFICIAL_WEB_LOOKUP;OFFICIAL_STIHL_LOOKUP;TRUE;FALSE;FALSE;FALSE;1;332;stihl_resultaten.csv
174550000;174550000;2026-09-26;OFFICIAL_EXACT_FOUND;gevonden;"Motorzaag / Benzine MS 251 .325"" P Motorsäge";Motorzaag;Benzine;"MS 251 .325"" P Motorsäge";MS 251;MY_STIHL;https://app.stihl.com/nl-nl/mystihl/tools/add/serial-number;authenticated MY STIHL UI lookup;OFFICIAL_WEB_LOOKUP;OFFICIAL_STIHL_LOOKUP;TRUE;FALSE;FALSE;FALSE;1;333;stihl_resultaten.csv
174600000;174600000;2026-09-26;OFFICIAL_EXACT_FOUND;gevonden;"Motorzaag / Benzine MS 460 3/8"" R Motorsäge";Motorzaag;Benzine;"MS 460 3/8"" R Motorsäge";MS 460;MY_STIHL;https://app.stihl.com/nl-nl/mystihl/tools/add/serial-number;authenticated MY STIHL UI lookup;OFFICIAL_WEB_LOOKUP;OFFICIAL_STIHL_LOOKUP;TRUE;FALSE;FALSE;FALSE;1;334;stihl_resultaten.csv
174650000;;2026-09-26;TECHNICAL_TIMEOUT;time-out;;;;;;MY_STIHL;https://app.stihl.com/nl-nl/mystihl/tools/add;authenticated MY STIHL UI lookup;TECHNICAL_TIMEOUT;;FALSE;FALSE;TRUE;FALSE;1;335;stihl_resultaten.csv
174700000;174700000;2026-09-26;OFFICIAL_EXACT_FOUND;gevonden;"Motorzaag / Benzine MS 250 C-BE Z .325"" SPUR Motorsäge";Motorzaag;Benzine;"MS 250 C-BE Z .325"" SPUR Motorsäge";MS 250 C-BE;MY_STIHL;https://app.stihl.com/nl-nl/mystihl/tools/add/serial-number;authenticated MY STIHL UI lookup;OFFICIAL_WEB_LOOKUP;OFFICIAL_STIHL_LOOKUP;TRUE;FALSE;FALSE;FALSE;1;336;stihl_resultaten.csv
174750000;174750000;2026-09-26;OFFICIAL_EXACT_FOUND;gevonden;"Motorzaag / Benzine MS 250 .325"" P Motorsäge";Motorzaag;Benzine;"MS 250 .325"" P Motorsäge";MS 250;MY_STIHL;https://app.stihl.com/nl-nl/mystihl/tools/add/serial-number;authenticated MY STIHL UI lookup;OFFICIAL_WEB_LOOKUP;OFFICIAL_STIHL_LOOKUP;TRUE;FALSE;FALSE;FALSE;1;337;stihl_resultaten.csv
174800000;174800000;2026-09-26;OFFICIAL_EXACT_FOUND;gevonden;"Motorzaag / Benzine MS 290 3/8"" P Motorsäge";Motorzaag;Benzine;"MS 290 3/8"" P Motorsäge";MS 290;MY_STIHL;https://app.stihl.com/nl-nl/mystihl/tools/add/serial-number;authenticated MY STIHL UI lookup;OFFICIAL_WEB_LOOKUP;OFFICIAL_STIHL_LOOKUP;TRUE;FALSE;FALSE;FALSE;1;338;stihl_resultaten.csv
174850000;174850000;2026-09-26;OFFICIAL_EXACT_FOUND;gevonden;"Motorzaag / Benzine MS 310 3/8"" P Motorsäge";Motorzaag;Benzine;"MS 310 3/8"" P Motorsäge";MS 310;MY_STIHL;https://app.stihl.com/nl-nl/mystihl/tools/add/serial-number;authenticated MY STIHL UI lookup;OFFICIAL_WEB_LOOKUP;OFFICIAL_STIHL_LOOKUP;TRUE;FALSE;FALSE;FALSE;1;339;stihl_resultaten.csv
174900000;174900000;2026-09-26;OFFICIAL_EXACT_FOUND;gevonden;"Motorzaag / Elektrisch MSE 140 C-BQ 3/8""P Elektro-Motorsäge";Motorzaag;Elektrisch;"MSE 140 C-BQ 3/8""P Elektro-Motorsäge";MSE 140 C-BQ;MY_STIHL;https://app.stihl.com/nl-nl/mystihl/tools/add/serial-number;authenticated MY STIHL UI lookup;OFFICIAL_WEB_LOOKUP;OFFICIAL_STIHL_LOOKUP;TRUE;FALSE;FALSE;FALSE;1;340;stihl_resultaten.csv
174950000;174950000;2026-09-26;OFFICIAL_EXACT_FOUND;gevonden;"Motorzaag / Benzine MS 441 C-M Z 3/8"" Magnum Motorsäge";Motorzaag;Benzine;"MS 441 C-M Z 3/8"" Magnum Motorsäge";MS 441 C-M;MY_STIHL;https://app.stihl.com/nl-nl/mystihl/tools/add/serial-number;authenticated MY STIHL UI lookup;OFFICIAL_WEB_LOOKUP;OFFICIAL_STIHL_LOOKUP;TRUE;FALSE;FALSE;FALSE;1;341;stihl_resultaten.csv
175000000;175000000;2026-09-26;OFFICIAL_EXACT_FOUND;gevonden;"Motorzaag / Benzine MS 660 3/8"" R Magnum Motorsäge";Motorzaag;Benzine;"MS 660 3/8"" R Magnum Motorsäge";MS 660;MY_STIHL;https://app.stihl.com/nl-nl/mystihl/tools/add/serial-number;authenticated MY STIHL UI lookup;OFFICIAL_WEB_LOOKUP;OFFICIAL_STIHL_LOOKUP;TRUE;FALSE;FALSE;FALSE;1;342;stihl_resultaten.csv
175050000;175050000;2026-09-26;OFFICIAL_EXACT_FOUND;gevonden;"Heggenschaar / Benzine HS 56 C-E Heckenschere, 600mm/24""";Heggenschaar;Benzine;"HS 56 C-E Heckenschere, 600mm/24""";HS 56 C-E;MY_STIHL;https://app.stihl.com/nl-nl/mystihl/tools/add/serial-number;authenticated MY STIHL UI lookup;OFFICIAL_WEB_LOOKUP;OFFICIAL_STIHL_LOOKUP;TRUE;FALSE;FALSE;FALSE;1;343;stihl_resultaten.csv
175100000;175100000;2026-09-26;OFFICIAL_EXACT_FOUND;gevonden;"Motorzaag / Benzine MS 230 C-BE Z .325"" P WoodBoss Motorsäge";Motorzaag;Benzine;"MS 230 C-BE Z .325"" P WoodBoss Motorsäge";MS 230 C-BE;MY_STIHL;https://app.stihl.com/nl-nl/mystihl/tools/add/serial-number;authenticated MY STIHL UI lookup;OFFICIAL_WEB_LOOKUP;OFFICIAL_STIHL_LOOKUP;TRUE;FALSE;FALSE;FALSE;1;344;stihl_resultaten.csv
175150000;175150000;2026-09-26;OFFICIAL_EXACT_FOUND;gevonden;"Motorzaag / Benzine MS 231 C-BE 3/8""P P Motorsäge";Motorzaag;Benzine;"MS 231 C-BE 3/8""P P Motorsäge";MS 231 C-BE;MY_STIHL;https://app.stihl.com/nl-nl/mystihl/tools/add/serial-number;authenticated MY STIHL UI lookup;OFFICIAL_WEB_LOOKUP;OFFICIAL_STIHL_LOOKUP;TRUE;FALSE;FALSE;FALSE;1;345;stihl_resultaten.csv
175200000;175200000;2026-09-26;OFFICIAL_EXACT_FOUND;gevonden;Bosmaaier / Benzine FS 120 Motorsense;Bosmaaier;Benzine;FS 120 Motorsense;FS 120;MY_STIHL;https://app.stihl.com/nl-nl/mystihl/tools/add/serial-number;authenticated MY STIHL UI lookup;OFFICIAL_WEB_LOOKUP;OFFICIAL_STIHL_LOOKUP;TRUE;FALSE;FALSE;FALSE;1;346;stihl_resultaten.csv
175250000;175250000;2026-09-26;OFFICIAL_EXACT_FOUND;gevonden;Bosmaaier / Benzine FS 360 C-E Freischneider;Bosmaaier;Benzine;FS 360 C-E Freischneider;FS 360 C-E;MY_STIHL;https://app.stihl.com/nl-nl/mystihl/tools/add/serial-number;authenticated MY STIHL UI lookup;OFFICIAL_WEB_LOOKUP;OFFICIAL_STIHL_LOOKUP;TRUE;FALSE;FALSE;FALSE;1;347;stihl_resultaten.csv
175300000;175300000;2026-09-26;OFFICIAL_EXACT_FOUND;gevonden;Bosmaaier / Benzine FS 460 C-EM Freischneider;Bosmaaier;Benzine;FS 460 C-EM Freischneider;FS 460 C-EM;MY_STIHL;https://app.stihl.com/nl-nl/mystihl/tools/add/serial-number;authenticated MY STIHL UI lookup;OFFICIAL_WEB_LOOKUP;OFFICIAL_STIHL_LOOKUP;TRUE;FALSE;FALSE;FALSE;1;348;stihl_resultaten.csv
175350000;175350000;2026-09-26;OFFICIAL_EXACT_FOUND;gevonden;"Motorzaag / Benzine MS 251 3/8""P P Motorsäge";Motorzaag;Benzine;"MS 251 3/8""P P Motorsäge";MS 251;MY_STIHL;https://app.stihl.com/nl-nl/mystihl/tools/add/serial-number;authenticated MY STIHL UI lookup;OFFICIAL_WEB_LOOKUP;OFFICIAL_STIHL_LOOKUP;TRUE;FALSE;FALSE;FALSE;1;349;stihl_resultaten.csv
175400000;175400000;2026-09-26;OFFICIAL_EXACT_FOUND;gevonden;"Heggenschaar / Benzine HS 56 C-E Heckenschere, 600mm/24""";Heggenschaar;Benzine;"HS 56 C-E Heckenschere, 600mm/24""";HS 56 C-E;MY_STIHL;https://app.stihl.com/nl-nl/mystihl/tools/add/serial-number;authenticated MY STIHL UI lookup;OFFICIAL_WEB_LOOKUP;OFFICIAL_STIHL_LOOKUP;TRUE;FALSE;FALSE;FALSE;1;350;stihl_resultaten.csv
175450000;175450000;2026-09-26;OFFICIAL_EXACT_FOUND;gevonden;"Motorzaag / Benzine MS 660 .404"" R Magnum Motorsäge";Motorzaag;Benzine;"MS 660 .404"" R Magnum Motorsäge";MS 660;MY_STIHL;https://app.stihl.com/nl-nl/mystihl/tools/add/serial-number;authenticated MY STIHL UI lookup;OFFICIAL_WEB_LOOKUP;OFFICIAL_STIHL_LOOKUP;TRUE;FALSE;FALSE;FALSE;1;351;stihl_resultaten.csv
175500000;175500000;2026-09-26;OFFICIAL_EXACT_FOUND;gevonden;"Motorzaag / Elektrisch MSE 140 C-Q 3/8""P Elektro-Motorsäge";Motorzaag;Elektrisch;"MSE 140 C-Q 3/8""P Elektro-Motorsäge";MSE 140 C-Q;MY_STIHL;https://app.stihl.com/nl-nl/mystihl/tools/add/serial-number;authenticated MY STIHL UI lookup;OFFICIAL_WEB_LOOKUP;OFFICIAL_STIHL_LOOKUP;TRUE;FALSE;FALSE;FALSE;1;352;stihl_resultaten.csv
175550000;175550000;2026-09-26;OFFICIAL_EXACT_FOUND;gevonden;"Heggenschaar / Benzine HS 46 Heckenschere, 450mm/18""";Heggenschaar;Benzine;"HS 46 Heckenschere, 450mm/18""";HS 46;MY_STIHL;https://app.stihl.com/nl-nl/mystihl/tools/add/serial-number;authenticated MY STIHL UI lookup;OFFICIAL_WEB_LOOKUP;OFFICIAL_STIHL_LOOKUP;TRUE;FALSE;FALSE;FALSE;1;353;stihl_resultaten.csv
175600000;175600000;2026-09-26;OFFICIAL_EXACT_FOUND;gevonden;"Motorzaag / Benzine MS 150 C-E 1/4""P P Motorsäge";Motorzaag;Benzine;"MS 150 C-E 1/4""P P Motorsäge";MS 150 C-E;MY_STIHL;https://app.stihl.com/nl-nl/mystihl/tools/add/serial-number;authenticated MY STIHL UI lookup;OFFICIAL_WEB_LOOKUP;OFFICIAL_STIHL_LOOKUP;TRUE;FALSE;FALSE;FALSE;1;354;stihl_resultaten.csv
175650000;175650000;2026-09-26;OFFICIAL_EXACT_FOUND;gevonden;"Motorzaag / Benzine MS 310 3/8"" P Motorsäge";Motorzaag;Benzine;"MS 310 3/8"" P Motorsäge";MS 310;MY_STIHL;https://app.stihl.com/nl-nl/mystihl/tools/add/serial-number;authenticated MY STIHL UI lookup;OFFICIAL_WEB_LOOKUP;OFFICIAL_STIHL_LOOKUP;TRUE;FALSE;FALSE;FALSE;1;355;stihl_resultaten.csv
175700000;175700000;2026-09-26;OFFICIAL_EXACT_FOUND;gevonden;"Motorzaag / Benzine MS 250 3/8""P Motorsäge";Motorzaag;Benzine;"MS 250 3/8""P Motorsäge";MS 250;MY_STIHL;https://app.stihl.com/nl-nl/mystihl/tools/add/serial-number;authenticated MY STIHL UI lookup;OFFICIAL_WEB_LOOKUP;OFFICIAL_STIHL_LOOKUP;TRUE;FALSE;FALSE;FALSE;1;356;stihl_resultaten.csv
175750000;;2026-09-26;TECHNICAL_TIMEOUT;time-out;;;;;;MY_STIHL;https://app.stihl.com/nl-nl/mystihl/tools/add;authenticated MY STIHL UI lookup;TECHNICAL_TIMEOUT;;FALSE;FALSE;TRUE;FALSE;1;357;stihl_resultaten.csv
175800000;175800000;2026-09-26;OFFICIAL_EXACT_FOUND;gevonden;"Motorzaag / Benzine 070 .404"" Motorsäge";Motorzaag;Benzine;"070 .404"" Motorsäge";070;MY_STIHL;https://app.stihl.com/nl-nl/mystihl/tools/add/serial-number;authenticated MY STIHL UI lookup;OFFICIAL_WEB_LOOKUP;OFFICIAL_STIHL_LOOKUP;TRUE;FALSE;FALSE;FALSE;1;358;stihl_resultaten.csv
175850000;175850000;2026-09-26;OFFICIAL_EXACT_FOUND;gevonden;"Motorzaag / Benzine MS 250 .325"" P Motorsäge";Motorzaag;Benzine;"MS 250 .325"" P Motorsäge";MS 250;MY_STIHL;https://app.stihl.com/nl-nl/mystihl/tools/add/serial-number;authenticated MY STIHL UI lookup;OFFICIAL_WEB_LOOKUP;OFFICIAL_STIHL_LOOKUP;TRUE;FALSE;FALSE;FALSE;1;359;stihl_resultaten.csv
175900000;175900000;2026-09-26;OFFICIAL_EXACT_FOUND;gevonden;"Motorzaag / Benzine MS 201 T 3/8""P P Motorsäge";Motorzaag;Benzine;"MS 201 T 3/8""P P Motorsäge";MS 201 T;MY_STIHL;https://app.stihl.com/nl-nl/mystihl/tools/add/serial-number;authenticated MY STIHL UI lookup;OFFICIAL_WEB_LOOKUP;OFFICIAL_STIHL_LOOKUP;TRUE;FALSE;FALSE;FALSE;1;360;stihl_resultaten.csv
175950000;;2026-09-26;TECHNICAL_TIMEOUT;time-out;;;;;;MY_STIHL;https://app.stihl.com/nl-nl/mystihl/tools/add;authenticated MY STIHL UI lookup;TECHNICAL_TIMEOUT;;FALSE;FALSE;TRUE;FALSE;1;361;stihl_resultaten.csv
176000000;176000000;2026-09-26;OFFICIAL_EXACT_FOUND;gevonden;"Motorzaag / Benzine MS 251 .325"" P Motorsäge";Motorzaag;Benzine;"MS 251 .325"" P Motorsäge";MS 251;MY_STIHL;https://app.stihl.com/nl-nl/mystihl/tools/add/serial-number;authenticated MY STIHL UI lookup;OFFICIAL_WEB_LOOKUP;OFFICIAL_STIHL_LOOKUP;TRUE;FALSE;FALSE;FALSE;1;362;stihl_resultaten.csv
176050000;;2026-09-26;TECHNICAL_TIMEOUT;time-out;;;;;;MY_STIHL;https://app.stihl.com/nl-nl/mystihl/tools/add;authenticated MY STIHL UI lookup;TECHNICAL_TIMEOUT;;FALSE;FALSE;TRUE;FALSE;1;363;stihl_resultaten.csv
176100000;176100000;2026-09-26;OFFICIAL_EXACT_FOUND;gevonden;"Motorzaag / Benzine MS 440-N 3/8"" R Motorsäge";Motorzaag;Benzine;"MS 440-N 3/8"" R Motorsäge";MS;MY_STIHL;https://app.stihl.com/nl-nl/mystihl/tools/add/serial-number;authenticated MY STIHL UI lookup;OFFICIAL_WEB_LOOKUP;OFFICIAL_STIHL_LOOKUP;TRUE;FALSE;FALSE;FALSE;1;364;stihl_resultaten.csv
176150000;176150000;2026-09-26;OFFICIAL_EXACT_FOUND;gevonden;"Motorzaag / Benzine MS 391 3/8"" P Motorsäge";Motorzaag;Benzine;"MS 391 3/8"" P Motorsäge";MS 391;MY_STIHL;https://app.stihl.com/nl-nl/mystihl/tools/add/serial-number;authenticated MY STIHL UI lookup;OFFICIAL_WEB_LOOKUP;OFFICIAL_STIHL_LOOKUP;TRUE;FALSE;FALSE;FALSE;1;365;stihl_resultaten.csv
176200000;176200000;2026-09-26;OFFICIAL_EXACT_FOUND;gevonden;"Motorzaag / Elektrisch MSE 140 C-Q 3/8""P Elektro-Motorsäge";Motorzaag;Elektrisch;"MSE 140 C-Q 3/8""P Elektro-Motorsäge";MSE 140 C-Q;MY_STIHL;https://app.stihl.com/nl-nl/mystihl/tools/add/serial-number;authenticated MY STIHL UI lookup;OFFICIAL_WEB_LOOKUP;OFFICIAL_STIHL_LOOKUP;TRUE;FALSE;FALSE;FALSE;1;366;stihl_resultaten.csv
176250000;176250000;2026-09-26;OFFICIAL_EXACT_FOUND;gevonden;"Doorslijpmachine / Benzine TS 410-Z Trennschleifer, 300mm/12""";Doorslijpmachine;Benzine;"TS 410-Z Trennschleifer, 300mm/12""";TS 410;MY_STIHL;https://app.stihl.com/nl-nl/mystihl/tools/add/serial-number;authenticated MY STIHL UI lookup;OFFICIAL_WEB_LOOKUP;OFFICIAL_STIHL_LOOKUP;TRUE;FALSE;FALSE;FALSE;1;367;stihl_resultaten.csv
176300000;176300000;2026-09-26;OFFICIAL_EXACT_FOUND;gevonden;"Motorzaag / Benzine MS 250 C-BE 3/8""P Motorsäge";Motorzaag;Benzine;"MS 250 C-BE 3/8""P Motorsäge";MS 250 C-BE;MY_STIHL;https://app.stihl.com/nl-nl/mystihl/tools/add/serial-number;authenticated MY STIHL UI lookup;OFFICIAL_WEB_LOOKUP;OFFICIAL_STIHL_LOOKUP;TRUE;FALSE;FALSE;FALSE;1;368;stihl_resultaten.csv
176350000;176350000;2026-09-26;OFFICIAL_EXACT_FOUND;gevonden;"Motorzaag / Benzine MS 250 .325"" P Motorsäge";Motorzaag;Benzine;"MS 250 .325"" P Motorsäge";MS 250;MY_STIHL;https://app.stihl.com/nl-nl/mystihl/tools/add/serial-number;authenticated MY STIHL UI lookup;OFFICIAL_WEB_LOOKUP;OFFICIAL_STIHL_LOOKUP;TRUE;FALSE;FALSE;FALSE;1;369;stihl_resultaten.csv
176400000;176400000;2026-09-26;OFFICIAL_EXACT_FOUND;gevonden;"Motorzaag / Benzine MS 310 3/8"" P Motorsäge";Motorzaag;Benzine;"MS 310 3/8"" P Motorsäge";MS 310;MY_STIHL;https://app.stihl.com/nl-nl/mystihl/tools/add/serial-number;authenticated MY STIHL UI lookup;OFFICIAL_WEB_LOOKUP;OFFICIAL_STIHL_LOOKUP;TRUE;FALSE;FALSE;FALSE;1;370;stihl_resultaten.csv
176450000;176450000;2026-09-26;OFFICIAL_EXACT_FOUND;gevonden;"Motorzaag / Benzine MS 660-Z 3/8"" R Magnum Motorsäge";Motorzaag;Benzine;"MS 660-Z 3/8"" R Magnum Motorsäge";MS 660;MY_STIHL;https://app.stihl.com/nl-nl/mystihl/tools/add/serial-number;authenticated MY STIHL UI lookup;OFFICIAL_WEB_LOOKUP;OFFICIAL_STIHL_LOOKUP;TRUE;FALSE;FALSE;FALSE;1;371;stihl_resultaten.csv
176500000;176500000;2026-09-26;OFFICIAL_EXACT_FOUND;gevonden;Bosmaaier / Benzine FS 410 C-E Freischneider;Bosmaaier;Benzine;FS 410 C-E Freischneider;FS 410 C-E;MY_STIHL;https://app.stihl.com/nl-nl/mystihl/tools/add/serial-number;authenticated MY STIHL UI lookup;OFFICIAL_WEB_LOOKUP;OFFICIAL_STIHL_LOOKUP;TRUE;FALSE;FALSE;FALSE;1;372;stihl_resultaten.csv
176550000;176550000;2026-09-26;OFFICIAL_EXACT_FOUND;gevonden;"Motorzaag / Benzine MS 390 3/8"" P Motorsäge";Motorzaag;Benzine;"MS 390 3/8"" P Motorsäge";MS 390;MY_STIHL;https://app.stihl.com/nl-nl/mystihl/tools/add/serial-number;authenticated MY STIHL UI lookup;OFFICIAL_WEB_LOOKUP;OFFICIAL_STIHL_LOOKUP;TRUE;FALSE;FALSE;FALSE;1;373;stihl_resultaten.csv
176600000;176600000;2026-09-26;OFFICIAL_EXACT_FOUND;gevonden;Bosmaaier / Benzine FS 260 C-E Freischneider;Bosmaaier;Benzine;FS 260 C-E Freischneider;FS 260 C-E;MY_STIHL;https://app.stihl.com/nl-nl/mystihl/tools/add/serial-number;authenticated MY STIHL UI lookup;OFFICIAL_WEB_LOOKUP;OFFICIAL_STIHL_LOOKUP;TRUE;FALSE;FALSE;FALSE;1;374;stihl_resultaten.csv
176650000;176650000;2026-09-26;OFFICIAL_EXACT_FOUND;gevonden;"Motorzaag / Benzine MS 250 .325"" Motorsäge";Motorzaag;Benzine;"MS 250 .325"" Motorsäge";MS 250;MY_STIHL;https://app.stihl.com/nl-nl/mystihl/tools/add/serial-number;authenticated MY STIHL UI lookup;OFFICIAL_WEB_LOOKUP;OFFICIAL_STIHL_LOOKUP;TRUE;FALSE;FALSE;FALSE;1;375;stihl_resultaten.csv
176700000;176700000;2026-09-26;OFFICIAL_EXACT_FOUND;gevonden;"Motorzaag / Benzine MS 201 T-Z 3/8""P Motorsäge";Motorzaag;Benzine;"MS 201 T-Z 3/8""P Motorsäge";MS 201 T-Z;MY_STIHL;https://app.stihl.com/nl-nl/mystihl/tools/add/serial-number;authenticated MY STIHL UI lookup;OFFICIAL_WEB_LOOKUP;OFFICIAL_STIHL_LOOKUP;TRUE;FALSE;FALSE;FALSE;1;376;stihl_resultaten.csv
176750000;176750000;2026-09-26;OFFICIAL_EXACT_FOUND;gevonden;"Motorzaag / Benzine MS 441 C-M Z 3/8"" Magnum Motorsäge";Motorzaag;Benzine;"MS 441 C-M Z 3/8"" Magnum Motorsäge";MS 441 C-M;MY_STIHL;https://app.stihl.com/nl-nl/mystihl/tools/add/serial-number;authenticated MY STIHL UI lookup;OFFICIAL_WEB_LOOKUP;OFFICIAL_STIHL_LOOKUP;TRUE;FALSE;FALSE;FALSE;1;377;stihl_resultaten.csv
176800000;176800000;2026-09-26;OFFICIAL_EXACT_FOUND;gevonden;"Motorzaag / Benzine MS 310 3/8"" P Motorsäge";Motorzaag;Benzine;"MS 310 3/8"" P Motorsäge";MS 310;MY_STIHL;https://app.stihl.com/nl-nl/mystihl/tools/add/serial-number;authenticated MY STIHL UI lookup;OFFICIAL_WEB_LOOKUP;OFFICIAL_STIHL_LOOKUP;TRUE;FALSE;FALSE;FALSE;1;378;stihl_resultaten.csv
176850000;176850000;2026-09-26;OFFICIAL_EXACT_FOUND;gevonden;"Motorzaag / Benzine MS 231 3/8""P P Motorsäge";Motorzaag;Benzine;"MS 231 3/8""P P Motorsäge";MS 231;MY_STIHL;https://app.stihl.com/nl-nl/mystihl/tools/add/serial-number;authenticated MY STIHL UI lookup;OFFICIAL_WEB_LOOKUP;OFFICIAL_STIHL_LOOKUP;TRUE;FALSE;FALSE;FALSE;1;379;stihl_resultaten.csv
176900000;176900000;2026-09-26;OFFICIAL_EXACT_FOUND;gevonden;Bosmaaier / Benzine FS 240 C-E Freischneider;Bosmaaier;Benzine;FS 240 C-E Freischneider;FS 240 C-E;MY_STIHL;https://app.stihl.com/nl-nl/mystihl/tools/add/serial-number;authenticated MY STIHL UI lookup;OFFICIAL_WEB_LOOKUP;OFFICIAL_STIHL_LOOKUP;TRUE;FALSE;FALSE;FALSE;1;380;stihl_resultaten.csv
176950000;176950000;2026-09-26;OFFICIAL_EXACT_FOUND;gevonden;"Motorzaag / Benzine MS 251 3/8""P P Motorsäge";Motorzaag;Benzine;"MS 251 3/8""P P Motorsäge";MS 251;MY_STIHL;https://app.stihl.com/nl-nl/mystihl/tools/add/serial-number;authenticated MY STIHL UI lookup;OFFICIAL_WEB_LOOKUP;OFFICIAL_STIHL_LOOKUP;TRUE;FALSE;FALSE;FALSE;1;381;stihl_resultaten.csv
177000000;177000000;2026-09-26;OFFICIAL_EXACT_FOUND;gevonden;Bosmaaier / Benzine FS 460 C-EM Freischneider;Bosmaaier;Benzine;FS 460 C-EM Freischneider;FS 460 C-EM;MY_STIHL;https://app.stihl.com/nl-nl/mystihl/tools/add/serial-number;authenticated MY STIHL UI lookup;OFFICIAL_WEB_LOOKUP;OFFICIAL_STIHL_LOOKUP;TRUE;FALSE;FALSE;FALSE;1;382;stihl_resultaten.csv
177050000;177050000;2026-09-26;OFFICIAL_EXACT_FOUND;gevonden;Bosmaaier / Benzine FS 450-K Freischneider;Bosmaaier;Benzine;FS 450-K Freischneider;FS;MY_STIHL;https://app.stihl.com/nl-nl/mystihl/tools/add/serial-number;authenticated MY STIHL UI lookup;OFFICIAL_WEB_LOOKUP;OFFICIAL_STIHL_LOOKUP;TRUE;FALSE;FALSE;FALSE;1;383;stihl_resultaten.csv
177100000;177100000;2026-09-26;OFFICIAL_EXACT_FOUND;gevonden;Bosmaaier / Benzine FS 260 C-E Freischneider;Bosmaaier;Benzine;FS 260 C-E Freischneider;FS 260 C-E;MY_STIHL;https://app.stihl.com/nl-nl/mystihl/tools/add/serial-number;authenticated MY STIHL UI lookup;OFFICIAL_WEB_LOOKUP;OFFICIAL_STIHL_LOOKUP;TRUE;FALSE;FALSE;FALSE;1;384;stihl_resultaten.csv
177150000;177150000;2026-09-26;OFFICIAL_EXACT_FOUND;gevonden;Bosmaaier / Benzine FS 460 C-EM Freischneider;Bosmaaier;Benzine;FS 460 C-EM Freischneider;FS 460 C-EM;MY_STIHL;https://app.stihl.com/nl-nl/mystihl/tools/add/serial-number;authenticated MY STIHL UI lookup;OFFICIAL_WEB_LOOKUP;OFFICIAL_STIHL_LOOKUP;TRUE;FALSE;FALSE;FALSE;1;385;stihl_resultaten.csv
177200000;177200000;2026-09-26;OFFICIAL_EXACT_FOUND;gevonden;"Doorslijpmachine / Benzine TS 500i, K-ME Ø 350mm/14""";Doorslijpmachine;Benzine;"TS 500i, K-ME Ø 350mm/14""";TS;MY_STIHL;https://app.stihl.com/nl-nl/mystihl/tools/add/serial-number;authenticated MY STIHL UI lookup;OFFICIAL_WEB_LOOKUP;OFFICIAL_STIHL_LOOKUP;TRUE;FALSE;FALSE;FALSE;1;386;stihl_resultaten.csv
177250000;177250000;2026-09-26;OFFICIAL_EXACT_FOUND;gevonden;Bosmaaier / Benzine FS 260 C-E Freischneider;Bosmaaier;Benzine;FS 260 C-E Freischneider;FS 260 C-E;MY_STIHL;https://app.stihl.com/nl-nl/mystihl/tools/add/serial-number;authenticated MY STIHL UI lookup;OFFICIAL_WEB_LOOKUP;OFFICIAL_STIHL_LOOKUP;TRUE;FALSE;FALSE;FALSE;1;387;stihl_resultaten.csv
177300000;177300000;2026-09-26;OFFICIAL_EXACT_FOUND;gevonden;"Motorzaag / Benzine MS 461-VW 3/8"" R Motorsäge";Motorzaag;Benzine;"MS 461-VW 3/8"" R Motorsäge";MS;MY_STIHL;https://app.stihl.com/nl-nl/mystihl/tools/add/serial-number;authenticated MY STIHL UI lookup;OFFICIAL_WEB_LOOKUP;OFFICIAL_STIHL_LOOKUP;TRUE;FALSE;FALSE;FALSE;1;388;stihl_resultaten.csv
177350000;177350000;2026-09-26;OFFICIAL_EXACT_FOUND;gevonden;Doorslijpmachine / Benzine TS 420;Doorslijpmachine;Benzine;TS 420;TS 420;MY_STIHL;https://app.stihl.com/nl-nl/mystihl/tools/add/serial-number;authenticated MY STIHL UI lookup;OFFICIAL_WEB_LOOKUP;OFFICIAL_STIHL_LOOKUP;TRUE;FALSE;FALSE;FALSE;1;389;stihl_resultaten.csv
177400000;177400000;2026-09-26;OFFICIAL_EXACT_FOUND;gevonden;"Motorzaag / Benzine MS 251 .325"" P Motorsäge";Motorzaag;Benzine;"MS 251 .325"" P Motorsäge";MS 251;MY_STIHL;https://app.stihl.com/nl-nl/mystihl/tools/add/serial-number;authenticated MY STIHL UI lookup;OFFICIAL_WEB_LOOKUP;OFFICIAL_STIHL_LOOKUP;TRUE;FALSE;FALSE;FALSE;1;390;stihl_resultaten.csv
177450000;;2026-09-26;TECHNICAL_TIMEOUT;time-out;;;;;;MY_STIHL;https://app.stihl.com/nl-nl/mystihl/tools/add;authenticated MY STIHL UI lookup;TECHNICAL_TIMEOUT;;FALSE;FALSE;TRUE;FALSE;1;391;stihl_resultaten.csv
177500000;177500000;2026-09-26;OFFICIAL_EXACT_FOUND;gevonden;"Heggenschaar / Benzine HS 81 R Cutter Heckenschere, 600mm/24""";Heggenschaar;Benzine;"HS 81 R Cutter Heckenschere, 600mm/24""";HS 81 R;MY_STIHL;https://app.stihl.com/nl-nl/mystihl/tools/add/serial-number;authenticated MY STIHL UI lookup;OFFICIAL_WEB_LOOKUP;OFFICIAL_STIHL_LOOKUP;TRUE;FALSE;FALSE;FALSE;1;392;stihl_resultaten.csv
177550000;177550000;2026-09-26;OFFICIAL_EXACT_FOUND;gevonden;"Motorzaag / Benzine MS 150 TC-E 1/4""P P Motorsäge";Motorzaag;Benzine;"MS 150 TC-E 1/4""P P Motorsäge";MS 150 TC-E;MY_STIHL;https://app.stihl.com/nl-nl/mystihl/tools/add/serial-number;authenticated MY STIHL UI lookup;OFFICIAL_WEB_LOOKUP;OFFICIAL_STIHL_LOOKUP;TRUE;FALSE;FALSE;FALSE;1;393;stihl_resultaten.csv
177600000;177600000;2026-09-26;OFFICIAL_EXACT_FOUND;gevonden;"Motorzaag / Benzine MS 391 3/8"" P Motorsäge";Motorzaag;Benzine;"MS 391 3/8"" P Motorsäge";MS 391;MY_STIHL;https://app.stihl.com/nl-nl/mystihl/tools/add/serial-number;authenticated MY STIHL UI lookup;OFFICIAL_WEB_LOOKUP;OFFICIAL_STIHL_LOOKUP;TRUE;FALSE;FALSE;FALSE;1;394;stihl_resultaten.csv
177650000;177650000;2026-09-26;OFFICIAL_EXACT_FOUND;gevonden;"Motorzaag / Benzine MS 660 .404"" R Magnum Motorsäge";Motorzaag;Benzine;"MS 660 .404"" R Magnum Motorsäge";MS 660;MY_STIHL;https://app.stihl.com/nl-nl/mystihl/tools/add/serial-number;authenticated MY STIHL UI lookup;OFFICIAL_WEB_LOOKUP;OFFICIAL_STIHL_LOOKUP;TRUE;FALSE;FALSE;FALSE;1;395;stihl_resultaten.csv
177700000;177700000;2026-09-26;OFFICIAL_EXACT_FOUND;gevonden;Grondboren / Benzine BT 121 Bohrgerät;Grondboren;Benzine;BT 121 Bohrgerät;BT 121;MY_STIHL;https://app.stihl.com/nl-nl/mystihl/tools/add/serial-number;authenticated MY STIHL UI lookup;OFFICIAL_WEB_LOOKUP;OFFICIAL_STIHL_LOOKUP;TRUE;FALSE;FALSE;FALSE;1;396;stihl_resultaten.csv
177750000;177750000;2026-09-26;OFFICIAL_EXACT_FOUND;gevonden;"Motorzaag / Benzine MS 230 3/8""P SPUR Motorsäge";Motorzaag;Benzine;"MS 230 3/8""P SPUR Motorsäge";MS 230;MY_STIHL;https://app.stihl.com/nl-nl/mystihl/tools/add/serial-number;authenticated MY STIHL UI lookup;OFFICIAL_WEB_LOOKUP;OFFICIAL_STIHL_LOOKUP;TRUE;FALSE;FALSE;FALSE;1;397;stihl_resultaten.csv
177800000;177800000;2026-09-26;OFFICIAL_EXACT_FOUND;gevonden;"Motorzaag / Benzine MS 660-N 3/8"" R Motorsäge";Motorzaag;Benzine;"MS 660-N 3/8"" R Motorsäge";MS;MY_STIHL;https://app.stihl.com/nl-nl/mystihl/tools/add/serial-number;authenticated MY STIHL UI lookup;OFFICIAL_WEB_LOOKUP;OFFICIAL_STIHL_LOOKUP;TRUE;FALSE;FALSE;FALSE;1;398;stihl_resultaten.csv
177850000;177850000;2026-09-26;OFFICIAL_EXACT_FOUND;gevonden;"Doorslijpmachine / Benzine TS 800 Trennschleifer, 400mm/16""";Doorslijpmachine;Benzine;"TS 800 Trennschleifer, 400mm/16""";TS 800;MY_STIHL;https://app.stihl.com/nl-nl/mystihl/tools/add/serial-number;authenticated MY STIHL UI lookup;OFFICIAL_WEB_LOOKUP;OFFICIAL_STIHL_LOOKUP;TRUE;FALSE;FALSE;FALSE;1;399;stihl_resultaten.csv
177900000;177900000;2026-09-26;OFFICIAL_EXACT_FOUND;gevonden;"Motorzaag / Benzine MS 362 C-M 3/8"" R Motorsäge";Motorzaag;Benzine;"MS 362 C-M 3/8"" R Motorsäge";MS 362 C-M;MY_STIHL;https://app.stihl.com/nl-nl/mystihl/tools/add/serial-number;authenticated MY STIHL UI lookup;OFFICIAL_WEB_LOOKUP;OFFICIAL_STIHL_LOOKUP;TRUE;FALSE;FALSE;FALSE;1;400;stihl_resultaten.csv
177950000;;2026-09-26;TECHNICAL_TIMEOUT;time-out;;;;;;MY_STIHL;https://app.stihl.com/nl-nl/mystihl/tools/add;authenticated MY STIHL UI lookup;TECHNICAL_TIMEOUT;;FALSE;FALSE;TRUE;FALSE;2;401|402;stihl_resultaten.csv
178000000;178000000;2026-09-26;OFFICIAL_EXACT_FOUND;gevonden;Bosmaaier / Benzine FS 360 C-E Freischneider;Bosmaaier;Benzine;FS 360 C-E Freischneider;FS 360 C-E;MY_STIHL;https://app.stihl.com/nl-nl/mystihl/tools/add/serial-number;authenticated MY STIHL UI lookup;OFFICIAL_WEB_LOOKUP;OFFICIAL_STIHL_LOOKUP;TRUE;FALSE;FALSE;FALSE;1;403;stihl_resultaten.csv
178050000;178050000;2026-09-26;OFFICIAL_EXACT_FOUND;gevonden;"Motorzaag / Benzine MS 660 3/8"" R Motorsäge";Motorzaag;Benzine;"MS 660 3/8"" R Motorsäge";MS 660;MY_STIHL;https://app.stihl.com/nl-nl/mystihl/tools/add/serial-number;authenticated MY STIHL UI lookup;OFFICIAL_WEB_LOOKUP;OFFICIAL_STIHL_LOOKUP;TRUE;FALSE;FALSE;FALSE;1;404;stihl_resultaten.csv
178100000;;2026-09-26;TECHNICAL_TIMEOUT;time-out;;;;;;MY_STIHL;https://app.stihl.com/nl-nl/mystihl/tools/add;authenticated MY STIHL UI lookup;TECHNICAL_TIMEOUT;;FALSE;FALSE;TRUE;FALSE;1;405;stihl_resultaten.csv
178150000;178150000;2026-09-26;OFFICIAL_EXACT_FOUND;gevonden;"Motorzaag / Benzine MS 310 3/8"" P Motorsäge";Motorzaag;Benzine;"MS 310 3/8"" P Motorsäge";MS 310;MY_STIHL;https://app.stihl.com/nl-nl/mystihl/tools/add/serial-number;authenticated MY STIHL UI lookup;OFFICIAL_WEB_LOOKUP;OFFICIAL_STIHL_LOOKUP;TRUE;FALSE;FALSE;FALSE;1;406;stihl_resultaten.csv
178200000;178200000;2026-09-26;OFFICIAL_EXACT_FOUND;gevonden;"Motorzaag / Benzine 070 .404"" Motorsäge";Motorzaag;Benzine;"070 .404"" Motorsäge";070;MY_STIHL;https://app.stihl.com/nl-nl/mystihl/tools/add/serial-number;authenticated MY STIHL UI lookup;OFFICIAL_WEB_LOOKUP;OFFICIAL_STIHL_LOOKUP;TRUE;FALSE;FALSE;FALSE;1;407;stihl_resultaten.csv
178250000;178250000;2026-09-26;OFFICIAL_EXACT_FOUND;gevonden;"Motorzaag / Benzine MS 261 C-M .325"" R Motorsäge";Motorzaag;Benzine;"MS 261 C-M .325"" R Motorsäge";MS 261 C-M;MY_STIHL;https://app.stihl.com/nl-nl/mystihl/tools/add/serial-number;authenticated MY STIHL UI lookup;OFFICIAL_WEB_LOOKUP;OFFICIAL_STIHL_LOOKUP;TRUE;FALSE;FALSE;FALSE;1;408;stihl_resultaten.csv
178300000;178300000;2026-09-26;OFFICIAL_EXACT_FOUND;gevonden;"Motorzaag / Benzine MS 361, 3/8""";Motorzaag;Benzine;"MS 361, 3/8""";MS 361;MY_STIHL;https://app.stihl.com/nl-nl/mystihl/tools/add/serial-number;authenticated MY STIHL UI lookup;OFFICIAL_WEB_LOOKUP;OFFICIAL_STIHL_LOOKUP;TRUE;FALSE;FALSE;FALSE;1;409;stihl_resultaten.csv
178350000;178350000;2026-09-26;OFFICIAL_EXACT_FOUND;gevonden;"Motorzaag / Benzine MS 291 .325"" P Motorsäge";Motorzaag;Benzine;"MS 291 .325"" P Motorsäge";MS 291;MY_STIHL;https://app.stihl.com/nl-nl/mystihl/tools/add/serial-number;authenticated MY STIHL UI lookup;OFFICIAL_WEB_LOOKUP;OFFICIAL_STIHL_LOOKUP;TRUE;FALSE;FALSE;FALSE;1;410;stihl_resultaten.csv
178400000;178400000;2026-09-26;OFFICIAL_EXACT_FOUND;gevonden;Bosmaaier / Benzine FS 450-K Freischneider;Bosmaaier;Benzine;FS 450-K Freischneider;FS;MY_STIHL;https://app.stihl.com/nl-nl/mystihl/tools/add/serial-number;authenticated MY STIHL UI lookup;OFFICIAL_WEB_LOOKUP;OFFICIAL_STIHL_LOOKUP;TRUE;FALSE;FALSE;FALSE;1;411;stihl_resultaten.csv
178450000;178450000;2026-09-26;OFFICIAL_EXACT_FOUND;gevonden;"Motorzaag / Benzine MS 391-Z 3/8"" P Motorsäge";Motorzaag;Benzine;"MS 391-Z 3/8"" P Motorsäge";MS 391;MY_STIHL;https://app.stihl.com/nl-nl/mystihl/tools/add/serial-number;authenticated MY STIHL UI lookup;OFFICIAL_WEB_LOOKUP;OFFICIAL_STIHL_LOOKUP;TRUE;FALSE;FALSE;FALSE;1;412;stihl_resultaten.csv
178500000;178500000;2026-09-26;OFFICIAL_EXACT_FOUND;gevonden;"Motorzaag / Elektrisch MSE 170 C-Q 3/8""P P Elektro-Motorsäge";Motorzaag;Elektrisch;"MSE 170 C-Q 3/8""P P Elektro-Motorsäge";MSE 170 C-Q;MY_STIHL;https://app.stihl.com/nl-nl/mystihl/tools/add/serial-number;authenticated MY STIHL UI lookup;OFFICIAL_WEB_LOOKUP;OFFICIAL_STIHL_LOOKUP;TRUE;FALSE;FALSE;FALSE;1;413;stihl_resultaten.csv
178550000;178550000;2026-09-26;OFFICIAL_EXACT_FOUND;gevonden;Bosmaaier / Benzine FS 460 C-EM Freischneider;Bosmaaier;Benzine;FS 460 C-EM Freischneider;FS 460 C-EM;MY_STIHL;https://app.stihl.com/nl-nl/mystihl/tools/add/serial-number;authenticated MY STIHL UI lookup;OFFICIAL_WEB_LOOKUP;OFFICIAL_STIHL_LOOKUP;TRUE;FALSE;FALSE;FALSE;1;414;stihl_resultaten.csv
178600000;178600000;2026-09-26;OFFICIAL_EXACT_FOUND;gevonden;"Motorzaag / Benzine 070 .404"" Motorsäge";Motorzaag;Benzine;"070 .404"" Motorsäge";070;MY_STIHL;https://app.stihl.com/nl-nl/mystihl/tools/add/serial-number;authenticated MY STIHL UI lookup;OFFICIAL_WEB_LOOKUP;OFFICIAL_STIHL_LOOKUP;TRUE;FALSE;FALSE;FALSE;1;415;stihl_resultaten.csv
178650000;178650000;2026-09-26;OFFICIAL_EXACT_FOUND;gevonden;Bosmaaier / Benzine FS 460 C-EM Freischneider;Bosmaaier;Benzine;FS 460 C-EM Freischneider;FS 460 C-EM;MY_STIHL;https://app.stihl.com/nl-nl/mystihl/tools/add/serial-number;authenticated MY STIHL UI lookup;OFFICIAL_WEB_LOOKUP;OFFICIAL_STIHL_LOOKUP;TRUE;FALSE;FALSE;FALSE;1;416;stihl_resultaten.csv
178700000;178700000;2026-09-26;OFFICIAL_EXACT_FOUND;gevonden;"Motorzaag / Benzine MS 250 .325"" P Motorsäge";Motorzaag;Benzine;"MS 250 .325"" P Motorsäge";MS 250;MY_STIHL;https://app.stihl.com/nl-nl/mystihl/tools/add/serial-number;authenticated MY STIHL UI lookup;OFFICIAL_WEB_LOOKUP;OFFICIAL_STIHL_LOOKUP;TRUE;FALSE;FALSE;FALSE;1;417;stihl_resultaten.csv
178750000;;2026-09-26;TECHNICAL_TIMEOUT;time-out;;;;;;MY_STIHL;https://app.stihl.com/nl-nl/mystihl/tools/add;authenticated MY STIHL UI lookup;TECHNICAL_TIMEOUT;;FALSE;FALSE;TRUE;FALSE;1;418;stihl_resultaten.csv
178800000;178800000;2026-09-26;OFFICIAL_EXACT_FOUND;gevonden;Doorslijpmachine / Benzine TS 420;Doorslijpmachine;Benzine;TS 420;TS 420;MY_STIHL;https://app.stihl.com/nl-nl/mystihl/tools/add/serial-number;authenticated MY STIHL UI lookup;OFFICIAL_WEB_LOOKUP;OFFICIAL_STIHL_LOOKUP;TRUE;FALSE;FALSE;FALSE;1;419;stihl_resultaten.csv
178850000;178850000;2026-09-26;OFFICIAL_EXACT_FOUND;gevonden;"Motorzaag / Benzine MS 201 T-Z 3/8""P Motorsäge";Motorzaag;Benzine;"MS 201 T-Z 3/8""P Motorsäge";MS 201 T-Z;MY_STIHL;https://app.stihl.com/nl-nl/mystihl/tools/add/serial-number;authenticated MY STIHL UI lookup;OFFICIAL_WEB_LOOKUP;OFFICIAL_STIHL_LOOKUP;TRUE;FALSE;FALSE;FALSE;1;420;stihl_resultaten.csv
178900000;178900000;2026-09-26;OFFICIAL_EXACT_FOUND;gevonden;"Doorslijpmachine / Benzine TS 410-Z Trennschleifer, 300mm/12""";Doorslijpmachine;Benzine;"TS 410-Z Trennschleifer, 300mm/12""";TS 410;MY_STIHL;https://app.stihl.com/nl-nl/mystihl/tools/add/serial-number;authenticated MY STIHL UI lookup;OFFICIAL_WEB_LOOKUP;OFFICIAL_STIHL_LOOKUP;TRUE;FALSE;FALSE;FALSE;1;421;stihl_resultaten.csv
178950000;178950000;2026-09-26;OFFICIAL_EXACT_FOUND;gevonden;Bosmaaier / Benzine FS 240-Z Freischneider;Bosmaaier;Benzine;FS 240-Z Freischneider;FS 240;MY_STIHL;https://app.stihl.com/nl-nl/mystihl/tools/add/serial-number;authenticated MY STIHL UI lookup;OFFICIAL_WEB_LOOKUP;OFFICIAL_STIHL_LOOKUP;TRUE;FALSE;FALSE;FALSE;1;422;stihl_resultaten.csv
179000000;179000000;2026-09-26;OFFICIAL_EXACT_FOUND;gevonden;Doorslijpmachine / Benzine TS 410;Doorslijpmachine;Benzine;TS 410;TS 410;MY_STIHL;https://app.stihl.com/nl-nl/mystihl/tools/add/serial-number;authenticated MY STIHL UI lookup;OFFICIAL_WEB_LOOKUP;OFFICIAL_STIHL_LOOKUP;TRUE;FALSE;FALSE;FALSE;1;423;stihl_resultaten.csv
179050000;179050000;2026-09-26;OFFICIAL_EXACT_FOUND;gevonden;"Motorzaag / Benzine MS 201 T 3/8""P P Motorsäge";Motorzaag;Benzine;"MS 201 T 3/8""P P Motorsäge";MS 201 T;MY_STIHL;https://app.stihl.com/nl-nl/mystihl/tools/add/serial-number;authenticated MY STIHL UI lookup;OFFICIAL_WEB_LOOKUP;OFFICIAL_STIHL_LOOKUP;TRUE;FALSE;FALSE;FALSE;1;424;stihl_resultaten.csv
179100000;179100000;2026-09-26;OFFICIAL_EXACT_FOUND;gevonden;Doorslijpmachine / Benzine TS 420;Doorslijpmachine;Benzine;TS 420;TS 420;MY_STIHL;https://app.stihl.com/nl-nl/mystihl/tools/add/serial-number;authenticated MY STIHL UI lookup;OFFICIAL_WEB_LOOKUP;OFFICIAL_STIHL_LOOKUP;TRUE;FALSE;FALSE;FALSE;1;425;stihl_resultaten.csv
179150000;179150000;2026-09-26;OFFICIAL_EXACT_FOUND;gevonden;"Motorzaag / Benzine MS 271 .325"" P Motorsäge";Motorzaag;Benzine;"MS 271 .325"" P Motorsäge";MS 271;MY_STIHL;https://app.stihl.com/nl-nl/mystihl/tools/add/serial-number;authenticated MY STIHL UI lookup;OFFICIAL_WEB_LOOKUP;OFFICIAL_STIHL_LOOKUP;TRUE;FALSE;FALSE;FALSE;1;426;stihl_resultaten.csv
179200000;179200000;2026-09-26;OFFICIAL_EXACT_FOUND;gevonden;"Motorzaag / Benzine MS 362 3/8"" R Motorsäge";Motorzaag;Benzine;"MS 362 3/8"" R Motorsäge";MS 362;MY_STIHL;https://app.stihl.com/nl-nl/mystihl/tools/add/serial-number;authenticated MY STIHL UI lookup;OFFICIAL_WEB_LOOKUP;OFFICIAL_STIHL_LOOKUP;TRUE;FALSE;FALSE;FALSE;1;427;stihl_resultaten.csv
179250000;179250000;2026-09-26;OFFICIAL_EXACT_FOUND;gevonden;Doorslijpmachine / Benzine TS 420;Doorslijpmachine;Benzine;TS 420;TS 420;MY_STIHL;https://app.stihl.com/nl-nl/mystihl/tools/add/serial-number;authenticated MY STIHL UI lookup;OFFICIAL_WEB_LOOKUP;OFFICIAL_STIHL_LOOKUP;TRUE;FALSE;FALSE;FALSE;1;428;stihl_resultaten.csv
179300000;179300000;2026-09-26;OFFICIAL_EXACT_FOUND;gevonden;"Motorzaag / Benzine MS 250 3/8""P Motorsäge";Motorzaag;Benzine;"MS 250 3/8""P Motorsäge";MS 250;MY_STIHL;https://app.stihl.com/nl-nl/mystihl/tools/add/serial-number;authenticated MY STIHL UI lookup;OFFICIAL_WEB_LOOKUP;OFFICIAL_STIHL_LOOKUP;TRUE;FALSE;FALSE;FALSE;1;429;stihl_resultaten.csv
179350000;179350000;2026-09-26;OFFICIAL_EXACT_FOUND;gevonden;"Motorzaag / Benzine MS 250 .325"" P Motorsäge";Motorzaag;Benzine;"MS 250 .325"" P Motorsäge";MS 250;MY_STIHL;https://app.stihl.com/nl-nl/mystihl/tools/add/serial-number;authenticated MY STIHL UI lookup;OFFICIAL_WEB_LOOKUP;OFFICIAL_STIHL_LOOKUP;TRUE;FALSE;FALSE;FALSE;1;430;stihl_resultaten.csv
179400000;;2026-09-26;TECHNICAL_TIMEOUT;time-out;;;;;;MY_STIHL;https://app.stihl.com/nl-nl/mystihl/tools/add;authenticated MY STIHL UI lookup;TECHNICAL_TIMEOUT;;FALSE;FALSE;TRUE;FALSE;1;431;stihl_resultaten.csv
179450000;179450000;2026-09-26;OFFICIAL_EXACT_FOUND;gevonden;"Motorzaag / Benzine MS 251 C-BE 3/8""P P Motorsäge";Motorzaag;Benzine;"MS 251 C-BE 3/8""P P Motorsäge";MS 251 C-BE;MY_STIHL;https://app.stihl.com/nl-nl/mystihl/tools/add/serial-number;authenticated MY STIHL UI lookup;OFFICIAL_WEB_LOOKUP;OFFICIAL_STIHL_LOOKUP;TRUE;FALSE;FALSE;FALSE;1;432;stihl_resultaten.csv
179500000;179500000;2026-09-26;OFFICIAL_EXACT_FOUND;gevonden;"Motorzaag / Benzine MS 291, 3/8""";Motorzaag;Benzine;"MS 291, 3/8""";MS 291;MY_STIHL;https://app.stihl.com/nl-nl/mystihl/tools/add/serial-number;authenticated MY STIHL UI lookup;OFFICIAL_WEB_LOOKUP;OFFICIAL_STIHL_LOOKUP;TRUE;FALSE;FALSE;FALSE;1;433;stihl_resultaten.csv
179550000;179550000;2026-09-26;OFFICIAL_EXACT_FOUND;gevonden;"Motorzaag / Benzine MS 461-Z 3/8"" Motorsäge";Motorzaag;Benzine;"MS 461-Z 3/8"" Motorsäge";MS 461;MY_STIHL;https://app.stihl.com/nl-nl/mystihl/tools/add/serial-number;authenticated MY STIHL UI lookup;OFFICIAL_WEB_LOOKUP;OFFICIAL_STIHL_LOOKUP;TRUE;FALSE;FALSE;FALSE;1;434;stihl_resultaten.csv
179600000;179600000;2026-09-26;OFFICIAL_EXACT_FOUND;gevonden;"Motorzaag / Benzine 070 .404"" Motorsäge";Motorzaag;Benzine;"070 .404"" Motorsäge";070;MY_STIHL;https://app.stihl.com/nl-nl/mystihl/tools/add/serial-number;authenticated MY STIHL UI lookup;OFFICIAL_WEB_LOOKUP;OFFICIAL_STIHL_LOOKUP;TRUE;FALSE;FALSE;FALSE;1;435;stihl_resultaten.csv
179650000;179650000;2026-09-26;OFFICIAL_EXACT_FOUND;gevonden;"Heggenschaar / Benzine HS 82 R, Schnittlänge 60 cm/30""";Heggenschaar;Benzine;"HS 82 R, Schnittlänge 60 cm/30""";HS 82 R;MY_STIHL;https://app.stihl.com/nl-nl/mystihl/tools/add/serial-number;authenticated MY STIHL UI lookup;OFFICIAL_WEB_LOOKUP;OFFICIAL_STIHL_LOOKUP;TRUE;FALSE;FALSE;FALSE;1;436;stihl_resultaten.csv
179700000;179700000;2026-09-26;OFFICIAL_EXACT_FOUND;gevonden;"Motorzaag / Benzine MS 241 C-M 3/8""P P Motorsäge";Motorzaag;Benzine;"MS 241 C-M 3/8""P P Motorsäge";MS 241 C-M;MY_STIHL;https://app.stihl.com/nl-nl/mystihl/tools/add/serial-number;authenticated MY STIHL UI lookup;OFFICIAL_WEB_LOOKUP;OFFICIAL_STIHL_LOOKUP;TRUE;FALSE;FALSE;FALSE;1;437;stihl_resultaten.csv
179750000;179750000;2026-09-26;OFFICIAL_EXACT_FOUND;gevonden;"Motorzaag / Benzine MS 361, 3/8""";Motorzaag;Benzine;"MS 361, 3/8""";MS 361;MY_STIHL;https://app.stihl.com/nl-nl/mystihl/tools/add/serial-number;authenticated MY STIHL UI lookup;OFFICIAL_WEB_LOOKUP;OFFICIAL_STIHL_LOOKUP;TRUE;FALSE;FALSE;FALSE;1;438;stihl_resultaten.csv
179800000;179800000;2026-09-26;OFFICIAL_EXACT_FOUND;gevonden;"Motorzaag / Benzine MS 250 .325"" P Motorsäge";Motorzaag;Benzine;"MS 250 .325"" P Motorsäge";MS 250;MY_STIHL;https://app.stihl.com/nl-nl/mystihl/tools/add/serial-number;authenticated MY STIHL UI lookup;OFFICIAL_WEB_LOOKUP;OFFICIAL_STIHL_LOOKUP;TRUE;FALSE;FALSE;FALSE;1;439;stihl_resultaten.csv
179850000;179850000;2026-09-26;OFFICIAL_EXACT_FOUND;gevonden;Bosmaaier / Benzine FS 260 Freischneider;Bosmaaier;Benzine;FS 260 Freischneider;FS 260;MY_STIHL;https://app.stihl.com/nl-nl/mystihl/tools/add/serial-number;authenticated MY STIHL UI lookup;OFFICIAL_WEB_LOOKUP;OFFICIAL_STIHL_LOOKUP;TRUE;FALSE;FALSE;FALSE;1;440;stihl_resultaten.csv
179900000;179900000;2026-09-26;OFFICIAL_EXACT_FOUND;gevonden;"Motorzaag / Benzine MS 660 3/8"" R Magnum Motorsäge";Motorzaag;Benzine;"MS 660 3/8"" R Magnum Motorsäge";MS 660;MY_STIHL;https://app.stihl.com/nl-nl/mystihl/tools/add/serial-number;authenticated MY STIHL UI lookup;OFFICIAL_WEB_LOOKUP;OFFICIAL_STIHL_LOOKUP;TRUE;FALSE;FALSE;FALSE;1;441;stihl_resultaten.csv
179950000;179950000;2026-09-26;OFFICIAL_EXACT_FOUND;gevonden;"Motorzaag / Elektrisch MSE 170 C-BQ 3/8""P P Elektro-Motorsäge";Motorzaag;Elektrisch;"MSE 170 C-BQ 3/8""P P Elektro-Motorsäge";MSE 170 C-BQ;MY_STIHL;https://app.stihl.com/nl-nl/mystihl/tools/add/serial-number;authenticated MY STIHL UI lookup;OFFICIAL_WEB_LOOKUP;OFFICIAL_STIHL_LOOKUP;TRUE;FALSE;FALSE;FALSE;1;442;stihl_resultaten.csv
180000000;180000000;2026-09-26;OFFICIAL_EXACT_FOUND;gevonden;Bosmaaier / Benzine FS 560 C-EM Freischneider;Bosmaaier;Benzine;FS 560 C-EM Freischneider;FS 560 C-EM;MY_STIHL;https://app.stihl.com/nl-nl/mystihl/tools/add/serial-number;authenticated MY STIHL UI lookup;OFFICIAL_WEB_LOOKUP;OFFICIAL_STIHL_LOOKUP;TRUE;FALSE;FALSE;FALSE;1;443;stihl_resultaten.csv
180050000;180050000;2026-09-26;OFFICIAL_EXACT_FOUND;gevonden;"Motorzaag / Benzine MS 461-Z 3/8"" Motorsäge";Motorzaag;Benzine;"MS 461-Z 3/8"" Motorsäge";MS 461;MY_STIHL;https://app.stihl.com/nl-nl/mystihl/tools/add/serial-number;authenticated MY STIHL UI lookup;OFFICIAL_WEB_LOOKUP;OFFICIAL_STIHL_LOOKUP;TRUE;FALSE;FALSE;FALSE;1;444;stihl_resultaten.csv
180100000;180100000;2026-09-26;OFFICIAL_EXACT_FOUND;gevonden;"Motorzaag / Benzine MS 251 C-BE, .325""";Motorzaag;Benzine;"MS 251 C-BE, .325""";MS 251 C-BE;MY_STIHL;https://app.stihl.com/nl-nl/mystihl/tools/add/serial-number;authenticated MY STIHL UI lookup;OFFICIAL_WEB_LOOKUP;OFFICIAL_STIHL_LOOKUP;TRUE;FALSE;FALSE;FALSE;1;445;stihl_resultaten.csv
180150000;180150000;2026-09-26;OFFICIAL_EXACT_FOUND;gevonden;"Motorzaag / Elektrisch MSE 190 C-B 3/8""P P Elektro-Motorsäge";Motorzaag;Elektrisch;"MSE 190 C-B 3/8""P P Elektro-Motorsäge";MSE 190 C-B;MY_STIHL;https://app.stihl.com/nl-nl/mystihl/tools/add/serial-number;authenticated MY STIHL UI lookup;OFFICIAL_WEB_LOOKUP;OFFICIAL_STIHL_LOOKUP;TRUE;FALSE;FALSE;FALSE;1;446;stihl_resultaten.csv
180200000;180200000;2026-09-26;OFFICIAL_EXACT_FOUND;gevonden;"Motorzaag / Benzine MS 231 3/8""P P Motorsäge";Motorzaag;Benzine;"MS 231 3/8""P P Motorsäge";MS 231;MY_STIHL;https://app.stihl.com/nl-nl/mystihl/tools/add/serial-number;authenticated MY STIHL UI lookup;OFFICIAL_WEB_LOOKUP;OFFICIAL_STIHL_LOOKUP;TRUE;FALSE;FALSE;FALSE;1;447;stihl_resultaten.csv
180250000;180250000;2026-09-26;OFFICIAL_EXACT_FOUND;gevonden;Bosmaaier / Benzine FS 240 Freischneider;Bosmaaier;Benzine;FS 240 Freischneider;FS 240;MY_STIHL;https://app.stihl.com/nl-nl/mystihl/tools/add/serial-number;authenticated MY STIHL UI lookup;OFFICIAL_WEB_LOOKUP;OFFICIAL_STIHL_LOOKUP;TRUE;FALSE;FALSE;FALSE;1;448;stihl_resultaten.csv
180300000;180300000;2026-09-26;OFFICIAL_EXACT_FOUND;gevonden;"Motorzaag / Benzine MS 261 C-M .325"" R Motorsäge";Motorzaag;Benzine;"MS 261 C-M .325"" R Motorsäge";MS 261 C-M;MY_STIHL;https://app.stihl.com/nl-nl/mystihl/tools/add/serial-number;authenticated MY STIHL UI lookup;OFFICIAL_WEB_LOOKUP;OFFICIAL_STIHL_LOOKUP;TRUE;FALSE;FALSE;FALSE;1;449;stihl_resultaten.csv
180350000;180350000;2026-09-26;OFFICIAL_EXACT_FOUND;gevonden;Bosmaaier / Benzine FS 260 C-E Freischneider;Bosmaaier;Benzine;FS 260 C-E Freischneider;FS 260 C-E;MY_STIHL;https://app.stihl.com/nl-nl/mystihl/tools/add/serial-number;authenticated MY STIHL UI lookup;OFFICIAL_WEB_LOOKUP;OFFICIAL_STIHL_LOOKUP;TRUE;FALSE;FALSE;FALSE;1;450;stihl_resultaten.csv
180400000;180400000;2026-09-26;OFFICIAL_EXACT_FOUND;gevonden;"Motorzaag / Benzine MS 201 TC-M 3/8""P P Motorsäge";Motorzaag;Benzine;"MS 201 TC-M 3/8""P P Motorsäge";MS 201 TC-M;MY_STIHL;https://app.stihl.com/nl-nl/mystihl/tools/add/serial-number;authenticated MY STIHL UI lookup;OFFICIAL_WEB_LOOKUP;OFFICIAL_STIHL_LOOKUP;TRUE;FALSE;FALSE;FALSE;1;451;stihl_resultaten.csv
180450000;;2026-09-26;TECHNICAL_TIMEOUT;time-out;;;;;;MY_STIHL;https://app.stihl.com/nl-nl/mystihl/tools/add;authenticated MY STIHL UI lookup;TECHNICAL_TIMEOUT;;FALSE;FALSE;TRUE;FALSE;1;452;stihl_resultaten.csv
180500000;180500000;2026-09-26;OFFICIAL_EXACT_FOUND;gevonden;"Heggenschaar / Benzine HS 82 R, Schnittlänge 75 cm/30""";Heggenschaar;Benzine;"HS 82 R, Schnittlänge 75 cm/30""";HS 82 R;MY_STIHL;https://app.stihl.com/nl-nl/mystihl/tools/add/serial-number;authenticated MY STIHL UI lookup;OFFICIAL_WEB_LOOKUP;OFFICIAL_STIHL_LOOKUP;TRUE;FALSE;FALSE;FALSE;1;453;stihl_resultaten.csv
180550000;180550000;2026-09-26;OFFICIAL_EXACT_FOUND;gevonden;"Doorslijpmachine / Benzine TS 700 Trennschleifer, 350mm/14""";Doorslijpmachine;Benzine;"TS 700 Trennschleifer, 350mm/14""";TS 700;MY_STIHL;https://app.stihl.com/nl-nl/mystihl/tools/add/serial-number;authenticated MY STIHL UI lookup;OFFICIAL_WEB_LOOKUP;OFFICIAL_STIHL_LOOKUP;TRUE;FALSE;FALSE;FALSE;1;454;stihl_resultaten.csv
180600000;180600000;2026-09-26;OFFICIAL_EXACT_FOUND;gevonden;"Motorzaag / Benzine MS 251 3/8""P P Motorsäge";Motorzaag;Benzine;"MS 251 3/8""P P Motorsäge";MS 251;MY_STIHL;https://app.stihl.com/nl-nl/mystihl/tools/add/serial-number;authenticated MY STIHL UI lookup;OFFICIAL_WEB_LOOKUP;OFFICIAL_STIHL_LOOKUP;TRUE;FALSE;FALSE;FALSE;1;455;stihl_resultaten.csv
180650000;180650000;2026-09-26;OFFICIAL_EXACT_FOUND;gevonden;Bosmaaier / Benzine FS 260 RC-E Freischneider;Bosmaaier;Benzine;FS 260 RC-E Freischneider;FS 260 RC-E;MY_STIHL;https://app.stihl.com/nl-nl/mystihl/tools/add/serial-number;authenticated MY STIHL UI lookup;OFFICIAL_WEB_LOOKUP;OFFICIAL_STIHL_LOOKUP;TRUE;FALSE;FALSE;FALSE;1;456;stihl_resultaten.csv
180700000;180700000;2026-09-26;OFFICIAL_EXACT_FOUND;gevonden;Doorslijpmachine / Benzine TS 420;Doorslijpmachine;Benzine;TS 420;TS 420;MY_STIHL;https://app.stihl.com/nl-nl/mystihl/tools/add/serial-number;authenticated MY STIHL UI lookup;OFFICIAL_WEB_LOOKUP;OFFICIAL_STIHL_LOOKUP;TRUE;FALSE;FALSE;FALSE;1;457;stihl_resultaten.csv
180750000;180750000;2026-09-26;OFFICIAL_EXACT_FOUND;gevonden;"Motorzaag / Benzine MS 391-Z 3/8"" P Motorsäge";Motorzaag;Benzine;"MS 391-Z 3/8"" P Motorsäge";MS 391;MY_STIHL;https://app.stihl.com/nl-nl/mystihl/tools/add/serial-number;authenticated MY STIHL UI lookup;OFFICIAL_WEB_LOOKUP;OFFICIAL_STIHL_LOOKUP;TRUE;FALSE;FALSE;FALSE;1;458;stihl_resultaten.csv
180800000;180800000;2026-09-26;OFFICIAL_EXACT_FOUND;gevonden;"Motorzaag / Benzine MS 250 .325"" P Motorsäge";Motorzaag;Benzine;"MS 250 .325"" P Motorsäge";MS 250;MY_STIHL;https://app.stihl.com/nl-nl/mystihl/tools/add/serial-number;authenticated MY STIHL UI lookup;OFFICIAL_WEB_LOOKUP;OFFICIAL_STIHL_LOOKUP;TRUE;FALSE;FALSE;FALSE;1;459;stihl_resultaten.csv
180850000;180850000;2026-09-26;OFFICIAL_EXACT_FOUND;gevonden;Doorslijpmachine / Benzine TS 410;Doorslijpmachine;Benzine;TS 410;TS 410;MY_STIHL;https://app.stihl.com/nl-nl/mystihl/tools/add/serial-number;authenticated MY STIHL UI lookup;OFFICIAL_WEB_LOOKUP;OFFICIAL_STIHL_LOOKUP;TRUE;FALSE;FALSE;FALSE;1;460;stihl_resultaten.csv
180900000;180900000;2026-09-26;OFFICIAL_EXACT_FOUND;gevonden;Bosmaaier / Benzine FS 240 Freischneider;Bosmaaier;Benzine;FS 240 Freischneider;FS 240;MY_STIHL;https://app.stihl.com/nl-nl/mystihl/tools/add/serial-number;authenticated MY STIHL UI lookup;OFFICIAL_WEB_LOOKUP;OFFICIAL_STIHL_LOOKUP;TRUE;FALSE;FALSE;FALSE;1;461;stihl_resultaten.csv
180950000;180950000;2026-09-26;OFFICIAL_EXACT_FOUND;gevonden;"Motorzaag / Benzine MS 231 3/8""P P Motorsäge";Motorzaag;Benzine;"MS 231 3/8""P P Motorsäge";MS 231;MY_STIHL;https://app.stihl.com/nl-nl/mystihl/tools/add/serial-number;authenticated MY STIHL UI lookup;OFFICIAL_WEB_LOOKUP;OFFICIAL_STIHL_LOOKUP;TRUE;FALSE;FALSE;FALSE;1;462;stihl_resultaten.csv
181000000;181000000;2026-09-26;OFFICIAL_EXACT_FOUND;gevonden;"Motorzaag / Benzine MS 661 C-M 3/8"" R Motorsäge";Motorzaag;Benzine;"MS 661 C-M 3/8"" R Motorsäge";MS 661 C-M;MY_STIHL;https://app.stihl.com/nl-nl/mystihl/tools/add/serial-number;authenticated MY STIHL UI lookup;OFFICIAL_WEB_LOOKUP;OFFICIAL_STIHL_LOOKUP;TRUE;FALSE;FALSE;FALSE;1;463;stihl_resultaten.csv
181050000;181050000;2026-09-26;OFFICIAL_EXACT_FOUND;gevonden;"Doorslijpmachine / Benzine TS 500i, K-BA Ø 350mm/14""";Doorslijpmachine;Benzine;"TS 500i, K-BA Ø 350mm/14""";TS;MY_STIHL;https://app.stihl.com/nl-nl/mystihl/tools/add/serial-number;authenticated MY STIHL UI lookup;OFFICIAL_WEB_LOOKUP;OFFICIAL_STIHL_LOOKUP;TRUE;FALSE;FALSE;FALSE;1;464;stihl_resultaten.csv
181100000;181100000;2026-09-26;OFFICIAL_EXACT_FOUND;gevonden;"Motorzaag / Benzine MS 251 3/8""P P Motorsäge";Motorzaag;Benzine;"MS 251 3/8""P P Motorsäge";MS 251;MY_STIHL;https://app.stihl.com/nl-nl/mystihl/tools/add/serial-number;authenticated MY STIHL UI lookup;OFFICIAL_WEB_LOOKUP;OFFICIAL_STIHL_LOOKUP;TRUE;FALSE;FALSE;FALSE;1;465;stihl_resultaten.csv
181150000;181150000;2026-09-26;OFFICIAL_EXACT_FOUND;gevonden;"Motorzaag / Benzine MS 250 .325"" Motorsäge";Motorzaag;Benzine;"MS 250 .325"" Motorsäge";MS 250;MY_STIHL;https://app.stihl.com/nl-nl/mystihl/tools/add/serial-number;authenticated MY STIHL UI lookup;OFFICIAL_WEB_LOOKUP;OFFICIAL_STIHL_LOOKUP;TRUE;FALSE;FALSE;FALSE;1;466;stihl_resultaten.csv
181200000;181200000;2026-09-26;OFFICIAL_EXACT_FOUND;gevonden;"Doorslijpmachine / Benzine TS 500i, K-ME Ø 350mm/14""";Doorslijpmachine;Benzine;"TS 500i, K-ME Ø 350mm/14""";TS;MY_STIHL;https://app.stihl.com/nl-nl/mystihl/tools/add/serial-number;authenticated MY STIHL UI lookup;OFFICIAL_WEB_LOOKUP;OFFICIAL_STIHL_LOOKUP;TRUE;FALSE;FALSE;FALSE;1;467;stihl_resultaten.csv
181250000;181250000;2026-09-26;OFFICIAL_EXACT_FOUND;gevonden;"Motorzaag / Benzine MS 271 .325"" P Motorsäge";Motorzaag;Benzine;"MS 271 .325"" P Motorsäge";MS 271;MY_STIHL;https://app.stihl.com/nl-nl/mystihl/tools/add/serial-number;authenticated MY STIHL UI lookup;OFFICIAL_WEB_LOOKUP;OFFICIAL_STIHL_LOOKUP;TRUE;FALSE;FALSE;FALSE;1;468;stihl_resultaten.csv
181300000;181300000;2026-09-26;OFFICIAL_EXACT_FOUND;gevonden;Doorslijpmachine / Benzine TS 410;Doorslijpmachine;Benzine;TS 410;TS 410;MY_STIHL;https://app.stihl.com/nl-nl/mystihl/tools/add/serial-number;authenticated MY STIHL UI lookup;OFFICIAL_WEB_LOOKUP;OFFICIAL_STIHL_LOOKUP;TRUE;FALSE;FALSE;FALSE;1;469;stihl_resultaten.csv
181350000;181350000;2026-09-26;OFFICIAL_EXACT_FOUND;gevonden;Bosmaaier / Benzine FS 410 C-EM Freischneider;Bosmaaier;Benzine;FS 410 C-EM Freischneider;FS 410 C-EM;MY_STIHL;https://app.stihl.com/nl-nl/mystihl/tools/add/serial-number;authenticated MY STIHL UI lookup;OFFICIAL_WEB_LOOKUP;OFFICIAL_STIHL_LOOKUP;TRUE;FALSE;FALSE;FALSE;1;470;stihl_resultaten.csv
181400000;181400000;2026-09-26;OFFICIAL_EXACT_FOUND;gevonden;Bosmaaier / Benzine FS 410 C-E Freischneider;Bosmaaier;Benzine;FS 410 C-E Freischneider;FS 410 C-E;MY_STIHL;https://app.stihl.com/nl-nl/mystihl/tools/add/serial-number;authenticated MY STIHL UI lookup;OFFICIAL_WEB_LOOKUP;OFFICIAL_STIHL_LOOKUP;TRUE;FALSE;FALSE;FALSE;1;471;stihl_resultaten.csv
181450000;181450000;2026-09-26;OFFICIAL_EXACT_FOUND;gevonden;"Motorzaag / Benzine MS 361 3/8"" R Motorsäge";Motorzaag;Benzine;"MS 361 3/8"" R Motorsäge";MS 361;MY_STIHL;https://app.stihl.com/nl-nl/mystihl/tools/add/serial-number;authenticated MY STIHL UI lookup;OFFICIAL_WEB_LOOKUP;OFFICIAL_STIHL_LOOKUP;TRUE;FALSE;FALSE;FALSE;1;472;stihl_resultaten.csv
181500000;181500000;2026-09-26;OFFICIAL_EXACT_FOUND;gevonden;"Motorzaag / Benzine MS 461-Z 3/8"" RIM Magnum Motorsäge";Motorzaag;Benzine;"MS 461-Z 3/8"" RIM Magnum Motorsäge";MS 461;MY_STIHL;https://app.stihl.com/nl-nl/mystihl/tools/add/serial-number;authenticated MY STIHL UI lookup;OFFICIAL_WEB_LOOKUP;OFFICIAL_STIHL_LOOKUP;TRUE;FALSE;FALSE;FALSE;1;473;stihl_resultaten.csv
181550000;181550000;2026-09-26;OFFICIAL_EXACT_FOUND;gevonden;Bosmaaier / Benzine FS 490 C-EM K Freischneider;Bosmaaier;Benzine;FS 490 C-EM K Freischneider;FS 490 C-EM K;MY_STIHL;https://app.stihl.com/nl-nl/mystihl/tools/add/serial-number;authenticated MY STIHL UI lookup;OFFICIAL_WEB_LOOKUP;OFFICIAL_STIHL_LOOKUP;TRUE;FALSE;FALSE;FALSE;1;474;stihl_resultaten.csv
181600000;181600000;2026-09-26;OFFICIAL_EXACT_FOUND;gevonden;"Doorslijpmachine / Benzine TS 410 Trennschleifer, 300mm/12""";Doorslijpmachine;Benzine;"TS 410 Trennschleifer, 300mm/12""";TS 410;MY_STIHL;https://app.stihl.com/nl-nl/mystihl/tools/add/serial-number;authenticated MY STIHL UI lookup;OFFICIAL_WEB_LOOKUP;OFFICIAL_STIHL_LOOKUP;TRUE;FALSE;FALSE;FALSE;1;475;stihl_resultaten.csv
181650000;181650000;2026-09-26;OFFICIAL_EXACT_FOUND;gevonden;Bosmaaier / Benzine FS 360 C-EM Freischneider;Bosmaaier;Benzine;FS 360 C-EM Freischneider;FS 360 C-EM;MY_STIHL;https://app.stihl.com/nl-nl/mystihl/tools/add/serial-number;authenticated MY STIHL UI lookup;OFFICIAL_WEB_LOOKUP;OFFICIAL_STIHL_LOOKUP;TRUE;FALSE;FALSE;FALSE;1;476;stihl_resultaten.csv
181700000;181700000;2026-09-26;OFFICIAL_EXACT_FOUND;gevonden;"Motorzaag / Benzine MS 231, .325""";Motorzaag;Benzine;"MS 231, .325""";MS 231;MY_STIHL;https://app.stihl.com/nl-nl/mystihl/tools/add/serial-number;authenticated MY STIHL UI lookup;OFFICIAL_WEB_LOOKUP;OFFICIAL_STIHL_LOOKUP;TRUE;FALSE;FALSE;FALSE;1;477;stihl_resultaten.csv
181750000;181750000;2026-09-26;OFFICIAL_EXACT_FOUND;gevonden;Doorslijpmachine / Benzine TS 410;Doorslijpmachine;Benzine;TS 410;TS 410;MY_STIHL;https://app.stihl.com/nl-nl/mystihl/tools/add/serial-number;authenticated MY STIHL UI lookup;OFFICIAL_WEB_LOOKUP;OFFICIAL_STIHL_LOOKUP;TRUE;FALSE;FALSE;FALSE;1;478;stihl_resultaten.csv
181800000;181800000;2026-09-26;OFFICIAL_EXACT_FOUND;gevonden;Bosmaaier / Benzine FS 260 C-E Freischneider;Bosmaaier;Benzine;FS 260 C-E Freischneider;FS 260 C-E;MY_STIHL;https://app.stihl.com/nl-nl/mystihl/tools/add/serial-number;authenticated MY STIHL UI lookup;OFFICIAL_WEB_LOOKUP;OFFICIAL_STIHL_LOOKUP;TRUE;FALSE;FALSE;FALSE;1;479;stihl_resultaten.csv
181850000;181850000;2026-09-26;OFFICIAL_EXACT_FOUND;gevonden;"Motorzaag / Benzine MS 251, .325""";Motorzaag;Benzine;"MS 251, .325""";MS 251;MY_STIHL;https://app.stihl.com/nl-nl/mystihl/tools/add/serial-number;authenticated MY STIHL UI lookup;OFFICIAL_WEB_LOOKUP;OFFICIAL_STIHL_LOOKUP;TRUE;FALSE;FALSE;FALSE;1;480;stihl_resultaten.csv
181900000;181900000;2026-09-26;OFFICIAL_EXACT_FOUND;gevonden;"Motorzaag / Benzine MS 261 C-M .325"" R Motorsäge";Motorzaag;Benzine;"MS 261 C-M .325"" R Motorsäge";MS 261 C-M;MY_STIHL;https://app.stihl.com/nl-nl/mystihl/tools/add/serial-number;authenticated MY STIHL UI lookup;OFFICIAL_WEB_LOOKUP;OFFICIAL_STIHL_LOOKUP;TRUE;FALSE;FALSE;FALSE;1;481;stihl_resultaten.csv
181950000;181950000;2026-09-26;OFFICIAL_EXACT_FOUND;gevonden;Bosmaaier / Benzine FR 460 TC-EFM Motorsense rückentragbar;Bosmaaier;Benzine;FR 460 TC-EFM Motorsense rückentragbar;FR 460 TC-EFM;MY_STIHL;https://app.stihl.com/nl-nl/mystihl/tools/add/serial-number;authenticated MY STIHL UI lookup;OFFICIAL_WEB_LOOKUP;OFFICIAL_STIHL_LOOKUP;TRUE;FALSE;FALSE;FALSE;1;482;stihl_resultaten.csv
182000000;182000000;2026-09-26;OFFICIAL_EXACT_FOUND;gevonden;"Motorzaag / Benzine MS 201 C-M 3/8""P P Motorsäge";Motorzaag;Benzine;"MS 201 C-M 3/8""P P Motorsäge";MS 201 C-M;MY_STIHL;https://app.stihl.com/nl-nl/mystihl/tools/add/serial-number;authenticated MY STIHL UI lookup;OFFICIAL_WEB_LOOKUP;OFFICIAL_STIHL_LOOKUP;TRUE;FALSE;FALSE;FALSE;1;483;stihl_resultaten.csv
182050000;182050000;2026-09-26;OFFICIAL_EXACT_FOUND;gevonden;Zuighakselaar / Benzine SH 56;Zuighakselaar;Benzine;SH 56;SH 56;MY_STIHL;https://app.stihl.com/nl-nl/mystihl/tools/add/serial-number;authenticated MY STIHL UI lookup;OFFICIAL_WEB_LOOKUP;OFFICIAL_STIHL_LOOKUP;TRUE;FALSE;FALSE;FALSE;1;484;stihl_resultaten.csv
182100000;182100000;2026-09-26;OFFICIAL_EXACT_FOUND;gevonden;"Motorzaag / Benzine MS 231 C-BE 3/8""P P Motorsäge";Motorzaag;Benzine;"MS 231 C-BE 3/8""P P Motorsäge";MS 231 C-BE;MY_STIHL;https://app.stihl.com/nl-nl/mystihl/tools/add/serial-number;authenticated MY STIHL UI lookup;OFFICIAL_WEB_LOOKUP;OFFICIAL_STIHL_LOOKUP;TRUE;FALSE;FALSE;FALSE;1;485;stihl_resultaten.csv
182150000;182150000;2026-09-26;OFFICIAL_EXACT_FOUND;gevonden;"Heggenschaar / Benzine HS 82 T-Z Heckenschere, 600mm/24""";Heggenschaar;Benzine;"HS 82 T-Z Heckenschere, 600mm/24""";HS 82 T-Z;MY_STIHL;https://app.stihl.com/nl-nl/mystihl/tools/add/serial-number;authenticated MY STIHL UI lookup;OFFICIAL_WEB_LOOKUP;OFFICIAL_STIHL_LOOKUP;TRUE;FALSE;FALSE;FALSE;1;486;stihl_resultaten.csv
182200000;182200000;2026-09-26;OFFICIAL_EXACT_FOUND;gevonden;"Motorzaag / Benzine 070 .404"" Motorsäge";Motorzaag;Benzine;"070 .404"" Motorsäge";070;MY_STIHL;https://app.stihl.com/nl-nl/mystihl/tools/add/serial-number;authenticated MY STIHL UI lookup;OFFICIAL_WEB_LOOKUP;OFFICIAL_STIHL_LOOKUP;TRUE;FALSE;FALSE;FALSE;1;487;stihl_resultaten.csv
182250000;182250000;2026-09-26;OFFICIAL_EXACT_FOUND;gevonden;"Motorzaag / Benzine MS 660 3/8"" R Magnum Motorsäge";Motorzaag;Benzine;"MS 660 3/8"" R Magnum Motorsäge";MS 660;MY_STIHL;https://app.stihl.com/nl-nl/mystihl/tools/add/serial-number;authenticated MY STIHL UI lookup;OFFICIAL_WEB_LOOKUP;OFFICIAL_STIHL_LOOKUP;TRUE;FALSE;FALSE;FALSE;1;488;stihl_resultaten.csv
182300000;182300000;2026-09-26;OFFICIAL_EXACT_FOUND;gevonden;Bosmaaier / Benzine FS 240 C-E Freischneider;Bosmaaier;Benzine;FS 240 C-E Freischneider;FS 240 C-E;MY_STIHL;https://app.stihl.com/nl-nl/mystihl/tools/add/serial-number;authenticated MY STIHL UI lookup;OFFICIAL_WEB_LOOKUP;OFFICIAL_STIHL_LOOKUP;TRUE;FALSE;FALSE;FALSE;1;489;stihl_resultaten.csv
182350000;182350000;2026-09-26;OFFICIAL_EXACT_FOUND;gevonden;Algemeen gemotoriseerd / Benzine FS 560 C-EM Z Anbaumotor;Algemeen gemotoriseerd;Benzine;FS 560 C-EM Z Anbaumotor;FS 560 C-EM Anbaumotor;MY_STIHL;https://app.stihl.com/nl-nl/mystihl/tools/add/serial-number;authenticated MY STIHL UI lookup;OFFICIAL_WEB_LOOKUP;OFFICIAL_STIHL_LOOKUP;TRUE;FALSE;FALSE;FALSE;1;490;stihl_resultaten.csv
182400000;182400000;2026-09-26;OFFICIAL_EXACT_FOUND;gevonden;Bladblazer / Benzine BG 56;Bladblazer;Benzine;BG 56;BG 56;MY_STIHL;https://app.stihl.com/nl-nl/mystihl/tools/add/serial-number;authenticated MY STIHL UI lookup;OFFICIAL_WEB_LOOKUP;OFFICIAL_STIHL_LOOKUP;TRUE;FALSE;FALSE;FALSE;1;491;stihl_resultaten.csv
182450000;182450000;2026-09-26;OFFICIAL_EXACT_FOUND;gevonden;"Motorzaag / Benzine MS 251, .325""";Motorzaag;Benzine;"MS 251, .325""";MS 251;MY_STIHL;https://app.stihl.com/nl-nl/mystihl/tools/add/serial-number;authenticated MY STIHL UI lookup;OFFICIAL_WEB_LOOKUP;OFFICIAL_STIHL_LOOKUP;TRUE;FALSE;FALSE;FALSE;1;492;stihl_resultaten.csv
182500000;182500000;2026-09-26;OFFICIAL_EXACT_FOUND;gevonden;"Doorslijpmachine / Benzine TS 420-Z Trennschleifer, 350mm/14""";Doorslijpmachine;Benzine;"TS 420-Z Trennschleifer, 350mm/14""";TS 420;MY_STIHL;https://app.stihl.com/nl-nl/mystihl/tools/add/serial-number;authenticated MY STIHL UI lookup;OFFICIAL_WEB_LOOKUP;OFFICIAL_STIHL_LOOKUP;TRUE;FALSE;FALSE;FALSE;1;493;stihl_resultaten.csv
182550000;182550000;2026-09-26;OFFICIAL_EXACT_FOUND;gevonden;"Doorslijpmachine / Benzine TS 800 Trennschleifer, 400mm/16""";Doorslijpmachine;Benzine;"TS 800 Trennschleifer, 400mm/16""";TS 800;MY_STIHL;https://app.stihl.com/nl-nl/mystihl/tools/add/serial-number;authenticated MY STIHL UI lookup;OFFICIAL_WEB_LOOKUP;OFFICIAL_STIHL_LOOKUP;TRUE;FALSE;FALSE;FALSE;1;494;stihl_resultaten.csv
182600000;182600000;2026-09-26;OFFICIAL_EXACT_FOUND;gevonden;"Motorzaag / Benzine MS 310 3/8"" P Motorsäge";Motorzaag;Benzine;"MS 310 3/8"" P Motorsäge";MS 310;MY_STIHL;https://app.stihl.com/nl-nl/mystihl/tools/add/serial-number;authenticated MY STIHL UI lookup;OFFICIAL_WEB_LOOKUP;OFFICIAL_STIHL_LOOKUP;TRUE;FALSE;FALSE;FALSE;1;495;stihl_resultaten.csv
182650000;182650000;2026-09-26;OFFICIAL_EXACT_FOUND;gevonden;"Motorzaag / Benzine MS 310 3/8"" P Motorsäge";Motorzaag;Benzine;"MS 310 3/8"" P Motorsäge";MS 310;MY_STIHL;https://app.stihl.com/nl-nl/mystihl/tools/add/serial-number;authenticated MY STIHL UI lookup;OFFICIAL_WEB_LOOKUP;OFFICIAL_STIHL_LOOKUP;TRUE;FALSE;FALSE;FALSE;1;496;stihl_resultaten.csv
182700000;182700000;2026-09-26;OFFICIAL_EXACT_FOUND;gevonden;"Motorzaag / Benzine MS 361 3/8"" R Motorsäge";Motorzaag;Benzine;"MS 361 3/8"" R Motorsäge";MS 361;MY_STIHL;https://app.stihl.com/nl-nl/mystihl/tools/add/serial-number;authenticated MY STIHL UI lookup;OFFICIAL_WEB_LOOKUP;OFFICIAL_STIHL_LOOKUP;TRUE;FALSE;FALSE;FALSE;1;497;stihl_resultaten.csv
182750000;182750000;2026-09-26;OFFICIAL_EXACT_FOUND;gevonden;Bosmaaier / Benzine FS 460 C-EM Freischneider;Bosmaaier;Benzine;FS 460 C-EM Freischneider;FS 460 C-EM;MY_STIHL;https://app.stihl.com/nl-nl/mystihl/tools/add/serial-number;authenticated MY STIHL UI lookup;OFFICIAL_WEB_LOOKUP;OFFICIAL_STIHL_LOOKUP;TRUE;FALSE;FALSE;FALSE;1;498;stihl_resultaten.csv
182800000;182800000;2026-09-26;OFFICIAL_EXACT_FOUND;gevonden;Bosmaaier / Benzine FS 240 Freischneider;Bosmaaier;Benzine;FS 240 Freischneider;FS 240;MY_STIHL;https://app.stihl.com/nl-nl/mystihl/tools/add/serial-number;authenticated MY STIHL UI lookup;OFFICIAL_WEB_LOOKUP;OFFICIAL_STIHL_LOOKUP;TRUE;FALSE;FALSE;FALSE;1;499;stihl_resultaten.csv
182850000;182850000;2026-09-26;OFFICIAL_EXACT_FOUND;gevonden;"Motorzaag / Benzine MS 241 C-M 3/8""P P Motorsäge";Motorzaag;Benzine;"MS 241 C-M 3/8""P P Motorsäge";MS 241 C-M;MY_STIHL;https://app.stihl.com/nl-nl/mystihl/tools/add/serial-number;authenticated MY STIHL UI lookup;OFFICIAL_WEB_LOOKUP;OFFICIAL_STIHL_LOOKUP;TRUE;FALSE;FALSE;FALSE;1;500;stihl_resultaten.csv
182900000;182900000;2026-09-26;OFFICIAL_EXACT_FOUND;gevonden;Doorslijpmachine / Benzine TS 420;Doorslijpmachine;Benzine;TS 420;TS 420;MY_STIHL;https://app.stihl.com/nl-nl/mystihl/tools/add/serial-number;authenticated MY STIHL UI lookup;OFFICIAL_WEB_LOOKUP;OFFICIAL_STIHL_LOOKUP;TRUE;FALSE;FALSE;FALSE;1;501;stihl_resultaten.csv
182950000;182950000;2026-09-26;OFFICIAL_EXACT_FOUND;gevonden;"Motorzaag / Benzine MS 231 3/8""P P Motorsäge";Motorzaag;Benzine;"MS 231 3/8""P P Motorsäge";MS 231;MY_STIHL;https://app.stihl.com/nl-nl/mystihl/tools/add/serial-number;authenticated MY STIHL UI lookup;OFFICIAL_WEB_LOOKUP;OFFICIAL_STIHL_LOOKUP;TRUE;FALSE;FALSE;FALSE;1;502;stihl_resultaten.csv
183000000;183000000;2026-09-26;OFFICIAL_EXACT_FOUND;gevonden;"Motorzaag / Benzine MS 251 3/8""P P Motorsäge";Motorzaag;Benzine;"MS 251 3/8""P P Motorsäge";MS 251;MY_STIHL;https://app.stihl.com/nl-nl/mystihl/tools/add/serial-number;authenticated MY STIHL UI lookup;OFFICIAL_WEB_LOOKUP;OFFICIAL_STIHL_LOOKUP;TRUE;FALSE;FALSE;FALSE;1;503;stihl_resultaten.csv
183050000;183050000;2026-09-26;OFFICIAL_EXACT_FOUND;gevonden;Doorslijpmachine / Benzine TS 700;Doorslijpmachine;Benzine;TS 700;TS 700;MY_STIHL;https://app.stihl.com/nl-nl/mystihl/tools/add/serial-number;authenticated MY STIHL UI lookup;OFFICIAL_WEB_LOOKUP;OFFICIAL_STIHL_LOOKUP;TRUE;FALSE;FALSE;FALSE;1;504;stihl_resultaten.csv
183100000;183100000;2026-09-26;OFFICIAL_EXACT_FOUND;gevonden;Bosmaaier / Benzine FS 460 C-EM Freischneider;Bosmaaier;Benzine;FS 460 C-EM Freischneider;FS 460 C-EM;MY_STIHL;https://app.stihl.com/nl-nl/mystihl/tools/add/serial-number;authenticated MY STIHL UI lookup;OFFICIAL_WEB_LOOKUP;OFFICIAL_STIHL_LOOKUP;TRUE;FALSE;FALSE;FALSE;1;505;stihl_resultaten.csv
183150000;183150000;2026-09-26;OFFICIAL_EXACT_FOUND;gevonden;Bosmaaier / Benzine FS 560 C-EM Freischneider;Bosmaaier;Benzine;FS 560 C-EM Freischneider;FS 560 C-EM;MY_STIHL;https://app.stihl.com/nl-nl/mystihl/tools/add/serial-number;authenticated MY STIHL UI lookup;OFFICIAL_WEB_LOOKUP;OFFICIAL_STIHL_LOOKUP;TRUE;FALSE;FALSE;FALSE;1;506;stihl_resultaten.csv
183200000;183200000;2026-09-26;OFFICIAL_EXACT_FOUND;gevonden;"Motorzaag / Benzine MS 310 3/8"" P Motorsäge";Motorzaag;Benzine;"MS 310 3/8"" P Motorsäge";MS 310;MY_STIHL;https://app.stihl.com/nl-nl/mystihl/tools/add/serial-number;authenticated MY STIHL UI lookup;OFFICIAL_WEB_LOOKUP;OFFICIAL_STIHL_LOOKUP;TRUE;FALSE;FALSE;FALSE;1;507;stihl_resultaten.csv
183250000;183250000;2026-09-26;OFFICIAL_EXACT_FOUND;gevonden;Doorslijpmachine / Benzine TS 420;Doorslijpmachine;Benzine;TS 420;TS 420;MY_STIHL;https://app.stihl.com/nl-nl/mystihl/tools/add/serial-number;authenticated MY STIHL UI lookup;OFFICIAL_WEB_LOOKUP;OFFICIAL_STIHL_LOOKUP;TRUE;FALSE;FALSE;FALSE;1;508;stihl_resultaten.csv
183300000;183300000;2026-09-26;OFFICIAL_EXACT_FOUND;gevonden;Bosmaaier / Benzine FS 460 C-EM Freischneider;Bosmaaier;Benzine;FS 460 C-EM Freischneider;FS 460 C-EM;MY_STIHL;https://app.stihl.com/nl-nl/mystihl/tools/add/serial-number;authenticated MY STIHL UI lookup;OFFICIAL_WEB_LOOKUP;OFFICIAL_STIHL_LOOKUP;TRUE;FALSE;FALSE;FALSE;1;509;stihl_resultaten.csv
183350000;183350000;2026-09-26;OFFICIAL_EXACT_FOUND;gevonden;"Motorzaag / Benzine MS 310 3/8"" P Motorsäge";Motorzaag;Benzine;"MS 310 3/8"" P Motorsäge";MS 310;MY_STIHL;https://app.stihl.com/nl-nl/mystihl/tools/add/serial-number;authenticated MY STIHL UI lookup;OFFICIAL_WEB_LOOKUP;OFFICIAL_STIHL_LOOKUP;TRUE;FALSE;FALSE;FALSE;1;510;stihl_resultaten.csv
183400000;183400000;2026-09-26;OFFICIAL_EXACT_FOUND;gevonden;Zuighakselaar / Benzine SH 56 C-E SaugHäcksler;Zuighakselaar;Benzine;SH 56 C-E SaugHäcksler;SH 56 C-E;MY_STIHL;https://app.stihl.com/nl-nl/mystihl/tools/add/serial-number;authenticated MY STIHL UI lookup;OFFICIAL_WEB_LOOKUP;OFFICIAL_STIHL_LOOKUP;TRUE;FALSE;FALSE;FALSE;1;511;stihl_resultaten.csv
183450000;183450000;2026-09-26;OFFICIAL_EXACT_FOUND;gevonden;"Motorzaag / Benzine MS 261 C-M .325"" R Motorsäge";Motorzaag;Benzine;"MS 261 C-M .325"" R Motorsäge";MS 261 C-M;MY_STIHL;https://app.stihl.com/nl-nl/mystihl/tools/add/serial-number;authenticated MY STIHL UI lookup;OFFICIAL_WEB_LOOKUP;OFFICIAL_STIHL_LOOKUP;TRUE;FALSE;FALSE;FALSE;1;512;stihl_resultaten.csv
183500000;183500000;2026-09-26;OFFICIAL_EXACT_FOUND;gevonden;"Motorzaag / Benzine MS 201 C-EM Z 3/8""P Motorsäge";Motorzaag;Benzine;"MS 201 C-EM Z 3/8""P Motorsäge";MS 201 C-EM;MY_STIHL;https://app.stihl.com/nl-nl/mystihl/tools/add/serial-number;authenticated MY STIHL UI lookup;OFFICIAL_WEB_LOOKUP;OFFICIAL_STIHL_LOOKUP;TRUE;FALSE;FALSE;FALSE;1;513;stihl_resultaten.csv
183550000;183550000;2026-09-26;OFFICIAL_EXACT_FOUND;gevonden;"Motorzaag / Benzine MS 362 3/8"" R Motorsäge";Motorzaag;Benzine;"MS 362 3/8"" R Motorsäge";MS 362;MY_STIHL;https://app.stihl.com/nl-nl/mystihl/tools/add/serial-number;authenticated MY STIHL UI lookup;OFFICIAL_WEB_LOOKUP;OFFICIAL_STIHL_LOOKUP;TRUE;FALSE;FALSE;FALSE;1;514;stihl_resultaten.csv
183600000;183600000;2026-09-26;OFFICIAL_EXACT_FOUND;gevonden;Bladblazer / Benzine BG 86;Bladblazer;Benzine;BG 86;BG 86;MY_STIHL;https://app.stihl.com/nl-nl/mystihl/tools/add/serial-number;authenticated MY STIHL UI lookup;OFFICIAL_WEB_LOOKUP;OFFICIAL_STIHL_LOOKUP;TRUE;FALSE;FALSE;FALSE;1;515;stihl_resultaten.csv
183650000;183650000;2026-09-26;OFFICIAL_EXACT_FOUND;gevonden;"Doorslijpmachine / Benzine TS 800 Trennschleifer, 400mm/16""";Doorslijpmachine;Benzine;"TS 800 Trennschleifer, 400mm/16""";TS 800;MY_STIHL;https://app.stihl.com/nl-nl/mystihl/tools/add/serial-number;authenticated MY STIHL UI lookup;OFFICIAL_WEB_LOOKUP;OFFICIAL_STIHL_LOOKUP;TRUE;FALSE;FALSE;FALSE;1;516;stihl_resultaten.csv
183700000;183700000;2026-09-26;OFFICIAL_EXACT_FOUND;gevonden;"Motorzaag / Benzine MS 261 C-M .325"" R Motorsäge";Motorzaag;Benzine;"MS 261 C-M .325"" R Motorsäge";MS 261 C-M;MY_STIHL;https://app.stihl.com/nl-nl/mystihl/tools/add/serial-number;authenticated MY STIHL UI lookup;OFFICIAL_WEB_LOOKUP;OFFICIAL_STIHL_LOOKUP;TRUE;FALSE;FALSE;FALSE;1;517;stihl_resultaten.csv
183750000;183750000;2026-09-26;OFFICIAL_EXACT_FOUND;gevonden;"Doorslijpmachine / Benzine TS 800 Trennschleifer, 400mm/16""";Doorslijpmachine;Benzine;"TS 800 Trennschleifer, 400mm/16""";TS 800;MY_STIHL;https://app.stihl.com/nl-nl/mystihl/tools/add/serial-number;authenticated MY STIHL UI lookup;OFFICIAL_WEB_LOOKUP;OFFICIAL_STIHL_LOOKUP;TRUE;FALSE;FALSE;FALSE;1;518;stihl_resultaten.csv
183800000;183800000;2026-09-26;OFFICIAL_EXACT_FOUND;gevonden;"Motorzaag / Benzine MS 661 C-M 3/8"" R Motorsäge";Motorzaag;Benzine;"MS 661 C-M 3/8"" R Motorsäge";MS 661 C-M;MY_STIHL;https://app.stihl.com/nl-nl/mystihl/tools/add/serial-number;authenticated MY STIHL UI lookup;OFFICIAL_WEB_LOOKUP;OFFICIAL_STIHL_LOOKUP;TRUE;FALSE;FALSE;FALSE;1;519;stihl_resultaten.csv
183850000;183850000;2026-09-26;OFFICIAL_EXACT_FOUND;gevonden;Doorslijpmachine / Benzine TS 420;Doorslijpmachine;Benzine;TS 420;TS 420;MY_STIHL;https://app.stihl.com/nl-nl/mystihl/tools/add/serial-number;authenticated MY STIHL UI lookup;OFFICIAL_WEB_LOOKUP;OFFICIAL_STIHL_LOOKUP;TRUE;FALSE;FALSE;FALSE;1;520;stihl_resultaten.csv
183900000;183900000;2026-09-26;OFFICIAL_EXACT_FOUND;gevonden;Zuighakselaar / Benzine SH 86;Zuighakselaar;Benzine;SH 86;SH 86;MY_STIHL;https://app.stihl.com/nl-nl/mystihl/tools/add/serial-number;authenticated MY STIHL UI lookup;OFFICIAL_WEB_LOOKUP;OFFICIAL_STIHL_LOOKUP;TRUE;FALSE;FALSE;FALSE;1;521;stihl_resultaten.csv
183950000;183950000;2026-09-26;OFFICIAL_EXACT_FOUND;gevonden;"Motorzaag / Benzine MS 361, 3/8""";Motorzaag;Benzine;"MS 361, 3/8""";MS 361;MY_STIHL;https://app.stihl.com/nl-nl/mystihl/tools/add/serial-number;authenticated MY STIHL UI lookup;OFFICIAL_WEB_LOOKUP;OFFICIAL_STIHL_LOOKUP;TRUE;FALSE;FALSE;FALSE;1;522;stihl_resultaten.csv
184000000;184000000;2026-09-26;OFFICIAL_EXACT_FOUND;gevonden;Zuighakselaar / Benzine SH 86;Zuighakselaar;Benzine;SH 86;SH 86;MY_STIHL;https://app.stihl.com/nl-nl/mystihl/tools/add/serial-number;authenticated MY STIHL UI lookup;OFFICIAL_WEB_LOOKUP;OFFICIAL_STIHL_LOOKUP;TRUE;FALSE;FALSE;FALSE;1;523;stihl_resultaten.csv
184050000;184050000;2026-09-26;OFFICIAL_EXACT_FOUND;gevonden;Bladblazer / Benzine BG 86 C-E Blasgerät;Bladblazer;Benzine;BG 86 C-E Blasgerät;BG 86 C-E;MY_STIHL;https://app.stihl.com/nl-nl/mystihl/tools/add/serial-number;authenticated MY STIHL UI lookup;OFFICIAL_WEB_LOOKUP;OFFICIAL_STIHL_LOOKUP;TRUE;FALSE;FALSE;FALSE;1;524;stihl_resultaten.csv
184100000;184100000;2026-09-26;OFFICIAL_EXACT_FOUND;gevonden;"Motorzaag / Benzine MS 361 3/8"" R Motorsäge";Motorzaag;Benzine;"MS 361 3/8"" R Motorsäge";MS 361;MY_STIHL;https://app.stihl.com/nl-nl/mystihl/tools/add/serial-number;authenticated MY STIHL UI lookup;OFFICIAL_WEB_LOOKUP;OFFICIAL_STIHL_LOOKUP;TRUE;FALSE;FALSE;FALSE;1;525;stihl_resultaten.csv
184150000;184150000;2026-09-26;OFFICIAL_EXACT_FOUND;gevonden;"Motorzaag / Benzine MS 150 TC-E Z 1/4""P SPUR Motorsäge";Motorzaag;Benzine;"MS 150 TC-E Z 1/4""P SPUR Motorsäge";MS 150 TC-E;MY_STIHL;https://app.stihl.com/nl-nl/mystihl/tools/add/serial-number;authenticated MY STIHL UI lookup;OFFICIAL_WEB_LOOKUP;OFFICIAL_STIHL_LOOKUP;TRUE;FALSE;FALSE;FALSE;1;526;stihl_resultaten.csv
184200000;184200000;2026-09-26;OFFICIAL_EXACT_FOUND;gevonden;Bosmaaier / Benzine FS 460 C-EM Freischneider;Bosmaaier;Benzine;FS 460 C-EM Freischneider;FS 460 C-EM;MY_STIHL;https://app.stihl.com/nl-nl/mystihl/tools/add/serial-number;authenticated MY STIHL UI lookup;OFFICIAL_WEB_LOOKUP;OFFICIAL_STIHL_LOOKUP;TRUE;FALSE;FALSE;FALSE;1;527;stihl_resultaten.csv
184250000;184250000;2026-09-26;OFFICIAL_EXACT_FOUND;gevonden;"Motorzaag / Benzine MS 261 C-M .325"" R Motorsäge";Motorzaag;Benzine;"MS 261 C-M .325"" R Motorsäge";MS 261 C-M;MY_STIHL;https://app.stihl.com/nl-nl/mystihl/tools/add/serial-number;authenticated MY STIHL UI lookup;OFFICIAL_WEB_LOOKUP;OFFICIAL_STIHL_LOOKUP;TRUE;FALSE;FALSE;FALSE;1;528;stihl_resultaten.csv
184300000;184300000;2026-09-26;OFFICIAL_EXACT_FOUND;gevonden;Bladblazer / Benzine BG 86;Bladblazer;Benzine;BG 86;BG 86;MY_STIHL;https://app.stihl.com/nl-nl/mystihl/tools/add/serial-number;authenticated MY STIHL UI lookup;OFFICIAL_WEB_LOOKUP;OFFICIAL_STIHL_LOOKUP;TRUE;FALSE;FALSE;FALSE;1;529;stihl_resultaten.csv
184350000;184350000;2026-09-26;OFFICIAL_EXACT_FOUND;gevonden;"Motorzaag / Benzine MS 271 .325"" P Motorsäge";Motorzaag;Benzine;"MS 271 .325"" P Motorsäge";MS 271;MY_STIHL;https://app.stihl.com/nl-nl/mystihl/tools/add/serial-number;authenticated MY STIHL UI lookup;OFFICIAL_WEB_LOOKUP;OFFICIAL_STIHL_LOOKUP;TRUE;FALSE;FALSE;FALSE;1;530;stihl_resultaten.csv
184400000;184400000;2026-09-26;OFFICIAL_EXACT_FOUND;gevonden;Zuighakselaar / Benzine SH 86;Zuighakselaar;Benzine;SH 86;SH 86;MY_STIHL;https://app.stihl.com/nl-nl/mystihl/tools/add/serial-number;authenticated MY STIHL UI lookup;OFFICIAL_WEB_LOOKUP;OFFICIAL_STIHL_LOOKUP;TRUE;FALSE;FALSE;FALSE;1;531;stihl_resultaten.csv
184450000;184450000;2026-09-26;OFFICIAL_EXACT_FOUND;gevonden;Bladblazer / Benzine BG 86 C-E Blasgerät;Bladblazer;Benzine;BG 86 C-E Blasgerät;BG 86 C-E;MY_STIHL;https://app.stihl.com/nl-nl/mystihl/tools/add/serial-number;authenticated MY STIHL UI lookup;OFFICIAL_WEB_LOOKUP;OFFICIAL_STIHL_LOOKUP;TRUE;FALSE;FALSE;FALSE;1;532;stihl_resultaten.csv
184500000;184500000;2026-09-26;OFFICIAL_EXACT_FOUND;gevonden;"Motorzaag / Benzine MS 201 C-M 3/8""P P Motorsäge";Motorzaag;Benzine;"MS 201 C-M 3/8""P P Motorsäge";MS 201 C-M;MY_STIHL;https://app.stihl.com/nl-nl/mystihl/tools/add/serial-number;authenticated MY STIHL UI lookup;OFFICIAL_WEB_LOOKUP;OFFICIAL_STIHL_LOOKUP;TRUE;FALSE;FALSE;FALSE;1;533;stihl_resultaten.csv
184550000;184550000;2026-09-26;OFFICIAL_EXACT_FOUND;gevonden;Bladblazer / Benzine BG 86;Bladblazer;Benzine;BG 86;BG 86;MY_STIHL;https://app.stihl.com/nl-nl/mystihl/tools/add/serial-number;authenticated MY STIHL UI lookup;OFFICIAL_WEB_LOOKUP;OFFICIAL_STIHL_LOOKUP;TRUE;FALSE;FALSE;FALSE;1;534;stihl_resultaten.csv
184600000;184600000;2026-09-26;OFFICIAL_EXACT_FOUND;gevonden;"Motorzaag / Benzine MS 201 TC-M 3/8""P P Motorsäge";Motorzaag;Benzine;"MS 201 TC-M 3/8""P P Motorsäge";MS 201 TC-M;MY_STIHL;https://app.stihl.com/nl-nl/mystihl/tools/add/serial-number;authenticated MY STIHL UI lookup;OFFICIAL_WEB_LOOKUP;OFFICIAL_STIHL_LOOKUP;TRUE;FALSE;FALSE;FALSE;1;535;stihl_resultaten.csv
184650000;184650000;2026-09-26;OFFICIAL_EXACT_FOUND;gevonden;"Motorzaag / Benzine MS 251, .325""";Motorzaag;Benzine;"MS 251, .325""";MS 251;MY_STIHL;https://app.stihl.com/nl-nl/mystihl/tools/add/serial-number;authenticated MY STIHL UI lookup;OFFICIAL_WEB_LOOKUP;OFFICIAL_STIHL_LOOKUP;TRUE;FALSE;FALSE;FALSE;1;536;stihl_resultaten.csv
184700000;184700000;2026-09-26;OFFICIAL_EXACT_FOUND;gevonden;Zuighakselaar / Benzine SH 86 C-E SaugHäcksler;Zuighakselaar;Benzine;SH 86 C-E SaugHäcksler;SH 86 C-E;MY_STIHL;https://app.stihl.com/nl-nl/mystihl/tools/add/serial-number;authenticated MY STIHL UI lookup;OFFICIAL_WEB_LOOKUP;OFFICIAL_STIHL_LOOKUP;TRUE;FALSE;FALSE;FALSE;1;537;stihl_resultaten.csv
184750000;184750000;2026-09-26;OFFICIAL_EXACT_FOUND;gevonden;"Heggenschaar / Benzine HS 82 R, Schnittlänge 60 cm/30""";Heggenschaar;Benzine;"HS 82 R, Schnittlänge 60 cm/30""";HS 82 R;MY_STIHL;https://app.stihl.com/nl-nl/mystihl/tools/add/serial-number;authenticated MY STIHL UI lookup;OFFICIAL_WEB_LOOKUP;OFFICIAL_STIHL_LOOKUP;TRUE;FALSE;FALSE;FALSE;1;538;stihl_resultaten.csv
184800000;184800000;2026-09-26;OFFICIAL_EXACT_FOUND;gevonden;Bladblazer / Benzine BG 86;Bladblazer;Benzine;BG 86;BG 86;MY_STIHL;https://app.stihl.com/nl-nl/mystihl/tools/add/serial-number;authenticated MY STIHL UI lookup;OFFICIAL_WEB_LOOKUP;OFFICIAL_STIHL_LOOKUP;TRUE;FALSE;FALSE;FALSE;1;539;stihl_resultaten.csv
184850000;184850000;2026-09-26;OFFICIAL_EXACT_FOUND;gevonden;Bosmaaier / Benzine FR 450 Motorsense rückentragbar;Bosmaaier;Benzine;FR 450 Motorsense rückentragbar;FR 450;MY_STIHL;https://app.stihl.com/nl-nl/mystihl/tools/add/serial-number;authenticated MY STIHL UI lookup;OFFICIAL_WEB_LOOKUP;OFFICIAL_STIHL_LOOKUP;TRUE;FALSE;FALSE;FALSE;1;540;stihl_resultaten.csv
184900000;184900000;2026-09-26;OFFICIAL_EXACT_FOUND;gevonden;"Motorzaag / Benzine MS 311, 3/8""";Motorzaag;Benzine;"MS 311, 3/8""";MS 311;MY_STIHL;https://app.stihl.com/nl-nl/mystihl/tools/add/serial-number;authenticated MY STIHL UI lookup;OFFICIAL_WEB_LOOKUP;OFFICIAL_STIHL_LOOKUP;TRUE;FALSE;FALSE;FALSE;1;541;stihl_resultaten.csv
184950000;184950000;2026-09-26;OFFICIAL_EXACT_FOUND;gevonden;"Motorzaag / Benzine MS 201 TC-M Z 3/8""P Motorsäge";Motorzaag;Benzine;"MS 201 TC-M Z 3/8""P Motorsäge";MS 201 TC-M;MY_STIHL;https://app.stihl.com/nl-nl/mystihl/tools/add/serial-number;authenticated MY STIHL UI lookup;OFFICIAL_WEB_LOOKUP;OFFICIAL_STIHL_LOOKUP;TRUE;FALSE;FALSE;FALSE;1;542;stihl_resultaten.csv
185000000;185000000;2026-09-26;OFFICIAL_EXACT_FOUND;gevonden;"Motorzaag / Elektrisch MSE 230 C-BQ 3/8""P P Elektro-Motorsäge";Motorzaag;Elektrisch;"MSE 230 C-BQ 3/8""P P Elektro-Motorsäge";MSE 230 C-BQ;MY_STIHL;https://app.stihl.com/nl-nl/mystihl/tools/add/serial-number;authenticated MY STIHL UI lookup;OFFICIAL_WEB_LOOKUP;OFFICIAL_STIHL_LOOKUP;TRUE;FALSE;FALSE;FALSE;1;543;stihl_resultaten.csv
185050000;185050000;2026-09-26;OFFICIAL_EXACT_FOUND;gevonden;"Motorzaag / Benzine MS 361, 3/8""";Motorzaag;Benzine;"MS 361, 3/8""";MS 361;MY_STIHL;https://app.stihl.com/nl-nl/mystihl/tools/add/serial-number;authenticated MY STIHL UI lookup;OFFICIAL_WEB_LOOKUP;OFFICIAL_STIHL_LOOKUP;TRUE;FALSE;FALSE;FALSE;1;544;stihl_resultaten.csv
185100000;185100000;2026-09-26;OFFICIAL_EXACT_FOUND;gevonden;"Motorzaag / Benzine MS 461-Z 3/8"" Motorsäge";Motorzaag;Benzine;"MS 461-Z 3/8"" Motorsäge";MS 461;MY_STIHL;https://app.stihl.com/nl-nl/mystihl/tools/add/serial-number;authenticated MY STIHL UI lookup;OFFICIAL_WEB_LOOKUP;OFFICIAL_STIHL_LOOKUP;TRUE;FALSE;FALSE;FALSE;1;545;stihl_resultaten.csv
185150000;185150000;2026-09-26;OFFICIAL_EXACT_FOUND;gevonden;Zuighakselaar / Benzine SH 56;Zuighakselaar;Benzine;SH 56;SH 56;MY_STIHL;https://app.stihl.com/nl-nl/mystihl/tools/add/serial-number;authenticated MY STIHL UI lookup;OFFICIAL_WEB_LOOKUP;OFFICIAL_STIHL_LOOKUP;TRUE;FALSE;FALSE;FALSE;1;546;stihl_resultaten.csv
185200000;185200000;2026-09-26;OFFICIAL_EXACT_FOUND;gevonden;"Motorzaag / Benzine MS 462 C-M 3/8"" R";Motorzaag;Benzine;"MS 462 C-M 3/8"" R";MS 462 C-M;MY_STIHL;https://app.stihl.com/nl-nl/mystihl/tools/add/serial-number;authenticated MY STIHL UI lookup;OFFICIAL_WEB_LOOKUP;OFFICIAL_STIHL_LOOKUP;TRUE;FALSE;FALSE;FALSE;1;547;stihl_resultaten.csv
185250000;185250000;2026-09-26;OFFICIAL_EXACT_FOUND;gevonden;Bladblazer / Benzine BG 56 C-E Blasgerät;Bladblazer;Benzine;BG 56 C-E Blasgerät;BG 56 C-E;MY_STIHL;https://app.stihl.com/nl-nl/mystihl/tools/add/serial-number;authenticated MY STIHL UI lookup;OFFICIAL_WEB_LOOKUP;OFFICIAL_STIHL_LOOKUP;TRUE;FALSE;FALSE;FALSE;1;548;stihl_resultaten.csv
185300000;185300000;2026-09-26;OFFICIAL_EXACT_FOUND;gevonden;"Motorzaag / Benzine MS 362 C-M 3/8""";Motorzaag;Benzine;"MS 362 C-M 3/8""";MS 362 C-M;MY_STIHL;https://app.stihl.com/nl-nl/mystihl/tools/add/serial-number;authenticated MY STIHL UI lookup;OFFICIAL_WEB_LOOKUP;OFFICIAL_STIHL_LOOKUP;TRUE;FALSE;FALSE;FALSE;1;549;stihl_resultaten.csv
185350000;185350000;2026-09-26;OFFICIAL_EXACT_FOUND;gevonden;"Motorzaag / Benzine MS 251 C-BE Z .325"" SPUR WoodBoss";Motorzaag;Benzine;"MS 251 C-BE Z .325"" SPUR WoodBoss";MS 251 C-BE;MY_STIHL;https://app.stihl.com/nl-nl/mystihl/tools/add/serial-number;authenticated MY STIHL UI lookup;OFFICIAL_WEB_LOOKUP;OFFICIAL_STIHL_LOOKUP;TRUE;FALSE;FALSE;FALSE;1;550;stihl_resultaten.csv
185400000;185400000;2026-09-26;OFFICIAL_EXACT_FOUND;gevonden;"Doorslijpmachine / Benzine TS 410 Trennschleifer, 300mm/12""";Doorslijpmachine;Benzine;"TS 410 Trennschleifer, 300mm/12""";TS 410;MY_STIHL;https://app.stihl.com/nl-nl/mystihl/tools/add/serial-number;authenticated MY STIHL UI lookup;OFFICIAL_WEB_LOOKUP;OFFICIAL_STIHL_LOOKUP;TRUE;FALSE;FALSE;FALSE;1;551;stihl_resultaten.csv
185450000;185450000;2026-09-26;OFFICIAL_EXACT_FOUND;gevonden;Bosmaaier / Benzine FS 460 C-EM Freischneider;Bosmaaier;Benzine;FS 460 C-EM Freischneider;FS 460 C-EM;MY_STIHL;https://app.stihl.com/nl-nl/mystihl/tools/add/serial-number;authenticated MY STIHL UI lookup;OFFICIAL_WEB_LOOKUP;OFFICIAL_STIHL_LOOKUP;TRUE;FALSE;FALSE;FALSE;1;552;stihl_resultaten.csv
185500000;185500000;2026-09-26;OFFICIAL_EXACT_FOUND;gevonden;"Motorzaag / Benzine MS 660 .404"" R Magnum Motorsäge";Motorzaag;Benzine;"MS 660 .404"" R Magnum Motorsäge";MS 660;MY_STIHL;https://app.stihl.com/nl-nl/mystihl/tools/add/serial-number;authenticated MY STIHL UI lookup;OFFICIAL_WEB_LOOKUP;OFFICIAL_STIHL_LOOKUP;TRUE;FALSE;FALSE;FALSE;1;553;stihl_resultaten.csv
185550000;185550000;2026-09-26;OFFICIAL_EXACT_FOUND;gevonden;Bosmaaier / Benzine FS 560 C-EM Freischneider;Bosmaaier;Benzine;FS 560 C-EM Freischneider;FS 560 C-EM;MY_STIHL;https://app.stihl.com/nl-nl/mystihl/tools/add/serial-number;authenticated MY STIHL UI lookup;OFFICIAL_WEB_LOOKUP;OFFICIAL_STIHL_LOOKUP;TRUE;FALSE;FALSE;FALSE;1;554;stihl_resultaten.csv
185600000;185600000;2026-09-26;OFFICIAL_EXACT_FOUND;gevonden;"Motorzaag / Benzine MS 461-Z 3/8"" RIM Magnum Motorsäge";Motorzaag;Benzine;"MS 461-Z 3/8"" RIM Magnum Motorsäge";MS 461;MY_STIHL;https://app.stihl.com/nl-nl/mystihl/tools/add/serial-number;authenticated MY STIHL UI lookup;OFFICIAL_WEB_LOOKUP;OFFICIAL_STIHL_LOOKUP;TRUE;FALSE;FALSE;FALSE;1;555;stihl_resultaten.csv
185650000;185650000;2026-09-26;OFFICIAL_EXACT_FOUND;gevonden;"Heggenschaar / Benzine HS 87 R, Heckenschere, 750mm/30""";Heggenschaar;Benzine;"HS 87 R, Heckenschere, 750mm/30""";HS 87 R;MY_STIHL;https://app.stihl.com/nl-nl/mystihl/tools/add/serial-number;authenticated MY STIHL UI lookup;OFFICIAL_WEB_LOOKUP;OFFICIAL_STIHL_LOOKUP;TRUE;FALSE;FALSE;FALSE;1;556;stihl_resultaten.csv
185700000;185700000;2026-09-26;OFFICIAL_EXACT_FOUND;gevonden;Zuighakselaar / Benzine SH 86;Zuighakselaar;Benzine;SH 86;SH 86;MY_STIHL;https://app.stihl.com/nl-nl/mystihl/tools/add/serial-number;authenticated MY STIHL UI lookup;OFFICIAL_WEB_LOOKUP;OFFICIAL_STIHL_LOOKUP;TRUE;FALSE;FALSE;FALSE;1;557;stihl_resultaten.csv
185750000;185750000;2026-09-26;OFFICIAL_EXACT_FOUND;gevonden;"Motorzaag / Elektrisch MSE 190 C-Q 3/8""P P Elektro-Motorsäge";Motorzaag;Elektrisch;"MSE 190 C-Q 3/8""P P Elektro-Motorsäge";MSE 190 C-Q;MY_STIHL;https://app.stihl.com/nl-nl/mystihl/tools/add/serial-number;authenticated MY STIHL UI lookup;OFFICIAL_WEB_LOOKUP;OFFICIAL_STIHL_LOOKUP;TRUE;FALSE;FALSE;FALSE;1;558;stihl_resultaten.csv
185800000;185800000;2026-09-26;OFFICIAL_EXACT_FOUND;gevonden;"Motorzaag / Benzine MS 311, 3/8""";Motorzaag;Benzine;"MS 311, 3/8""";MS 311;MY_STIHL;https://app.stihl.com/nl-nl/mystihl/tools/add/serial-number;authenticated MY STIHL UI lookup;OFFICIAL_WEB_LOOKUP;OFFICIAL_STIHL_LOOKUP;TRUE;FALSE;FALSE;FALSE;1;559;stihl_resultaten.csv
185850000;185850000;2026-09-26;OFFICIAL_EXACT_FOUND;gevonden;"Motorzaag / Benzine MS 362 3/8"" Motorsäge";Motorzaag;Benzine;"MS 362 3/8"" Motorsäge";MS 362;MY_STIHL;https://app.stihl.com/nl-nl/mystihl/tools/add/serial-number;authenticated MY STIHL UI lookup;OFFICIAL_WEB_LOOKUP;OFFICIAL_STIHL_LOOKUP;TRUE;FALSE;FALSE;FALSE;1;560;stihl_resultaten.csv
185900000;185900000;2026-09-26;OFFICIAL_EXACT_FOUND;gevonden;"Motorzaag / Benzine MS 271 .325"" P Motorsäge";Motorzaag;Benzine;"MS 271 .325"" P Motorsäge";MS 271;MY_STIHL;https://app.stihl.com/nl-nl/mystihl/tools/add/serial-number;authenticated MY STIHL UI lookup;OFFICIAL_WEB_LOOKUP;OFFICIAL_STIHL_LOOKUP;TRUE;FALSE;FALSE;FALSE;1;561;stihl_resultaten.csv
185950000;185950000;2026-09-26;OFFICIAL_EXACT_FOUND;gevonden;"Motorzaag / Benzine MS 150 TC-E 1/4""P P Motorsäge";Motorzaag;Benzine;"MS 150 TC-E 1/4""P P Motorsäge";MS 150 TC-E;MY_STIHL;https://app.stihl.com/nl-nl/mystihl/tools/add/serial-number;authenticated MY STIHL UI lookup;OFFICIAL_WEB_LOOKUP;OFFICIAL_STIHL_LOOKUP;TRUE;FALSE;FALSE;FALSE;1;562;stihl_resultaten.csv
186000000;186000000;2026-09-26;OFFICIAL_EXACT_FOUND;gevonden;"Motorzaag / Benzine MS 362 C-M 3/8""";Motorzaag;Benzine;"MS 362 C-M 3/8""";MS 362 C-M;MY_STIHL;https://app.stihl.com/nl-nl/mystihl/tools/add/serial-number;authenticated MY STIHL UI lookup;OFFICIAL_WEB_LOOKUP;OFFICIAL_STIHL_LOOKUP;TRUE;FALSE;FALSE;FALSE;1;563;stihl_resultaten.csv
186050000;186050000;2026-09-26;OFFICIAL_EXACT_FOUND;gevonden;"Motorzaag / Benzine MS 391, 3/8""";Motorzaag;Benzine;"MS 391, 3/8""";MS 391;MY_STIHL;https://app.stihl.com/nl-nl/mystihl/tools/add/serial-number;authenticated MY STIHL UI lookup;OFFICIAL_WEB_LOOKUP;OFFICIAL_STIHL_LOOKUP;TRUE;FALSE;FALSE;FALSE;1;564;stihl_resultaten.csv
186100000;186100000;2026-09-26;OFFICIAL_EXACT_FOUND;gevonden;"Motorzaag / Benzine MS 231 3/8""P P Motorsäge";Motorzaag;Benzine;"MS 231 3/8""P P Motorsäge";MS 231;MY_STIHL;https://app.stihl.com/nl-nl/mystihl/tools/add/serial-number;authenticated MY STIHL UI lookup;OFFICIAL_WEB_LOOKUP;OFFICIAL_STIHL_LOOKUP;TRUE;FALSE;FALSE;FALSE;1;565;stihl_resultaten.csv
186150000;186150000;2026-09-26;OFFICIAL_EXACT_FOUND;gevonden;Bosmaaier / Benzine FS 410 C-EM Freischneider;Bosmaaier;Benzine;FS 410 C-EM Freischneider;FS 410 C-EM;MY_STIHL;https://app.stihl.com/nl-nl/mystihl/tools/add/serial-number;authenticated MY STIHL UI lookup;OFFICIAL_WEB_LOOKUP;OFFICIAL_STIHL_LOOKUP;TRUE;FALSE;FALSE;FALSE;1;566;stihl_resultaten.csv
186200000;186200000;2026-09-26;OFFICIAL_EXACT_FOUND;gevonden;Bladblazer / Benzine BG 86;Bladblazer;Benzine;BG 86;BG 86;MY_STIHL;https://app.stihl.com/nl-nl/mystihl/tools/add/serial-number;authenticated MY STIHL UI lookup;OFFICIAL_WEB_LOOKUP;OFFICIAL_STIHL_LOOKUP;TRUE;FALSE;FALSE;FALSE;1;567;stihl_resultaten.csv
186250000;186250000;2026-09-26;OFFICIAL_EXACT_FOUND;gevonden;Zuighakselaar / Benzine SH 56 C-E SaugHäcksler;Zuighakselaar;Benzine;SH 56 C-E SaugHäcksler;SH 56 C-E;MY_STIHL;https://app.stihl.com/nl-nl/mystihl/tools/add/serial-number;authenticated MY STIHL UI lookup;OFFICIAL_WEB_LOOKUP;OFFICIAL_STIHL_LOOKUP;TRUE;FALSE;FALSE;FALSE;1;568;stihl_resultaten.csv
186300000;186300000;2026-09-26;OFFICIAL_EXACT_FOUND;gevonden;"Motorzaag / Benzine MS 362 C-M 3/8""";Motorzaag;Benzine;"MS 362 C-M 3/8""";MS 362 C-M;MY_STIHL;https://app.stihl.com/nl-nl/mystihl/tools/add/serial-number;authenticated MY STIHL UI lookup;OFFICIAL_WEB_LOOKUP;OFFICIAL_STIHL_LOOKUP;TRUE;FALSE;FALSE;FALSE;1;569;stihl_resultaten.csv
186350000;186350000;2026-09-26;OFFICIAL_EXACT_FOUND;gevonden;"Motorzaag / Benzine MS 251, .325""";Motorzaag;Benzine;"MS 251, .325""";MS 251;MY_STIHL;https://app.stihl.com/nl-nl/mystihl/tools/add/serial-number;authenticated MY STIHL UI lookup;OFFICIAL_WEB_LOOKUP;OFFICIAL_STIHL_LOOKUP;TRUE;FALSE;FALSE;FALSE;1;570;stihl_resultaten.csv
186400000;186400000;2026-09-26;OFFICIAL_EXACT_FOUND;gevonden;Doorslijpmachine / Benzine TS 700;Doorslijpmachine;Benzine;TS 700;TS 700;MY_STIHL;https://app.stihl.com/nl-nl/mystihl/tools/add/serial-number;authenticated MY STIHL UI lookup;OFFICIAL_WEB_LOOKUP;OFFICIAL_STIHL_LOOKUP;TRUE;FALSE;FALSE;FALSE;1;571;stihl_resultaten.csv
186450000;186450000;2026-09-26;OFFICIAL_EXACT_FOUND;gevonden;"Heggenschaar / Benzine HS 82 R, Schnittlänge 60cm/24""";Heggenschaar;Benzine;"HS 82 R, Schnittlänge 60cm/24""";HS 82 R;MY_STIHL;https://app.stihl.com/nl-nl/mystihl/tools/add/serial-number;authenticated MY STIHL UI lookup;OFFICIAL_WEB_LOOKUP;OFFICIAL_STIHL_LOOKUP;TRUE;FALSE;FALSE;FALSE;1;572;stihl_resultaten.csv
186500000;186500000;2026-09-26;OFFICIAL_EXACT_FOUND;gevonden;"Heggenschaar / Benzine HS 87 T, Schnittlänge 75cm/30""";Heggenschaar;Benzine;"HS 87 T, Schnittlänge 75cm/30""";HS 87 T;MY_STIHL;https://app.stihl.com/nl-nl/mystihl/tools/add/serial-number;authenticated MY STIHL UI lookup;OFFICIAL_WEB_LOOKUP;OFFICIAL_STIHL_LOOKUP;TRUE;FALSE;FALSE;FALSE;1;573;stihl_resultaten.csv
186550000;186550000;2026-09-26;OFFICIAL_EXACT_FOUND;gevonden;"Heggenschaar / Benzine HS 82 T, Schnittlänge 60cm/24""";Heggenschaar;Benzine;"HS 82 T, Schnittlänge 60cm/24""";HS 82 T;MY_STIHL;https://app.stihl.com/nl-nl/mystihl/tools/add/serial-number;authenticated MY STIHL UI lookup;OFFICIAL_WEB_LOOKUP;OFFICIAL_STIHL_LOOKUP;TRUE;FALSE;FALSE;FALSE;1;574;stihl_resultaten.csv
186600000;186600000;2026-09-26;OFFICIAL_EXACT_FOUND;gevonden;Doorslijpmachine / Benzine TS 420;Doorslijpmachine;Benzine;TS 420;TS 420;MY_STIHL;https://app.stihl.com/nl-nl/mystihl/tools/add/serial-number;authenticated MY STIHL UI lookup;OFFICIAL_WEB_LOOKUP;OFFICIAL_STIHL_LOOKUP;TRUE;FALSE;FALSE;FALSE;1;575;stihl_resultaten.csv
186650000;186650000;2026-09-26;OFFICIAL_EXACT_FOUND;gevonden;"Motorzaag / Benzine MS 310 3/8"" P Motorsäge";Motorzaag;Benzine;"MS 310 3/8"" P Motorsäge";MS 310;MY_STIHL;https://app.stihl.com/nl-nl/mystihl/tools/add/serial-number;authenticated MY STIHL UI lookup;OFFICIAL_WEB_LOOKUP;OFFICIAL_STIHL_LOOKUP;TRUE;FALSE;FALSE;FALSE;1;576;stihl_resultaten.csv
186700000;186700000;2026-09-26;OFFICIAL_EXACT_FOUND;gevonden;Zuighakselaar / Benzine SH 86;Zuighakselaar;Benzine;SH 86;SH 86;MY_STIHL;https://app.stihl.com/nl-nl/mystihl/tools/add/serial-number;authenticated MY STIHL UI lookup;OFFICIAL_WEB_LOOKUP;OFFICIAL_STIHL_LOOKUP;TRUE;FALSE;FALSE;FALSE;1;577;stihl_resultaten.csv
186750000;186750000;2026-09-26;OFFICIAL_EXACT_FOUND;gevonden;"Motorzaag / Benzine MS 251 C-BE, .325""";Motorzaag;Benzine;"MS 251 C-BE, .325""";MS 251 C-BE;MY_STIHL;https://app.stihl.com/nl-nl/mystihl/tools/add/serial-number;authenticated MY STIHL UI lookup;OFFICIAL_WEB_LOOKUP;OFFICIAL_STIHL_LOOKUP;TRUE;FALSE;FALSE;FALSE;1;578;stihl_resultaten.csv
186800000;186800000;2026-09-26;OFFICIAL_EXACT_FOUND;gevonden;Heggenschaar / Benzine HS 82 T, 60 cm;Heggenschaar;Benzine;HS 82 T, 60 cm;HS 82 T;MY_STIHL;https://app.stihl.com/nl-nl/mystihl/tools/add/serial-number;authenticated MY STIHL UI lookup;OFFICIAL_WEB_LOOKUP;OFFICIAL_STIHL_LOOKUP;TRUE;FALSE;FALSE;FALSE;1;579;stihl_resultaten.csv
186850000;186850000;2026-09-26;OFFICIAL_EXACT_FOUND;gevonden;"Motorzaag / Benzine MS 201 TC-M Z 3/8""P Motorsäge";Motorzaag;Benzine;"MS 201 TC-M Z 3/8""P Motorsäge";MS 201 TC-M;MY_STIHL;https://app.stihl.com/nl-nl/mystihl/tools/add/serial-number;authenticated MY STIHL UI lookup;OFFICIAL_WEB_LOOKUP;OFFICIAL_STIHL_LOOKUP;TRUE;FALSE;FALSE;FALSE;1;580;stihl_resultaten.csv
186900000;186900000;2026-09-26;OFFICIAL_EXACT_FOUND;gevonden;"Motorzaag / Benzine MS 362 C-M 3/8""";Motorzaag;Benzine;"MS 362 C-M 3/8""";MS 362 C-M;MY_STIHL;https://app.stihl.com/nl-nl/mystihl/tools/add/serial-number;authenticated MY STIHL UI lookup;OFFICIAL_WEB_LOOKUP;OFFICIAL_STIHL_LOOKUP;TRUE;FALSE;FALSE;FALSE;1;581;stihl_resultaten.csv
186950000;186950000;2026-09-26;OFFICIAL_EXACT_FOUND;gevonden;Bosmaaier / Benzine FS 450 Freischneider;Bosmaaier;Benzine;FS 450 Freischneider;FS 450;MY_STIHL;https://app.stihl.com/nl-nl/mystihl/tools/add/serial-number;authenticated MY STIHL UI lookup;OFFICIAL_WEB_LOOKUP;OFFICIAL_STIHL_LOOKUP;TRUE;FALSE;FALSE;FALSE;1;582;stihl_resultaten.csv
187000000;187000000;2026-09-26;OFFICIAL_EXACT_FOUND;gevonden;"Motorzaag / Benzine MS 201 C-EM 3/8""P Motorsäge";Motorzaag;Benzine;"MS 201 C-EM 3/8""P Motorsäge";MS 201 C-EM;MY_STIHL;https://app.stihl.com/nl-nl/mystihl/tools/add/serial-number;authenticated MY STIHL UI lookup;OFFICIAL_WEB_LOOKUP;OFFICIAL_STIHL_LOOKUP;TRUE;FALSE;FALSE;FALSE;1;583;stihl_resultaten.csv
187050000;187050000;2026-09-26;OFFICIAL_EXACT_FOUND;gevonden;"Motorzaag / Benzine MS 362 C-M Z 3/8"" Motorsäge";Motorzaag;Benzine;"MS 362 C-M Z 3/8"" Motorsäge";MS 362 C-M;MY_STIHL;https://app.stihl.com/nl-nl/mystihl/tools/add/serial-number;authenticated MY STIHL UI lookup;OFFICIAL_WEB_LOOKUP;OFFICIAL_STIHL_LOOKUP;TRUE;FALSE;FALSE;FALSE;1;584;stihl_resultaten.csv
187100000;187100000;2026-09-26;OFFICIAL_EXACT_FOUND;gevonden;"Motorzaag / Benzine MS 201 TC-M 3/8""P Motorsäge";Motorzaag;Benzine;"MS 201 TC-M 3/8""P Motorsäge";MS 201 TC-M;MY_STIHL;https://app.stihl.com/nl-nl/mystihl/tools/add/serial-number;authenticated MY STIHL UI lookup;OFFICIAL_WEB_LOOKUP;OFFICIAL_STIHL_LOOKUP;TRUE;FALSE;FALSE;FALSE;1;585;stihl_resultaten.csv
187150000;187150000;2026-09-26;OFFICIAL_EXACT_FOUND;gevonden;"Motorzaag / Benzine MS 361, 3/8""";Motorzaag;Benzine;"MS 361, 3/8""";MS 361;MY_STIHL;https://app.stihl.com/nl-nl/mystihl/tools/add/serial-number;authenticated MY STIHL UI lookup;OFFICIAL_WEB_LOOKUP;OFFICIAL_STIHL_LOOKUP;TRUE;FALSE;FALSE;FALSE;1;586;stihl_resultaten.csv
187200000;187200000;2026-09-26;OFFICIAL_EXACT_FOUND;gevonden;Doorslijpmachine / Benzine TS 420;Doorslijpmachine;Benzine;TS 420;TS 420;MY_STIHL;https://app.stihl.com/nl-nl/mystihl/tools/add/serial-number;authenticated MY STIHL UI lookup;OFFICIAL_WEB_LOOKUP;OFFICIAL_STIHL_LOOKUP;TRUE;FALSE;FALSE;FALSE;1;587;stihl_resultaten.csv
187250000;187250000;2026-09-26;OFFICIAL_EXACT_FOUND;gevonden;Zuighakselaar / Benzine SH 86;Zuighakselaar;Benzine;SH 86;SH 86;MY_STIHL;https://app.stihl.com/nl-nl/mystihl/tools/add/serial-number;authenticated MY STIHL UI lookup;OFFICIAL_WEB_LOOKUP;OFFICIAL_STIHL_LOOKUP;TRUE;FALSE;FALSE;FALSE;1;588;stihl_resultaten.csv
187300000;187300000;2026-09-26;OFFICIAL_EXACT_FOUND;gevonden;Algemeen gemotoriseerd / Benzine SP 482 Spezialernter;Algemeen gemotoriseerd;Benzine;SP 482 Spezialernter;SP 482 Spezialernter;MY_STIHL;https://app.stihl.com/nl-nl/mystihl/tools/add/serial-number;authenticated MY STIHL UI lookup;OFFICIAL_WEB_LOOKUP;OFFICIAL_STIHL_LOOKUP;TRUE;FALSE;FALSE;FALSE;1;589;stihl_resultaten.csv
187350000;187350000;2026-09-26;OFFICIAL_EXACT_FOUND;gevonden;"Motorzaag / Benzine MS 261 C-M .325"" R Motorsäge";Motorzaag;Benzine;"MS 261 C-M .325"" R Motorsäge";MS 261 C-M;MY_STIHL;https://app.stihl.com/nl-nl/mystihl/tools/add/serial-number;authenticated MY STIHL UI lookup;OFFICIAL_WEB_LOOKUP;OFFICIAL_STIHL_LOOKUP;TRUE;FALSE;FALSE;FALSE;1;590;stihl_resultaten.csv
187400000;187400000;2026-09-26;OFFICIAL_EXACT_FOUND;gevonden;"Motorzaag / Elektrisch MSE 210 C-BQ 3/8""P P Elektro-Motorsäge";Motorzaag;Elektrisch;"MSE 210 C-BQ 3/8""P P Elektro-Motorsäge";MSE 210 C-BQ;MY_STIHL;https://app.stihl.com/nl-nl/mystihl/tools/add/serial-number;authenticated MY STIHL UI lookup;OFFICIAL_WEB_LOOKUP;OFFICIAL_STIHL_LOOKUP;TRUE;FALSE;FALSE;FALSE;1;591;stihl_resultaten.csv
187450000;187450000;2026-09-26;OFFICIAL_EXACT_FOUND;gevonden;"Motorzaag / Benzine MS 311-Z 3/8"" Motorsäge";Motorzaag;Benzine;"MS 311-Z 3/8"" Motorsäge";MS 311;MY_STIHL;https://app.stihl.com/nl-nl/mystihl/tools/add/serial-number;authenticated MY STIHL UI lookup;OFFICIAL_WEB_LOOKUP;OFFICIAL_STIHL_LOOKUP;TRUE;FALSE;FALSE;FALSE;1;592;stihl_resultaten.csv
187500000;187500000;2026-09-26;OFFICIAL_EXACT_FOUND;gevonden;"Motorzaag / Benzine MS 201 TC-M 3/8""P Motorsäge";Motorzaag;Benzine;"MS 201 TC-M 3/8""P Motorsäge";MS 201 TC-M;MY_STIHL;https://app.stihl.com/nl-nl/mystihl/tools/add/serial-number;authenticated MY STIHL UI lookup;OFFICIAL_WEB_LOOKUP;OFFICIAL_STIHL_LOOKUP;TRUE;FALSE;FALSE;FALSE;1;593;stihl_resultaten.csv
187550000;187550000;2026-09-26;OFFICIAL_EXACT_FOUND;gevonden;"Motorzaag / Benzine MS 271 .325"" P Motorsäge";Motorzaag;Benzine;"MS 271 .325"" P Motorsäge";MS 271;MY_STIHL;https://app.stihl.com/nl-nl/mystihl/tools/add/serial-number;authenticated MY STIHL UI lookup;OFFICIAL_WEB_LOOKUP;OFFICIAL_STIHL_LOOKUP;TRUE;FALSE;FALSE;FALSE;1;594;stihl_resultaten.csv
187600000;187600000;2026-09-26;OFFICIAL_EXACT_FOUND;gevonden;"Motorzaag / Benzine MS 251, .325""";Motorzaag;Benzine;"MS 251, .325""";MS 251;MY_STIHL;https://app.stihl.com/nl-nl/mystihl/tools/add/serial-number;authenticated MY STIHL UI lookup;OFFICIAL_WEB_LOOKUP;OFFICIAL_STIHL_LOOKUP;TRUE;FALSE;FALSE;FALSE;1;595;stihl_resultaten.csv
187650000;187650000;2026-09-26;OFFICIAL_EXACT_FOUND;gevonden;"Motorzaag / Benzine MS 261 C-M .325"" R Motorsäge";Motorzaag;Benzine;"MS 261 C-M .325"" R Motorsäge";MS 261 C-M;MY_STIHL;https://app.stihl.com/nl-nl/mystihl/tools/add/serial-number;authenticated MY STIHL UI lookup;OFFICIAL_WEB_LOOKUP;OFFICIAL_STIHL_LOOKUP;TRUE;FALSE;FALSE;FALSE;1;596;stihl_resultaten.csv
187700000;;2026-09-26;TECHNICAL_TIMEOUT;time-out;;;;;;MY_STIHL;https://app.stihl.com/nl-nl/mystihl/tools/add;authenticated MY STIHL UI lookup;TECHNICAL_TIMEOUT;;FALSE;FALSE;TRUE;FALSE;1;597;stihl_resultaten.csv
187750000;187750000;2026-09-26;OFFICIAL_EXACT_FOUND;gevonden;"Motorzaag / Benzine MS 361 3/8"" R Motorsäge";Motorzaag;Benzine;"MS 361 3/8"" R Motorsäge";MS 361;MY_STIHL;https://app.stihl.com/nl-nl/mystihl/tools/add/serial-number;authenticated MY STIHL UI lookup;OFFICIAL_WEB_LOOKUP;OFFICIAL_STIHL_LOOKUP;TRUE;FALSE;FALSE;FALSE;1;598;stihl_resultaten.csv
187800000;187800000;2026-09-26;OFFICIAL_EXACT_FOUND;gevonden;Doorslijpmachine / Benzine TS 420;Doorslijpmachine;Benzine;TS 420;TS 420;MY_STIHL;https://app.stihl.com/nl-nl/mystihl/tools/add/serial-number;authenticated MY STIHL UI lookup;OFFICIAL_WEB_LOOKUP;OFFICIAL_STIHL_LOOKUP;TRUE;FALSE;FALSE;FALSE;1;599;stihl_resultaten.csv
187850000;187850000;2026-09-26;OFFICIAL_EXACT_FOUND;gevonden;"Motorzaag / Benzine MS 261, .325""";Motorzaag;Benzine;"MS 261, .325""";MS 261;MY_STIHL;https://app.stihl.com/nl-nl/mystihl/tools/add/serial-number;authenticated MY STIHL UI lookup;OFFICIAL_WEB_LOOKUP;OFFICIAL_STIHL_LOOKUP;TRUE;FALSE;FALSE;FALSE;1;600;stihl_resultaten.csv
187900000;187900000;2026-09-26;OFFICIAL_EXACT_FOUND;gevonden;Bladblazer / Benzine BG 56;Bladblazer;Benzine;BG 56;BG 56;MY_STIHL;https://app.stihl.com/nl-nl/mystihl/tools/add/serial-number;authenticated MY STIHL UI lookup;OFFICIAL_WEB_LOOKUP;OFFICIAL_STIHL_LOOKUP;TRUE;FALSE;FALSE;FALSE;1;601;stihl_resultaten.csv
