input_serial;official_serial_number;lookup_date;lookup_outcome;raw_statuses;official_identity;category_raw;drive_type_raw;official_product_name;model_candidate;source;source_url;verification_method;evidence_type;verification_status;eligible_for_official_anchor;negative_identity_evidence;recheck_required;input_alias_proven;duplicate_input_rows;source_row_numbers;source_file
10006000;;2026-09-26;TECHNICAL_TIMEOUT;time-out;;;;;;MY_STIHL;https://app.stihl.com/nl-nl/mystihl/tools/add;authenticated MY STIHL UI lookup;TECHNICAL_TIMEOUT;;FALSE;FALSE;TRUE;FALSE;1;608;stihl_resultaten.csv
10007000;;2026-09-26;TECHNICAL_TIMEOUT;time-out;;;;;;MY_STIHL;https://app.stihl.com/nl-nl/mystihl/tools/add;authenticated MY STIHL UI lookup;TECHNICAL_TIMEOUT;;FALSE;FALSE;TRUE;FALSE;1;609;stihl_resultaten.csv
10008000;;2026-09-26;TECHNICAL_TIMEOUT;time-out;;;;;;MY_STIHL;https://app.stihl.com/nl-nl/mystihl/tools/add;authenticated MY STIHL UI lookup;TECHNICAL_TIMEOUT;;FALSE;FALSE;TRUE;FALSE;1;610;stihl_resultaten.csv
10009000;;2026-09-26;TECHNICAL_TIMEOUT;time-out;;;;;;MY_STIHL;https://app.stihl.com/nl-nl/mystihl/tools/add;authenticated MY STIHL UI lookup;TECHNICAL_TIMEOUT;;FALSE;FALSE;TRUE;FALSE;1;611;stihl_resultaten.csv
10010000;;2026-09-26;TECHNICAL_TIMEOUT;time-out;;;;;;MY_STIHL;https://app.stihl.com/nl-nl/mystihl/tools/add;authenticated MY STIHL UI lookup;TECHNICAL_TIMEOUT;;FALSE;FALSE;TRUE;FALSE;1;612;stihl_resultaten.csv
10011000;;2026-09-26;TECHNICAL_TIMEOUT;time-out;;;;;;MY_STIHL;https://app.stihl.com/nl-nl/mystihl/tools/add;authenticated MY STIHL UI lookup;TECHNICAL_TIMEOUT;;FALSE;FALSE;TRUE;FALSE;1;613;stihl_resultaten.csv
10012000;;2026-09-26;TECHNICAL_TIMEOUT;time-out;;;;;;MY_STIHL;https://app.stihl.com/nl-nl/mystihl/tools/add;authenticated MY STIHL UI lookup;TECHNICAL_TIMEOUT;;FALSE;FALSE;TRUE;FALSE;1;614;stihl_resultaten.csv
10015000;;2026-09-26;TECHNICAL_TIMEOUT;time-out;;;;;;MY_STIHL;https://app.stihl.com/nl-nl/mystihl/tools/add;authenticated MY STIHL UI lookup;TECHNICAL_TIMEOUT;;FALSE;FALSE;TRUE;FALSE;1;617;stihl_resultaten.csv
10016000;;2026-09-26;TECHNICAL_TIMEOUT;time-out;;;;;;MY_STIHL;https://app.stihl.com/nl-nl/mystihl/tools/add;authenticated MY STIHL UI lookup;TECHNICAL_TIMEOUT;;FALSE;FALSE;TRUE;FALSE;1;618;stihl_resultaten.csv
10017000;;2026-09-26;TECHNICAL_TIMEOUT;time-out;;;;;;MY_STIHL;https://app.stihl.com/nl-nl/mystihl/tools/add;authenticated MY STIHL UI lookup;TECHNICAL_TIMEOUT;;FALSE;FALSE;TRUE;FALSE;1;619;stihl_resultaten.csv
10018000;;2026-09-26;TECHNICAL_TIMEOUT;time-out;;;;;;MY_STIHL;https://app.stihl.com/nl-nl/mystihl/tools/add;authenticated MY STIHL UI lookup;TECHNICAL_TIMEOUT;;FALSE;FALSE;TRUE;FALSE;1;620;stihl_resultaten.csv
10019000;;2026-09-26;TECHNICAL_TIMEOUT;time-out;;;;;;MY_STIHL;https://app.stihl.com/nl-nl/mystihl/tools/add;authenticated MY STIHL UI lookup;TECHNICAL_TIMEOUT;;FALSE;FALSE;TRUE;FALSE;1;621;stihl_resultaten.csv
10020000;;2026-09-26;TECHNICAL_TIMEOUT;time-out;;;;;;MY_STIHL;https://app.stihl.com/nl-nl/mystihl/tools/add;authenticated MY STIHL UI lookup;TECHNICAL_TIMEOUT;;FALSE;FALSE;TRUE;FALSE;1;622;stihl_resultaten.csv
10021000;;2026-09-26;TECHNICAL_TIMEOUT;time-out;;;;;;MY_STIHL;https://app.stihl.com/nl-nl/mystihl/tools/add;authenticated MY STIHL UI lookup;TECHNICAL_TIMEOUT;;FALSE;FALSE;TRUE;FALSE;1;623;stihl_resultaten.csv
10022000;;2026-09-26;TECHNICAL_TIMEOUT;time-out;;;;;;MY_STIHL;https://app.stihl.com/nl-nl/mystihl/tools/add;authenticated MY STIHL UI lookup;TECHNICAL_TIMEOUT;;FALSE;FALSE;TRUE;FALSE;1;624;stihl_resultaten.csv
10023000;;2026-09-26;TECHNICAL_TIMEOUT;time-out;;;;;;MY_STIHL;https://app.stihl.com/nl-nl/mystihl/tools/add;authenticated MY STIHL UI lookup;TECHNICAL_TIMEOUT;;FALSE;FALSE;TRUE;FALSE;1;625;stihl_resultaten.csv
10024000;;2026-09-26;TECHNICAL_TIMEOUT;time-out;;;;;;MY_STIHL;https://app.stihl.com/nl-nl/mystihl/tools/add;authenticated MY STIHL UI lookup;TECHNICAL_TIMEOUT;;FALSE;FALSE;TRUE;FALSE;1;626;stihl_resultaten.csv
10025000;;2026-09-26;TECHNICAL_TIMEOUT;time-out;;;;;;MY_STIHL;https://app.stihl.com/nl-nl/mystihl/tools/add;authenticated MY STIHL UI lookup;TECHNICAL_TIMEOUT;;FALSE;FALSE;TRUE;FALSE;1;627;stihl_resultaten.csv
10026000;;2026-09-26;TECHNICAL_TIMEOUT;time-out;;;;;;MY_STIHL;https://app.stihl.com/nl-nl/mystihl/tools/add;authenticated MY STIHL UI lookup;TECHNICAL_TIMEOUT;;FALSE;FALSE;TRUE;FALSE;1;628;stihl_resultaten.csv
10027000;;2026-09-26;TECHNICAL_TIMEOUT;time-out;;;;;;MY_STIHL;https://app.stihl.com/nl-nl/mystihl/tools/add;authenticated MY STIHL UI lookup;TECHNICAL_TIMEOUT;;FALSE;FALSE;TRUE;FALSE;1;629;stihl_resultaten.csv
10028000;;2026-09-26;TECHNICAL_TIMEOUT;time-out;;;;;;MY_STIHL;https://app.stihl.com/nl-nl/mystihl/tools/add;authenticated MY STIHL UI lookup;TECHNICAL_TIMEOUT;;FALSE;FALSE;TRUE;FALSE;1;630;stihl_resultaten.csv
10029000;;2026-09-26;TECHNICAL_TIMEOUT;time-out;;;;;;MY_STIHL;https://app.stihl.com/nl-nl/mystihl/tools/add;authenticated MY STIHL UI lookup;TECHNICAL_TIMEOUT;;FALSE;FALSE;TRUE;FALSE;1;631;stihl_resultaten.csv
10030000;;2026-09-26;TECHNICAL_TIMEOUT;time-out;;;;;;MY_STIHL;https://app.stihl.com/nl-nl/mystihl/tools/add;authenticated MY STIHL UI lookup;TECHNICAL_TIMEOUT;;FALSE;FALSE;TRUE;FALSE;1;632;stihl_resultaten.csv
10031000;;2026-09-26;TECHNICAL_TIMEOUT;time-out;;;;;;MY_STIHL;https://app.stihl.com/nl-nl/mystihl/tools/add;authenticated MY STIHL UI lookup;TECHNICAL_TIMEOUT;;FALSE;FALSE;TRUE;FALSE;1;633;stihl_resultaten.csv
10032000;;2026-09-26;TECHNICAL_TIMEOUT;time-out;;;;;;MY_STIHL;https://app.stihl.com/nl-nl/mystihl/tools/add;authenticated MY STIHL UI lookup;TECHNICAL_TIMEOUT;;FALSE;FALSE;TRUE;FALSE;1;634;stihl_resultaten.csv
10033000;;2026-09-26;TECHNICAL_TIMEOUT;time-out;;;;;;MY_STIHL;https://app.stihl.com/nl-nl/mystihl/tools/add;authenticated MY STIHL UI lookup;TECHNICAL_TIMEOUT;;FALSE;FALSE;TRUE;FALSE;1;635;stihl_resultaten.csv
10034000;;2026-09-26;TECHNICAL_TIMEOUT;time-out;;;;;;MY_STIHL;https://app.stihl.com/nl-nl/mystihl/tools/add;authenticated MY STIHL UI lookup;TECHNICAL_TIMEOUT;;FALSE;FALSE;TRUE;FALSE;1;636;stihl_resultaten.csv
10035000;;2026-09-26;TECHNICAL_TIMEOUT;time-out;;;;;;MY_STIHL;https://app.stihl.com/nl-nl/mystihl/tools/add;authenticated MY STIHL UI lookup;TECHNICAL_TIMEOUT;;FALSE;FALSE;TRUE;FALSE;1;637;stihl_resultaten.csv
10036000;;2026-09-26;TECHNICAL_TIMEOUT;time-out;;;;;;MY_STIHL;https://app.stihl.com/nl-nl/mystihl/tools/add;authenticated MY STIHL UI lookup;TECHNICAL_TIMEOUT;;FALSE;FALSE;TRUE;FALSE;1;638;stihl_resultaten.csv
10037000;;2026-09-26;TECHNICAL_TIMEOUT;time-out;;;;;;MY_STIHL;https://app.stihl.com/nl-nl/mystihl/tools/add;authenticated MY STIHL UI lookup;TECHNICAL_TIMEOUT;;FALSE;FALSE;TRUE;FALSE;1;639;stihl_resultaten.csv
10045000;;2026-09-26;TECHNICAL_TIMEOUT;time-out;;;;;;MY_STIHL;https://app.stihl.com/nl-nl/mystihl/tools/add;authenticated MY STIHL UI lookup;TECHNICAL_TIMEOUT;;FALSE;FALSE;TRUE;FALSE;1;647;stihl_resultaten.csv
10047000;;2026-09-26;TECHNICAL_TIMEOUT;time-out;;;;;;MY_STIHL;https://app.stihl.com/nl-nl/mystihl/tools/add;authenticated MY STIHL UI lookup;TECHNICAL_TIMEOUT;;FALSE;FALSE;TRUE;FALSE;1;649;stihl_resultaten.csv
10048000;;2026-09-26;TECHNICAL_TIMEOUT;time-out;;;;;;MY_STIHL;https://app.stihl.com/nl-nl/mystihl/tools/add;authenticated MY STIHL UI lookup;TECHNICAL_TIMEOUT;;FALSE;FALSE;TRUE;FALSE;1;650;stihl_resultaten.csv
10049000;;2026-09-26;TECHNICAL_TIMEOUT;time-out;;;;;;MY_STIHL;https://app.stihl.com/nl-nl/mystihl/tools/add;authenticated MY STIHL UI lookup;TECHNICAL_TIMEOUT;;FALSE;FALSE;TRUE;FALSE;1;651;stihl_resultaten.csv
10050000;;2026-09-26;TECHNICAL_TIMEOUT;time-out;;;;;;MY_STIHL;https://app.stihl.com/nl-nl/mystihl/tools/add;authenticated MY STIHL UI lookup;TECHNICAL_TIMEOUT;;FALSE;FALSE;TRUE;FALSE;1;652;stihl_resultaten.csv
10051000;;2026-09-26;TECHNICAL_TIMEOUT;time-out;;;;;;MY_STIHL;https://app.stihl.com/nl-nl/mystihl/tools/add;authenticated MY STIHL UI lookup;TECHNICAL_TIMEOUT;;FALSE;FALSE;TRUE;FALSE;1;653;stihl_resultaten.csv
10052000;;2026-09-26;TECHNICAL_TIMEOUT;time-out;;;;;;MY_STIHL;https://app.stihl.com/nl-nl/mystihl/tools/add;authenticated MY STIHL UI lookup;TECHNICAL_TIMEOUT;;FALSE;FALSE;TRUE;FALSE;1;654;stihl_resultaten.csv
10053000;;2026-09-26;TECHNICAL_TIMEOUT;time-out;;;;;;MY_STIHL;https://app.stihl.com/nl-nl/mystihl/tools/add;authenticated MY STIHL UI lookup;TECHNICAL_TIMEOUT;;FALSE;FALSE;TRUE;FALSE;1;655;stihl_resultaten.csv
10054000;;2026-09-26;TECHNICAL_TIMEOUT;time-out;;;;;;MY_STIHL;https://app.stihl.com/nl-nl/mystihl/tools/add;authenticated MY STIHL UI lookup;TECHNICAL_TIMEOUT;;FALSE;FALSE;TRUE;FALSE;1;656;stihl_resultaten.csv
10055000;;2026-09-26;TECHNICAL_TIMEOUT;time-out;;;;;;MY_STIHL;https://app.stihl.com/nl-nl/mystihl/tools/add;authenticated MY STIHL UI lookup;TECHNICAL_TIMEOUT;;FALSE;FALSE;TRUE;FALSE;1;657;stihl_resultaten.csv
10056000;;2026-09-26;TECHNICAL_TIMEOUT;time-out;;;;;;MY_STIHL;https://app.stihl.com/nl-nl/mystihl/tools/add;authenticated MY STIHL UI lookup;TECHNICAL_TIMEOUT;;FALSE;FALSE;TRUE;FALSE;1;658;stihl_resultaten.csv
10057000;;2026-09-26;TECHNICAL_TIMEOUT;time-out;;;;;;MY_STIHL;https://app.stihl.com/nl-nl/mystihl/tools/add;authenticated MY STIHL UI lookup;TECHNICAL_TIMEOUT;;FALSE;FALSE;TRUE;FALSE;1;659;stihl_resultaten.csv
10058000;;2026-09-26;TECHNICAL_TIMEOUT;time-out;;;;;;MY_STIHL;https://app.stihl.com/nl-nl/mystihl/tools/add;authenticated MY STIHL UI lookup;TECHNICAL_TIMEOUT;;FALSE;FALSE;TRUE;FALSE;1;660;stihl_resultaten.csv
10059000;;2026-09-26;TECHNICAL_TIMEOUT;time-out;;;;;;MY_STIHL;https://app.stihl.com/nl-nl/mystihl/tools/add;authenticated MY STIHL UI lookup;TECHNICAL_TIMEOUT;;FALSE;FALSE;TRUE;FALSE;1;661;stihl_resultaten.csv
10060000;;2026-09-26;TECHNICAL_TIMEOUT;time-out;;;;;;MY_STIHL;https://app.stihl.com/nl-nl/mystihl/tools/add;authenticated MY STIHL UI lookup;TECHNICAL_TIMEOUT;;FALSE;FALSE;TRUE;FALSE;1;662;stihl_resultaten.csv
10061000;;2026-09-26;TECHNICAL_TIMEOUT;time-out;;;;;;MY_STIHL;https://app.stihl.com/nl-nl/mystihl/tools/add;authenticated MY STIHL UI lookup;TECHNICAL_TIMEOUT;;FALSE;FALSE;TRUE;FALSE;1;663;stihl_resultaten.csv
10062000;;2026-09-26;TECHNICAL_TIMEOUT;time-out;;;;;;MY_STIHL;https://app.stihl.com/nl-nl/mystihl/tools/add;authenticated MY STIHL UI lookup;TECHNICAL_TIMEOUT;;FALSE;FALSE;TRUE;FALSE;1;664;stihl_resultaten.csv
10063000;;2026-09-26;TECHNICAL_TIMEOUT;time-out;;;;;;MY_STIHL;https://app.stihl.com/nl-nl/mystihl/tools/add;authenticated MY STIHL UI lookup;TECHNICAL_TIMEOUT;;FALSE;FALSE;TRUE;FALSE;1;665;stihl_resultaten.csv
10064000;;2026-09-26;TECHNICAL_TIMEOUT;time-out;;;;;;MY_STIHL;https://app.stihl.com/nl-nl/mystihl/tools/add;authenticated MY STIHL UI lookup;TECHNICAL_TIMEOUT;;FALSE;FALSE;TRUE;FALSE;1;666;stihl_resultaten.csv
10065000;;2026-09-26;TECHNICAL_TIMEOUT;time-out;;;;;;MY_STIHL;https://app.stihl.com/nl-nl/mystihl/tools/add;authenticated MY STIHL UI lookup;TECHNICAL_TIMEOUT;;FALSE;FALSE;TRUE;FALSE;1;667;stihl_resultaten.csv
10066000;;2026-09-26;TECHNICAL_TIMEOUT;time-out;;;;;;MY_STIHL;https://app.stihl.com/nl-nl/mystihl/tools/add;authenticated MY STIHL UI lookup;TECHNICAL_TIMEOUT;;FALSE;FALSE;TRUE;FALSE;1;668;stihl_resultaten.csv
10067000;;2026-09-26;TECHNICAL_TIMEOUT;time-out;;;;;;MY_STIHL;https://app.stihl.com/nl-nl/mystihl/tools/add;authenticated MY STIHL UI lookup;TECHNICAL_TIMEOUT;;FALSE;FALSE;TRUE;FALSE;1;669;stihl_resultaten.csv
10068000;;2026-09-26;TECHNICAL_TIMEOUT;time-out;;;;;;MY_STIHL;https://app.stihl.com/nl-nl/mystihl/tools/add;authenticated MY STIHL UI lookup;TECHNICAL_TIMEOUT;;FALSE;FALSE;TRUE;FALSE;1;670;stihl_resultaten.csv
10069000;;2026-09-26;TECHNICAL_TIMEOUT;time-out;;;;;;MY_STIHL;https://app.stihl.com/nl-nl/mystihl/tools/add;authenticated MY STIHL UI lookup;TECHNICAL_TIMEOUT;;FALSE;FALSE;TRUE;FALSE;1;671;stihl_resultaten.csv
10070000;;2026-09-26;TECHNICAL_TIMEOUT;time-out;;;;;;MY_STIHL;https://app.stihl.com/nl-nl/mystihl/tools/add;authenticated MY STIHL UI lookup;TECHNICAL_TIMEOUT;;FALSE;FALSE;TRUE;FALSE;1;672;stihl_resultaten.csv
10071000;;2026-09-26;TECHNICAL_TIMEOUT;time-out;;;;;;MY_STIHL;https://app.stihl.com/nl-nl/mystihl/tools/add;authenticated MY STIHL UI lookup;TECHNICAL_TIMEOUT;;FALSE;FALSE;TRUE;FALSE;1;673;stihl_resultaten.csv
10072000;;2026-09-26;TECHNICAL_TIMEOUT;time-out;;;;;;MY_STIHL;https://app.stihl.com/nl-nl/mystihl/tools/add;authenticated MY STIHL UI lookup;TECHNICAL_TIMEOUT;;FALSE;FALSE;TRUE;FALSE;1;674;stihl_resultaten.csv
10073000;;2026-09-26;TECHNICAL_TIMEOUT;time-out;;;;;;MY_STIHL;https://app.stihl.com/nl-nl/mystihl/tools/add;authenticated MY STIHL UI lookup;TECHNICAL_TIMEOUT;;FALSE;FALSE;TRUE;FALSE;1;675;stihl_resultaten.csv
10074000;;2026-09-26;TECHNICAL_TIMEOUT;time-out;;;;;;MY_STIHL;https://app.stihl.com/nl-nl/mystihl/tools/add;authenticated MY STIHL UI lookup;TECHNICAL_TIMEOUT;;FALSE;FALSE;TRUE;FALSE;1;676;stihl_resultaten.csv
10075000;;2026-09-26;TECHNICAL_TIMEOUT;time-out;;;;;;MY_STIHL;https://app.stihl.com/nl-nl/mystihl/tools/add;authenticated MY STIHL UI lookup;TECHNICAL_TIMEOUT;;FALSE;FALSE;TRUE;FALSE;1;677;stihl_resultaten.csv
10076000;;2026-09-26;TECHNICAL_TIMEOUT;time-out;;;;;;MY_STIHL;https://app.stihl.com/nl-nl/mystihl/tools/add;authenticated MY STIHL UI lookup;TECHNICAL_TIMEOUT;;FALSE;FALSE;TRUE;FALSE;1;678;stihl_resultaten.csv
10077000;;2026-09-26;TECHNICAL_TIMEOUT;time-out;;;;;;MY_STIHL;https://app.stihl.com/nl-nl/mystihl/tools/add;authenticated MY STIHL UI lookup;TECHNICAL_TIMEOUT;;FALSE;FALSE;TRUE;FALSE;1;679;stihl_resultaten.csv
10078000;;2026-09-26;TECHNICAL_TIMEOUT;time-out;;;;;;MY_STIHL;https://app.stihl.com/nl-nl/mystihl/tools/add;authenticated MY STIHL UI lookup;TECHNICAL_TIMEOUT;;FALSE;FALSE;TRUE;FALSE;1;680;stihl_resultaten.csv
10079000;;2026-09-26;TECHNICAL_TIMEOUT;time-out;;;;;;MY_STIHL;https://app.stihl.com/nl-nl/mystihl/tools/add;authenticated MY STIHL UI lookup;TECHNICAL_TIMEOUT;;FALSE;FALSE;TRUE;FALSE;1;681;stihl_resultaten.csv
10080000;;2026-09-26;TECHNICAL_TIMEOUT;time-out;;;;;;MY_STIHL;https://app.stihl.com/nl-nl/mystihl/tools/add;authenticated MY STIHL UI lookup;TECHNICAL_TIMEOUT;;FALSE;FALSE;TRUE;FALSE;1;682;stihl_resultaten.csv
10081000;;2026-09-26;TECHNICAL_TIMEOUT;time-out;;;;;;MY_STIHL;https://app.stihl.com/nl-nl/mystihl/tools/add;authenticated MY STIHL UI lookup;TECHNICAL_TIMEOUT;;FALSE;FALSE;TRUE;FALSE;1;683;stihl_resultaten.csv
10082000;;2026-09-26;TECHNICAL_TIMEOUT;time-out;;;;;;MY_STIHL;https://app.stihl.com/nl-nl/mystihl/tools/add;authenticated MY STIHL UI lookup;TECHNICAL_TIMEOUT;;FALSE;FALSE;TRUE;FALSE;1;684;stihl_resultaten.csv
10083000;;2026-09-26;TECHNICAL_TIMEOUT;time-out;;;;;;MY_STIHL;https://app.stihl.com/nl-nl/mystihl/tools/add;authenticated MY STIHL UI lookup;TECHNICAL_TIMEOUT;;FALSE;FALSE;TRUE;FALSE;1;685;stihl_resultaten.csv
10084000;;2026-09-26;TECHNICAL_TIMEOUT;time-out;;;;;;MY_STIHL;https://app.stihl.com/nl-nl/mystihl/tools/add;authenticated MY STIHL UI lookup;TECHNICAL_TIMEOUT;;FALSE;FALSE;TRUE;FALSE;1;686;stihl_resultaten.csv
10085000;;2026-09-26;TECHNICAL_TIMEOUT;time-out;;;;;;MY_STIHL;https://app.stihl.com/nl-nl/mystihl/tools/add;authenticated MY STIHL UI lookup;TECHNICAL_TIMEOUT;;FALSE;FALSE;TRUE;FALSE;1;687;stihl_resultaten.csv
10086000;;2026-09-26;TECHNICAL_TIMEOUT;time-out;;;;;;MY_STIHL;https://app.stihl.com/nl-nl/mystihl/tools/add;authenticated MY STIHL UI lookup;TECHNICAL_TIMEOUT;;FALSE;FALSE;TRUE;FALSE;1;688;stihl_resultaten.csv
10087000;;2026-09-26;TECHNICAL_TIMEOUT;time-out;;;;;;MY_STIHL;https://app.stihl.com/nl-nl/mystihl/tools/add;authenticated MY STIHL UI lookup;TECHNICAL_TIMEOUT;;FALSE;FALSE;TRUE;FALSE;1;689;stihl_resultaten.csv
10088000;;2026-09-26;TECHNICAL_TIMEOUT;time-out;;;;;;MY_STIHL;https://app.stihl.com/nl-nl/mystihl/tools/add;authenticated MY STIHL UI lookup;TECHNICAL_TIMEOUT;;FALSE;FALSE;TRUE;FALSE;1;690;stihl_resultaten.csv
10089000;;2026-09-26;TECHNICAL_TIMEOUT;time-out;;;;;;MY_STIHL;https://app.stihl.com/nl-nl/mystihl/tools/add;authenticated MY STIHL UI lookup;TECHNICAL_TIMEOUT;;FALSE;FALSE;TRUE;FALSE;1;691;stihl_resultaten.csv
10090000;;2026-09-26;TECHNICAL_TIMEOUT;time-out;;;;;;MY_STIHL;https://app.stihl.com/nl-nl/mystihl/tools/add;authenticated MY STIHL UI lookup;TECHNICAL_TIMEOUT;;FALSE;FALSE;TRUE;FALSE;1;692;stihl_resultaten.csv
10091000;;2026-09-26;TECHNICAL_TIMEOUT;time-out;;;;;;MY_STIHL;https://app.stihl.com/nl-nl/mystihl/tools/add;authenticated MY STIHL UI lookup;TECHNICAL_TIMEOUT;;FALSE;FALSE;TRUE;FALSE;1;693;stihl_resultaten.csv
10092000;;2026-09-26;TECHNICAL_TIMEOUT;time-out;;;;;;MY_STIHL;https://app.stihl.com/nl-nl/mystihl/tools/add;authenticated MY STIHL UI lookup;TECHNICAL_TIMEOUT;;FALSE;FALSE;TRUE;FALSE;1;694;stihl_resultaten.csv
10093000;;2026-09-26;TECHNICAL_TIMEOUT;time-out;;;;;;MY_STIHL;https://app.stihl.com/nl-nl/mystihl/tools/add;authenticated MY STIHL UI lookup;TECHNICAL_TIMEOUT;;FALSE;FALSE;TRUE;FALSE;1;695;stihl_resultaten.csv
10094000;;2026-09-26;TECHNICAL_TIMEOUT;time-out;;;;;;MY_STIHL;https://app.stihl.com/nl-nl/mystihl/tools/add;authenticated MY STIHL UI lookup;TECHNICAL_TIMEOUT;;FALSE;FALSE;TRUE;FALSE;1;696;stihl_resultaten.csv
10095000;;2026-09-26;TECHNICAL_TIMEOUT;time-out;;;;;;MY_STIHL;https://app.stihl.com/nl-nl/mystihl/tools/add;authenticated MY STIHL UI lookup;TECHNICAL_TIMEOUT;;FALSE;FALSE;TRUE;FALSE;1;697;stihl_resultaten.csv
10096000;;2026-09-26;TECHNICAL_TIMEOUT;time-out;;;;;;MY_STIHL;https://app.stihl.com/nl-nl/mystihl/tools/add;authenticated MY STIHL UI lookup;TECHNICAL_TIMEOUT;;FALSE;FALSE;TRUE;FALSE;1;698;stihl_resultaten.csv
10097000;;2026-09-26;TECHNICAL_TIMEOUT;time-out;;;;;;MY_STIHL;https://app.stihl.com/nl-nl/mystihl/tools/add;authenticated MY STIHL UI lookup;TECHNICAL_TIMEOUT;;FALSE;FALSE;TRUE;FALSE;1;699;stihl_resultaten.csv
10098000;;2026-09-26;TECHNICAL_TIMEOUT;time-out;;;;;;MY_STIHL;https://app.stihl.com/nl-nl/mystihl/tools/add;authenticated MY STIHL UI lookup;TECHNICAL_TIMEOUT;;FALSE;FALSE;TRUE;FALSE;1;700;stihl_resultaten.csv
10099000;;2026-09-26;TECHNICAL_TIMEOUT;time-out;;;;;;MY_STIHL;https://app.stihl.com/nl-nl/mystihl/tools/add;authenticated MY STIHL UI lookup;TECHNICAL_TIMEOUT;;FALSE;FALSE;TRUE;FALSE;1;701;stihl_resultaten.csv
10100000;;2026-09-26;TECHNICAL_TIMEOUT;time-out;;;;;;MY_STIHL;https://app.stihl.com/nl-nl/mystihl/tools/add;authenticated MY STIHL UI lookup;TECHNICAL_TIMEOUT;;FALSE;FALSE;TRUE;FALSE;1;702;stihl_resultaten.csv
10101000;;2026-09-26;TECHNICAL_TIMEOUT;time-out;;;;;;MY_STIHL;https://app.stihl.com/nl-nl/mystihl/tools/add;authenticated MY STIHL UI lookup;TECHNICAL_TIMEOUT;;FALSE;FALSE;TRUE;FALSE;1;703;stihl_resultaten.csv
10102000;;2026-09-26;TECHNICAL_TIMEOUT;time-out;;;;;;MY_STIHL;https://app.stihl.com/nl-nl/mystihl/tools/add;authenticated MY STIHL UI lookup;TECHNICAL_TIMEOUT;;FALSE;FALSE;TRUE;FALSE;1;704;stihl_resultaten.csv
10103000;;2026-09-26;TECHNICAL_TIMEOUT;time-out;;;;;;MY_STIHL;https://app.stihl.com/nl-nl/mystihl/tools/add;authenticated MY STIHL UI lookup;TECHNICAL_TIMEOUT;;FALSE;FALSE;TRUE;FALSE;1;705;stihl_resultaten.csv
10104000;;2026-09-26;TECHNICAL_TIMEOUT;time-out;;;;;;MY_STIHL;https://app.stihl.com/nl-nl/mystihl/tools/add;authenticated MY STIHL UI lookup;TECHNICAL_TIMEOUT;;FALSE;FALSE;TRUE;FALSE;1;706;stihl_resultaten.csv
10112000;;2026-09-26;TECHNICAL_TIMEOUT;time-out;;;;;;MY_STIHL;https://app.stihl.com/nl-nl/mystihl/tools/add;authenticated MY STIHL UI lookup;TECHNICAL_TIMEOUT;;FALSE;FALSE;TRUE;FALSE;1;714;stihl_resultaten.csv
10113000;;2026-09-26;TECHNICAL_TIMEOUT;time-out;;;;;;MY_STIHL;https://app.stihl.com/nl-nl/mystihl/tools/add;authenticated MY STIHL UI lookup;TECHNICAL_TIMEOUT;;FALSE;FALSE;TRUE;FALSE;1;715;stihl_resultaten.csv
10114000;;2026-09-26;TECHNICAL_TIMEOUT;time-out;;;;;;MY_STIHL;https://app.stihl.com/nl-nl/mystihl/tools/add;authenticated MY STIHL UI lookup;TECHNICAL_TIMEOUT;;FALSE;FALSE;TRUE;FALSE;1;716;stihl_resultaten.csv
10115000;;2026-09-26;TECHNICAL_TIMEOUT;time-out;;;;;;MY_STIHL;https://app.stihl.com/nl-nl/mystihl/tools/add;authenticated MY STIHL UI lookup;TECHNICAL_TIMEOUT;;FALSE;FALSE;TRUE;FALSE;1;717;stihl_resultaten.csv
10116000;;2026-09-26;TECHNICAL_TIMEOUT;time-out;;;;;;MY_STIHL;https://app.stihl.com/nl-nl/mystihl/tools/add;authenticated MY STIHL UI lookup;TECHNICAL_TIMEOUT;;FALSE;FALSE;TRUE;FALSE;1;718;stihl_resultaten.csv
10117000;;2026-09-26;TECHNICAL_TIMEOUT;time-out;;;;;;MY_STIHL;https://app.stihl.com/nl-nl/mystihl/tools/add;authenticated MY STIHL UI lookup;TECHNICAL_TIMEOUT;;FALSE;FALSE;TRUE;FALSE;1;719;stihl_resultaten.csv
10118000;;2026-09-26;TECHNICAL_TIMEOUT;time-out;;;;;;MY_STIHL;https://app.stihl.com/nl-nl/mystihl/tools/add;authenticated MY STIHL UI lookup;TECHNICAL_TIMEOUT;;FALSE;FALSE;TRUE;FALSE;1;720;stihl_resultaten.csv
10119000;;2026-09-26;TECHNICAL_TIMEOUT;time-out;;;;;;MY_STIHL;https://app.stihl.com/nl-nl/mystihl/tools/add;authenticated MY STIHL UI lookup;TECHNICAL_TIMEOUT;;FALSE;FALSE;TRUE;FALSE;1;721;stihl_resultaten.csv
10125000;;2026-09-26;TECHNICAL_TIMEOUT;time-out;;;;;;MY_STIHL;https://app.stihl.com/nl-nl/mystihl/tools/add;authenticated MY STIHL UI lookup;TECHNICAL_TIMEOUT;;FALSE;FALSE;TRUE;FALSE;1;727;stihl_resultaten.csv
10129000;;2026-09-26;TECHNICAL_TIMEOUT;time-out;;;;;;MY_STIHL;https://app.stihl.com/nl-nl/mystihl/tools/add;authenticated MY STIHL UI lookup;TECHNICAL_TIMEOUT;;FALSE;FALSE;TRUE;FALSE;1;731;stihl_resultaten.csv
10130000;;2026-09-26;TECHNICAL_TIMEOUT;time-out;;;;;;MY_STIHL;https://app.stihl.com/nl-nl/mystihl/tools/add;authenticated MY STIHL UI lookup;TECHNICAL_TIMEOUT;;FALSE;FALSE;TRUE;FALSE;1;732;stihl_resultaten.csv
10131000;;2026-09-26;TECHNICAL_TIMEOUT;time-out;;;;;;MY_STIHL;https://app.stihl.com/nl-nl/mystihl/tools/add;authenticated MY STIHL UI lookup;TECHNICAL_TIMEOUT;;FALSE;FALSE;TRUE;FALSE;1;733;stihl_resultaten.csv
10132000;;2026-09-26;TECHNICAL_TIMEOUT;time-out;;;;;;MY_STIHL;https://app.stihl.com/nl-nl/mystihl/tools/add;authenticated MY STIHL UI lookup;TECHNICAL_TIMEOUT;;FALSE;FALSE;TRUE;FALSE;1;734;stihl_resultaten.csv
10133000;;2026-09-26;TECHNICAL_TIMEOUT;time-out;;;;;;MY_STIHL;https://app.stihl.com/nl-nl/mystihl/tools/add;authenticated MY STIHL UI lookup;TECHNICAL_TIMEOUT;;FALSE;FALSE;TRUE;FALSE;1;735;stihl_resultaten.csv
10134000;;2026-09-26;TECHNICAL_TIMEOUT;time-out;;;;;;MY_STIHL;https://app.stihl.com/nl-nl/mystihl/tools/add;authenticated MY STIHL UI lookup;TECHNICAL_TIMEOUT;;FALSE;FALSE;TRUE;FALSE;1;736;stihl_resultaten.csv
10135000;;2026-09-26;TECHNICAL_TIMEOUT;time-out;;;;;;MY_STIHL;https://app.stihl.com/nl-nl/mystihl/tools/add;authenticated MY STIHL UI lookup;TECHNICAL_TIMEOUT;;FALSE;FALSE;TRUE;FALSE;1;737;stihl_resultaten.csv
10136000;;2026-09-26;TECHNICAL_TIMEOUT;time-out;;;;;;MY_STIHL;https://app.stihl.com/nl-nl/mystihl/tools/add;authenticated MY STIHL UI lookup;TECHNICAL_TIMEOUT;;FALSE;FALSE;TRUE;FALSE;1;738;stihl_resultaten.csv
10137000;;2026-09-26;TECHNICAL_TIMEOUT;time-out;;;;;;MY_STIHL;https://app.stihl.com/nl-nl/mystihl/tools/add;authenticated MY STIHL UI lookup;TECHNICAL_TIMEOUT;;FALSE;FALSE;TRUE;FALSE;1;739;stihl_resultaten.csv
10138000;;2026-09-26;TECHNICAL_TIMEOUT;time-out;;;;;;MY_STIHL;https://app.stihl.com/nl-nl/mystihl/tools/add;authenticated MY STIHL UI lookup;TECHNICAL_TIMEOUT;;FALSE;FALSE;TRUE;FALSE;1;740;stihl_resultaten.csv
10139000;;2026-09-26;TECHNICAL_TIMEOUT;time-out;;;;;;MY_STIHL;https://app.stihl.com/nl-nl/mystihl/tools/add;authenticated MY STIHL UI lookup;TECHNICAL_TIMEOUT;;FALSE;FALSE;TRUE;FALSE;1;741;stihl_resultaten.csv
10140000;;2026-09-26;TECHNICAL_TIMEOUT;time-out;;;;;;MY_STIHL;https://app.stihl.com/nl-nl/mystihl/tools/add;authenticated MY STIHL UI lookup;TECHNICAL_TIMEOUT;;FALSE;FALSE;TRUE;FALSE;1;742;stihl_resultaten.csv
10141000;;2026-09-26;TECHNICAL_TIMEOUT;time-out;;;;;;MY_STIHL;https://app.stihl.com/nl-nl/mystihl/tools/add;authenticated MY STIHL UI lookup;TECHNICAL_TIMEOUT;;FALSE;FALSE;TRUE;FALSE;1;743;stihl_resultaten.csv
10142000;;2026-09-26;TECHNICAL_TIMEOUT;time-out;;;;;;MY_STIHL;https://app.stihl.com/nl-nl/mystihl/tools/add;authenticated MY STIHL UI lookup;TECHNICAL_TIMEOUT;;FALSE;FALSE;TRUE;FALSE;1;744;stihl_resultaten.csv
10143000;;2026-09-26;TECHNICAL_TIMEOUT;time-out;;;;;;MY_STIHL;https://app.stihl.com/nl-nl/mystihl/tools/add;authenticated MY STIHL UI lookup;TECHNICAL_TIMEOUT;;FALSE;FALSE;TRUE;FALSE;1;745;stihl_resultaten.csv
10144000;;2026-09-26;TECHNICAL_TIMEOUT;time-out;;;;;;MY_STIHL;https://app.stihl.com/nl-nl/mystihl/tools/add;authenticated MY STIHL UI lookup;TECHNICAL_TIMEOUT;;FALSE;FALSE;TRUE;FALSE;1;746;stihl_resultaten.csv
10145000;;2026-09-26;TECHNICAL_TIMEOUT;time-out;;;;;;MY_STIHL;https://app.stihl.com/nl-nl/mystihl/tools/add;authenticated MY STIHL UI lookup;TECHNICAL_TIMEOUT;;FALSE;FALSE;TRUE;FALSE;1;747;stihl_resultaten.csv
10146000;;2026-09-26;TECHNICAL_TIMEOUT;time-out;;;;;;MY_STIHL;https://app.stihl.com/nl-nl/mystihl/tools/add;authenticated MY STIHL UI lookup;TECHNICAL_TIMEOUT;;FALSE;FALSE;TRUE;FALSE;1;748;stihl_resultaten.csv
10147000;;2026-09-26;TECHNICAL_TIMEOUT;time-out;;;;;;MY_STIHL;https://app.stihl.com/nl-nl/mystihl/tools/add;authenticated MY STIHL UI lookup;TECHNICAL_TIMEOUT;;FALSE;FALSE;TRUE;FALSE;1;749;stihl_resultaten.csv
10148000;;2026-09-26;TECHNICAL_TIMEOUT;time-out;;;;;;MY_STIHL;https://app.stihl.com/nl-nl/mystihl/tools/add;authenticated MY STIHL UI lookup;TECHNICAL_TIMEOUT;;FALSE;FALSE;TRUE;FALSE;1;750;stihl_resultaten.csv
10149000;;2026-09-26;TECHNICAL_TIMEOUT;time-out;;;;;;MY_STIHL;https://app.stihl.com/nl-nl/mystihl/tools/add;authenticated MY STIHL UI lookup;TECHNICAL_TIMEOUT;;FALSE;FALSE;TRUE;FALSE;1;751;stihl_resultaten.csv
10150000;;2026-09-26;TECHNICAL_TIMEOUT;time-out;;;;;;MY_STIHL;https://app.stihl.com/nl-nl/mystihl/tools/add;authenticated MY STIHL UI lookup;TECHNICAL_TIMEOUT;;FALSE;FALSE;TRUE;FALSE;1;752;stihl_resultaten.csv
10151000;;2026-09-26;TECHNICAL_TIMEOUT;time-out;;;;;;MY_STIHL;https://app.stihl.com/nl-nl/mystihl/tools/add;authenticated MY STIHL UI lookup;TECHNICAL_TIMEOUT;;FALSE;FALSE;TRUE;FALSE;1;753;stihl_resultaten.csv
10152000;;2026-09-26;TECHNICAL_TIMEOUT;time-out;;;;;;MY_STIHL;https://app.stihl.com/nl-nl/mystihl/tools/add;authenticated MY STIHL UI lookup;TECHNICAL_TIMEOUT;;FALSE;FALSE;TRUE;FALSE;1;754;stihl_resultaten.csv
10153000;;2026-09-26;TECHNICAL_TIMEOUT;time-out;;;;;;MY_STIHL;https://app.stihl.com/nl-nl/mystihl/tools/add;authenticated MY STIHL UI lookup;TECHNICAL_TIMEOUT;;FALSE;FALSE;TRUE;FALSE;1;755;stihl_resultaten.csv
10154000;;2026-09-26;TECHNICAL_TIMEOUT;time-out;;;;;;MY_STIHL;https://app.stihl.com/nl-nl/mystihl/tools/add;authenticated MY STIHL UI lookup;TECHNICAL_TIMEOUT;;FALSE;FALSE;TRUE;FALSE;1;756;stihl_resultaten.csv
10155000;;2026-09-26;TECHNICAL_TIMEOUT;time-out;;;;;;MY_STIHL;https://app.stihl.com/nl-nl/mystihl/tools/add;authenticated MY STIHL UI lookup;TECHNICAL_TIMEOUT;;FALSE;FALSE;TRUE;FALSE;1;757;stihl_resultaten.csv
10156000;;2026-09-26;TECHNICAL_TIMEOUT;time-out;;;;;;MY_STIHL;https://app.stihl.com/nl-nl/mystihl/tools/add;authenticated MY STIHL UI lookup;TECHNICAL_TIMEOUT;;FALSE;FALSE;TRUE;FALSE;1;758;stihl_resultaten.csv
10157000;;2026-09-26;TECHNICAL_TIMEOUT;time-out;;;;;;MY_STIHL;https://app.stihl.com/nl-nl/mystihl/tools/add;authenticated MY STIHL UI lookup;TECHNICAL_TIMEOUT;;FALSE;FALSE;TRUE;FALSE;1;759;stihl_resultaten.csv
10158000;;2026-09-26;TECHNICAL_TIMEOUT;time-out;;;;;;MY_STIHL;https://app.stihl.com/nl-nl/mystihl/tools/add;authenticated MY STIHL UI lookup;TECHNICAL_TIMEOUT;;FALSE;FALSE;TRUE;FALSE;1;760;stihl_resultaten.csv
10159000;;2026-09-26;TECHNICAL_TIMEOUT;time-out;;;;;;MY_STIHL;https://app.stihl.com/nl-nl/mystihl/tools/add;authenticated MY STIHL UI lookup;TECHNICAL_TIMEOUT;;FALSE;FALSE;TRUE;FALSE;1;761;stihl_resultaten.csv
10160000;;2026-09-26;TECHNICAL_TIMEOUT;time-out;;;;;;MY_STIHL;https://app.stihl.com/nl-nl/mystihl/tools/add;authenticated MY STIHL UI lookup;TECHNICAL_TIMEOUT;;FALSE;FALSE;TRUE;FALSE;1;762;stihl_resultaten.csv
10161000;;2026-09-26;TECHNICAL_TIMEOUT;time-out;;;;;;MY_STIHL;https://app.stihl.com/nl-nl/mystihl/tools/add;authenticated MY STIHL UI lookup;TECHNICAL_TIMEOUT;;FALSE;FALSE;TRUE;FALSE;1;763;stihl_resultaten.csv
10162000;;2026-09-26;TECHNICAL_TIMEOUT;time-out;;;;;;MY_STIHL;https://app.stihl.com/nl-nl/mystihl/tools/add;authenticated MY STIHL UI lookup;TECHNICAL_TIMEOUT;;FALSE;FALSE;TRUE;FALSE;1;764;stihl_resultaten.csv
10163000;;2026-09-26;TECHNICAL_TIMEOUT;time-out;;;;;;MY_STIHL;https://app.stihl.com/nl-nl/mystihl/tools/add;authenticated MY STIHL UI lookup;TECHNICAL_TIMEOUT;;FALSE;FALSE;TRUE;FALSE;1;765;stihl_resultaten.csv
10168000;;2026-09-26;TECHNICAL_TIMEOUT;time-out;;;;;;MY_STIHL;https://app.stihl.com/nl-nl/mystihl/tools/add;authenticated MY STIHL UI lookup;TECHNICAL_TIMEOUT;;FALSE;FALSE;TRUE;FALSE;1;770;stihl_resultaten.csv
10171000;;2026-09-26;TECHNICAL_TIMEOUT;time-out;;;;;;MY_STIHL;https://app.stihl.com/nl-nl/mystihl/tools/add;authenticated MY STIHL UI lookup;TECHNICAL_TIMEOUT;;FALSE;FALSE;TRUE;FALSE;1;773;stihl_resultaten.csv
10172000;;2026-09-26;TECHNICAL_TIMEOUT;time-out;;;;;;MY_STIHL;https://app.stihl.com/nl-nl/mystihl/tools/add;authenticated MY STIHL UI lookup;TECHNICAL_TIMEOUT;;FALSE;FALSE;TRUE;FALSE;1;774;stihl_resultaten.csv
10176000;;2026-09-26;TECHNICAL_TIMEOUT;time-out;;;;;;MY_STIHL;https://app.stihl.com/nl-nl/mystihl/tools/add;authenticated MY STIHL UI lookup;TECHNICAL_TIMEOUT;;FALSE;FALSE;TRUE;FALSE;1;778;stihl_resultaten.csv
10177000;;2026-09-26;TECHNICAL_TIMEOUT;time-out;;;;;;MY_STIHL;https://app.stihl.com/nl-nl/mystihl/tools/add;authenticated MY STIHL UI lookup;TECHNICAL_TIMEOUT;;FALSE;FALSE;TRUE;FALSE;1;779;stihl_resultaten.csv
10178000;;2026-09-26;TECHNICAL_TIMEOUT;time-out;;;;;;MY_STIHL;https://app.stihl.com/nl-nl/mystihl/tools/add;authenticated MY STIHL UI lookup;TECHNICAL_TIMEOUT;;FALSE;FALSE;TRUE;FALSE;1;780;stihl_resultaten.csv
10179000;;2026-09-26;TECHNICAL_TIMEOUT;time-out;;;;;;MY_STIHL;https://app.stihl.com/nl-nl/mystihl/tools/add;authenticated MY STIHL UI lookup;TECHNICAL_TIMEOUT;;FALSE;FALSE;TRUE;FALSE;1;781;stihl_resultaten.csv
10180000;;2026-09-26;TECHNICAL_TIMEOUT;time-out;;;;;;MY_STIHL;https://app.stihl.com/nl-nl/mystihl/tools/add;authenticated MY STIHL UI lookup;TECHNICAL_TIMEOUT;;FALSE;FALSE;TRUE;FALSE;1;782;stihl_resultaten.csv
10181000;;2026-09-26;TECHNICAL_TIMEOUT;time-out;;;;;;MY_STIHL;https://app.stihl.com/nl-nl/mystihl/tools/add;authenticated MY STIHL UI lookup;TECHNICAL_TIMEOUT;;FALSE;FALSE;TRUE;FALSE;1;783;stihl_resultaten.csv
10182000;;2026-09-26;TECHNICAL_TIMEOUT;time-out;;;;;;MY_STIHL;https://app.stihl.com/nl-nl/mystihl/tools/add;authenticated MY STIHL UI lookup;TECHNICAL_TIMEOUT;;FALSE;FALSE;TRUE;FALSE;1;784;stihl_resultaten.csv
10185000;;2026-09-26;TECHNICAL_TIMEOUT;time-out;;;;;;MY_STIHL;https://app.stihl.com/nl-nl/mystihl/tools/add;authenticated MY STIHL UI lookup;TECHNICAL_TIMEOUT;;FALSE;FALSE;TRUE;FALSE;1;787;stihl_resultaten.csv
10186000;;2026-09-26;TECHNICAL_TIMEOUT;time-out;;;;;;MY_STIHL;https://app.stihl.com/nl-nl/mystihl/tools/add;authenticated MY STIHL UI lookup;TECHNICAL_TIMEOUT;;FALSE;FALSE;TRUE;FALSE;1;788;stihl_resultaten.csv
10187000;;2026-09-26;TECHNICAL_TIMEOUT;time-out;;;;;;MY_STIHL;https://app.stihl.com/nl-nl/mystihl/tools/add;authenticated MY STIHL UI lookup;TECHNICAL_TIMEOUT;;FALSE;FALSE;TRUE;FALSE;1;789;stihl_resultaten.csv
10188000;;2026-09-26;TECHNICAL_TIMEOUT;time-out;;;;;;MY_STIHL;https://app.stihl.com/nl-nl/mystihl/tools/add;authenticated MY STIHL UI lookup;TECHNICAL_TIMEOUT;;FALSE;FALSE;TRUE;FALSE;1;790;stihl_resultaten.csv
10189000;;2026-09-26;TECHNICAL_TIMEOUT;time-out;;;;;;MY_STIHL;https://app.stihl.com/nl-nl/mystihl/tools/add;authenticated MY STIHL UI lookup;TECHNICAL_TIMEOUT;;FALSE;FALSE;TRUE;FALSE;1;791;stihl_resultaten.csv
10190000;;2026-09-26;TECHNICAL_TIMEOUT;time-out;;;;;;MY_STIHL;https://app.stihl.com/nl-nl/mystihl/tools/add;authenticated MY STIHL UI lookup;TECHNICAL_TIMEOUT;;FALSE;FALSE;TRUE;FALSE;1;792;stihl_resultaten.csv
10191000;;2026-09-26;TECHNICAL_TIMEOUT;time-out;;;;;;MY_STIHL;https://app.stihl.com/nl-nl/mystihl/tools/add;authenticated MY STIHL UI lookup;TECHNICAL_TIMEOUT;;FALSE;FALSE;TRUE;FALSE;1;793;stihl_resultaten.csv
10192000;;2026-09-26;TECHNICAL_TIMEOUT;time-out;;;;;;MY_STIHL;https://app.stihl.com/nl-nl/mystihl/tools/add;authenticated MY STIHL UI lookup;TECHNICAL_TIMEOUT;;FALSE;FALSE;TRUE;FALSE;1;794;stihl_resultaten.csv
10193000;;2026-09-26;TECHNICAL_TIMEOUT;time-out;;;;;;MY_STIHL;https://app.stihl.com/nl-nl/mystihl/tools/add;authenticated MY STIHL UI lookup;TECHNICAL_TIMEOUT;;FALSE;FALSE;TRUE;FALSE;1;795;stihl_resultaten.csv
10194000;;2026-09-26;TECHNICAL_TIMEOUT;time-out;;;;;;MY_STIHL;https://app.stihl.com/nl-nl/mystihl/tools/add;authenticated MY STIHL UI lookup;TECHNICAL_TIMEOUT;;FALSE;FALSE;TRUE;FALSE;1;796;stihl_resultaten.csv
10195000;;2026-09-26;TECHNICAL_TIMEOUT;time-out;;;;;;MY_STIHL;https://app.stihl.com/nl-nl/mystihl/tools/add;authenticated MY STIHL UI lookup;TECHNICAL_TIMEOUT;;FALSE;FALSE;TRUE;FALSE;1;797;stihl_resultaten.csv
10196000;;2026-09-26;TECHNICAL_TIMEOUT;time-out;;;;;;MY_STIHL;https://app.stihl.com/nl-nl/mystihl/tools/add;authenticated MY STIHL UI lookup;TECHNICAL_TIMEOUT;;FALSE;FALSE;TRUE;FALSE;1;798;stihl_resultaten.csv
10197000;;2026-09-26;TECHNICAL_TIMEOUT;time-out;;;;;;MY_STIHL;https://app.stihl.com/nl-nl/mystihl/tools/add;authenticated MY STIHL UI lookup;TECHNICAL_TIMEOUT;;FALSE;FALSE;TRUE;FALSE;1;799;stihl_resultaten.csv
10198000;;2026-09-26;TECHNICAL_TIMEOUT;time-out;;;;;;MY_STIHL;https://app.stihl.com/nl-nl/mystihl/tools/add;authenticated MY STIHL UI lookup;TECHNICAL_TIMEOUT;;FALSE;FALSE;TRUE;FALSE;1;800;stihl_resultaten.csv
10199000;;2026-09-26;TECHNICAL_TIMEOUT;time-out;;;;;;MY_STIHL;https://app.stihl.com/nl-nl/mystihl/tools/add;authenticated MY STIHL UI lookup;TECHNICAL_TIMEOUT;;FALSE;FALSE;TRUE;FALSE;1;801;stihl_resultaten.csv
10200000;;2026-09-26;TECHNICAL_TIMEOUT;time-out;;;;;;MY_STIHL;https://app.stihl.com/nl-nl/mystihl/tools/add;authenticated MY STIHL UI lookup;TECHNICAL_TIMEOUT;;FALSE;FALSE;TRUE;FALSE;1;802;stihl_resultaten.csv
10201000;;2026-09-26;TECHNICAL_TIMEOUT;time-out;;;;;;MY_STIHL;https://app.stihl.com/nl-nl/mystihl/tools/add;authenticated MY STIHL UI lookup;TECHNICAL_TIMEOUT;;FALSE;FALSE;TRUE;FALSE;1;803;stihl_resultaten.csv
10202000;;2026-09-26;TECHNICAL_TIMEOUT;time-out;;;;;;MY_STIHL;https://app.stihl.com/nl-nl/mystihl/tools/add;authenticated MY STIHL UI lookup;TECHNICAL_TIMEOUT;;FALSE;FALSE;TRUE;FALSE;1;804;stihl_resultaten.csv
10203000;;2026-09-26;TECHNICAL_TIMEOUT;time-out;;;;;;MY_STIHL;https://app.stihl.com/nl-nl/mystihl/tools/add;authenticated MY STIHL UI lookup;TECHNICAL_TIMEOUT;;FALSE;FALSE;TRUE;FALSE;1;805;stihl_resultaten.csv
10204000;;2026-09-26;TECHNICAL_TIMEOUT;time-out;;;;;;MY_STIHL;https://app.stihl.com/nl-nl/mystihl/tools/add;authenticated MY STIHL UI lookup;TECHNICAL_TIMEOUT;;FALSE;FALSE;TRUE;FALSE;1;806;stihl_resultaten.csv
10205000;;2026-09-26;TECHNICAL_TIMEOUT;time-out;;;;;;MY_STIHL;https://app.stihl.com/nl-nl/mystihl/tools/add;authenticated MY STIHL UI lookup;TECHNICAL_TIMEOUT;;FALSE;FALSE;TRUE;FALSE;1;807;stihl_resultaten.csv
10206000;;2026-09-26;TECHNICAL_TIMEOUT;time-out;;;;;;MY_STIHL;https://app.stihl.com/nl-nl/mystihl/tools/add;authenticated MY STIHL UI lookup;TECHNICAL_TIMEOUT;;FALSE;FALSE;TRUE;FALSE;1;808;stihl_resultaten.csv
10207000;;2026-09-26;TECHNICAL_TIMEOUT;time-out;;;;;;MY_STIHL;https://app.stihl.com/nl-nl/mystihl/tools/add;authenticated MY STIHL UI lookup;TECHNICAL_TIMEOUT;;FALSE;FALSE;TRUE;FALSE;1;809;stihl_resultaten.csv
10208000;;2026-09-26;TECHNICAL_TIMEOUT;time-out;;;;;;MY_STIHL;https://app.stihl.com/nl-nl/mystihl/tools/add;authenticated MY STIHL UI lookup;TECHNICAL_TIMEOUT;;FALSE;FALSE;TRUE;FALSE;1;810;stihl_resultaten.csv
10209000;;2026-09-26;TECHNICAL_TIMEOUT;time-out;;;;;;MY_STIHL;https://app.stihl.com/nl-nl/mystihl/tools/add;authenticated MY STIHL UI lookup;TECHNICAL_TIMEOUT;;FALSE;FALSE;TRUE;FALSE;1;811;stihl_resultaten.csv
10210000;;2026-09-26;TECHNICAL_TIMEOUT;time-out;;;;;;MY_STIHL;https://app.stihl.com/nl-nl/mystihl/tools/add;authenticated MY STIHL UI lookup;TECHNICAL_TIMEOUT;;FALSE;FALSE;TRUE;FALSE;1;812;stihl_resultaten.csv
10211000;;2026-09-26;TECHNICAL_TIMEOUT;time-out;;;;;;MY_STIHL;https://app.stihl.com/nl-nl/mystihl/tools/add;authenticated MY STIHL UI lookup;TECHNICAL_TIMEOUT;;FALSE;FALSE;TRUE;FALSE;1;813;stihl_resultaten.csv
10212000;;2026-09-26;TECHNICAL_TIMEOUT;time-out;;;;;;MY_STIHL;https://app.stihl.com/nl-nl/mystihl/tools/add;authenticated MY STIHL UI lookup;TECHNICAL_TIMEOUT;;FALSE;FALSE;TRUE;FALSE;1;814;stihl_resultaten.csv
10215000;;2026-09-26;TECHNICAL_TIMEOUT;time-out;;;;;;MY_STIHL;https://app.stihl.com/nl-nl/mystihl/tools/add;authenticated MY STIHL UI lookup;TECHNICAL_TIMEOUT;;FALSE;FALSE;TRUE;FALSE;1;817;stihl_resultaten.csv
10217000;;2026-09-26;TECHNICAL_TIMEOUT;time-out;;;;;;MY_STIHL;https://app.stihl.com/nl-nl/mystihl/tools/add;authenticated MY STIHL UI lookup;TECHNICAL_TIMEOUT;;FALSE;FALSE;TRUE;FALSE;1;819;stihl_resultaten.csv
10221000;;2026-09-26;TECHNICAL_TIMEOUT;time-out;;;;;;MY_STIHL;https://app.stihl.com/nl-nl/mystihl/tools/add;authenticated MY STIHL UI lookup;TECHNICAL_TIMEOUT;;FALSE;FALSE;TRUE;FALSE;1;823;stihl_resultaten.csv
10222000;;2026-09-26;TECHNICAL_TIMEOUT;time-out;;;;;;MY_STIHL;https://app.stihl.com/nl-nl/mystihl/tools/add;authenticated MY STIHL UI lookup;TECHNICAL_TIMEOUT;;FALSE;FALSE;TRUE;FALSE;1;824;stihl_resultaten.csv
10223000;;2026-09-26;TECHNICAL_TIMEOUT;time-out;;;;;;MY_STIHL;https://app.stihl.com/nl-nl/mystihl/tools/add;authenticated MY STIHL UI lookup;TECHNICAL_TIMEOUT;;FALSE;FALSE;TRUE;FALSE;1;825;stihl_resultaten.csv
10224000;;2026-09-26;TECHNICAL_TIMEOUT;time-out;;;;;;MY_STIHL;https://app.stihl.com/nl-nl/mystihl/tools/add;authenticated MY STIHL UI lookup;TECHNICAL_TIMEOUT;;FALSE;FALSE;TRUE;FALSE;1;826;stihl_resultaten.csv
10225000;;2026-09-26;TECHNICAL_TIMEOUT;time-out;;;;;;MY_STIHL;https://app.stihl.com/nl-nl/mystihl/tools/add;authenticated MY STIHL UI lookup;TECHNICAL_TIMEOUT;;FALSE;FALSE;TRUE;FALSE;1;827;stihl_resultaten.csv
10226000;;2026-09-26;TECHNICAL_TIMEOUT;time-out;;;;;;MY_STIHL;https://app.stihl.com/nl-nl/mystihl/tools/add;authenticated MY STIHL UI lookup;TECHNICAL_TIMEOUT;;FALSE;FALSE;TRUE;FALSE;1;828;stihl_resultaten.csv
10227000;;2026-09-26;TECHNICAL_TIMEOUT;time-out;;;;;;MY_STIHL;https://app.stihl.com/nl-nl/mystihl/tools/add;authenticated MY STIHL UI lookup;TECHNICAL_TIMEOUT;;FALSE;FALSE;TRUE;FALSE;1;829;stihl_resultaten.csv
10228000;;2026-09-26;TECHNICAL_TIMEOUT;time-out;;;;;;MY_STIHL;https://app.stihl.com/nl-nl/mystihl/tools/add;authenticated MY STIHL UI lookup;TECHNICAL_TIMEOUT;;FALSE;FALSE;TRUE;FALSE;1;830;stihl_resultaten.csv
10229000;;2026-09-26;TECHNICAL_TIMEOUT;time-out;;;;;;MY_STIHL;https://app.stihl.com/nl-nl/mystihl/tools/add;authenticated MY STIHL UI lookup;TECHNICAL_TIMEOUT;;FALSE;FALSE;TRUE;FALSE;1;831;stihl_resultaten.csv
10230000;;2026-09-26;TECHNICAL_TIMEOUT;time-out;;;;;;MY_STIHL;https://app.stihl.com/nl-nl/mystihl/tools/add;authenticated MY STIHL UI lookup;TECHNICAL_TIMEOUT;;FALSE;FALSE;TRUE;FALSE;1;832;stihl_resultaten.csv
10231000;;2026-09-26;TECHNICAL_TIMEOUT;time-out;;;;;;MY_STIHL;https://app.stihl.com/nl-nl/mystihl/tools/add;authenticated MY STIHL UI lookup;TECHNICAL_TIMEOUT;;FALSE;FALSE;TRUE;FALSE;1;833;stihl_resultaten.csv
10232000;;2026-09-26;TECHNICAL_TIMEOUT;time-out;;;;;;MY_STIHL;https://app.stihl.com/nl-nl/mystihl/tools/add;authenticated MY STIHL UI lookup;TECHNICAL_TIMEOUT;;FALSE;FALSE;TRUE;FALSE;1;834;stihl_resultaten.csv
10233000;;2026-09-26;TECHNICAL_TIMEOUT;time-out;;;;;;MY_STIHL;https://app.stihl.com/nl-nl/mystihl/tools/add;authenticated MY STIHL UI lookup;TECHNICAL_TIMEOUT;;FALSE;FALSE;TRUE;FALSE;1;835;stihl_resultaten.csv
10234000;;2026-09-26;TECHNICAL_TIMEOUT;time-out;;;;;;MY_STIHL;https://app.stihl.com/nl-nl/mystihl/tools/add;authenticated MY STIHL UI lookup;TECHNICAL_TIMEOUT;;FALSE;FALSE;TRUE;FALSE;1;836;stihl_resultaten.csv
10243000;;2026-09-26;TECHNICAL_TIMEOUT;time-out;;;;;;MY_STIHL;https://app.stihl.com/nl-nl/mystihl/tools/add;authenticated MY STIHL UI lookup;TECHNICAL_TIMEOUT;;FALSE;FALSE;TRUE;FALSE;1;845;stihl_resultaten.csv
10245000;;2026-09-26;TECHNICAL_TIMEOUT;time-out;;;;;;MY_STIHL;https://app.stihl.com/nl-nl/mystihl/tools/add;authenticated MY STIHL UI lookup;TECHNICAL_TIMEOUT;;FALSE;FALSE;TRUE;FALSE;1;847;stihl_resultaten.csv
10247000;;2026-09-26;TECHNICAL_TIMEOUT;time-out;;;;;;MY_STIHL;https://app.stihl.com/nl-nl/mystihl/tools/add;authenticated MY STIHL UI lookup;TECHNICAL_TIMEOUT;;FALSE;FALSE;TRUE;FALSE;1;849;stihl_resultaten.csv
10248000;;2026-09-26;TECHNICAL_TIMEOUT;time-out;;;;;;MY_STIHL;https://app.stihl.com/nl-nl/mystihl/tools/add;authenticated MY STIHL UI lookup;TECHNICAL_TIMEOUT;;FALSE;FALSE;TRUE;FALSE;1;850;stihl_resultaten.csv
10249000;;2026-09-26;TECHNICAL_TIMEOUT;time-out;;;;;;MY_STIHL;https://app.stihl.com/nl-nl/mystihl/tools/add;authenticated MY STIHL UI lookup;TECHNICAL_TIMEOUT;;FALSE;FALSE;TRUE;FALSE;1;851;stihl_resultaten.csv
10250000;;2026-09-26;TECHNICAL_TIMEOUT;time-out;;;;;;MY_STIHL;https://app.stihl.com/nl-nl/mystihl/tools/add;authenticated MY STIHL UI lookup;TECHNICAL_TIMEOUT;;FALSE;FALSE;TRUE;FALSE;1;852;stihl_resultaten.csv
10251000;;2026-09-26;TECHNICAL_TIMEOUT;time-out;;;;;;MY_STIHL;https://app.stihl.com/nl-nl/mystihl/tools/add;authenticated MY STIHL UI lookup;TECHNICAL_TIMEOUT;;FALSE;FALSE;TRUE;FALSE;1;853;stihl_resultaten.csv
10252000;;2026-09-26;TECHNICAL_TIMEOUT;time-out;;;;;;MY_STIHL;https://app.stihl.com/nl-nl/mystihl/tools/add;authenticated MY STIHL UI lookup;TECHNICAL_TIMEOUT;;FALSE;FALSE;TRUE;FALSE;1;854;stihl_resultaten.csv
10253000;;2026-09-26;TECHNICAL_TIMEOUT;time-out;;;;;;MY_STIHL;https://app.stihl.com/nl-nl/mystihl/tools/add;authenticated MY STIHL UI lookup;TECHNICAL_TIMEOUT;;FALSE;FALSE;TRUE;FALSE;1;855;stihl_resultaten.csv
10254000;;2026-09-26;TECHNICAL_TIMEOUT;time-out;;;;;;MY_STIHL;https://app.stihl.com/nl-nl/mystihl/tools/add;authenticated MY STIHL UI lookup;TECHNICAL_TIMEOUT;;FALSE;FALSE;TRUE;FALSE;1;856;stihl_resultaten.csv
10255000;;2026-09-26;TECHNICAL_TIMEOUT;time-out;;;;;;MY_STIHL;https://app.stihl.com/nl-nl/mystihl/tools/add;authenticated MY STIHL UI lookup;TECHNICAL_TIMEOUT;;FALSE;FALSE;TRUE;FALSE;1;857;stihl_resultaten.csv
10256000;;2026-09-26;TECHNICAL_TIMEOUT;time-out;;;;;;MY_STIHL;https://app.stihl.com/nl-nl/mystihl/tools/add;authenticated MY STIHL UI lookup;TECHNICAL_TIMEOUT;;FALSE;FALSE;TRUE;FALSE;1;858;stihl_resultaten.csv
10257000;;2026-09-26;TECHNICAL_TIMEOUT;time-out;;;;;;MY_STIHL;https://app.stihl.com/nl-nl/mystihl/tools/add;authenticated MY STIHL UI lookup;TECHNICAL_TIMEOUT;;FALSE;FALSE;TRUE;FALSE;1;859;stihl_resultaten.csv
10258000;;2026-09-26;TECHNICAL_TIMEOUT;time-out;;;;;;MY_STIHL;https://app.stihl.com/nl-nl/mystihl/tools/add;authenticated MY STIHL UI lookup;TECHNICAL_TIMEOUT;;FALSE;FALSE;TRUE;FALSE;1;860;stihl_resultaten.csv
10259000;;2026-09-26;TECHNICAL_TIMEOUT;time-out;;;;;;MY_STIHL;https://app.stihl.com/nl-nl/mystihl/tools/add;authenticated MY STIHL UI lookup;TECHNICAL_TIMEOUT;;FALSE;FALSE;TRUE;FALSE;1;861;stihl_resultaten.csv
10263000;;2026-09-26;TECHNICAL_TIMEOUT;time-out;;;;;;MY_STIHL;https://app.stihl.com/nl-nl/mystihl/tools/add;authenticated MY STIHL UI lookup;TECHNICAL_TIMEOUT;;FALSE;FALSE;TRUE;FALSE;1;865;stihl_resultaten.csv
10264000;;2026-09-26;TECHNICAL_TIMEOUT;time-out;;;;;;MY_STIHL;https://app.stihl.com/nl-nl/mystihl/tools/add;authenticated MY STIHL UI lookup;TECHNICAL_TIMEOUT;;FALSE;FALSE;TRUE;FALSE;1;866;stihl_resultaten.csv
10265000;;2026-09-26;TECHNICAL_TIMEOUT;time-out;;;;;;MY_STIHL;https://app.stihl.com/nl-nl/mystihl/tools/add;authenticated MY STIHL UI lookup;TECHNICAL_TIMEOUT;;FALSE;FALSE;TRUE;FALSE;1;867;stihl_resultaten.csv
10266000;;2026-09-26;TECHNICAL_TIMEOUT;time-out;;;;;;MY_STIHL;https://app.stihl.com/nl-nl/mystihl/tools/add;authenticated MY STIHL UI lookup;TECHNICAL_TIMEOUT;;FALSE;FALSE;TRUE;FALSE;1;868;stihl_resultaten.csv
10267000;;2026-09-26;TECHNICAL_TIMEOUT;time-out;;;;;;MY_STIHL;https://app.stihl.com/nl-nl/mystihl/tools/add;authenticated MY STIHL UI lookup;TECHNICAL_TIMEOUT;;FALSE;FALSE;TRUE;FALSE;1;869;stihl_resultaten.csv
10268000;;2026-09-26;TECHNICAL_TIMEOUT;time-out;;;;;;MY_STIHL;https://app.stihl.com/nl-nl/mystihl/tools/add;authenticated MY STIHL UI lookup;TECHNICAL_TIMEOUT;;FALSE;FALSE;TRUE;FALSE;1;870;stihl_resultaten.csv
10269000;;2026-09-26;TECHNICAL_TIMEOUT;time-out;;;;;;MY_STIHL;https://app.stihl.com/nl-nl/mystihl/tools/add;authenticated MY STIHL UI lookup;TECHNICAL_TIMEOUT;;FALSE;FALSE;TRUE;FALSE;1;871;stihl_resultaten.csv
10270000;;2026-09-26;TECHNICAL_TIMEOUT;time-out;;;;;;MY_STIHL;https://app.stihl.com/nl-nl/mystihl/tools/add;authenticated MY STIHL UI lookup;TECHNICAL_TIMEOUT;;FALSE;FALSE;TRUE;FALSE;1;872;stihl_resultaten.csv
10271000;;2026-09-26;TECHNICAL_TIMEOUT;time-out;;;;;;MY_STIHL;https://app.stihl.com/nl-nl/mystihl/tools/add;authenticated MY STIHL UI lookup;TECHNICAL_TIMEOUT;;FALSE;FALSE;TRUE;FALSE;1;873;stihl_resultaten.csv
10272000;;2026-09-26;TECHNICAL_TIMEOUT;time-out;;;;;;MY_STIHL;https://app.stihl.com/nl-nl/mystihl/tools/add;authenticated MY STIHL UI lookup;TECHNICAL_TIMEOUT;;FALSE;FALSE;TRUE;FALSE;1;874;stihl_resultaten.csv
10273000;;2026-09-26;TECHNICAL_TIMEOUT;time-out;;;;;;MY_STIHL;https://app.stihl.com/nl-nl/mystihl/tools/add;authenticated MY STIHL UI lookup;TECHNICAL_TIMEOUT;;FALSE;FALSE;TRUE;FALSE;1;875;stihl_resultaten.csv
10274000;;2026-09-26;TECHNICAL_TIMEOUT;time-out;;;;;;MY_STIHL;https://app.stihl.com/nl-nl/mystihl/tools/add;authenticated MY STIHL UI lookup;TECHNICAL_TIMEOUT;;FALSE;FALSE;TRUE;FALSE;1;876;stihl_resultaten.csv
10275000;;2026-09-26;TECHNICAL_TIMEOUT;time-out;;;;;;MY_STIHL;https://app.stihl.com/nl-nl/mystihl/tools/add;authenticated MY STIHL UI lookup;TECHNICAL_TIMEOUT;;FALSE;FALSE;TRUE;FALSE;1;877;stihl_resultaten.csv
10276000;;2026-09-26;TECHNICAL_TIMEOUT;time-out;;;;;;MY_STIHL;https://app.stihl.com/nl-nl/mystihl/tools/add;authenticated MY STIHL UI lookup;TECHNICAL_TIMEOUT;;FALSE;FALSE;TRUE;FALSE;1;878;stihl_resultaten.csv
10277000;;2026-09-26;TECHNICAL_TIMEOUT;time-out;;;;;;MY_STIHL;https://app.stihl.com/nl-nl/mystihl/tools/add;authenticated MY STIHL UI lookup;TECHNICAL_TIMEOUT;;FALSE;FALSE;TRUE;FALSE;1;879;stihl_resultaten.csv
10278000;;2026-09-26;TECHNICAL_TIMEOUT;time-out;;;;;;MY_STIHL;https://app.stihl.com/nl-nl/mystihl/tools/add;authenticated MY STIHL UI lookup;TECHNICAL_TIMEOUT;;FALSE;FALSE;TRUE;FALSE;1;880;stihl_resultaten.csv
10279000;;2026-09-26;TECHNICAL_TIMEOUT;time-out;;;;;;MY_STIHL;https://app.stihl.com/nl-nl/mystihl/tools/add;authenticated MY STIHL UI lookup;TECHNICAL_TIMEOUT;;FALSE;FALSE;TRUE;FALSE;1;881;stihl_resultaten.csv
10280000;;2026-09-26;TECHNICAL_TIMEOUT;time-out;;;;;;MY_STIHL;https://app.stihl.com/nl-nl/mystihl/tools/add;authenticated MY STIHL UI lookup;TECHNICAL_TIMEOUT;;FALSE;FALSE;TRUE;FALSE;1;882;stihl_resultaten.csv
10281000;;2026-09-26;TECHNICAL_TIMEOUT;time-out;;;;;;MY_STIHL;https://app.stihl.com/nl-nl/mystihl/tools/add;authenticated MY STIHL UI lookup;TECHNICAL_TIMEOUT;;FALSE;FALSE;TRUE;FALSE;1;883;stihl_resultaten.csv
10282000;;2026-09-26;TECHNICAL_TIMEOUT;time-out;;;;;;MY_STIHL;https://app.stihl.com/nl-nl/mystihl/tools/add;authenticated MY STIHL UI lookup;TECHNICAL_TIMEOUT;;FALSE;FALSE;TRUE;FALSE;1;884;stihl_resultaten.csv
10283000;;2026-09-26;TECHNICAL_TIMEOUT;time-out;;;;;;MY_STIHL;https://app.stihl.com/nl-nl/mystihl/tools/add;authenticated MY STIHL UI lookup;TECHNICAL_TIMEOUT;;FALSE;FALSE;TRUE;FALSE;1;885;stihl_resultaten.csv
10284000;;2026-09-26;TECHNICAL_TIMEOUT;time-out;;;;;;MY_STIHL;https://app.stihl.com/nl-nl/mystihl/tools/add;authenticated MY STIHL UI lookup;TECHNICAL_TIMEOUT;;FALSE;FALSE;TRUE;FALSE;1;886;stihl_resultaten.csv
10285000;;2026-09-26;TECHNICAL_TIMEOUT;time-out;;;;;;MY_STIHL;https://app.stihl.com/nl-nl/mystihl/tools/add;authenticated MY STIHL UI lookup;TECHNICAL_TIMEOUT;;FALSE;FALSE;TRUE;FALSE;1;887;stihl_resultaten.csv
10286000;;2026-09-26;TECHNICAL_TIMEOUT;time-out;;;;;;MY_STIHL;https://app.stihl.com/nl-nl/mystihl/tools/add;authenticated MY STIHL UI lookup;TECHNICAL_TIMEOUT;;FALSE;FALSE;TRUE;FALSE;1;888;stihl_resultaten.csv
10287000;;2026-09-26;TECHNICAL_TIMEOUT;time-out;;;;;;MY_STIHL;https://app.stihl.com/nl-nl/mystihl/tools/add;authenticated MY STIHL UI lookup;TECHNICAL_TIMEOUT;;FALSE;FALSE;TRUE;FALSE;1;889;stihl_resultaten.csv
10288000;;2026-09-26;TECHNICAL_TIMEOUT;time-out;;;;;;MY_STIHL;https://app.stihl.com/nl-nl/mystihl/tools/add;authenticated MY STIHL UI lookup;TECHNICAL_TIMEOUT;;FALSE;FALSE;TRUE;FALSE;1;890;stihl_resultaten.csv
10289000;;2026-09-26;TECHNICAL_TIMEOUT;time-out;;;;;;MY_STIHL;https://app.stihl.com/nl-nl/mystihl/tools/add;authenticated MY STIHL UI lookup;TECHNICAL_TIMEOUT;;FALSE;FALSE;TRUE;FALSE;1;891;stihl_resultaten.csv
10290000;;2026-09-26;TECHNICAL_TIMEOUT;time-out;;;;;;MY_STIHL;https://app.stihl.com/nl-nl/mystihl/tools/add;authenticated MY STIHL UI lookup;TECHNICAL_TIMEOUT;;FALSE;FALSE;TRUE;FALSE;1;892;stihl_resultaten.csv
10291000;;2026-09-26;TECHNICAL_TIMEOUT;time-out;;;;;;MY_STIHL;https://app.stihl.com/nl-nl/mystihl/tools/add;authenticated MY STIHL UI lookup;TECHNICAL_TIMEOUT;;FALSE;FALSE;TRUE;FALSE;1;893;stihl_resultaten.csv
10292000;;2026-09-26;TECHNICAL_TIMEOUT;time-out;;;;;;MY_STIHL;https://app.stihl.com/nl-nl/mystihl/tools/add;authenticated MY STIHL UI lookup;TECHNICAL_TIMEOUT;;FALSE;FALSE;TRUE;FALSE;1;894;stihl_resultaten.csv
10293000;;2026-09-26;TECHNICAL_TIMEOUT;time-out;;;;;;MY_STIHL;https://app.stihl.com/nl-nl/mystihl/tools/add;authenticated MY STIHL UI lookup;TECHNICAL_TIMEOUT;;FALSE;FALSE;TRUE;FALSE;1;895;stihl_resultaten.csv
10294000;;2026-09-26;TECHNICAL_TIMEOUT;time-out;;;;;;MY_STIHL;https://app.stihl.com/nl-nl/mystihl/tools/add;authenticated MY STIHL UI lookup;TECHNICAL_TIMEOUT;;FALSE;FALSE;TRUE;FALSE;1;896;stihl_resultaten.csv
10295000;;2026-09-26;TECHNICAL_TIMEOUT;time-out;;;;;;MY_STIHL;https://app.stihl.com/nl-nl/mystihl/tools/add;authenticated MY STIHL UI lookup;TECHNICAL_TIMEOUT;;FALSE;FALSE;TRUE;FALSE;1;897;stihl_resultaten.csv
10296000;;2026-09-26;TECHNICAL_TIMEOUT;time-out;;;;;;MY_STIHL;https://app.stihl.com/nl-nl/mystihl/tools/add;authenticated MY STIHL UI lookup;TECHNICAL_TIMEOUT;;FALSE;FALSE;TRUE;FALSE;1;898;stihl_resultaten.csv
10297000;;2026-09-26;TECHNICAL_TIMEOUT;time-out;;;;;;MY_STIHL;https://app.stihl.com/nl-nl/mystihl/tools/add;authenticated MY STIHL UI lookup;TECHNICAL_TIMEOUT;;FALSE;FALSE;TRUE;FALSE;1;899;stihl_resultaten.csv
10298000;;2026-09-26;TECHNICAL_TIMEOUT;time-out;;;;;;MY_STIHL;https://app.stihl.com/nl-nl/mystihl/tools/add;authenticated MY STIHL UI lookup;TECHNICAL_TIMEOUT;;FALSE;FALSE;TRUE;FALSE;1;900;stihl_resultaten.csv
10299000;;2026-09-26;TECHNICAL_TIMEOUT;time-out;;;;;;MY_STIHL;https://app.stihl.com/nl-nl/mystihl/tools/add;authenticated MY STIHL UI lookup;TECHNICAL_TIMEOUT;;FALSE;FALSE;TRUE;FALSE;1;901;stihl_resultaten.csv
10300000;;2026-09-26;TECHNICAL_TIMEOUT;time-out;;;;;;MY_STIHL;https://app.stihl.com/nl-nl/mystihl/tools/add;authenticated MY STIHL UI lookup;TECHNICAL_TIMEOUT;;FALSE;FALSE;TRUE;FALSE;1;902;stihl_resultaten.csv
10301000;;2026-09-26;TECHNICAL_TIMEOUT;time-out;;;;;;MY_STIHL;https://app.stihl.com/nl-nl/mystihl/tools/add;authenticated MY STIHL UI lookup;TECHNICAL_TIMEOUT;;FALSE;FALSE;TRUE;FALSE;1;903;stihl_resultaten.csv
10302000;;2026-09-26;TECHNICAL_TIMEOUT;time-out;;;;;;MY_STIHL;https://app.stihl.com/nl-nl/mystihl/tools/add;authenticated MY STIHL UI lookup;TECHNICAL_TIMEOUT;;FALSE;FALSE;TRUE;FALSE;1;904;stihl_resultaten.csv
10303000;;2026-09-26;TECHNICAL_TIMEOUT;time-out;;;;;;MY_STIHL;https://app.stihl.com/nl-nl/mystihl/tools/add;authenticated MY STIHL UI lookup;TECHNICAL_TIMEOUT;;FALSE;FALSE;TRUE;FALSE;1;905;stihl_resultaten.csv
10304000;;2026-09-26;TECHNICAL_TIMEOUT;time-out;;;;;;MY_STIHL;https://app.stihl.com/nl-nl/mystihl/tools/add;authenticated MY STIHL UI lookup;TECHNICAL_TIMEOUT;;FALSE;FALSE;TRUE;FALSE;1;906;stihl_resultaten.csv
10305000;;2026-09-26;TECHNICAL_TIMEOUT;time-out;;;;;;MY_STIHL;https://app.stihl.com/nl-nl/mystihl/tools/add;authenticated MY STIHL UI lookup;TECHNICAL_TIMEOUT;;FALSE;FALSE;TRUE;FALSE;1;907;stihl_resultaten.csv
10306000;;2026-09-26;TECHNICAL_TIMEOUT;time-out;;;;;;MY_STIHL;https://app.stihl.com/nl-nl/mystihl/tools/add;authenticated MY STIHL UI lookup;TECHNICAL_TIMEOUT;;FALSE;FALSE;TRUE;FALSE;1;908;stihl_resultaten.csv
10307000;;2026-09-26;TECHNICAL_TIMEOUT;time-out;;;;;;MY_STIHL;https://app.stihl.com/nl-nl/mystihl/tools/add;authenticated MY STIHL UI lookup;TECHNICAL_TIMEOUT;;FALSE;FALSE;TRUE;FALSE;1;909;stihl_resultaten.csv
10314000;;2026-09-26;TECHNICAL_TIMEOUT;time-out;;;;;;MY_STIHL;https://app.stihl.com/nl-nl/mystihl/tools/add;authenticated MY STIHL UI lookup;TECHNICAL_TIMEOUT;;FALSE;FALSE;TRUE;FALSE;1;916;stihl_resultaten.csv
10322000;;2026-09-26;TECHNICAL_TIMEOUT;time-out;;;;;;MY_STIHL;https://app.stihl.com/nl-nl/mystihl/tools/add;authenticated MY STIHL UI lookup;TECHNICAL_TIMEOUT;;FALSE;FALSE;TRUE;FALSE;1;924;stihl_resultaten.csv
10327000;;2026-09-26;TECHNICAL_TIMEOUT;time-out;;;;;;MY_STIHL;https://app.stihl.com/nl-nl/mystihl/tools/add;authenticated MY STIHL UI lookup;TECHNICAL_TIMEOUT;;FALSE;FALSE;TRUE;FALSE;1;929;stihl_resultaten.csv
10328000;;2026-09-26;TECHNICAL_TIMEOUT;time-out;;;;;;MY_STIHL;https://app.stihl.com/nl-nl/mystihl/tools/add;authenticated MY STIHL UI lookup;TECHNICAL_TIMEOUT;;FALSE;FALSE;TRUE;FALSE;1;930;stihl_resultaten.csv
10329000;;2026-09-26;TECHNICAL_TIMEOUT;time-out;;;;;;MY_STIHL;https://app.stihl.com/nl-nl/mystihl/tools/add;authenticated MY STIHL UI lookup;TECHNICAL_TIMEOUT;;FALSE;FALSE;TRUE;FALSE;1;931;stihl_resultaten.csv
10330000;;2026-09-26;TECHNICAL_TIMEOUT;time-out;;;;;;MY_STIHL;https://app.stihl.com/nl-nl/mystihl/tools/add;authenticated MY STIHL UI lookup;TECHNICAL_TIMEOUT;;FALSE;FALSE;TRUE;FALSE;1;932;stihl_resultaten.csv
10331000;;2026-09-26;TECHNICAL_TIMEOUT;time-out;;;;;;MY_STIHL;https://app.stihl.com/nl-nl/mystihl/tools/add;authenticated MY STIHL UI lookup;TECHNICAL_TIMEOUT;;FALSE;FALSE;TRUE;FALSE;1;933;stihl_resultaten.csv
10332000;;2026-09-26;TECHNICAL_TIMEOUT;time-out;;;;;;MY_STIHL;https://app.stihl.com/nl-nl/mystihl/tools/add;authenticated MY STIHL UI lookup;TECHNICAL_TIMEOUT;;FALSE;FALSE;TRUE;FALSE;1;934;stihl_resultaten.csv
10333000;;2026-09-26;TECHNICAL_TIMEOUT;time-out;;;;;;MY_STIHL;https://app.stihl.com/nl-nl/mystihl/tools/add;authenticated MY STIHL UI lookup;TECHNICAL_TIMEOUT;;FALSE;FALSE;TRUE;FALSE;1;935;stihl_resultaten.csv
10334000;;2026-09-26;TECHNICAL_TIMEOUT;time-out;;;;;;MY_STIHL;https://app.stihl.com/nl-nl/mystihl/tools/add;authenticated MY STIHL UI lookup;TECHNICAL_TIMEOUT;;FALSE;FALSE;TRUE;FALSE;1;936;stihl_resultaten.csv
10335000;;2026-09-26;TECHNICAL_TIMEOUT;time-out;;;;;;MY_STIHL;https://app.stihl.com/nl-nl/mystihl/tools/add;authenticated MY STIHL UI lookup;TECHNICAL_TIMEOUT;;FALSE;FALSE;TRUE;FALSE;1;937;stihl_resultaten.csv
10336000;;2026-09-26;TECHNICAL_TIMEOUT;time-out;;;;;;MY_STIHL;https://app.stihl.com/nl-nl/mystihl/tools/add;authenticated MY STIHL UI lookup;TECHNICAL_TIMEOUT;;FALSE;FALSE;TRUE;FALSE;1;938;stihl_resultaten.csv
10337000;;2026-09-26;TECHNICAL_TIMEOUT;time-out;;;;;;MY_STIHL;https://app.stihl.com/nl-nl/mystihl/tools/add;authenticated MY STIHL UI lookup;TECHNICAL_TIMEOUT;;FALSE;FALSE;TRUE;FALSE;1;939;stihl_resultaten.csv
10338000;;2026-09-26;TECHNICAL_TIMEOUT;time-out;;;;;;MY_STIHL;https://app.stihl.com/nl-nl/mystihl/tools/add;authenticated MY STIHL UI lookup;TECHNICAL_TIMEOUT;;FALSE;FALSE;TRUE;FALSE;1;940;stihl_resultaten.csv
10339000;;2026-09-26;TECHNICAL_TIMEOUT;time-out;;;;;;MY_STIHL;https://app.stihl.com/nl-nl/mystihl/tools/add;authenticated MY STIHL UI lookup;TECHNICAL_TIMEOUT;;FALSE;FALSE;TRUE;FALSE;1;941;stihl_resultaten.csv
10340000;;2026-09-26;TECHNICAL_TIMEOUT;time-out;;;;;;MY_STIHL;https://app.stihl.com/nl-nl/mystihl/tools/add;authenticated MY STIHL UI lookup;TECHNICAL_TIMEOUT;;FALSE;FALSE;TRUE;FALSE;1;942;stihl_resultaten.csv
10341000;;2026-09-26;TECHNICAL_TIMEOUT;time-out;;;;;;MY_STIHL;https://app.stihl.com/nl-nl/mystihl/tools/add;authenticated MY STIHL UI lookup;TECHNICAL_TIMEOUT;;FALSE;FALSE;TRUE;FALSE;1;943;stihl_resultaten.csv
10342000;;2026-09-26;TECHNICAL_TIMEOUT;time-out;;;;;;MY_STIHL;https://app.stihl.com/nl-nl/mystihl/tools/add;authenticated MY STIHL UI lookup;TECHNICAL_TIMEOUT;;FALSE;FALSE;TRUE;FALSE;1;944;stihl_resultaten.csv
10343000;;2026-09-26;TECHNICAL_TIMEOUT;time-out;;;;;;MY_STIHL;https://app.stihl.com/nl-nl/mystihl/tools/add;authenticated MY STIHL UI lookup;TECHNICAL_TIMEOUT;;FALSE;FALSE;TRUE;FALSE;1;945;stihl_resultaten.csv
10344000;;2026-09-26;TECHNICAL_TIMEOUT;time-out;;;;;;MY_STIHL;https://app.stihl.com/nl-nl/mystihl/tools/add;authenticated MY STIHL UI lookup;TECHNICAL_TIMEOUT;;FALSE;FALSE;TRUE;FALSE;1;946;stihl_resultaten.csv
10345000;;2026-09-26;TECHNICAL_TIMEOUT;time-out;;;;;;MY_STIHL;https://app.stihl.com/nl-nl/mystihl/tools/add;authenticated MY STIHL UI lookup;TECHNICAL_TIMEOUT;;FALSE;FALSE;TRUE;FALSE;1;947;stihl_resultaten.csv
10346000;;2026-09-26;TECHNICAL_TIMEOUT;time-out;;;;;;MY_STIHL;https://app.stihl.com/nl-nl/mystihl/tools/add;authenticated MY STIHL UI lookup;TECHNICAL_TIMEOUT;;FALSE;FALSE;TRUE;FALSE;1;948;stihl_resultaten.csv
10347000;;2026-09-26;TECHNICAL_TIMEOUT;time-out;;;;;;MY_STIHL;https://app.stihl.com/nl-nl/mystihl/tools/add;authenticated MY STIHL UI lookup;TECHNICAL_TIMEOUT;;FALSE;FALSE;TRUE;FALSE;1;949;stihl_resultaten.csv
10348000;;2026-09-26;TECHNICAL_TIMEOUT;time-out;;;;;;MY_STIHL;https://app.stihl.com/nl-nl/mystihl/tools/add;authenticated MY STIHL UI lookup;TECHNICAL_TIMEOUT;;FALSE;FALSE;TRUE;FALSE;1;950;stihl_resultaten.csv
10349000;;2026-09-26;TECHNICAL_TIMEOUT;time-out;;;;;;MY_STIHL;https://app.stihl.com/nl-nl/mystihl/tools/add;authenticated MY STIHL UI lookup;TECHNICAL_TIMEOUT;;FALSE;FALSE;TRUE;FALSE;1;951;stihl_resultaten.csv
10350000;;2026-09-26;TECHNICAL_TIMEOUT;time-out;;;;;;MY_STIHL;https://app.stihl.com/nl-nl/mystihl/tools/add;authenticated MY STIHL UI lookup;TECHNICAL_TIMEOUT;;FALSE;FALSE;TRUE;FALSE;1;952;stihl_resultaten.csv
10351000;;2026-09-26;TECHNICAL_TIMEOUT;time-out;;;;;;MY_STIHL;https://app.stihl.com/nl-nl/mystihl/tools/add;authenticated MY STIHL UI lookup;TECHNICAL_TIMEOUT;;FALSE;FALSE;TRUE;FALSE;1;953;stihl_resultaten.csv
10352000;;2026-09-26;TECHNICAL_TIMEOUT;time-out;;;;;;MY_STIHL;https://app.stihl.com/nl-nl/mystihl/tools/add;authenticated MY STIHL UI lookup;TECHNICAL_TIMEOUT;;FALSE;FALSE;TRUE;FALSE;1;954;stihl_resultaten.csv
10353000;;2026-09-26;TECHNICAL_TIMEOUT;time-out;;;;;;MY_STIHL;https://app.stihl.com/nl-nl/mystihl/tools/add;authenticated MY STIHL UI lookup;TECHNICAL_TIMEOUT;;FALSE;FALSE;TRUE;FALSE;1;955;stihl_resultaten.csv
10354000;;2026-09-26;TECHNICAL_TIMEOUT;time-out;;;;;;MY_STIHL;https://app.stihl.com/nl-nl/mystihl/tools/add;authenticated MY STIHL UI lookup;TECHNICAL_TIMEOUT;;FALSE;FALSE;TRUE;FALSE;1;956;stihl_resultaten.csv
10356000;;2026-09-26;TECHNICAL_TIMEOUT;time-out;;;;;;MY_STIHL;https://app.stihl.com/nl-nl/mystihl/tools/add;authenticated MY STIHL UI lookup;TECHNICAL_TIMEOUT;;FALSE;FALSE;TRUE;FALSE;1;958;stihl_resultaten.csv
10357000;;2026-09-26;TECHNICAL_TIMEOUT;time-out;;;;;;MY_STIHL;https://app.stihl.com/nl-nl/mystihl/tools/add;authenticated MY STIHL UI lookup;TECHNICAL_TIMEOUT;;FALSE;FALSE;TRUE;FALSE;1;959;stihl_resultaten.csv
10358000;;2026-09-26;TECHNICAL_TIMEOUT;time-out;;;;;;MY_STIHL;https://app.stihl.com/nl-nl/mystihl/tools/add;authenticated MY STIHL UI lookup;TECHNICAL_TIMEOUT;;FALSE;FALSE;TRUE;FALSE;1;960;stihl_resultaten.csv
10359000;;2026-09-26;TECHNICAL_TIMEOUT;time-out;;;;;;MY_STIHL;https://app.stihl.com/nl-nl/mystihl/tools/add;authenticated MY STIHL UI lookup;TECHNICAL_TIMEOUT;;FALSE;FALSE;TRUE;FALSE;1;961;stihl_resultaten.csv
10360000;;2026-09-26;TECHNICAL_TIMEOUT;time-out;;;;;;MY_STIHL;https://app.stihl.com/nl-nl/mystihl/tools/add;authenticated MY STIHL UI lookup;TECHNICAL_TIMEOUT;;FALSE;FALSE;TRUE;FALSE;1;962;stihl_resultaten.csv
10361000;;2026-09-26;TECHNICAL_TIMEOUT;time-out;;;;;;MY_STIHL;https://app.stihl.com/nl-nl/mystihl/tools/add;authenticated MY STIHL UI lookup;TECHNICAL_TIMEOUT;;FALSE;FALSE;TRUE;FALSE;1;963;stihl_resultaten.csv
10362000;;2026-09-26;TECHNICAL_TIMEOUT;time-out;;;;;;MY_STIHL;https://app.stihl.com/nl-nl/mystihl/tools/add;authenticated MY STIHL UI lookup;TECHNICAL_TIMEOUT;;FALSE;FALSE;TRUE;FALSE;1;964;stihl_resultaten.csv
10363000;;2026-09-26;TECHNICAL_TIMEOUT;time-out;;;;;;MY_STIHL;https://app.stihl.com/nl-nl/mystihl/tools/add;authenticated MY STIHL UI lookup;TECHNICAL_TIMEOUT;;FALSE;FALSE;TRUE;FALSE;1;965;stihl_resultaten.csv
10364000;;2026-09-26;TECHNICAL_TIMEOUT;time-out;;;;;;MY_STIHL;https://app.stihl.com/nl-nl/mystihl/tools/add;authenticated MY STIHL UI lookup;TECHNICAL_TIMEOUT;;FALSE;FALSE;TRUE;FALSE;1;966;stihl_resultaten.csv
10365000;;2026-09-26;TECHNICAL_TIMEOUT;time-out;;;;;;MY_STIHL;https://app.stihl.com/nl-nl/mystihl/tools/add;authenticated MY STIHL UI lookup;TECHNICAL_TIMEOUT;;FALSE;FALSE;TRUE;FALSE;1;967;stihl_resultaten.csv
10366000;;2026-09-26;TECHNICAL_TIMEOUT;time-out;;;;;;MY_STIHL;https://app.stihl.com/nl-nl/mystihl/tools/add;authenticated MY STIHL UI lookup;TECHNICAL_TIMEOUT;;FALSE;FALSE;TRUE;FALSE;1;968;stihl_resultaten.csv
10367000;;2026-09-26;TECHNICAL_TIMEOUT;time-out;;;;;;MY_STIHL;https://app.stihl.com/nl-nl/mystihl/tools/add;authenticated MY STIHL UI lookup;TECHNICAL_TIMEOUT;;FALSE;FALSE;TRUE;FALSE;1;969;stihl_resultaten.csv
10368000;;2026-09-26;TECHNICAL_TIMEOUT;time-out;;;;;;MY_STIHL;https://app.stihl.com/nl-nl/mystihl/tools/add;authenticated MY STIHL UI lookup;TECHNICAL_TIMEOUT;;FALSE;FALSE;TRUE;FALSE;1;970;stihl_resultaten.csv
10369000;;2026-09-26;TECHNICAL_TIMEOUT;time-out;;;;;;MY_STIHL;https://app.stihl.com/nl-nl/mystihl/tools/add;authenticated MY STIHL UI lookup;TECHNICAL_TIMEOUT;;FALSE;FALSE;TRUE;FALSE;1;971;stihl_resultaten.csv
10370000;;2026-09-26;TECHNICAL_TIMEOUT;time-out;;;;;;MY_STIHL;https://app.stihl.com/nl-nl/mystihl/tools/add;authenticated MY STIHL UI lookup;TECHNICAL_TIMEOUT;;FALSE;FALSE;TRUE;FALSE;1;972;stihl_resultaten.csv
10371000;;2026-09-26;TECHNICAL_TIMEOUT;time-out;;;;;;MY_STIHL;https://app.stihl.com/nl-nl/mystihl/tools/add;authenticated MY STIHL UI lookup;TECHNICAL_TIMEOUT;;FALSE;FALSE;TRUE;FALSE;1;973;stihl_resultaten.csv
10372000;;2026-09-26;TECHNICAL_TIMEOUT;time-out;;;;;;MY_STIHL;https://app.stihl.com/nl-nl/mystihl/tools/add;authenticated MY STIHL UI lookup;TECHNICAL_TIMEOUT;;FALSE;FALSE;TRUE;FALSE;1;974;stihl_resultaten.csv
10373000;;2026-09-26;TECHNICAL_TIMEOUT;time-out;;;;;;MY_STIHL;https://app.stihl.com/nl-nl/mystihl/tools/add;authenticated MY STIHL UI lookup;TECHNICAL_TIMEOUT;;FALSE;FALSE;TRUE;FALSE;1;975;stihl_resultaten.csv
10374000;;2026-09-26;TECHNICAL_TIMEOUT;time-out;;;;;;MY_STIHL;https://app.stihl.com/nl-nl/mystihl/tools/add;authenticated MY STIHL UI lookup;TECHNICAL_TIMEOUT;;FALSE;FALSE;TRUE;FALSE;1;976;stihl_resultaten.csv
10375000;;2026-09-26;TECHNICAL_TIMEOUT;time-out;;;;;;MY_STIHL;https://app.stihl.com/nl-nl/mystihl/tools/add;authenticated MY STIHL UI lookup;TECHNICAL_TIMEOUT;;FALSE;FALSE;TRUE;FALSE;1;977;stihl_resultaten.csv
10376000;;2026-09-26;TECHNICAL_TIMEOUT;time-out;;;;;;MY_STIHL;https://app.stihl.com/nl-nl/mystihl/tools/add;authenticated MY STIHL UI lookup;TECHNICAL_TIMEOUT;;FALSE;FALSE;TRUE;FALSE;1;978;stihl_resultaten.csv
10377000;;2026-09-26;TECHNICAL_TIMEOUT;time-out;;;;;;MY_STIHL;https://app.stihl.com/nl-nl/mystihl/tools/add;authenticated MY STIHL UI lookup;TECHNICAL_TIMEOUT;;FALSE;FALSE;TRUE;FALSE;1;979;stihl_resultaten.csv
10378000;;2026-09-26;TECHNICAL_TIMEOUT;time-out;;;;;;MY_STIHL;https://app.stihl.com/nl-nl/mystihl/tools/add;authenticated MY STIHL UI lookup;TECHNICAL_TIMEOUT;;FALSE;FALSE;TRUE;FALSE;1;980;stihl_resultaten.csv
10379000;;2026-09-26;TECHNICAL_TIMEOUT;time-out;;;;;;MY_STIHL;https://app.stihl.com/nl-nl/mystihl/tools/add;authenticated MY STIHL UI lookup;TECHNICAL_TIMEOUT;;FALSE;FALSE;TRUE;FALSE;1;981;stihl_resultaten.csv
10380000;;2026-09-26;TECHNICAL_TIMEOUT;time-out;;;;;;MY_STIHL;https://app.stihl.com/nl-nl/mystihl/tools/add;authenticated MY STIHL UI lookup;TECHNICAL_TIMEOUT;;FALSE;FALSE;TRUE;FALSE;1;982;stihl_resultaten.csv
10381000;;2026-09-26;TECHNICAL_TIMEOUT;time-out;;;;;;MY_STIHL;https://app.stihl.com/nl-nl/mystihl/tools/add;authenticated MY STIHL UI lookup;TECHNICAL_TIMEOUT;;FALSE;FALSE;TRUE;FALSE;1;983;stihl_resultaten.csv
10382000;;2026-09-26;TECHNICAL_TIMEOUT;time-out;;;;;;MY_STIHL;https://app.stihl.com/nl-nl/mystihl/tools/add;authenticated MY STIHL UI lookup;TECHNICAL_TIMEOUT;;FALSE;FALSE;TRUE;FALSE;1;984;stihl_resultaten.csv
10383000;;2026-09-26;TECHNICAL_TIMEOUT;time-out;;;;;;MY_STIHL;https://app.stihl.com/nl-nl/mystihl/tools/add;authenticated MY STIHL UI lookup;TECHNICAL_TIMEOUT;;FALSE;FALSE;TRUE;FALSE;1;985;stihl_resultaten.csv
10384000;;2026-09-26;TECHNICAL_TIMEOUT;time-out;;;;;;MY_STIHL;https://app.stihl.com/nl-nl/mystihl/tools/add;authenticated MY STIHL UI lookup;TECHNICAL_TIMEOUT;;FALSE;FALSE;TRUE;FALSE;1;986;stihl_resultaten.csv
10385000;;2026-09-26;TECHNICAL_TIMEOUT;time-out;;;;;;MY_STIHL;https://app.stihl.com/nl-nl/mystihl/tools/add;authenticated MY STIHL UI lookup;TECHNICAL_TIMEOUT;;FALSE;FALSE;TRUE;FALSE;1;987;stihl_resultaten.csv
10386000;;2026-09-26;TECHNICAL_TIMEOUT;time-out;;;;;;MY_STIHL;https://app.stihl.com/nl-nl/mystihl/tools/add;authenticated MY STIHL UI lookup;TECHNICAL_TIMEOUT;;FALSE;FALSE;TRUE;FALSE;1;988;stihl_resultaten.csv
10387000;;2026-09-26;TECHNICAL_TIMEOUT;time-out;;;;;;MY_STIHL;https://app.stihl.com/nl-nl/mystihl/tools/add;authenticated MY STIHL UI lookup;TECHNICAL_TIMEOUT;;FALSE;FALSE;TRUE;FALSE;1;989;stihl_resultaten.csv
10388000;;2026-09-26;TECHNICAL_TIMEOUT;time-out;;;;;;MY_STIHL;https://app.stihl.com/nl-nl/mystihl/tools/add;authenticated MY STIHL UI lookup;TECHNICAL_TIMEOUT;;FALSE;FALSE;TRUE;FALSE;1;990;stihl_resultaten.csv
10389000;;2026-09-26;TECHNICAL_TIMEOUT;time-out;;;;;;MY_STIHL;https://app.stihl.com/nl-nl/mystihl/tools/add;authenticated MY STIHL UI lookup;TECHNICAL_TIMEOUT;;FALSE;FALSE;TRUE;FALSE;1;991;stihl_resultaten.csv
10390000;;2026-09-26;TECHNICAL_TIMEOUT;time-out;;;;;;MY_STIHL;https://app.stihl.com/nl-nl/mystihl/tools/add;authenticated MY STIHL UI lookup;TECHNICAL_TIMEOUT;;FALSE;FALSE;TRUE;FALSE;1;992;stihl_resultaten.csv
10391000;;2026-09-26;TECHNICAL_TIMEOUT;time-out;;;;;;MY_STIHL;https://app.stihl.com/nl-nl/mystihl/tools/add;authenticated MY STIHL UI lookup;TECHNICAL_TIMEOUT;;FALSE;FALSE;TRUE;FALSE;1;993;stihl_resultaten.csv
10392000;;2026-09-26;TECHNICAL_TIMEOUT;time-out;;;;;;MY_STIHL;https://app.stihl.com/nl-nl/mystihl/tools/add;authenticated MY STIHL UI lookup;TECHNICAL_TIMEOUT;;FALSE;FALSE;TRUE;FALSE;1;994;stihl_resultaten.csv
10393000;;2026-09-26;TECHNICAL_TIMEOUT;time-out;;;;;;MY_STIHL;https://app.stihl.com/nl-nl/mystihl/tools/add;authenticated MY STIHL UI lookup;TECHNICAL_TIMEOUT;;FALSE;FALSE;TRUE;FALSE;1;995;stihl_resultaten.csv
10394000;;2026-09-26;TECHNICAL_TIMEOUT;time-out;;;;;;MY_STIHL;https://app.stihl.com/nl-nl/mystihl/tools/add;authenticated MY STIHL UI lookup;TECHNICAL_TIMEOUT;;FALSE;FALSE;TRUE;FALSE;1;996;stihl_resultaten.csv
10395000;;2026-09-26;TECHNICAL_TIMEOUT;time-out;;;;;;MY_STIHL;https://app.stihl.com/nl-nl/mystihl/tools/add;authenticated MY STIHL UI lookup;TECHNICAL_TIMEOUT;;FALSE;FALSE;TRUE;FALSE;1;997;stihl_resultaten.csv
10396000;;2026-09-26;TECHNICAL_TIMEOUT;time-out;;;;;;MY_STIHL;https://app.stihl.com/nl-nl/mystihl/tools/add;authenticated MY STIHL UI lookup;TECHNICAL_TIMEOUT;;FALSE;FALSE;TRUE;FALSE;1;998;stihl_resultaten.csv
10397000;;2026-09-26;TECHNICAL_TIMEOUT;time-out;;;;;;MY_STIHL;https://app.stihl.com/nl-nl/mystihl/tools/add;authenticated MY STIHL UI lookup;TECHNICAL_TIMEOUT;;FALSE;FALSE;TRUE;FALSE;1;999;stihl_resultaten.csv
10398000;;2026-09-26;TECHNICAL_TIMEOUT;time-out;;;;;;MY_STIHL;https://app.stihl.com/nl-nl/mystihl/tools/add;authenticated MY STIHL UI lookup;TECHNICAL_TIMEOUT;;FALSE;FALSE;TRUE;FALSE;1;1000;stihl_resultaten.csv
10399000;;2026-09-26;TECHNICAL_TIMEOUT;time-out;;;;;;MY_STIHL;https://app.stihl.com/nl-nl/mystihl/tools/add;authenticated MY STIHL UI lookup;TECHNICAL_TIMEOUT;;FALSE;FALSE;TRUE;FALSE;1;1001;stihl_resultaten.csv
10400000;;2026-09-26;TECHNICAL_TIMEOUT;time-out;;;;;;MY_STIHL;https://app.stihl.com/nl-nl/mystihl/tools/add;authenticated MY STIHL UI lookup;TECHNICAL_TIMEOUT;;FALSE;FALSE;TRUE;FALSE;1;1002;stihl_resultaten.csv
10401000;;2026-09-26;TECHNICAL_TIMEOUT;time-out;;;;;;MY_STIHL;https://app.stihl.com/nl-nl/mystihl/tools/add;authenticated MY STIHL UI lookup;TECHNICAL_TIMEOUT;;FALSE;FALSE;TRUE;FALSE;1;1003;stihl_resultaten.csv
10402000;;2026-09-26;TECHNICAL_TIMEOUT;time-out;;;;;;MY_STIHL;https://app.stihl.com/nl-nl/mystihl/tools/add;authenticated MY STIHL UI lookup;TECHNICAL_TIMEOUT;;FALSE;FALSE;TRUE;FALSE;1;1004;stihl_resultaten.csv
10403000;;2026-09-26;TECHNICAL_TIMEOUT;time-out;;;;;;MY_STIHL;https://app.stihl.com/nl-nl/mystihl/tools/add;authenticated MY STIHL UI lookup;TECHNICAL_TIMEOUT;;FALSE;FALSE;TRUE;FALSE;1;1005;stihl_resultaten.csv
10404000;;2026-09-26;TECHNICAL_TIMEOUT;time-out;;;;;;MY_STIHL;https://app.stihl.com/nl-nl/mystihl/tools/add;authenticated MY STIHL UI lookup;TECHNICAL_TIMEOUT;;FALSE;FALSE;TRUE;FALSE;1;1006;stihl_resultaten.csv
10405000;;2026-09-26;TECHNICAL_TIMEOUT;time-out;;;;;;MY_STIHL;https://app.stihl.com/nl-nl/mystihl/tools/add;authenticated MY STIHL UI lookup;TECHNICAL_TIMEOUT;;FALSE;FALSE;TRUE;FALSE;1;1007;stihl_resultaten.csv
10406000;;2026-09-26;TECHNICAL_TIMEOUT;time-out;;;;;;MY_STIHL;https://app.stihl.com/nl-nl/mystihl/tools/add;authenticated MY STIHL UI lookup;TECHNICAL_TIMEOUT;;FALSE;FALSE;TRUE;FALSE;1;1008;stihl_resultaten.csv
10407000;;2026-09-26;TECHNICAL_TIMEOUT;time-out;;;;;;MY_STIHL;https://app.stihl.com/nl-nl/mystihl/tools/add;authenticated MY STIHL UI lookup;TECHNICAL_TIMEOUT;;FALSE;FALSE;TRUE;FALSE;1;1009;stihl_resultaten.csv
10408000;;2026-09-26;TECHNICAL_TIMEOUT;time-out;;;;;;MY_STIHL;https://app.stihl.com/nl-nl/mystihl/tools/add;authenticated MY STIHL UI lookup;TECHNICAL_TIMEOUT;;FALSE;FALSE;TRUE;FALSE;1;1010;stihl_resultaten.csv
10409000;;2026-09-26;TECHNICAL_TIMEOUT;time-out;;;;;;MY_STIHL;https://app.stihl.com/nl-nl/mystihl/tools/add;authenticated MY STIHL UI lookup;TECHNICAL_TIMEOUT;;FALSE;FALSE;TRUE;FALSE;1;1011;stihl_resultaten.csv
10410000;;2026-09-26;TECHNICAL_TIMEOUT;time-out;;;;;;MY_STIHL;https://app.stihl.com/nl-nl/mystihl/tools/add;authenticated MY STIHL UI lookup;TECHNICAL_TIMEOUT;;FALSE;FALSE;TRUE;FALSE;1;1012;stihl_resultaten.csv
10411000;;2026-09-26;TECHNICAL_TIMEOUT;time-out;;;;;;MY_STIHL;https://app.stihl.com/nl-nl/mystihl/tools/add;authenticated MY STIHL UI lookup;TECHNICAL_TIMEOUT;;FALSE;FALSE;TRUE;FALSE;1;1013;stihl_resultaten.csv
10412000;;2026-09-26;TECHNICAL_TIMEOUT;time-out;;;;;;MY_STIHL;https://app.stihl.com/nl-nl/mystihl/tools/add;authenticated MY STIHL UI lookup;TECHNICAL_TIMEOUT;;FALSE;FALSE;TRUE;FALSE;1;1014;stihl_resultaten.csv
10413000;;2026-09-26;TECHNICAL_TIMEOUT;time-out;;;;;;MY_STIHL;https://app.stihl.com/nl-nl/mystihl/tools/add;authenticated MY STIHL UI lookup;TECHNICAL_TIMEOUT;;FALSE;FALSE;TRUE;FALSE;1;1015;stihl_resultaten.csv
10414000;;2026-09-26;TECHNICAL_TIMEOUT;time-out;;;;;;MY_STIHL;https://app.stihl.com/nl-nl/mystihl/tools/add;authenticated MY STIHL UI lookup;TECHNICAL_TIMEOUT;;FALSE;FALSE;TRUE;FALSE;1;1016;stihl_resultaten.csv
10415000;;2026-09-26;TECHNICAL_TIMEOUT;time-out;;;;;;MY_STIHL;https://app.stihl.com/nl-nl/mystihl/tools/add;authenticated MY STIHL UI lookup;TECHNICAL_TIMEOUT;;FALSE;FALSE;TRUE;FALSE;1;1017;stihl_resultaten.csv
10416000;;2026-09-26;TECHNICAL_TIMEOUT;time-out;;;;;;MY_STIHL;https://app.stihl.com/nl-nl/mystihl/tools/add;authenticated MY STIHL UI lookup;TECHNICAL_TIMEOUT;;FALSE;FALSE;TRUE;FALSE;1;1018;stihl_resultaten.csv
10417000;;2026-09-26;TECHNICAL_TIMEOUT;time-out;;;;;;MY_STIHL;https://app.stihl.com/nl-nl/mystihl/tools/add;authenticated MY STIHL UI lookup;TECHNICAL_TIMEOUT;;FALSE;FALSE;TRUE;FALSE;1;1019;stihl_resultaten.csv
10418000;;2026-09-26;TECHNICAL_TIMEOUT;time-out;;;;;;MY_STIHL;https://app.stihl.com/nl-nl/mystihl/tools/add;authenticated MY STIHL UI lookup;TECHNICAL_TIMEOUT;;FALSE;FALSE;TRUE;FALSE;1;1020;stihl_resultaten.csv
10419000;;2026-09-26;TECHNICAL_TIMEOUT;time-out;;;;;;MY_STIHL;https://app.stihl.com/nl-nl/mystihl/tools/add;authenticated MY STIHL UI lookup;TECHNICAL_TIMEOUT;;FALSE;FALSE;TRUE;FALSE;1;1021;stihl_resultaten.csv
10420000;;2026-09-26;TECHNICAL_TIMEOUT;time-out;;;;;;MY_STIHL;https://app.stihl.com/nl-nl/mystihl/tools/add;authenticated MY STIHL UI lookup;TECHNICAL_TIMEOUT;;FALSE;FALSE;TRUE;FALSE;1;1022;stihl_resultaten.csv
10421000;;2026-09-26;TECHNICAL_TIMEOUT;time-out;;;;;;MY_STIHL;https://app.stihl.com/nl-nl/mystihl/tools/add;authenticated MY STIHL UI lookup;TECHNICAL_TIMEOUT;;FALSE;FALSE;TRUE;FALSE;1;1023;stihl_resultaten.csv
10422000;;2026-09-26;TECHNICAL_TIMEOUT;time-out;;;;;;MY_STIHL;https://app.stihl.com/nl-nl/mystihl/tools/add;authenticated MY STIHL UI lookup;TECHNICAL_TIMEOUT;;FALSE;FALSE;TRUE;FALSE;1;1024;stihl_resultaten.csv
10423000;;2026-09-26;TECHNICAL_TIMEOUT;time-out;;;;;;MY_STIHL;https://app.stihl.com/nl-nl/mystihl/tools/add;authenticated MY STIHL UI lookup;TECHNICAL_TIMEOUT;;FALSE;FALSE;TRUE;FALSE;1;1025;stihl_resultaten.csv
10424000;;2026-09-26;TECHNICAL_TIMEOUT;time-out;;;;;;MY_STIHL;https://app.stihl.com/nl-nl/mystihl/tools/add;authenticated MY STIHL UI lookup;TECHNICAL_TIMEOUT;;FALSE;FALSE;TRUE;FALSE;1;1026;stihl_resultaten.csv
10425000;;2026-09-26;TECHNICAL_TIMEOUT;time-out;;;;;;MY_STIHL;https://app.stihl.com/nl-nl/mystihl/tools/add;authenticated MY STIHL UI lookup;TECHNICAL_TIMEOUT;;FALSE;FALSE;TRUE;FALSE;1;1027;stihl_resultaten.csv
10426000;;2026-09-26;TECHNICAL_TIMEOUT;time-out;;;;;;MY_STIHL;https://app.stihl.com/nl-nl/mystihl/tools/add;authenticated MY STIHL UI lookup;TECHNICAL_TIMEOUT;;FALSE;FALSE;TRUE;FALSE;1;1028;stihl_resultaten.csv
10427000;;2026-09-26;TECHNICAL_TIMEOUT;time-out;;;;;;MY_STIHL;https://app.stihl.com/nl-nl/mystihl/tools/add;authenticated MY STIHL UI lookup;TECHNICAL_TIMEOUT;;FALSE;FALSE;TRUE;FALSE;1;1029;stihl_resultaten.csv
10428000;;2026-09-26;TECHNICAL_TIMEOUT;time-out;;;;;;MY_STIHL;https://app.stihl.com/nl-nl/mystihl/tools/add;authenticated MY STIHL UI lookup;TECHNICAL_TIMEOUT;;FALSE;FALSE;TRUE;FALSE;1;1030;stihl_resultaten.csv
10429000;;2026-09-26;TECHNICAL_TIMEOUT;time-out;;;;;;MY_STIHL;https://app.stihl.com/nl-nl/mystihl/tools/add;authenticated MY STIHL UI lookup;TECHNICAL_TIMEOUT;;FALSE;FALSE;TRUE;FALSE;1;1031;stihl_resultaten.csv
10430000;;2026-09-26;TECHNICAL_TIMEOUT;time-out;;;;;;MY_STIHL;https://app.stihl.com/nl-nl/mystihl/tools/add;authenticated MY STIHL UI lookup;TECHNICAL_TIMEOUT;;FALSE;FALSE;TRUE;FALSE;1;1032;stihl_resultaten.csv
10431000;;2026-09-26;TECHNICAL_TIMEOUT;time-out;;;;;;MY_STIHL;https://app.stihl.com/nl-nl/mystihl/tools/add;authenticated MY STIHL UI lookup;TECHNICAL_TIMEOUT;;FALSE;FALSE;TRUE;FALSE;1;1033;stihl_resultaten.csv
10432000;;2026-09-26;TECHNICAL_TIMEOUT;time-out;;;;;;MY_STIHL;https://app.stihl.com/nl-nl/mystihl/tools/add;authenticated MY STIHL UI lookup;TECHNICAL_TIMEOUT;;FALSE;FALSE;TRUE;FALSE;1;1034;stihl_resultaten.csv
10433000;;2026-09-26;TECHNICAL_TIMEOUT;time-out;;;;;;MY_STIHL;https://app.stihl.com/nl-nl/mystihl/tools/add;authenticated MY STIHL UI lookup;TECHNICAL_TIMEOUT;;FALSE;FALSE;TRUE;FALSE;1;1035;stihl_resultaten.csv
10434000;;2026-09-26;TECHNICAL_TIMEOUT;time-out;;;;;;MY_STIHL;https://app.stihl.com/nl-nl/mystihl/tools/add;authenticated MY STIHL UI lookup;TECHNICAL_TIMEOUT;;FALSE;FALSE;TRUE;FALSE;1;1036;stihl_resultaten.csv
10435000;;2026-09-26;TECHNICAL_TIMEOUT;time-out;;;;;;MY_STIHL;https://app.stihl.com/nl-nl/mystihl/tools/add;authenticated MY STIHL UI lookup;TECHNICAL_TIMEOUT;;FALSE;FALSE;TRUE;FALSE;1;1037;stihl_resultaten.csv
10436000;;2026-09-26;TECHNICAL_TIMEOUT;time-out;;;;;;MY_STIHL;https://app.stihl.com/nl-nl/mystihl/tools/add;authenticated MY STIHL UI lookup;TECHNICAL_TIMEOUT;;FALSE;FALSE;TRUE;FALSE;1;1038;stihl_resultaten.csv
10437000;;2026-09-26;TECHNICAL_TIMEOUT;time-out;;;;;;MY_STIHL;https://app.stihl.com/nl-nl/mystihl/tools/add;authenticated MY STIHL UI lookup;TECHNICAL_TIMEOUT;;FALSE;FALSE;TRUE;FALSE;1;1039;stihl_resultaten.csv
10438000;;2026-09-26;TECHNICAL_TIMEOUT;time-out;;;;;;MY_STIHL;https://app.stihl.com/nl-nl/mystihl/tools/add;authenticated MY STIHL UI lookup;TECHNICAL_TIMEOUT;;FALSE;FALSE;TRUE;FALSE;1;1040;stihl_resultaten.csv
10439000;;2026-09-26;TECHNICAL_TIMEOUT;time-out;;;;;;MY_STIHL;https://app.stihl.com/nl-nl/mystihl/tools/add;authenticated MY STIHL UI lookup;TECHNICAL_TIMEOUT;;FALSE;FALSE;TRUE;FALSE;1;1041;stihl_resultaten.csv
10440000;;2026-09-26;TECHNICAL_TIMEOUT;time-out;;;;;;MY_STIHL;https://app.stihl.com/nl-nl/mystihl/tools/add;authenticated MY STIHL UI lookup;TECHNICAL_TIMEOUT;;FALSE;FALSE;TRUE;FALSE;1;1042;stihl_resultaten.csv
10441000;;2026-09-26;TECHNICAL_TIMEOUT;time-out;;;;;;MY_STIHL;https://app.stihl.com/nl-nl/mystihl/tools/add;authenticated MY STIHL UI lookup;TECHNICAL_TIMEOUT;;FALSE;FALSE;TRUE;FALSE;1;1043;stihl_resultaten.csv
10442000;;2026-09-26;TECHNICAL_TIMEOUT;time-out;;;;;;MY_STIHL;https://app.stihl.com/nl-nl/mystihl/tools/add;authenticated MY STIHL UI lookup;TECHNICAL_TIMEOUT;;FALSE;FALSE;TRUE;FALSE;1;1044;stihl_resultaten.csv
10443000;;2026-09-26;TECHNICAL_TIMEOUT;time-out;;;;;;MY_STIHL;https://app.stihl.com/nl-nl/mystihl/tools/add;authenticated MY STIHL UI lookup;TECHNICAL_TIMEOUT;;FALSE;FALSE;TRUE;FALSE;1;1045;stihl_resultaten.csv
10444000;;2026-09-26;TECHNICAL_TIMEOUT;time-out;;;;;;MY_STIHL;https://app.stihl.com/nl-nl/mystihl/tools/add;authenticated MY STIHL UI lookup;TECHNICAL_TIMEOUT;;FALSE;FALSE;TRUE;FALSE;1;1046;stihl_resultaten.csv
10445000;;2026-09-26;TECHNICAL_TIMEOUT;time-out;;;;;;MY_STIHL;https://app.stihl.com/nl-nl/mystihl/tools/add;authenticated MY STIHL UI lookup;TECHNICAL_TIMEOUT;;FALSE;FALSE;TRUE;FALSE;1;1047;stihl_resultaten.csv
10446000;;2026-09-26;TECHNICAL_TIMEOUT;time-out;;;;;;MY_STIHL;https://app.stihl.com/nl-nl/mystihl/tools/add;authenticated MY STIHL UI lookup;TECHNICAL_TIMEOUT;;FALSE;FALSE;TRUE;FALSE;1;1048;stihl_resultaten.csv
10447000;;2026-09-26;TECHNICAL_TIMEOUT;time-out;;;;;;MY_STIHL;https://app.stihl.com/nl-nl/mystihl/tools/add;authenticated MY STIHL UI lookup;TECHNICAL_TIMEOUT;;FALSE;FALSE;TRUE;FALSE;1;1049;stihl_resultaten.csv
10448000;;2026-09-26;TECHNICAL_TIMEOUT;time-out;;;;;;MY_STIHL;https://app.stihl.com/nl-nl/mystihl/tools/add;authenticated MY STIHL UI lookup;TECHNICAL_TIMEOUT;;FALSE;FALSE;TRUE;FALSE;1;1050;stihl_resultaten.csv
10449000;;2026-09-26;TECHNICAL_TIMEOUT;time-out;;;;;;MY_STIHL;https://app.stihl.com/nl-nl/mystihl/tools/add;authenticated MY STIHL UI lookup;TECHNICAL_TIMEOUT;;FALSE;FALSE;TRUE;FALSE;1;1051;stihl_resultaten.csv
10450000;;2026-09-26;TECHNICAL_TIMEOUT;time-out;;;;;;MY_STIHL;https://app.stihl.com/nl-nl/mystihl/tools/add;authenticated MY STIHL UI lookup;TECHNICAL_TIMEOUT;;FALSE;FALSE;TRUE;FALSE;1;1052;stihl_resultaten.csv
10451000;;2026-09-26;TECHNICAL_TIMEOUT;time-out;;;;;;MY_STIHL;https://app.stihl.com/nl-nl/mystihl/tools/add;authenticated MY STIHL UI lookup;TECHNICAL_TIMEOUT;;FALSE;FALSE;TRUE;FALSE;1;1053;stihl_resultaten.csv
10452000;;2026-09-26;TECHNICAL_TIMEOUT;time-out;;;;;;MY_STIHL;https://app.stihl.com/nl-nl/mystihl/tools/add;authenticated MY STIHL UI lookup;TECHNICAL_TIMEOUT;;FALSE;FALSE;TRUE;FALSE;1;1054;stihl_resultaten.csv
10453000;;2026-09-26;TECHNICAL_TIMEOUT;time-out;;;;;;MY_STIHL;https://app.stihl.com/nl-nl/mystihl/tools/add;authenticated MY STIHL UI lookup;TECHNICAL_TIMEOUT;;FALSE;FALSE;TRUE;FALSE;1;1055;stihl_resultaten.csv
10454000;;2026-09-26;TECHNICAL_TIMEOUT;time-out;;;;;;MY_STIHL;https://app.stihl.com/nl-nl/mystihl/tools/add;authenticated MY STIHL UI lookup;TECHNICAL_TIMEOUT;;FALSE;FALSE;TRUE;FALSE;1;1056;stihl_resultaten.csv
10455000;;2026-09-26;TECHNICAL_TIMEOUT;time-out;;;;;;MY_STIHL;https://app.stihl.com/nl-nl/mystihl/tools/add;authenticated MY STIHL UI lookup;TECHNICAL_TIMEOUT;;FALSE;FALSE;TRUE;FALSE;1;1057;stihl_resultaten.csv
10456000;;2026-09-26;TECHNICAL_TIMEOUT;time-out;;;;;;MY_STIHL;https://app.stihl.com/nl-nl/mystihl/tools/add;authenticated MY STIHL UI lookup;TECHNICAL_TIMEOUT;;FALSE;FALSE;TRUE;FALSE;1;1058;stihl_resultaten.csv
10457000;;2026-09-26;TECHNICAL_TIMEOUT;time-out;;;;;;MY_STIHL;https://app.stihl.com/nl-nl/mystihl/tools/add;authenticated MY STIHL UI lookup;TECHNICAL_TIMEOUT;;FALSE;FALSE;TRUE;FALSE;1;1059;stihl_resultaten.csv
10458000;;2026-09-26;TECHNICAL_TIMEOUT;time-out;;;;;;MY_STIHL;https://app.stihl.com/nl-nl/mystihl/tools/add;authenticated MY STIHL UI lookup;TECHNICAL_TIMEOUT;;FALSE;FALSE;TRUE;FALSE;1;1060;stihl_resultaten.csv
10459000;;2026-09-26;TECHNICAL_TIMEOUT;time-out;;;;;;MY_STIHL;https://app.stihl.com/nl-nl/mystihl/tools/add;authenticated MY STIHL UI lookup;TECHNICAL_TIMEOUT;;FALSE;FALSE;TRUE;FALSE;1;1061;stihl_resultaten.csv
10460000;;2026-09-26;TECHNICAL_TIMEOUT;time-out;;;;;;MY_STIHL;https://app.stihl.com/nl-nl/mystihl/tools/add;authenticated MY STIHL UI lookup;TECHNICAL_TIMEOUT;;FALSE;FALSE;TRUE;FALSE;1;1062;stihl_resultaten.csv
10461000;;2026-09-26;TECHNICAL_TIMEOUT;time-out;;;;;;MY_STIHL;https://app.stihl.com/nl-nl/mystihl/tools/add;authenticated MY STIHL UI lookup;TECHNICAL_TIMEOUT;;FALSE;FALSE;TRUE;FALSE;1;1063;stihl_resultaten.csv
10462000;;2026-09-26;TECHNICAL_TIMEOUT;time-out;;;;;;MY_STIHL;https://app.stihl.com/nl-nl/mystihl/tools/add;authenticated MY STIHL UI lookup;TECHNICAL_TIMEOUT;;FALSE;FALSE;TRUE;FALSE;1;1064;stihl_resultaten.csv
10463000;;2026-09-26;TECHNICAL_TIMEOUT;time-out;;;;;;MY_STIHL;https://app.stihl.com/nl-nl/mystihl/tools/add;authenticated MY STIHL UI lookup;TECHNICAL_TIMEOUT;;FALSE;FALSE;TRUE;FALSE;1;1065;stihl_resultaten.csv
10464000;;2026-09-26;TECHNICAL_TIMEOUT;time-out;;;;;;MY_STIHL;https://app.stihl.com/nl-nl/mystihl/tools/add;authenticated MY STIHL UI lookup;TECHNICAL_TIMEOUT;;FALSE;FALSE;TRUE;FALSE;1;1066;stihl_resultaten.csv
10465000;;2026-09-26;TECHNICAL_TIMEOUT;time-out;;;;;;MY_STIHL;https://app.stihl.com/nl-nl/mystihl/tools/add;authenticated MY STIHL UI lookup;TECHNICAL_TIMEOUT;;FALSE;FALSE;TRUE;FALSE;1;1067;stihl_resultaten.csv
10466000;;2026-09-26;TECHNICAL_TIMEOUT;time-out;;;;;;MY_STIHL;https://app.stihl.com/nl-nl/mystihl/tools/add;authenticated MY STIHL UI lookup;TECHNICAL_TIMEOUT;;FALSE;FALSE;TRUE;FALSE;1;1068;stihl_resultaten.csv
10467000;;2026-09-26;TECHNICAL_TIMEOUT;time-out;;;;;;MY_STIHL;https://app.stihl.com/nl-nl/mystihl/tools/add;authenticated MY STIHL UI lookup;TECHNICAL_TIMEOUT;;FALSE;FALSE;TRUE;FALSE;1;1069;stihl_resultaten.csv
10468000;;2026-09-26;TECHNICAL_TIMEOUT;time-out;;;;;;MY_STIHL;https://app.stihl.com/nl-nl/mystihl/tools/add;authenticated MY STIHL UI lookup;TECHNICAL_TIMEOUT;;FALSE;FALSE;TRUE;FALSE;1;1070;stihl_resultaten.csv
10469000;;2026-09-26;TECHNICAL_TIMEOUT;time-out;;;;;;MY_STIHL;https://app.stihl.com/nl-nl/mystihl/tools/add;authenticated MY STIHL UI lookup;TECHNICAL_TIMEOUT;;FALSE;FALSE;TRUE;FALSE;1;1071;stihl_resultaten.csv
10470000;;2026-09-26;TECHNICAL_TIMEOUT;time-out;;;;;;MY_STIHL;https://app.stihl.com/nl-nl/mystihl/tools/add;authenticated MY STIHL UI lookup;TECHNICAL_TIMEOUT;;FALSE;FALSE;TRUE;FALSE;1;1072;stihl_resultaten.csv
10471000;;2026-09-26;TECHNICAL_TIMEOUT;time-out;;;;;;MY_STIHL;https://app.stihl.com/nl-nl/mystihl/tools/add;authenticated MY STIHL UI lookup;TECHNICAL_TIMEOUT;;FALSE;FALSE;TRUE;FALSE;1;1073;stihl_resultaten.csv
10472000;;2026-09-26;TECHNICAL_TIMEOUT;time-out;;;;;;MY_STIHL;https://app.stihl.com/nl-nl/mystihl/tools/add;authenticated MY STIHL UI lookup;TECHNICAL_TIMEOUT;;FALSE;FALSE;TRUE;FALSE;1;1074;stihl_resultaten.csv
10473000;;2026-09-26;TECHNICAL_TIMEOUT;time-out;;;;;;MY_STIHL;https://app.stihl.com/nl-nl/mystihl/tools/add;authenticated MY STIHL UI lookup;TECHNICAL_TIMEOUT;;FALSE;FALSE;TRUE;FALSE;1;1075;stihl_resultaten.csv
10474000;;2026-09-26;TECHNICAL_TIMEOUT;time-out;;;;;;MY_STIHL;https://app.stihl.com/nl-nl/mystihl/tools/add;authenticated MY STIHL UI lookup;TECHNICAL_TIMEOUT;;FALSE;FALSE;TRUE;FALSE;1;1076;stihl_resultaten.csv
10475000;;2026-09-26;TECHNICAL_TIMEOUT;time-out;;;;;;MY_STIHL;https://app.stihl.com/nl-nl/mystihl/tools/add;authenticated MY STIHL UI lookup;TECHNICAL_TIMEOUT;;FALSE;FALSE;TRUE;FALSE;1;1077;stihl_resultaten.csv
10476000;;2026-09-26;TECHNICAL_TIMEOUT;time-out;;;;;;MY_STIHL;https://app.stihl.com/nl-nl/mystihl/tools/add;authenticated MY STIHL UI lookup;TECHNICAL_TIMEOUT;;FALSE;FALSE;TRUE;FALSE;1;1078;stihl_resultaten.csv
10477000;;2026-09-26;TECHNICAL_TIMEOUT;time-out;;;;;;MY_STIHL;https://app.stihl.com/nl-nl/mystihl/tools/add;authenticated MY STIHL UI lookup;TECHNICAL_TIMEOUT;;FALSE;FALSE;TRUE;FALSE;1;1079;stihl_resultaten.csv
10478000;;2026-09-26;TECHNICAL_TIMEOUT;time-out;;;;;;MY_STIHL;https://app.stihl.com/nl-nl/mystihl/tools/add;authenticated MY STIHL UI lookup;TECHNICAL_TIMEOUT;;FALSE;FALSE;TRUE;FALSE;1;1080;stihl_resultaten.csv
10479000;;2026-09-26;TECHNICAL_TIMEOUT;time-out;;;;;;MY_STIHL;https://app.stihl.com/nl-nl/mystihl/tools/add;authenticated MY STIHL UI lookup;TECHNICAL_TIMEOUT;;FALSE;FALSE;TRUE;FALSE;1;1081;stihl_resultaten.csv
10480000;;2026-09-26;TECHNICAL_TIMEOUT;time-out;;;;;;MY_STIHL;https://app.stihl.com/nl-nl/mystihl/tools/add;authenticated MY STIHL UI lookup;TECHNICAL_TIMEOUT;;FALSE;FALSE;TRUE;FALSE;1;1082;stihl_resultaten.csv
10481000;;2026-09-26;TECHNICAL_TIMEOUT;time-out;;;;;;MY_STIHL;https://app.stihl.com/nl-nl/mystihl/tools/add;authenticated MY STIHL UI lookup;TECHNICAL_TIMEOUT;;FALSE;FALSE;TRUE;FALSE;1;1083;stihl_resultaten.csv
10482000;;2026-09-26;TECHNICAL_TIMEOUT;time-out;;;;;;MY_STIHL;https://app.stihl.com/nl-nl/mystihl/tools/add;authenticated MY STIHL UI lookup;TECHNICAL_TIMEOUT;;FALSE;FALSE;TRUE;FALSE;1;1084;stihl_resultaten.csv
10483000;;2026-09-26;TECHNICAL_TIMEOUT;time-out;;;;;;MY_STIHL;https://app.stihl.com/nl-nl/mystihl/tools/add;authenticated MY STIHL UI lookup;TECHNICAL_TIMEOUT;;FALSE;FALSE;TRUE;FALSE;1;1085;stihl_resultaten.csv
10484000;;2026-09-26;TECHNICAL_TIMEOUT;time-out;;;;;;MY_STIHL;https://app.stihl.com/nl-nl/mystihl/tools/add;authenticated MY STIHL UI lookup;TECHNICAL_TIMEOUT;;FALSE;FALSE;TRUE;FALSE;1;1086;stihl_resultaten.csv
10485000;;2026-09-26;TECHNICAL_TIMEOUT;time-out;;;;;;MY_STIHL;https://app.stihl.com/nl-nl/mystihl/tools/add;authenticated MY STIHL UI lookup;TECHNICAL_TIMEOUT;;FALSE;FALSE;TRUE;FALSE;1;1087;stihl_resultaten.csv
10486000;;2026-09-26;TECHNICAL_TIMEOUT;time-out;;;;;;MY_STIHL;https://app.stihl.com/nl-nl/mystihl/tools/add;authenticated MY STIHL UI lookup;TECHNICAL_TIMEOUT;;FALSE;FALSE;TRUE;FALSE;1;1088;stihl_resultaten.csv
10487000;;2026-09-26;TECHNICAL_TIMEOUT;time-out;;;;;;MY_STIHL;https://app.stihl.com/nl-nl/mystihl/tools/add;authenticated MY STIHL UI lookup;TECHNICAL_TIMEOUT;;FALSE;FALSE;TRUE;FALSE;1;1089;stihl_resultaten.csv
10488000;;2026-09-26;TECHNICAL_TIMEOUT;time-out;;;;;;MY_STIHL;https://app.stihl.com/nl-nl/mystihl/tools/add;authenticated MY STIHL UI lookup;TECHNICAL_TIMEOUT;;FALSE;FALSE;TRUE;FALSE;1;1090;stihl_resultaten.csv
10489000;;2026-09-26;TECHNICAL_TIMEOUT;time-out;;;;;;MY_STIHL;https://app.stihl.com/nl-nl/mystihl/tools/add;authenticated MY STIHL UI lookup;TECHNICAL_TIMEOUT;;FALSE;FALSE;TRUE;FALSE;1;1091;stihl_resultaten.csv
10490000;;2026-09-26;TECHNICAL_TIMEOUT;time-out;;;;;;MY_STIHL;https://app.stihl.com/nl-nl/mystihl/tools/add;authenticated MY STIHL UI lookup;TECHNICAL_TIMEOUT;;FALSE;FALSE;TRUE;FALSE;1;1092;stihl_resultaten.csv
10491000;;2026-09-26;TECHNICAL_TIMEOUT;time-out;;;;;;MY_STIHL;https://app.stihl.com/nl-nl/mystihl/tools/add;authenticated MY STIHL UI lookup;TECHNICAL_TIMEOUT;;FALSE;FALSE;TRUE;FALSE;1;1093;stihl_resultaten.csv
10492000;;2026-09-26;TECHNICAL_TIMEOUT;time-out;;;;;;MY_STIHL;https://app.stihl.com/nl-nl/mystihl/tools/add;authenticated MY STIHL UI lookup;TECHNICAL_TIMEOUT;;FALSE;FALSE;TRUE;FALSE;1;1094;stihl_resultaten.csv
10493000;;2026-09-26;TECHNICAL_TIMEOUT;time-out;;;;;;MY_STIHL;https://app.stihl.com/nl-nl/mystihl/tools/add;authenticated MY STIHL UI lookup;TECHNICAL_TIMEOUT;;FALSE;FALSE;TRUE;FALSE;1;1095;stihl_resultaten.csv
10494000;;2026-09-26;TECHNICAL_TIMEOUT;time-out;;;;;;MY_STIHL;https://app.stihl.com/nl-nl/mystihl/tools/add;authenticated MY STIHL UI lookup;TECHNICAL_TIMEOUT;;FALSE;FALSE;TRUE;FALSE;1;1096;stihl_resultaten.csv
10495000;;2026-09-26;TECHNICAL_TIMEOUT;time-out;;;;;;MY_STIHL;https://app.stihl.com/nl-nl/mystihl/tools/add;authenticated MY STIHL UI lookup;TECHNICAL_TIMEOUT;;FALSE;FALSE;TRUE;FALSE;1;1097;stihl_resultaten.csv
10496000;;2026-09-26;TECHNICAL_TIMEOUT;time-out;;;;;;MY_STIHL;https://app.stihl.com/nl-nl/mystihl/tools/add;authenticated MY STIHL UI lookup;TECHNICAL_TIMEOUT;;FALSE;FALSE;TRUE;FALSE;1;1098;stihl_resultaten.csv
10497000;;2026-09-26;TECHNICAL_TIMEOUT;time-out;;;;;;MY_STIHL;https://app.stihl.com/nl-nl/mystihl/tools/add;authenticated MY STIHL UI lookup;TECHNICAL_TIMEOUT;;FALSE;FALSE;TRUE;FALSE;1;1099;stihl_resultaten.csv
10498000;;2026-09-26;TECHNICAL_TIMEOUT;time-out;;;;;;MY_STIHL;https://app.stihl.com/nl-nl/mystihl/tools/add;authenticated MY STIHL UI lookup;TECHNICAL_TIMEOUT;;FALSE;FALSE;TRUE;FALSE;1;1100;stihl_resultaten.csv
10499000;;2026-09-26;TECHNICAL_TIMEOUT;time-out;;;;;;MY_STIHL;https://app.stihl.com/nl-nl/mystihl/tools/add;authenticated MY STIHL UI lookup;TECHNICAL_TIMEOUT;;FALSE;FALSE;TRUE;FALSE;2;1101|1102;stihl_resultaten.csv
10500000;;2026-09-26;TECHNICAL_TIMEOUT;time-out;;;;;;MY_STIHL;https://app.stihl.com/nl-nl/mystihl/tools/add;authenticated MY STIHL UI lookup;TECHNICAL_TIMEOUT;;FALSE;FALSE;TRUE;FALSE;1;1103;stihl_resultaten.csv
10501000;;2026-09-26;TECHNICAL_TIMEOUT;time-out;;;;;;MY_STIHL;https://app.stihl.com/nl-nl/mystihl/tools/add;authenticated MY STIHL UI lookup;TECHNICAL_TIMEOUT;;FALSE;FALSE;TRUE;FALSE;1;1104;stihl_resultaten.csv
10502000;;2026-09-26;TECHNICAL_TIMEOUT;time-out;;;;;;MY_STIHL;https://app.stihl.com/nl-nl/mystihl/tools/add;authenticated MY STIHL UI lookup;TECHNICAL_TIMEOUT;;FALSE;FALSE;TRUE;FALSE;1;1105;stihl_resultaten.csv
10503000;;2026-09-26;TECHNICAL_TIMEOUT;time-out;;;;;;MY_STIHL;https://app.stihl.com/nl-nl/mystihl/tools/add;authenticated MY STIHL UI lookup;TECHNICAL_TIMEOUT;;FALSE;FALSE;TRUE;FALSE;1;1106;stihl_resultaten.csv
10504000;;2026-09-26;TECHNICAL_TIMEOUT;time-out;;;;;;MY_STIHL;https://app.stihl.com/nl-nl/mystihl/tools/add;authenticated MY STIHL UI lookup;TECHNICAL_TIMEOUT;;FALSE;FALSE;TRUE;FALSE;1;1107;stihl_resultaten.csv
10505000;;2026-09-26;TECHNICAL_TIMEOUT;time-out;;;;;;MY_STIHL;https://app.stihl.com/nl-nl/mystihl/tools/add;authenticated MY STIHL UI lookup;TECHNICAL_TIMEOUT;;FALSE;FALSE;TRUE;FALSE;1;1108;stihl_resultaten.csv
10512000;;2026-09-26;TECHNICAL_TIMEOUT;time-out;;;;;;MY_STIHL;https://app.stihl.com/nl-nl/mystihl/tools/add;authenticated MY STIHL UI lookup;TECHNICAL_TIMEOUT;;FALSE;FALSE;TRUE;FALSE;1;1115;stihl_resultaten.csv
10513000;;2026-09-26;TECHNICAL_TIMEOUT;time-out;;;;;;MY_STIHL;https://app.stihl.com/nl-nl/mystihl/tools/add;authenticated MY STIHL UI lookup;TECHNICAL_TIMEOUT;;FALSE;FALSE;TRUE;FALSE;1;1116;stihl_resultaten.csv
10514000;;2026-09-26;TECHNICAL_TIMEOUT;time-out;;;;;;MY_STIHL;https://app.stihl.com/nl-nl/mystihl/tools/add;authenticated MY STIHL UI lookup;TECHNICAL_TIMEOUT;;FALSE;FALSE;TRUE;FALSE;1;1117;stihl_resultaten.csv
10515000;;2026-09-26;TECHNICAL_TIMEOUT;time-out;;;;;;MY_STIHL;https://app.stihl.com/nl-nl/mystihl/tools/add;authenticated MY STIHL UI lookup;TECHNICAL_TIMEOUT;;FALSE;FALSE;TRUE;FALSE;1;1118;stihl_resultaten.csv
10516000;;2026-09-26;TECHNICAL_TIMEOUT;time-out;;;;;;MY_STIHL;https://app.stihl.com/nl-nl/mystihl/tools/add;authenticated MY STIHL UI lookup;TECHNICAL_TIMEOUT;;FALSE;FALSE;TRUE;FALSE;1;1119;stihl_resultaten.csv
10517000;;2026-09-26;TECHNICAL_TIMEOUT;time-out;;;;;;MY_STIHL;https://app.stihl.com/nl-nl/mystihl/tools/add;authenticated MY STIHL UI lookup;TECHNICAL_TIMEOUT;;FALSE;FALSE;TRUE;FALSE;1;1120;stihl_resultaten.csv
10518000;;2026-09-26;TECHNICAL_TIMEOUT;time-out;;;;;;MY_STIHL;https://app.stihl.com/nl-nl/mystihl/tools/add;authenticated MY STIHL UI lookup;TECHNICAL_TIMEOUT;;FALSE;FALSE;TRUE;FALSE;1;1121;stihl_resultaten.csv
10519000;;2026-09-26;TECHNICAL_TIMEOUT;time-out;;;;;;MY_STIHL;https://app.stihl.com/nl-nl/mystihl/tools/add;authenticated MY STIHL UI lookup;TECHNICAL_TIMEOUT;;FALSE;FALSE;TRUE;FALSE;1;1122;stihl_resultaten.csv
10520000;;2026-09-26;TECHNICAL_TIMEOUT;time-out;;;;;;MY_STIHL;https://app.stihl.com/nl-nl/mystihl/tools/add;authenticated MY STIHL UI lookup;TECHNICAL_TIMEOUT;;FALSE;FALSE;TRUE;FALSE;1;1123;stihl_resultaten.csv
10521000;;2026-09-26;TECHNICAL_TIMEOUT;time-out;;;;;;MY_STIHL;https://app.stihl.com/nl-nl/mystihl/tools/add;authenticated MY STIHL UI lookup;TECHNICAL_TIMEOUT;;FALSE;FALSE;TRUE;FALSE;1;1124;stihl_resultaten.csv
10522000;;2026-09-26;TECHNICAL_TIMEOUT;time-out;;;;;;MY_STIHL;https://app.stihl.com/nl-nl/mystihl/tools/add;authenticated MY STIHL UI lookup;TECHNICAL_TIMEOUT;;FALSE;FALSE;TRUE;FALSE;1;1125;stihl_resultaten.csv
10523000;;2026-09-26;TECHNICAL_TIMEOUT;time-out;;;;;;MY_STIHL;https://app.stihl.com/nl-nl/mystihl/tools/add;authenticated MY STIHL UI lookup;TECHNICAL_TIMEOUT;;FALSE;FALSE;TRUE;FALSE;1;1126;stihl_resultaten.csv
10524000;;2026-09-26;TECHNICAL_TIMEOUT;time-out;;;;;;MY_STIHL;https://app.stihl.com/nl-nl/mystihl/tools/add;authenticated MY STIHL UI lookup;TECHNICAL_TIMEOUT;;FALSE;FALSE;TRUE;FALSE;1;1127;stihl_resultaten.csv
10525000;;2026-09-26;TECHNICAL_TIMEOUT;time-out;;;;;;MY_STIHL;https://app.stihl.com/nl-nl/mystihl/tools/add;authenticated MY STIHL UI lookup;TECHNICAL_TIMEOUT;;FALSE;FALSE;TRUE;FALSE;1;1128;stihl_resultaten.csv
10526000;;2026-09-26;TECHNICAL_TIMEOUT;time-out;;;;;;MY_STIHL;https://app.stihl.com/nl-nl/mystihl/tools/add;authenticated MY STIHL UI lookup;TECHNICAL_TIMEOUT;;FALSE;FALSE;TRUE;FALSE;1;1129;stihl_resultaten.csv
10527000;;2026-09-26;TECHNICAL_TIMEOUT;time-out;;;;;;MY_STIHL;https://app.stihl.com/nl-nl/mystihl/tools/add;authenticated MY STIHL UI lookup;TECHNICAL_TIMEOUT;;FALSE;FALSE;TRUE;FALSE;1;1130;stihl_resultaten.csv
10528000;;2026-09-26;TECHNICAL_TIMEOUT;time-out;;;;;;MY_STIHL;https://app.stihl.com/nl-nl/mystihl/tools/add;authenticated MY STIHL UI lookup;TECHNICAL_TIMEOUT;;FALSE;FALSE;TRUE;FALSE;1;1131;stihl_resultaten.csv
10529000;;2026-09-26;TECHNICAL_TIMEOUT;time-out;;;;;;MY_STIHL;https://app.stihl.com/nl-nl/mystihl/tools/add;authenticated MY STIHL UI lookup;TECHNICAL_TIMEOUT;;FALSE;FALSE;TRUE;FALSE;1;1132;stihl_resultaten.csv
10530000;;2026-09-26;TECHNICAL_TIMEOUT;time-out;;;;;;MY_STIHL;https://app.stihl.com/nl-nl/mystihl/tools/add;authenticated MY STIHL UI lookup;TECHNICAL_TIMEOUT;;FALSE;FALSE;TRUE;FALSE;1;1133;stihl_resultaten.csv
10531000;;2026-09-26;TECHNICAL_TIMEOUT;time-out;;;;;;MY_STIHL;https://app.stihl.com/nl-nl/mystihl/tools/add;authenticated MY STIHL UI lookup;TECHNICAL_TIMEOUT;;FALSE;FALSE;TRUE;FALSE;1;1134;stihl_resultaten.csv
10532000;;2026-09-26;TECHNICAL_TIMEOUT;time-out;;;;;;MY_STIHL;https://app.stihl.com/nl-nl/mystihl/tools/add;authenticated MY STIHL UI lookup;TECHNICAL_TIMEOUT;;FALSE;FALSE;TRUE;FALSE;1;1135;stihl_resultaten.csv
10533000;;2026-09-26;TECHNICAL_TIMEOUT;time-out;;;;;;MY_STIHL;https://app.stihl.com/nl-nl/mystihl/tools/add;authenticated MY STIHL UI lookup;TECHNICAL_TIMEOUT;;FALSE;FALSE;TRUE;FALSE;1;1136;stihl_resultaten.csv
10534000;;2026-09-26;TECHNICAL_TIMEOUT;time-out;;;;;;MY_STIHL;https://app.stihl.com/nl-nl/mystihl/tools/add;authenticated MY STIHL UI lookup;TECHNICAL_TIMEOUT;;FALSE;FALSE;TRUE;FALSE;1;1137;stihl_resultaten.csv
10536000;;2026-09-26;TECHNICAL_TIMEOUT;time-out;;;;;;MY_STIHL;https://app.stihl.com/nl-nl/mystihl/tools/add;authenticated MY STIHL UI lookup;TECHNICAL_TIMEOUT;;FALSE;FALSE;TRUE;FALSE;1;1139;stihl_resultaten.csv
10537000;;2026-09-26;TECHNICAL_TIMEOUT;time-out;;;;;;MY_STIHL;https://app.stihl.com/nl-nl/mystihl/tools/add;authenticated MY STIHL UI lookup;TECHNICAL_TIMEOUT;;FALSE;FALSE;TRUE;FALSE;1;1140;stihl_resultaten.csv
10556000;;2026-09-26;TECHNICAL_TIMEOUT;time-out;;;;;;MY_STIHL;https://app.stihl.com/nl-nl/mystihl/tools/add;authenticated MY STIHL UI lookup;TECHNICAL_TIMEOUT;;FALSE;FALSE;TRUE;FALSE;1;1159;stihl_resultaten.csv
10557000;;2026-09-26;TECHNICAL_TIMEOUT;time-out;;;;;;MY_STIHL;https://app.stihl.com/nl-nl/mystihl/tools/add;authenticated MY STIHL UI lookup;TECHNICAL_TIMEOUT;;FALSE;FALSE;TRUE;FALSE;1;1160;stihl_resultaten.csv
10558000;;2026-09-26;TECHNICAL_TIMEOUT;time-out;;;;;;MY_STIHL;https://app.stihl.com/nl-nl/mystihl/tools/add;authenticated MY STIHL UI lookup;TECHNICAL_TIMEOUT;;FALSE;FALSE;TRUE;FALSE;1;1161;stihl_resultaten.csv
10559000;;2026-09-26;TECHNICAL_TIMEOUT;time-out;;;;;;MY_STIHL;https://app.stihl.com/nl-nl/mystihl/tools/add;authenticated MY STIHL UI lookup;TECHNICAL_TIMEOUT;;FALSE;FALSE;TRUE;FALSE;1;1162;stihl_resultaten.csv
10560000;;2026-09-26;TECHNICAL_TIMEOUT;time-out;;;;;;MY_STIHL;https://app.stihl.com/nl-nl/mystihl/tools/add;authenticated MY STIHL UI lookup;TECHNICAL_TIMEOUT;;FALSE;FALSE;TRUE;FALSE;1;1163;stihl_resultaten.csv
10561000;;2026-09-26;TECHNICAL_TIMEOUT;time-out;;;;;;MY_STIHL;https://app.stihl.com/nl-nl/mystihl/tools/add;authenticated MY STIHL UI lookup;TECHNICAL_TIMEOUT;;FALSE;FALSE;TRUE;FALSE;1;1164;stihl_resultaten.csv
10562000;;2026-09-26;TECHNICAL_TIMEOUT;time-out;;;;;;MY_STIHL;https://app.stihl.com/nl-nl/mystihl/tools/add;authenticated MY STIHL UI lookup;TECHNICAL_TIMEOUT;;FALSE;FALSE;TRUE;FALSE;1;1165;stihl_resultaten.csv
10563000;;2026-09-26;TECHNICAL_TIMEOUT;time-out;;;;;;MY_STIHL;https://app.stihl.com/nl-nl/mystihl/tools/add;authenticated MY STIHL UI lookup;TECHNICAL_TIMEOUT;;FALSE;FALSE;TRUE;FALSE;1;1166;stihl_resultaten.csv
10564000;;2026-09-26;TECHNICAL_TIMEOUT;time-out;;;;;;MY_STIHL;https://app.stihl.com/nl-nl/mystihl/tools/add;authenticated MY STIHL UI lookup;TECHNICAL_TIMEOUT;;FALSE;FALSE;TRUE;FALSE;1;1167;stihl_resultaten.csv
10565000;;2026-09-26;TECHNICAL_TIMEOUT;time-out;;;;;;MY_STIHL;https://app.stihl.com/nl-nl/mystihl/tools/add;authenticated MY STIHL UI lookup;TECHNICAL_TIMEOUT;;FALSE;FALSE;TRUE;FALSE;1;1168;stihl_resultaten.csv
10566000;;2026-09-26;TECHNICAL_TIMEOUT;time-out;;;;;;MY_STIHL;https://app.stihl.com/nl-nl/mystihl/tools/add;authenticated MY STIHL UI lookup;TECHNICAL_TIMEOUT;;FALSE;FALSE;TRUE;FALSE;1;1169;stihl_resultaten.csv
10567000;;2026-09-26;TECHNICAL_TIMEOUT;time-out;;;;;;MY_STIHL;https://app.stihl.com/nl-nl/mystihl/tools/add;authenticated MY STIHL UI lookup;TECHNICAL_TIMEOUT;;FALSE;FALSE;TRUE;FALSE;1;1170;stihl_resultaten.csv
10568000;;2026-09-26;TECHNICAL_TIMEOUT;time-out;;;;;;MY_STIHL;https://app.stihl.com/nl-nl/mystihl/tools/add;authenticated MY STIHL UI lookup;TECHNICAL_TIMEOUT;;FALSE;FALSE;TRUE;FALSE;1;1171;stihl_resultaten.csv
10569000;;2026-09-26;TECHNICAL_TIMEOUT;time-out;;;;;;MY_STIHL;https://app.stihl.com/nl-nl/mystihl/tools/add;authenticated MY STIHL UI lookup;TECHNICAL_TIMEOUT;;FALSE;FALSE;TRUE;FALSE;1;1172;stihl_resultaten.csv
10570000;;2026-09-26;TECHNICAL_TIMEOUT;time-out;;;;;;MY_STIHL;https://app.stihl.com/nl-nl/mystihl/tools/add;authenticated MY STIHL UI lookup;TECHNICAL_TIMEOUT;;FALSE;FALSE;TRUE;FALSE;1;1173;stihl_resultaten.csv
10571000;;2026-09-26;TECHNICAL_TIMEOUT;time-out;;;;;;MY_STIHL;https://app.stihl.com/nl-nl/mystihl/tools/add;authenticated MY STIHL UI lookup;TECHNICAL_TIMEOUT;;FALSE;FALSE;TRUE;FALSE;1;1174;stihl_resultaten.csv
10572000;;2026-09-26;TECHNICAL_TIMEOUT;time-out;;;;;;MY_STIHL;https://app.stihl.com/nl-nl/mystihl/tools/add;authenticated MY STIHL UI lookup;TECHNICAL_TIMEOUT;;FALSE;FALSE;TRUE;FALSE;1;1175;stihl_resultaten.csv
10573000;;2026-09-26;TECHNICAL_TIMEOUT;time-out;;;;;;MY_STIHL;https://app.stihl.com/nl-nl/mystihl/tools/add;authenticated MY STIHL UI lookup;TECHNICAL_TIMEOUT;;FALSE;FALSE;TRUE;FALSE;1;1176;stihl_resultaten.csv
10574000;;2026-09-26;TECHNICAL_TIMEOUT;time-out;;;;;;MY_STIHL;https://app.stihl.com/nl-nl/mystihl/tools/add;authenticated MY STIHL UI lookup;TECHNICAL_TIMEOUT;;FALSE;FALSE;TRUE;FALSE;1;1177;stihl_resultaten.csv
10575000;;2026-09-26;TECHNICAL_TIMEOUT;time-out;;;;;;MY_STIHL;https://app.stihl.com/nl-nl/mystihl/tools/add;authenticated MY STIHL UI lookup;TECHNICAL_TIMEOUT;;FALSE;FALSE;TRUE;FALSE;1;1178;stihl_resultaten.csv
10576000;;2026-09-26;TECHNICAL_TIMEOUT;time-out;;;;;;MY_STIHL;https://app.stihl.com/nl-nl/mystihl/tools/add;authenticated MY STIHL UI lookup;TECHNICAL_TIMEOUT;;FALSE;FALSE;TRUE;FALSE;1;1179;stihl_resultaten.csv
10577000;;2026-09-26;TECHNICAL_TIMEOUT;time-out;;;;;;MY_STIHL;https://app.stihl.com/nl-nl/mystihl/tools/add;authenticated MY STIHL UI lookup;TECHNICAL_TIMEOUT;;FALSE;FALSE;TRUE;FALSE;1;1180;stihl_resultaten.csv
10578000;;2026-09-26;TECHNICAL_TIMEOUT;time-out;;;;;;MY_STIHL;https://app.stihl.com/nl-nl/mystihl/tools/add;authenticated MY STIHL UI lookup;TECHNICAL_TIMEOUT;;FALSE;FALSE;TRUE;FALSE;1;1181;stihl_resultaten.csv
10579000;;2026-09-26;TECHNICAL_TIMEOUT;time-out;;;;;;MY_STIHL;https://app.stihl.com/nl-nl/mystihl/tools/add;authenticated MY STIHL UI lookup;TECHNICAL_TIMEOUT;;FALSE;FALSE;TRUE;FALSE;1;1182;stihl_resultaten.csv
10580000;;2026-09-26;TECHNICAL_TIMEOUT;time-out;;;;;;MY_STIHL;https://app.stihl.com/nl-nl/mystihl/tools/add;authenticated MY STIHL UI lookup;TECHNICAL_TIMEOUT;;FALSE;FALSE;TRUE;FALSE;1;1183;stihl_resultaten.csv
10581000;;2026-09-26;TECHNICAL_TIMEOUT;time-out;;;;;;MY_STIHL;https://app.stihl.com/nl-nl/mystihl/tools/add;authenticated MY STIHL UI lookup;TECHNICAL_TIMEOUT;;FALSE;FALSE;TRUE;FALSE;1;1184;stihl_resultaten.csv
10582000;;2026-09-26;TECHNICAL_TIMEOUT;time-out;;;;;;MY_STIHL;https://app.stihl.com/nl-nl/mystihl/tools/add;authenticated MY STIHL UI lookup;TECHNICAL_TIMEOUT;;FALSE;FALSE;TRUE;FALSE;1;1185;stihl_resultaten.csv
10583000;;2026-09-26;TECHNICAL_TIMEOUT;time-out;;;;;;MY_STIHL;https://app.stihl.com/nl-nl/mystihl/tools/add;authenticated MY STIHL UI lookup;TECHNICAL_TIMEOUT;;FALSE;FALSE;TRUE;FALSE;1;1186;stihl_resultaten.csv
10584000;;2026-09-26;TECHNICAL_TIMEOUT;time-out;;;;;;MY_STIHL;https://app.stihl.com/nl-nl/mystihl/tools/add;authenticated MY STIHL UI lookup;TECHNICAL_TIMEOUT;;FALSE;FALSE;TRUE;FALSE;1;1187;stihl_resultaten.csv
10585000;;2026-09-26;TECHNICAL_TIMEOUT;time-out;;;;;;MY_STIHL;https://app.stihl.com/nl-nl/mystihl/tools/add;authenticated MY STIHL UI lookup;TECHNICAL_TIMEOUT;;FALSE;FALSE;TRUE;FALSE;1;1188;stihl_resultaten.csv
10586000;;2026-09-26;TECHNICAL_TIMEOUT;time-out;;;;;;MY_STIHL;https://app.stihl.com/nl-nl/mystihl/tools/add;authenticated MY STIHL UI lookup;TECHNICAL_TIMEOUT;;FALSE;FALSE;TRUE;FALSE;1;1189;stihl_resultaten.csv
10587000;;2026-09-26;TECHNICAL_TIMEOUT;time-out;;;;;;MY_STIHL;https://app.stihl.com/nl-nl/mystihl/tools/add;authenticated MY STIHL UI lookup;TECHNICAL_TIMEOUT;;FALSE;FALSE;TRUE;FALSE;1;1190;stihl_resultaten.csv
10588000;;2026-09-26;TECHNICAL_TIMEOUT;time-out;;;;;;MY_STIHL;https://app.stihl.com/nl-nl/mystihl/tools/add;authenticated MY STIHL UI lookup;TECHNICAL_TIMEOUT;;FALSE;FALSE;TRUE;FALSE;1;1191;stihl_resultaten.csv
10589000;;2026-09-26;TECHNICAL_TIMEOUT;time-out;;;;;;MY_STIHL;https://app.stihl.com/nl-nl/mystihl/tools/add;authenticated MY STIHL UI lookup;TECHNICAL_TIMEOUT;;FALSE;FALSE;TRUE;FALSE;1;1192;stihl_resultaten.csv
10590000;;2026-09-26;TECHNICAL_TIMEOUT;time-out;;;;;;MY_STIHL;https://app.stihl.com/nl-nl/mystihl/tools/add;authenticated MY STIHL UI lookup;TECHNICAL_TIMEOUT;;FALSE;FALSE;TRUE;FALSE;1;1193;stihl_resultaten.csv
10591000;;2026-09-26;TECHNICAL_TIMEOUT;time-out;;;;;;MY_STIHL;https://app.stihl.com/nl-nl/mystihl/tools/add;authenticated MY STIHL UI lookup;TECHNICAL_TIMEOUT;;FALSE;FALSE;TRUE;FALSE;1;1194;stihl_resultaten.csv
10593000;;2026-09-26;TECHNICAL_TIMEOUT;time-out;;;;;;MY_STIHL;https://app.stihl.com/nl-nl/mystihl/tools/add;authenticated MY STIHL UI lookup;TECHNICAL_TIMEOUT;;FALSE;FALSE;TRUE;FALSE;1;1196;stihl_resultaten.csv
10595000;;2026-09-26;TECHNICAL_TIMEOUT;time-out;;;;;;MY_STIHL;https://app.stihl.com/nl-nl/mystihl/tools/add;authenticated MY STIHL UI lookup;TECHNICAL_TIMEOUT;;FALSE;FALSE;TRUE;FALSE;1;1198;stihl_resultaten.csv
10596000;;2026-09-26;TECHNICAL_TIMEOUT;time-out;;;;;;MY_STIHL;https://app.stihl.com/nl-nl/mystihl/tools/add;authenticated MY STIHL UI lookup;TECHNICAL_TIMEOUT;;FALSE;FALSE;TRUE;FALSE;1;1199;stihl_resultaten.csv
10600000;;2026-09-26;TECHNICAL_TIMEOUT;time-out;;;;;;MY_STIHL;https://app.stihl.com/nl-nl/mystihl/tools/add;authenticated MY STIHL UI lookup;TECHNICAL_TIMEOUT;;FALSE;FALSE;TRUE;FALSE;1;1203;stihl_resultaten.csv
10601000;;2026-09-26;TECHNICAL_TIMEOUT;time-out;;;;;;MY_STIHL;https://app.stihl.com/nl-nl/mystihl/tools/add;authenticated MY STIHL UI lookup;TECHNICAL_TIMEOUT;;FALSE;FALSE;TRUE;FALSE;1;1204;stihl_resultaten.csv
10602000;;2026-09-26;TECHNICAL_TIMEOUT;time-out;;;;;;MY_STIHL;https://app.stihl.com/nl-nl/mystihl/tools/add;authenticated MY STIHL UI lookup;TECHNICAL_TIMEOUT;;FALSE;FALSE;TRUE;FALSE;1;1205;stihl_resultaten.csv
10603000;;2026-09-26;TECHNICAL_TIMEOUT;time-out;;;;;;MY_STIHL;https://app.stihl.com/nl-nl/mystihl/tools/add;authenticated MY STIHL UI lookup;TECHNICAL_TIMEOUT;;FALSE;FALSE;TRUE;FALSE;1;1206;stihl_resultaten.csv
10604000;;2026-09-26;TECHNICAL_TIMEOUT;time-out;;;;;;MY_STIHL;https://app.stihl.com/nl-nl/mystihl/tools/add;authenticated MY STIHL UI lookup;TECHNICAL_TIMEOUT;;FALSE;FALSE;TRUE;FALSE;1;1207;stihl_resultaten.csv
10605000;;2026-09-26;TECHNICAL_TIMEOUT;time-out;;;;;;MY_STIHL;https://app.stihl.com/nl-nl/mystihl/tools/add;authenticated MY STIHL UI lookup;TECHNICAL_TIMEOUT;;FALSE;FALSE;TRUE;FALSE;1;1208;stihl_resultaten.csv
10606000;;2026-09-26;TECHNICAL_TIMEOUT;time-out;;;;;;MY_STIHL;https://app.stihl.com/nl-nl/mystihl/tools/add;authenticated MY STIHL UI lookup;TECHNICAL_TIMEOUT;;FALSE;FALSE;TRUE;FALSE;1;1209;stihl_resultaten.csv
10613000;;2026-09-26;TECHNICAL_TIMEOUT;time-out;;;;;;MY_STIHL;https://app.stihl.com/nl-nl/mystihl/tools/add;authenticated MY STIHL UI lookup;TECHNICAL_TIMEOUT;;FALSE;FALSE;TRUE;FALSE;1;1216;stihl_resultaten.csv
10614000;;2026-09-26;TECHNICAL_TIMEOUT;time-out;;;;;;MY_STIHL;https://app.stihl.com/nl-nl/mystihl/tools/add;authenticated MY STIHL UI lookup;TECHNICAL_TIMEOUT;;FALSE;FALSE;TRUE;FALSE;1;1217;stihl_resultaten.csv
10615000;;2026-09-26;TECHNICAL_TIMEOUT;time-out;;;;;;MY_STIHL;https://app.stihl.com/nl-nl/mystihl/tools/add;authenticated MY STIHL UI lookup;TECHNICAL_TIMEOUT;;FALSE;FALSE;TRUE;FALSE;1;1218;stihl_resultaten.csv
10616000;;2026-09-26;TECHNICAL_TIMEOUT;time-out;;;;;;MY_STIHL;https://app.stihl.com/nl-nl/mystihl/tools/add;authenticated MY STIHL UI lookup;TECHNICAL_TIMEOUT;;FALSE;FALSE;TRUE;FALSE;1;1219;stihl_resultaten.csv
10617000;;2026-09-26;TECHNICAL_TIMEOUT;time-out;;;;;;MY_STIHL;https://app.stihl.com/nl-nl/mystihl/tools/add;authenticated MY STIHL UI lookup;TECHNICAL_TIMEOUT;;FALSE;FALSE;TRUE;FALSE;1;1220;stihl_resultaten.csv
10618000;;2026-09-26;TECHNICAL_TIMEOUT;time-out;;;;;;MY_STIHL;https://app.stihl.com/nl-nl/mystihl/tools/add;authenticated MY STIHL UI lookup;TECHNICAL_TIMEOUT;;FALSE;FALSE;TRUE;FALSE;1;1221;stihl_resultaten.csv
10619000;;2026-09-26;BROWSER_ERROR;fout;;;;;;MY_STIHL;https://app.stihl.com/nl-nl/mystihl/tools/add;authenticated MY STIHL UI lookup;TECHNICAL_FAILURE;;FALSE;FALSE;TRUE;FALSE;1;1222;stihl_resultaten.csv
10620000;;2026-09-26;BROWSER_ERROR;fout;;;;;;MY_STIHL;https://app.stihl.com/nl-nl/mystihl/tools/add;authenticated MY STIHL UI lookup;TECHNICAL_FAILURE;;FALSE;FALSE;TRUE;FALSE;1;1223;stihl_resultaten.csv
10621000;;2026-09-26;BROWSER_ERROR;fout;;;;;;MY_STIHL;https://app.stihl.com/nl-nl/mystihl/tools/add;authenticated MY STIHL UI lookup;TECHNICAL_FAILURE;;FALSE;FALSE;TRUE;FALSE;1;1224;stihl_resultaten.csv
10622000;;2026-09-26;BROWSER_ERROR;fout;;;;;;MY_STIHL;https://app.stihl.com/nl-nl/mystihl/tools/add;authenticated MY STIHL UI lookup;TECHNICAL_FAILURE;;FALSE;FALSE;TRUE;FALSE;1;1225;stihl_resultaten.csv
10623000;;2026-09-26;BROWSER_ERROR;fout;;;;;;MY_STIHL;https://app.stihl.com/nl-nl/mystihl/tools/add;authenticated MY STIHL UI lookup;TECHNICAL_FAILURE;;FALSE;FALSE;TRUE;FALSE;1;1226;stihl_resultaten.csv
10624000;;2026-09-26;BROWSER_ERROR;fout;;;;;;MY_STIHL;https://app.stihl.com/nl-nl/mystihl/tools/add;authenticated MY STIHL UI lookup;TECHNICAL_FAILURE;;FALSE;FALSE;TRUE;FALSE;1;1227;stihl_resultaten.csv
10625000;;2026-09-26;BROWSER_ERROR;fout;;;;;;MY_STIHL;https://app.stihl.com/nl-nl/mystihl/tools/add;authenticated MY STIHL UI lookup;TECHNICAL_FAILURE;;FALSE;FALSE;TRUE;FALSE;1;1228;stihl_resultaten.csv
10626000;;2026-09-26;BROWSER_ERROR;fout;;;;;;MY_STIHL;https://app.stihl.com/nl-nl/mystihl/tools/add;authenticated MY STIHL UI lookup;TECHNICAL_FAILURE;;FALSE;FALSE;TRUE;FALSE;1;1229;stihl_resultaten.csv
10627000;;2026-09-26;BROWSER_ERROR;fout;;;;;;MY_STIHL;https://app.stihl.com/nl-nl/mystihl/tools/add;authenticated MY STIHL UI lookup;TECHNICAL_FAILURE;;FALSE;FALSE;TRUE;FALSE;1;1230;stihl_resultaten.csv
10628000;;2026-09-26;BROWSER_ERROR;fout;;;;;;MY_STIHL;https://app.stihl.com/nl-nl/mystihl/tools/add;authenticated MY STIHL UI lookup;TECHNICAL_FAILURE;;FALSE;FALSE;TRUE;FALSE;1;1231;stihl_resultaten.csv
10629000;;2026-09-26;BROWSER_ERROR;fout;;;;;;MY_STIHL;https://app.stihl.com/nl-nl/mystihl/tools/add;authenticated MY STIHL UI lookup;TECHNICAL_FAILURE;;FALSE;FALSE;TRUE;FALSE;1;1232;stihl_resultaten.csv
10630000;;2026-09-26;BROWSER_ERROR;fout;;;;;;MY_STIHL;https://app.stihl.com/nl-nl/mystihl/tools/add;authenticated MY STIHL UI lookup;TECHNICAL_FAILURE;;FALSE;FALSE;TRUE;FALSE;1;1233;stihl_resultaten.csv
10631000;;2026-09-26;BROWSER_ERROR;fout;;;;;;MY_STIHL;https://app.stihl.com/nl-nl/mystihl/tools/add;authenticated MY STIHL UI lookup;TECHNICAL_FAILURE;;FALSE;FALSE;TRUE;FALSE;1;1234;stihl_resultaten.csv
10632000;;2026-09-26;BROWSER_ERROR;fout;;;;;;MY_STIHL;https://app.stihl.com/nl-nl/mystihl/tools/add;authenticated MY STIHL UI lookup;TECHNICAL_FAILURE;;FALSE;FALSE;TRUE;FALSE;1;1235;stihl_resultaten.csv
10633000;;2026-09-26;BROWSER_ERROR;fout;;;;;;MY_STIHL;https://app.stihl.com/nl-nl/mystihl/tools/add;authenticated MY STIHL UI lookup;TECHNICAL_FAILURE;;FALSE;FALSE;TRUE;FALSE;1;1236;stihl_resultaten.csv
10634000;;2026-09-26;BROWSER_ERROR;fout;;;;;;MY_STIHL;https://app.stihl.com/nl-nl/mystihl/tools/add;authenticated MY STIHL UI lookup;TECHNICAL_FAILURE;;FALSE;FALSE;TRUE;FALSE;1;1237;stihl_resultaten.csv
10635000;;2026-09-26;BROWSER_ERROR;fout;;;;;;MY_STIHL;https://app.stihl.com/nl-nl/mystihl/tools/add;authenticated MY STIHL UI lookup;TECHNICAL_FAILURE;;FALSE;FALSE;TRUE;FALSE;1;1238;stihl_resultaten.csv
10636000;;2026-09-26;BROWSER_ERROR;fout;;;;;;MY_STIHL;https://app.stihl.com/nl-nl/mystihl/tools/add;authenticated MY STIHL UI lookup;TECHNICAL_FAILURE;;FALSE;FALSE;TRUE;FALSE;1;1239;stihl_resultaten.csv
10637000;;2026-09-26;BROWSER_ERROR;fout;;;;;;MY_STIHL;https://app.stihl.com/nl-nl/mystihl/tools/add;authenticated MY STIHL UI lookup;TECHNICAL_FAILURE;;FALSE;FALSE;TRUE;FALSE;1;1240;stihl_resultaten.csv
10638000;;2026-09-26;BROWSER_ERROR;fout;;;;;;MY_STIHL;https://app.stihl.com/nl-nl/mystihl/tools/add;authenticated MY STIHL UI lookup;TECHNICAL_FAILURE;;FALSE;FALSE;TRUE;FALSE;1;1241;stihl_resultaten.csv
10639000;;2026-09-26;BROWSER_ERROR;fout;;;;;;MY_STIHL;https://app.stihl.com/nl-nl/mystihl/tools/add;authenticated MY STIHL UI lookup;TECHNICAL_FAILURE;;FALSE;FALSE;TRUE;FALSE;1;1242;stihl_resultaten.csv
10640000;;2026-09-26;BROWSER_ERROR;fout;;;;;;MY_STIHL;https://app.stihl.com/nl-nl/mystihl/tools/add;authenticated MY STIHL UI lookup;TECHNICAL_FAILURE;;FALSE;FALSE;TRUE;FALSE;1;1243;stihl_resultaten.csv
10641000;;2026-09-26;BROWSER_ERROR;fout;;;;;;MY_STIHL;https://app.stihl.com/nl-nl/mystihl/tools/add;authenticated MY STIHL UI lookup;TECHNICAL_FAILURE;;FALSE;FALSE;TRUE;FALSE;1;1244;stihl_resultaten.csv
10642000;;2026-09-26;BROWSER_ERROR;fout;;;;;;MY_STIHL;https://app.stihl.com/nl-nl/mystihl/tools/add;authenticated MY STIHL UI lookup;TECHNICAL_FAILURE;;FALSE;FALSE;TRUE;FALSE;1;1245;stihl_resultaten.csv
10643000;;2026-09-26;BROWSER_ERROR;fout;;;;;;MY_STIHL;https://app.stihl.com/nl-nl/mystihl/tools/add;authenticated MY STIHL UI lookup;TECHNICAL_FAILURE;;FALSE;FALSE;TRUE;FALSE;1;1246;stihl_resultaten.csv
10644000;;2026-09-26;BROWSER_ERROR;fout;;;;;;MY_STIHL;https://app.stihl.com/nl-nl/mystihl/tools/add;authenticated MY STIHL UI lookup;TECHNICAL_FAILURE;;FALSE;FALSE;TRUE;FALSE;1;1247;stihl_resultaten.csv
10645000;;2026-09-26;BROWSER_ERROR;fout;;;;;;MY_STIHL;https://app.stihl.com/nl-nl/mystihl/tools/add;authenticated MY STIHL UI lookup;TECHNICAL_FAILURE;;FALSE;FALSE;TRUE;FALSE;1;1248;stihl_resultaten.csv
10646000;;2026-09-26;BROWSER_ERROR;fout;;;;;;MY_STIHL;https://app.stihl.com/nl-nl/mystihl/tools/add;authenticated MY STIHL UI lookup;TECHNICAL_FAILURE;;FALSE;FALSE;TRUE;FALSE;1;1249;stihl_resultaten.csv
10647000;;2026-09-26;BROWSER_ERROR;fout;;;;;;MY_STIHL;https://app.stihl.com/nl-nl/mystihl/tools/add;authenticated MY STIHL UI lookup;TECHNICAL_FAILURE;;FALSE;FALSE;TRUE;FALSE;1;1250;stihl_resultaten.csv
10648000;;2026-09-26;BROWSER_ERROR;fout;;;;;;MY_STIHL;https://app.stihl.com/nl-nl/mystihl/tools/add;authenticated MY STIHL UI lookup;TECHNICAL_FAILURE;;FALSE;FALSE;TRUE;FALSE;1;1251;stihl_resultaten.csv
10649000;;2026-09-26;BROWSER_ERROR;fout;;;;;;MY_STIHL;https://app.stihl.com/nl-nl/mystihl/tools/add;authenticated MY STIHL UI lookup;TECHNICAL_FAILURE;;FALSE;FALSE;TRUE;FALSE;1;1252;stihl_resultaten.csv
10650000;;2026-09-26;BROWSER_ERROR;fout;;;;;;MY_STIHL;https://app.stihl.com/nl-nl/mystihl/tools/add;authenticated MY STIHL UI lookup;TECHNICAL_FAILURE;;FALSE;FALSE;TRUE;FALSE;1;1253;stihl_resultaten.csv
10651000;;2026-09-26;BROWSER_ERROR;fout;;;;;;MY_STIHL;https://app.stihl.com/nl-nl/mystihl/tools/add;authenticated MY STIHL UI lookup;TECHNICAL_FAILURE;;FALSE;FALSE;TRUE;FALSE;1;1254;stihl_resultaten.csv
10652000;;2026-09-26;BROWSER_ERROR;fout;;;;;;MY_STIHL;https://app.stihl.com/nl-nl/mystihl/tools/add;authenticated MY STIHL UI lookup;TECHNICAL_FAILURE;;FALSE;FALSE;TRUE;FALSE;1;1255;stihl_resultaten.csv
10653000;;2026-09-26;BROWSER_ERROR;fout;;;;;;MY_STIHL;https://app.stihl.com/nl-nl/mystihl/tools/add;authenticated MY STIHL UI lookup;TECHNICAL_FAILURE;;FALSE;FALSE;TRUE;FALSE;1;1256;stihl_resultaten.csv
10654000;;2026-09-26;BROWSER_ERROR;fout;;;;;;MY_STIHL;https://app.stihl.com/nl-nl/mystihl/tools/add;authenticated MY STIHL UI lookup;TECHNICAL_FAILURE;;FALSE;FALSE;TRUE;FALSE;1;1257;stihl_resultaten.csv
10655000;;2026-09-26;BROWSER_ERROR;fout;;;;;;MY_STIHL;https://app.stihl.com/nl-nl/mystihl/tools/add;authenticated MY STIHL UI lookup;TECHNICAL_FAILURE;;FALSE;FALSE;TRUE;FALSE;1;1258;stihl_resultaten.csv
10656000;;2026-09-26;BROWSER_ERROR;fout;;;;;;MY_STIHL;https://app.stihl.com/nl-nl/mystihl/tools/add;authenticated MY STIHL UI lookup;TECHNICAL_FAILURE;;FALSE;FALSE;TRUE;FALSE;1;1259;stihl_resultaten.csv
10657000;;2026-09-26;BROWSER_ERROR;fout;;;;;;MY_STIHL;https://app.stihl.com/nl-nl/mystihl/tools/add;authenticated MY STIHL UI lookup;TECHNICAL_FAILURE;;FALSE;FALSE;TRUE;FALSE;1;1260;stihl_resultaten.csv
10658000;;2026-09-26;BROWSER_ERROR;fout;;;;;;MY_STIHL;https://app.stihl.com/nl-nl/mystihl/tools/add;authenticated MY STIHL UI lookup;TECHNICAL_FAILURE;;FALSE;FALSE;TRUE;FALSE;1;1261;stihl_resultaten.csv
10659000;;2026-09-26;BROWSER_ERROR;fout;;;;;;MY_STIHL;https://app.stihl.com/nl-nl/mystihl/tools/add;authenticated MY STIHL UI lookup;TECHNICAL_FAILURE;;FALSE;FALSE;TRUE;FALSE;1;1262;stihl_resultaten.csv
10660000;;2026-09-26;BROWSER_ERROR;fout;;;;;;MY_STIHL;https://app.stihl.com/nl-nl/mystihl/tools/add;authenticated MY STIHL UI lookup;TECHNICAL_FAILURE;;FALSE;FALSE;TRUE;FALSE;1;1263;stihl_resultaten.csv
10661000;;2026-09-26;BROWSER_ERROR;fout;;;;;;MY_STIHL;https://app.stihl.com/nl-nl/mystihl/tools/add;authenticated MY STIHL UI lookup;TECHNICAL_FAILURE;;FALSE;FALSE;TRUE;FALSE;1;1264;stihl_resultaten.csv
10662000;;2026-09-26;BROWSER_ERROR;fout;;;;;;MY_STIHL;https://app.stihl.com/nl-nl/mystihl/tools/add;authenticated MY STIHL UI lookup;TECHNICAL_FAILURE;;FALSE;FALSE;TRUE;FALSE;1;1265;stihl_resultaten.csv
10663000;;2026-09-26;BROWSER_ERROR;fout;;;;;;MY_STIHL;https://app.stihl.com/nl-nl/mystihl/tools/add;authenticated MY STIHL UI lookup;TECHNICAL_FAILURE;;FALSE;FALSE;TRUE;FALSE;1;1266;stihl_resultaten.csv
10664000;;2026-09-26;BROWSER_ERROR;fout;;;;;;MY_STIHL;https://app.stihl.com/nl-nl/mystihl/tools/add;authenticated MY STIHL UI lookup;TECHNICAL_FAILURE;;FALSE;FALSE;TRUE;FALSE;1;1267;stihl_resultaten.csv
10665000;;2026-09-26;BROWSER_ERROR;fout;;;;;;MY_STIHL;https://app.stihl.com/nl-nl/mystihl/tools/add;authenticated MY STIHL UI lookup;TECHNICAL_FAILURE;;FALSE;FALSE;TRUE;FALSE;1;1268;stihl_resultaten.csv
10666000;;2026-09-26;BROWSER_ERROR;fout;;;;;;MY_STIHL;https://app.stihl.com/nl-nl/mystihl/tools/add;authenticated MY STIHL UI lookup;TECHNICAL_FAILURE;;FALSE;FALSE;TRUE;FALSE;1;1269;stihl_resultaten.csv
10667000;;2026-09-26;BROWSER_ERROR;fout;;;;;;MY_STIHL;https://app.stihl.com/nl-nl/mystihl/tools/add;authenticated MY STIHL UI lookup;TECHNICAL_FAILURE;;FALSE;FALSE;TRUE;FALSE;1;1270;stihl_resultaten.csv
10668000;;2026-09-26;BROWSER_ERROR;fout;;;;;;MY_STIHL;https://app.stihl.com/nl-nl/mystihl/tools/add;authenticated MY STIHL UI lookup;TECHNICAL_FAILURE;;FALSE;FALSE;TRUE;FALSE;1;1271;stihl_resultaten.csv
10669000;;2026-09-26;BROWSER_ERROR;fout;;;;;;MY_STIHL;https://app.stihl.com/nl-nl/mystihl/tools/add;authenticated MY STIHL UI lookup;TECHNICAL_FAILURE;;FALSE;FALSE;TRUE;FALSE;1;1272;stihl_resultaten.csv
10670000;;2026-09-26;BROWSER_ERROR;fout;;;;;;MY_STIHL;https://app.stihl.com/nl-nl/mystihl/tools/add;authenticated MY STIHL UI lookup;TECHNICAL_FAILURE;;FALSE;FALSE;TRUE;FALSE;1;1273;stihl_resultaten.csv
10671000;;2026-09-26;BROWSER_ERROR;fout;;;;;;MY_STIHL;https://app.stihl.com/nl-nl/mystihl/tools/add;authenticated MY STIHL UI lookup;TECHNICAL_FAILURE;;FALSE;FALSE;TRUE;FALSE;1;1274;stihl_resultaten.csv
10672000;;2026-09-26;BROWSER_ERROR;fout;;;;;;MY_STIHL;https://app.stihl.com/nl-nl/mystihl/tools/add;authenticated MY STIHL UI lookup;TECHNICAL_FAILURE;;FALSE;FALSE;TRUE;FALSE;1;1275;stihl_resultaten.csv
10673000;;2026-09-26;BROWSER_ERROR;fout;;;;;;MY_STIHL;https://app.stihl.com/nl-nl/mystihl/tools/add;authenticated MY STIHL UI lookup;TECHNICAL_FAILURE;;FALSE;FALSE;TRUE;FALSE;1;1276;stihl_resultaten.csv
10674000;;2026-09-26;BROWSER_ERROR;fout;;;;;;MY_STIHL;https://app.stihl.com/nl-nl/mystihl/tools/add;authenticated MY STIHL UI lookup;TECHNICAL_FAILURE;;FALSE;FALSE;TRUE;FALSE;1;1277;stihl_resultaten.csv
10675000;;2026-09-26;BROWSER_ERROR;fout;;;;;;MY_STIHL;https://app.stihl.com/nl-nl/mystihl/tools/add;authenticated MY STIHL UI lookup;TECHNICAL_FAILURE;;FALSE;FALSE;TRUE;FALSE;1;1278;stihl_resultaten.csv
10676000;;2026-09-26;BROWSER_ERROR;fout;;;;;;MY_STIHL;https://app.stihl.com/nl-nl/mystihl/tools/add;authenticated MY STIHL UI lookup;TECHNICAL_FAILURE;;FALSE;FALSE;TRUE;FALSE;1;1279;stihl_resultaten.csv
10677000;;2026-09-26;BROWSER_ERROR;fout;;;;;;MY_STIHL;https://app.stihl.com/nl-nl/mystihl/tools/add;authenticated MY STIHL UI lookup;TECHNICAL_FAILURE;;FALSE;FALSE;TRUE;FALSE;1;1280;stihl_resultaten.csv
10678000;;2026-09-26;BROWSER_ERROR;fout;;;;;;MY_STIHL;https://app.stihl.com/nl-nl/mystihl/tools/add;authenticated MY STIHL UI lookup;TECHNICAL_FAILURE;;FALSE;FALSE;TRUE;FALSE;1;1281;stihl_resultaten.csv
10679000;;2026-09-26;BROWSER_ERROR;fout;;;;;;MY_STIHL;https://app.stihl.com/nl-nl/mystihl/tools/add;authenticated MY STIHL UI lookup;TECHNICAL_FAILURE;;FALSE;FALSE;TRUE;FALSE;1;1282;stihl_resultaten.csv
10680000;;2026-09-26;BROWSER_ERROR;fout;;;;;;MY_STIHL;https://app.stihl.com/nl-nl/mystihl/tools/add;authenticated MY STIHL UI lookup;TECHNICAL_FAILURE;;FALSE;FALSE;TRUE;FALSE;1;1283;stihl_resultaten.csv
10681000;;2026-09-26;BROWSER_ERROR;fout;;;;;;MY_STIHL;https://app.stihl.com/nl-nl/mystihl/tools/add;authenticated MY STIHL UI lookup;TECHNICAL_FAILURE;;FALSE;FALSE;TRUE;FALSE;1;1284;stihl_resultaten.csv
10682000;;2026-09-26;BROWSER_ERROR;fout;;;;;;MY_STIHL;https://app.stihl.com/nl-nl/mystihl/tools/add;authenticated MY STIHL UI lookup;TECHNICAL_FAILURE;;FALSE;FALSE;TRUE;FALSE;1;1285;stihl_resultaten.csv
10683000;;2026-09-26;BROWSER_ERROR;fout;;;;;;MY_STIHL;https://app.stihl.com/nl-nl/mystihl/tools/add;authenticated MY STIHL UI lookup;TECHNICAL_FAILURE;;FALSE;FALSE;TRUE;FALSE;1;1286;stihl_resultaten.csv
10684000;;2026-09-26;BROWSER_ERROR;fout;;;;;;MY_STIHL;https://app.stihl.com/nl-nl/mystihl/tools/add;authenticated MY STIHL UI lookup;TECHNICAL_FAILURE;;FALSE;FALSE;TRUE;FALSE;1;1287;stihl_resultaten.csv
10685000;;2026-09-26;BROWSER_ERROR;fout;;;;;;MY_STIHL;https://app.stihl.com/nl-nl/mystihl/tools/add;authenticated MY STIHL UI lookup;TECHNICAL_FAILURE;;FALSE;FALSE;TRUE;FALSE;1;1288;stihl_resultaten.csv
10686000;;2026-09-26;BROWSER_ERROR;fout;;;;;;MY_STIHL;https://app.stihl.com/nl-nl/mystihl/tools/add;authenticated MY STIHL UI lookup;TECHNICAL_FAILURE;;FALSE;FALSE;TRUE;FALSE;1;1289;stihl_resultaten.csv
10687000;;2026-09-26;BROWSER_ERROR;fout;;;;;;MY_STIHL;https://app.stihl.com/nl-nl/mystihl/tools/add;authenticated MY STIHL UI lookup;TECHNICAL_FAILURE;;FALSE;FALSE;TRUE;FALSE;1;1290;stihl_resultaten.csv
10688000;;2026-09-26;BROWSER_ERROR;fout;;;;;;MY_STIHL;https://app.stihl.com/nl-nl/mystihl/tools/add;authenticated MY STIHL UI lookup;TECHNICAL_FAILURE;;FALSE;FALSE;TRUE;FALSE;1;1291;stihl_resultaten.csv
10689000;;2026-09-26;BROWSER_ERROR;fout;;;;;;MY_STIHL;https://app.stihl.com/nl-nl/mystihl/tools/add;authenticated MY STIHL UI lookup;TECHNICAL_FAILURE;;FALSE;FALSE;TRUE;FALSE;1;1292;stihl_resultaten.csv
10690000;;2026-09-26;BROWSER_ERROR;fout;;;;;;MY_STIHL;https://app.stihl.com/nl-nl/mystihl/tools/add;authenticated MY STIHL UI lookup;TECHNICAL_FAILURE;;FALSE;FALSE;TRUE;FALSE;1;1293;stihl_resultaten.csv
10691000;;2026-09-26;BROWSER_ERROR;fout;;;;;;MY_STIHL;https://app.stihl.com/nl-nl/mystihl/tools/add;authenticated MY STIHL UI lookup;TECHNICAL_FAILURE;;FALSE;FALSE;TRUE;FALSE;1;1294;stihl_resultaten.csv
10692000;;2026-09-26;BROWSER_ERROR;fout;;;;;;MY_STIHL;https://app.stihl.com/nl-nl/mystihl/tools/add;authenticated MY STIHL UI lookup;TECHNICAL_FAILURE;;FALSE;FALSE;TRUE;FALSE;1;1295;stihl_resultaten.csv
10693000;;2026-09-26;BROWSER_ERROR;fout;;;;;;MY_STIHL;https://app.stihl.com/nl-nl/mystihl/tools/add;authenticated MY STIHL UI lookup;TECHNICAL_FAILURE;;FALSE;FALSE;TRUE;FALSE;1;1296;stihl_resultaten.csv
10694000;;2026-09-26;BROWSER_ERROR;fout;;;;;;MY_STIHL;https://app.stihl.com/nl-nl/mystihl/tools/add;authenticated MY STIHL UI lookup;TECHNICAL_FAILURE;;FALSE;FALSE;TRUE;FALSE;1;1297;stihl_resultaten.csv
10695000;;2026-09-26;BROWSER_ERROR;fout;;;;;;MY_STIHL;https://app.stihl.com/nl-nl/mystihl/tools/add;authenticated MY STIHL UI lookup;TECHNICAL_FAILURE;;FALSE;FALSE;TRUE;FALSE;1;1298;stihl_resultaten.csv
10696000;;2026-09-26;BROWSER_ERROR;fout;;;;;;MY_STIHL;https://app.stihl.com/nl-nl/mystihl/tools/add;authenticated MY STIHL UI lookup;TECHNICAL_FAILURE;;FALSE;FALSE;TRUE;FALSE;1;1299;stihl_resultaten.csv
10697000;;2026-09-26;BROWSER_ERROR;fout;;;;;;MY_STIHL;https://app.stihl.com/nl-nl/mystihl/tools/add;authenticated MY STIHL UI lookup;TECHNICAL_FAILURE;;FALSE;FALSE;TRUE;FALSE;1;1300;stihl_resultaten.csv
10698000;;2026-09-26;BROWSER_ERROR;fout;;;;;;MY_STIHL;https://app.stihl.com/nl-nl/mystihl/tools/add;authenticated MY STIHL UI lookup;TECHNICAL_FAILURE;;FALSE;FALSE;TRUE;FALSE;1;1301;stihl_resultaten.csv
10699000;;2026-09-26;BROWSER_ERROR;fout;;;;;;MY_STIHL;https://app.stihl.com/nl-nl/mystihl/tools/add;authenticated MY STIHL UI lookup;TECHNICAL_FAILURE;;FALSE;FALSE;TRUE;FALSE;1;1302;stihl_resultaten.csv
10700000;;2026-09-26;BROWSER_ERROR;fout;;;;;;MY_STIHL;https://app.stihl.com/nl-nl/mystihl/tools/add;authenticated MY STIHL UI lookup;TECHNICAL_FAILURE;;FALSE;FALSE;TRUE;FALSE;1;1303;stihl_resultaten.csv
10701000;;2026-09-26;BROWSER_ERROR;fout;;;;;;MY_STIHL;https://app.stihl.com/nl-nl/mystihl/tools/add;authenticated MY STIHL UI lookup;TECHNICAL_FAILURE;;FALSE;FALSE;TRUE;FALSE;1;1304;stihl_resultaten.csv
10702000;;2026-09-26;BROWSER_ERROR;fout;;;;;;MY_STIHL;https://app.stihl.com/nl-nl/mystihl/tools/add;authenticated MY STIHL UI lookup;TECHNICAL_FAILURE;;FALSE;FALSE;TRUE;FALSE;1;1305;stihl_resultaten.csv
10703000;;2026-09-26;BROWSER_ERROR;fout;;;;;;MY_STIHL;https://app.stihl.com/nl-nl/mystihl/tools/add;authenticated MY STIHL UI lookup;TECHNICAL_FAILURE;;FALSE;FALSE;TRUE;FALSE;1;1306;stihl_resultaten.csv
10704000;;2026-09-26;BROWSER_ERROR;fout;;;;;;MY_STIHL;https://app.stihl.com/nl-nl/mystihl/tools/add;authenticated MY STIHL UI lookup;TECHNICAL_FAILURE;;FALSE;FALSE;TRUE;FALSE;1;1307;stihl_resultaten.csv
10705000;;2026-09-26;BROWSER_ERROR;fout;;;;;;MY_STIHL;https://app.stihl.com/nl-nl/mystihl/tools/add;authenticated MY STIHL UI lookup;TECHNICAL_FAILURE;;FALSE;FALSE;TRUE;FALSE;1;1308;stihl_resultaten.csv
10706000;;2026-09-26;BROWSER_ERROR;fout;;;;;;MY_STIHL;https://app.stihl.com/nl-nl/mystihl/tools/add;authenticated MY STIHL UI lookup;TECHNICAL_FAILURE;;FALSE;FALSE;TRUE;FALSE;1;1309;stihl_resultaten.csv
10707000;;2026-09-26;BROWSER_ERROR;fout;;;;;;MY_STIHL;https://app.stihl.com/nl-nl/mystihl/tools/add;authenticated MY STIHL UI lookup;TECHNICAL_FAILURE;;FALSE;FALSE;TRUE;FALSE;1;1310;stihl_resultaten.csv
10708000;;2026-09-26;BROWSER_ERROR;fout;;;;;;MY_STIHL;https://app.stihl.com/nl-nl/mystihl/tools/add;authenticated MY STIHL UI lookup;TECHNICAL_FAILURE;;FALSE;FALSE;TRUE;FALSE;1;1311;stihl_resultaten.csv
10709000;;2026-09-26;BROWSER_ERROR;fout;;;;;;MY_STIHL;https://app.stihl.com/nl-nl/mystihl/tools/add;authenticated MY STIHL UI lookup;TECHNICAL_FAILURE;;FALSE;FALSE;TRUE;FALSE;1;1312;stihl_resultaten.csv
10710000;;2026-09-26;BROWSER_ERROR;fout;;;;;;MY_STIHL;https://app.stihl.com/nl-nl/mystihl/tools/add;authenticated MY STIHL UI lookup;TECHNICAL_FAILURE;;FALSE;FALSE;TRUE;FALSE;1;1313;stihl_resultaten.csv
10711000;;2026-09-26;BROWSER_ERROR;fout;;;;;;MY_STIHL;https://app.stihl.com/nl-nl/mystihl/tools/add;authenticated MY STIHL UI lookup;TECHNICAL_FAILURE;;FALSE;FALSE;TRUE;FALSE;1;1314;stihl_resultaten.csv
10712000;;2026-09-26;BROWSER_ERROR;fout;;;;;;MY_STIHL;https://app.stihl.com/nl-nl/mystihl/tools/add;authenticated MY STIHL UI lookup;TECHNICAL_FAILURE;;FALSE;FALSE;TRUE;FALSE;1;1315;stihl_resultaten.csv
10713000;;2026-09-26;BROWSER_ERROR;fout;;;;;;MY_STIHL;https://app.stihl.com/nl-nl/mystihl/tools/add;authenticated MY STIHL UI lookup;TECHNICAL_FAILURE;;FALSE;FALSE;TRUE;FALSE;1;1316;stihl_resultaten.csv
10714000;;2026-09-26;BROWSER_ERROR;fout;;;;;;MY_STIHL;https://app.stihl.com/nl-nl/mystihl/tools/add;authenticated MY STIHL UI lookup;TECHNICAL_FAILURE;;FALSE;FALSE;TRUE;FALSE;1;1317;stihl_resultaten.csv
10715000;;2026-09-26;BROWSER_ERROR;fout;;;;;;MY_STIHL;https://app.stihl.com/nl-nl/mystihl/tools/add;authenticated MY STIHL UI lookup;TECHNICAL_FAILURE;;FALSE;FALSE;TRUE;FALSE;1;1318;stihl_resultaten.csv
10716000;;2026-09-26;BROWSER_ERROR;fout;;;;;;MY_STIHL;https://app.stihl.com/nl-nl/mystihl/tools/add;authenticated MY STIHL UI lookup;TECHNICAL_FAILURE;;FALSE;FALSE;TRUE;FALSE;1;1319;stihl_resultaten.csv
10717000;;2026-09-26;BROWSER_ERROR;fout;;;;;;MY_STIHL;https://app.stihl.com/nl-nl/mystihl/tools/add;authenticated MY STIHL UI lookup;TECHNICAL_FAILURE;;FALSE;FALSE;TRUE;FALSE;1;1320;stihl_resultaten.csv
10718000;;2026-09-26;BROWSER_ERROR;fout;;;;;;MY_STIHL;https://app.stihl.com/nl-nl/mystihl/tools/add;authenticated MY STIHL UI lookup;TECHNICAL_FAILURE;;FALSE;FALSE;TRUE;FALSE;1;1321;stihl_resultaten.csv
10719000;;2026-09-26;BROWSER_ERROR;fout;;;;;;MY_STIHL;https://app.stihl.com/nl-nl/mystihl/tools/add;authenticated MY STIHL UI lookup;TECHNICAL_FAILURE;;FALSE;FALSE;TRUE;FALSE;1;1322;stihl_resultaten.csv
10720000;;2026-09-26;BROWSER_ERROR;fout;;;;;;MY_STIHL;https://app.stihl.com/nl-nl/mystihl/tools/add;authenticated MY STIHL UI lookup;TECHNICAL_FAILURE;;FALSE;FALSE;TRUE;FALSE;1;1323;stihl_resultaten.csv
10721000;;2026-09-26;BROWSER_ERROR;fout;;;;;;MY_STIHL;https://app.stihl.com/nl-nl/mystihl/tools/add;authenticated MY STIHL UI lookup;TECHNICAL_FAILURE;;FALSE;FALSE;TRUE;FALSE;1;1324;stihl_resultaten.csv
10722000;;2026-09-26;BROWSER_ERROR;fout;;;;;;MY_STIHL;https://app.stihl.com/nl-nl/mystihl/tools/add;authenticated MY STIHL UI lookup;TECHNICAL_FAILURE;;FALSE;FALSE;TRUE;FALSE;1;1325;stihl_resultaten.csv
10723000;;2026-09-26;BROWSER_ERROR;fout;;;;;;MY_STIHL;https://app.stihl.com/nl-nl/mystihl/tools/add;authenticated MY STIHL UI lookup;TECHNICAL_FAILURE;;FALSE;FALSE;TRUE;FALSE;1;1326;stihl_resultaten.csv
10724000;;2026-09-26;BROWSER_ERROR;fout;;;;;;MY_STIHL;https://app.stihl.com/nl-nl/mystihl/tools/add;authenticated MY STIHL UI lookup;TECHNICAL_FAILURE;;FALSE;FALSE;TRUE;FALSE;1;1327;stihl_resultaten.csv
10725000;;2026-09-26;BROWSER_ERROR;fout;;;;;;MY_STIHL;https://app.stihl.com/nl-nl/mystihl/tools/add;authenticated MY STIHL UI lookup;TECHNICAL_FAILURE;;FALSE;FALSE;TRUE;FALSE;1;1328;stihl_resultaten.csv
10726000;;2026-09-26;BROWSER_ERROR;fout;;;;;;MY_STIHL;https://app.stihl.com/nl-nl/mystihl/tools/add;authenticated MY STIHL UI lookup;TECHNICAL_FAILURE;;FALSE;FALSE;TRUE;FALSE;1;1329;stihl_resultaten.csv
10727000;;2026-09-26;BROWSER_ERROR;fout;;;;;;MY_STIHL;https://app.stihl.com/nl-nl/mystihl/tools/add;authenticated MY STIHL UI lookup;TECHNICAL_FAILURE;;FALSE;FALSE;TRUE;FALSE;1;1330;stihl_resultaten.csv
10728000;;2026-09-26;BROWSER_ERROR;fout;;;;;;MY_STIHL;https://app.stihl.com/nl-nl/mystihl/tools/add;authenticated MY STIHL UI lookup;TECHNICAL_FAILURE;;FALSE;FALSE;TRUE;FALSE;1;1331;stihl_resultaten.csv
10729000;;2026-09-26;BROWSER_ERROR;fout;;;;;;MY_STIHL;https://app.stihl.com/nl-nl/mystihl/tools/add;authenticated MY STIHL UI lookup;TECHNICAL_FAILURE;;FALSE;FALSE;TRUE;FALSE;1;1332;stihl_resultaten.csv
10730000;;2026-09-26;BROWSER_ERROR;fout;;;;;;MY_STIHL;https://app.stihl.com/nl-nl/mystihl/tools/add;authenticated MY STIHL UI lookup;TECHNICAL_FAILURE;;FALSE;FALSE;TRUE;FALSE;1;1333;stihl_resultaten.csv
10731000;;2026-09-26;BROWSER_ERROR;fout;;;;;;MY_STIHL;https://app.stihl.com/nl-nl/mystihl/tools/add;authenticated MY STIHL UI lookup;TECHNICAL_FAILURE;;FALSE;FALSE;TRUE;FALSE;1;1334;stihl_resultaten.csv
10732000;;2026-09-26;BROWSER_ERROR;fout;;;;;;MY_STIHL;https://app.stihl.com/nl-nl/mystihl/tools/add;authenticated MY STIHL UI lookup;TECHNICAL_FAILURE;;FALSE;FALSE;TRUE;FALSE;1;1335;stihl_resultaten.csv
10733000;;2026-09-26;BROWSER_ERROR;fout;;;;;;MY_STIHL;https://app.stihl.com/nl-nl/mystihl/tools/add;authenticated MY STIHL UI lookup;TECHNICAL_FAILURE;;FALSE;FALSE;TRUE;FALSE;1;1336;stihl_resultaten.csv
10734000;;2026-09-26;BROWSER_ERROR;fout;;;;;;MY_STIHL;https://app.stihl.com/nl-nl/mystihl/tools/add;authenticated MY STIHL UI lookup;TECHNICAL_FAILURE;;FALSE;FALSE;TRUE;FALSE;1;1337;stihl_resultaten.csv
10735000;;2026-09-26;BROWSER_ERROR;fout;;;;;;MY_STIHL;https://app.stihl.com/nl-nl/mystihl/tools/add;authenticated MY STIHL UI lookup;TECHNICAL_FAILURE;;FALSE;FALSE;TRUE;FALSE;1;1338;stihl_resultaten.csv
10736000;;2026-09-26;BROWSER_ERROR;fout;;;;;;MY_STIHL;https://app.stihl.com/nl-nl/mystihl/tools/add;authenticated MY STIHL UI lookup;TECHNICAL_FAILURE;;FALSE;FALSE;TRUE;FALSE;1;1339;stihl_resultaten.csv
10737000;;2026-09-26;BROWSER_ERROR;fout;;;;;;MY_STIHL;https://app.stihl.com/nl-nl/mystihl/tools/add;authenticated MY STIHL UI lookup;TECHNICAL_FAILURE;;FALSE;FALSE;TRUE;FALSE;1;1340;stihl_resultaten.csv
10738000;;2026-09-26;BROWSER_ERROR;fout;;;;;;MY_STIHL;https://app.stihl.com/nl-nl/mystihl/tools/add;authenticated MY STIHL UI lookup;TECHNICAL_FAILURE;;FALSE;FALSE;TRUE;FALSE;1;1341;stihl_resultaten.csv
10739000;;2026-09-26;BROWSER_ERROR;fout;;;;;;MY_STIHL;https://app.stihl.com/nl-nl/mystihl/tools/add;authenticated MY STIHL UI lookup;TECHNICAL_FAILURE;;FALSE;FALSE;TRUE;FALSE;1;1342;stihl_resultaten.csv
10740000;;2026-09-26;BROWSER_ERROR;fout;;;;;;MY_STIHL;https://app.stihl.com/nl-nl/mystihl/tools/add;authenticated MY STIHL UI lookup;TECHNICAL_FAILURE;;FALSE;FALSE;TRUE;FALSE;1;1343;stihl_resultaten.csv
10741000;;2026-09-26;BROWSER_ERROR;fout;;;;;;MY_STIHL;https://app.stihl.com/nl-nl/mystihl/tools/add;authenticated MY STIHL UI lookup;TECHNICAL_FAILURE;;FALSE;FALSE;TRUE;FALSE;1;1344;stihl_resultaten.csv
10742000;;2026-09-26;BROWSER_ERROR;fout;;;;;;MY_STIHL;https://app.stihl.com/nl-nl/mystihl/tools/add;authenticated MY STIHL UI lookup;TECHNICAL_FAILURE;;FALSE;FALSE;TRUE;FALSE;1;1345;stihl_resultaten.csv
10743000;;2026-09-26;BROWSER_ERROR;fout;;;;;;MY_STIHL;https://app.stihl.com/nl-nl/mystihl/tools/add;authenticated MY STIHL UI lookup;TECHNICAL_FAILURE;;FALSE;FALSE;TRUE;FALSE;1;1346;stihl_resultaten.csv
10744000;;2026-09-26;BROWSER_ERROR;fout;;;;;;MY_STIHL;https://app.stihl.com/nl-nl/mystihl/tools/add;authenticated MY STIHL UI lookup;TECHNICAL_FAILURE;;FALSE;FALSE;TRUE;FALSE;1;1347;stihl_resultaten.csv
10745000;;2026-09-26;BROWSER_ERROR;fout;;;;;;MY_STIHL;https://app.stihl.com/nl-nl/mystihl/tools/add;authenticated MY STIHL UI lookup;TECHNICAL_FAILURE;;FALSE;FALSE;TRUE;FALSE;1;1348;stihl_resultaten.csv
10746000;;2026-09-26;BROWSER_ERROR;fout;;;;;;MY_STIHL;https://app.stihl.com/nl-nl/mystihl/tools/add;authenticated MY STIHL UI lookup;TECHNICAL_FAILURE;;FALSE;FALSE;TRUE;FALSE;1;1349;stihl_resultaten.csv
10747000;;2026-09-26;BROWSER_ERROR;fout;;;;;;MY_STIHL;https://app.stihl.com/nl-nl/mystihl/tools/add;authenticated MY STIHL UI lookup;TECHNICAL_FAILURE;;FALSE;FALSE;TRUE;FALSE;1;1350;stihl_resultaten.csv
10748000;;2026-09-26;BROWSER_ERROR;fout;;;;;;MY_STIHL;https://app.stihl.com/nl-nl/mystihl/tools/add;authenticated MY STIHL UI lookup;TECHNICAL_FAILURE;;FALSE;FALSE;TRUE;FALSE;1;1351;stihl_resultaten.csv
10749000;;2026-09-26;BROWSER_ERROR;fout;;;;;;MY_STIHL;https://app.stihl.com/nl-nl/mystihl/tools/add;authenticated MY STIHL UI lookup;TECHNICAL_FAILURE;;FALSE;FALSE;TRUE;FALSE;1;1352;stihl_resultaten.csv
10750000;;2026-09-26;BROWSER_ERROR;fout;;;;;;MY_STIHL;https://app.stihl.com/nl-nl/mystihl/tools/add;authenticated MY STIHL UI lookup;TECHNICAL_FAILURE;;FALSE;FALSE;TRUE;FALSE;1;1353;stihl_resultaten.csv
10751000;;2026-09-26;BROWSER_ERROR;fout;;;;;;MY_STIHL;https://app.stihl.com/nl-nl/mystihl/tools/add;authenticated MY STIHL UI lookup;TECHNICAL_FAILURE;;FALSE;FALSE;TRUE;FALSE;1;1354;stihl_resultaten.csv
10752000;;2026-09-26;BROWSER_ERROR;fout;;;;;;MY_STIHL;https://app.stihl.com/nl-nl/mystihl/tools/add;authenticated MY STIHL UI lookup;TECHNICAL_FAILURE;;FALSE;FALSE;TRUE;FALSE;1;1355;stihl_resultaten.csv
10753000;;2026-09-26;BROWSER_ERROR;fout;;;;;;MY_STIHL;https://app.stihl.com/nl-nl/mystihl/tools/add;authenticated MY STIHL UI lookup;TECHNICAL_FAILURE;;FALSE;FALSE;TRUE;FALSE;1;1356;stihl_resultaten.csv
10754000;;2026-09-26;BROWSER_ERROR;fout;;;;;;MY_STIHL;https://app.stihl.com/nl-nl/mystihl/tools/add;authenticated MY STIHL UI lookup;TECHNICAL_FAILURE;;FALSE;FALSE;TRUE;FALSE;1;1357;stihl_resultaten.csv
10755000;;2026-09-26;BROWSER_ERROR;fout;;;;;;MY_STIHL;https://app.stihl.com/nl-nl/mystihl/tools/add;authenticated MY STIHL UI lookup;TECHNICAL_FAILURE;;FALSE;FALSE;TRUE;FALSE;1;1358;stihl_resultaten.csv
10756000;;2026-09-26;BROWSER_ERROR;fout;;;;;;MY_STIHL;https://app.stihl.com/nl-nl/mystihl/tools/add;authenticated MY STIHL UI lookup;TECHNICAL_FAILURE;;FALSE;FALSE;TRUE;FALSE;1;1359;stihl_resultaten.csv
10757000;;2026-09-26;BROWSER_ERROR;fout;;;;;;MY_STIHL;https://app.stihl.com/nl-nl/mystihl/tools/add;authenticated MY STIHL UI lookup;TECHNICAL_FAILURE;;FALSE;FALSE;TRUE;FALSE;1;1360;stihl_resultaten.csv
10758000;;2026-09-26;BROWSER_ERROR;fout;;;;;;MY_STIHL;https://app.stihl.com/nl-nl/mystihl/tools/add;authenticated MY STIHL UI lookup;TECHNICAL_FAILURE;;FALSE;FALSE;TRUE;FALSE;1;1361;stihl_resultaten.csv
10759000;;2026-09-26;BROWSER_ERROR;fout;;;;;;MY_STIHL;https://app.stihl.com/nl-nl/mystihl/tools/add;authenticated MY STIHL UI lookup;TECHNICAL_FAILURE;;FALSE;FALSE;TRUE;FALSE;1;1362;stihl_resultaten.csv
10760000;;2026-09-26;BROWSER_ERROR;fout;;;;;;MY_STIHL;https://app.stihl.com/nl-nl/mystihl/tools/add;authenticated MY STIHL UI lookup;TECHNICAL_FAILURE;;FALSE;FALSE;TRUE;FALSE;1;1363;stihl_resultaten.csv
10761000;;2026-09-26;BROWSER_ERROR;fout;;;;;;MY_STIHL;https://app.stihl.com/nl-nl/mystihl/tools/add;authenticated MY STIHL UI lookup;TECHNICAL_FAILURE;;FALSE;FALSE;TRUE;FALSE;1;1364;stihl_resultaten.csv
10762000;;2026-09-26;BROWSER_ERROR;fout;;;;;;MY_STIHL;https://app.stihl.com/nl-nl/mystihl/tools/add;authenticated MY STIHL UI lookup;TECHNICAL_FAILURE;;FALSE;FALSE;TRUE;FALSE;1;1365;stihl_resultaten.csv
10763000;;2026-09-26;BROWSER_ERROR;fout;;;;;;MY_STIHL;https://app.stihl.com/nl-nl/mystihl/tools/add;authenticated MY STIHL UI lookup;TECHNICAL_FAILURE;;FALSE;FALSE;TRUE;FALSE;1;1366;stihl_resultaten.csv
10764000;;2026-09-26;BROWSER_ERROR;fout;;;;;;MY_STIHL;https://app.stihl.com/nl-nl/mystihl/tools/add;authenticated MY STIHL UI lookup;TECHNICAL_FAILURE;;FALSE;FALSE;TRUE;FALSE;1;1367;stihl_resultaten.csv
10765000;;2026-09-26;BROWSER_ERROR;fout;;;;;;MY_STIHL;https://app.stihl.com/nl-nl/mystihl/tools/add;authenticated MY STIHL UI lookup;TECHNICAL_FAILURE;;FALSE;FALSE;TRUE;FALSE;1;1368;stihl_resultaten.csv
10766000;;2026-09-26;BROWSER_ERROR;fout;;;;;;MY_STIHL;https://app.stihl.com/nl-nl/mystihl/tools/add;authenticated MY STIHL UI lookup;TECHNICAL_FAILURE;;FALSE;FALSE;TRUE;FALSE;1;1369;stihl_resultaten.csv
10767000;;2026-09-26;BROWSER_ERROR;fout;;;;;;MY_STIHL;https://app.stihl.com/nl-nl/mystihl/tools/add;authenticated MY STIHL UI lookup;TECHNICAL_FAILURE;;FALSE;FALSE;TRUE;FALSE;1;1370;stihl_resultaten.csv
10768000;;2026-09-26;BROWSER_ERROR;fout;;;;;;MY_STIHL;https://app.stihl.com/nl-nl/mystihl/tools/add;authenticated MY STIHL UI lookup;TECHNICAL_FAILURE;;FALSE;FALSE;TRUE;FALSE;1;1371;stihl_resultaten.csv
10769000;;2026-09-26;BROWSER_ERROR;fout;;;;;;MY_STIHL;https://app.stihl.com/nl-nl/mystihl/tools/add;authenticated MY STIHL UI lookup;TECHNICAL_FAILURE;;FALSE;FALSE;TRUE;FALSE;1;1372;stihl_resultaten.csv
10770000;;2026-09-26;BROWSER_ERROR;fout;;;;;;MY_STIHL;https://app.stihl.com/nl-nl/mystihl/tools/add;authenticated MY STIHL UI lookup;TECHNICAL_FAILURE;;FALSE;FALSE;TRUE;FALSE;1;1373;stihl_resultaten.csv
10771000;;2026-09-26;BROWSER_ERROR;fout;;;;;;MY_STIHL;https://app.stihl.com/nl-nl/mystihl/tools/add;authenticated MY STIHL UI lookup;TECHNICAL_FAILURE;;FALSE;FALSE;TRUE;FALSE;1;1374;stihl_resultaten.csv
10772000;;2026-09-26;BROWSER_ERROR;fout;;;;;;MY_STIHL;https://app.stihl.com/nl-nl/mystihl/tools/add;authenticated MY STIHL UI lookup;TECHNICAL_FAILURE;;FALSE;FALSE;TRUE;FALSE;1;1375;stihl_resultaten.csv
10773000;;2026-09-26;BROWSER_ERROR;fout;;;;;;MY_STIHL;https://app.stihl.com/nl-nl/mystihl/tools/add;authenticated MY STIHL UI lookup;TECHNICAL_FAILURE;;FALSE;FALSE;TRUE;FALSE;1;1376;stihl_resultaten.csv
10774000;;2026-09-26;BROWSER_ERROR;fout;;;;;;MY_STIHL;https://app.stihl.com/nl-nl/mystihl/tools/add;authenticated MY STIHL UI lookup;TECHNICAL_FAILURE;;FALSE;FALSE;TRUE;FALSE;1;1377;stihl_resultaten.csv
10775000;;2026-09-26;BROWSER_ERROR;fout;;;;;;MY_STIHL;https://app.stihl.com/nl-nl/mystihl/tools/add;authenticated MY STIHL UI lookup;TECHNICAL_FAILURE;;FALSE;FALSE;TRUE;FALSE;1;1378;stihl_resultaten.csv
10776000;;2026-09-26;BROWSER_ERROR;fout;;;;;;MY_STIHL;https://app.stihl.com/nl-nl/mystihl/tools/add;authenticated MY STIHL UI lookup;TECHNICAL_FAILURE;;FALSE;FALSE;TRUE;FALSE;1;1379;stihl_resultaten.csv
10777000;;2026-09-26;BROWSER_ERROR;fout;;;;;;MY_STIHL;https://app.stihl.com/nl-nl/mystihl/tools/add;authenticated MY STIHL UI lookup;TECHNICAL_FAILURE;;FALSE;FALSE;TRUE;FALSE;1;1380;stihl_resultaten.csv
10778000;;2026-09-26;BROWSER_ERROR;fout;;;;;;MY_STIHL;https://app.stihl.com/nl-nl/mystihl/tools/add;authenticated MY STIHL UI lookup;TECHNICAL_FAILURE;;FALSE;FALSE;TRUE;FALSE;1;1381;stihl_resultaten.csv
10779000;;2026-09-26;BROWSER_ERROR;fout;;;;;;MY_STIHL;https://app.stihl.com/nl-nl/mystihl/tools/add;authenticated MY STIHL UI lookup;TECHNICAL_FAILURE;;FALSE;FALSE;TRUE;FALSE;1;1382;stihl_resultaten.csv
10780000;;2026-09-26;BROWSER_ERROR;fout;;;;;;MY_STIHL;https://app.stihl.com/nl-nl/mystihl/tools/add;authenticated MY STIHL UI lookup;TECHNICAL_FAILURE;;FALSE;FALSE;TRUE;FALSE;1;1383;stihl_resultaten.csv
10781000;;2026-09-26;BROWSER_ERROR;fout;;;;;;MY_STIHL;https://app.stihl.com/nl-nl/mystihl/tools/add;authenticated MY STIHL UI lookup;TECHNICAL_FAILURE;;FALSE;FALSE;TRUE;FALSE;1;1384;stihl_resultaten.csv
10782000;;2026-09-26;BROWSER_ERROR;fout;;;;;;MY_STIHL;https://app.stihl.com/nl-nl/mystihl/tools/add;authenticated MY STIHL UI lookup;TECHNICAL_FAILURE;;FALSE;FALSE;TRUE;FALSE;1;1385;stihl_resultaten.csv
10783000;;2026-09-26;BROWSER_ERROR;fout;;;;;;MY_STIHL;https://app.stihl.com/nl-nl/mystihl/tools/add;authenticated MY STIHL UI lookup;TECHNICAL_FAILURE;;FALSE;FALSE;TRUE;FALSE;1;1386;stihl_resultaten.csv
10784000;;2026-09-26;BROWSER_ERROR;fout;;;;;;MY_STIHL;https://app.stihl.com/nl-nl/mystihl/tools/add;authenticated MY STIHL UI lookup;TECHNICAL_FAILURE;;FALSE;FALSE;TRUE;FALSE;1;1387;stihl_resultaten.csv
10785000;;2026-09-26;BROWSER_ERROR;fout;;;;;;MY_STIHL;https://app.stihl.com/nl-nl/mystihl/tools/add;authenticated MY STIHL UI lookup;TECHNICAL_FAILURE;;FALSE;FALSE;TRUE;FALSE;1;1388;stihl_resultaten.csv
10786000;;2026-09-26;BROWSER_ERROR;fout;;;;;;MY_STIHL;https://app.stihl.com/nl-nl/mystihl/tools/add;authenticated MY STIHL UI lookup;TECHNICAL_FAILURE;;FALSE;FALSE;TRUE;FALSE;1;1389;stihl_resultaten.csv
10787000;;2026-09-26;BROWSER_ERROR;fout;;;;;;MY_STIHL;https://app.stihl.com/nl-nl/mystihl/tools/add;authenticated MY STIHL UI lookup;TECHNICAL_FAILURE;;FALSE;FALSE;TRUE;FALSE;1;1390;stihl_resultaten.csv
10788000;;2026-09-26;BROWSER_ERROR;fout;;;;;;MY_STIHL;https://app.stihl.com/nl-nl/mystihl/tools/add;authenticated MY STIHL UI lookup;TECHNICAL_FAILURE;;FALSE;FALSE;TRUE;FALSE;1;1391;stihl_resultaten.csv
10789000;;2026-09-26;BROWSER_ERROR;fout;;;;;;MY_STIHL;https://app.stihl.com/nl-nl/mystihl/tools/add;authenticated MY STIHL UI lookup;TECHNICAL_FAILURE;;FALSE;FALSE;TRUE;FALSE;1;1392;stihl_resultaten.csv
10790000;;2026-09-26;BROWSER_ERROR;fout;;;;;;MY_STIHL;https://app.stihl.com/nl-nl/mystihl/tools/add;authenticated MY STIHL UI lookup;TECHNICAL_FAILURE;;FALSE;FALSE;TRUE;FALSE;1;1393;stihl_resultaten.csv
10791000;;2026-09-26;BROWSER_ERROR;fout;;;;;;MY_STIHL;https://app.stihl.com/nl-nl/mystihl/tools/add;authenticated MY STIHL UI lookup;TECHNICAL_FAILURE;;FALSE;FALSE;TRUE;FALSE;1;1394;stihl_resultaten.csv
10792000;;2026-09-26;BROWSER_ERROR;fout;;;;;;MY_STIHL;https://app.stihl.com/nl-nl/mystihl/tools/add;authenticated MY STIHL UI lookup;TECHNICAL_FAILURE;;FALSE;FALSE;TRUE;FALSE;1;1395;stihl_resultaten.csv
10793000;;2026-09-26;BROWSER_ERROR;fout;;;;;;MY_STIHL;https://app.stihl.com/nl-nl/mystihl/tools/add;authenticated MY STIHL UI lookup;TECHNICAL_FAILURE;;FALSE;FALSE;TRUE;FALSE;1;1396;stihl_resultaten.csv
10794000;;2026-09-26;BROWSER_ERROR;fout;;;;;;MY_STIHL;https://app.stihl.com/nl-nl/mystihl/tools/add;authenticated MY STIHL UI lookup;TECHNICAL_FAILURE;;FALSE;FALSE;TRUE;FALSE;1;1397;stihl_resultaten.csv
10795000;;2026-09-26;BROWSER_ERROR;fout;;;;;;MY_STIHL;https://app.stihl.com/nl-nl/mystihl/tools/add;authenticated MY STIHL UI lookup;TECHNICAL_FAILURE;;FALSE;FALSE;TRUE;FALSE;1;1398;stihl_resultaten.csv
10796000;;2026-09-26;BROWSER_ERROR;fout;;;;;;MY_STIHL;https://app.stihl.com/nl-nl/mystihl/tools/add;authenticated MY STIHL UI lookup;TECHNICAL_FAILURE;;FALSE;FALSE;TRUE;FALSE;1;1399;stihl_resultaten.csv
10797000;;2026-09-26;BROWSER_ERROR;fout;;;;;;MY_STIHL;https://app.stihl.com/nl-nl/mystihl/tools/add;authenticated MY STIHL UI lookup;TECHNICAL_FAILURE;;FALSE;FALSE;TRUE;FALSE;1;1400;stihl_resultaten.csv
10798000;;2026-09-26;BROWSER_ERROR;fout;;;;;;MY_STIHL;https://app.stihl.com/nl-nl/mystihl/tools/add;authenticated MY STIHL UI lookup;TECHNICAL_FAILURE;;FALSE;FALSE;TRUE;FALSE;1;1401;stihl_resultaten.csv
10799000;;2026-09-26;BROWSER_ERROR;fout;;;;;;MY_STIHL;https://app.stihl.com/nl-nl/mystihl/tools/add;authenticated MY STIHL UI lookup;TECHNICAL_FAILURE;;FALSE;FALSE;TRUE;FALSE;1;1402;stihl_resultaten.csv
10800000;;2026-09-26;BROWSER_ERROR;fout;;;;;;MY_STIHL;https://app.stihl.com/nl-nl/mystihl/tools/add;authenticated MY STIHL UI lookup;TECHNICAL_FAILURE;;FALSE;FALSE;TRUE;FALSE;1;1403;stihl_resultaten.csv
10801000;;2026-09-26;BROWSER_ERROR;fout;;;;;;MY_STIHL;https://app.stihl.com/nl-nl/mystihl/tools/add;authenticated MY STIHL UI lookup;TECHNICAL_FAILURE;;FALSE;FALSE;TRUE;FALSE;1;1404;stihl_resultaten.csv
10802000;;2026-09-26;BROWSER_ERROR;fout;;;;;;MY_STIHL;https://app.stihl.com/nl-nl/mystihl/tools/add;authenticated MY STIHL UI lookup;TECHNICAL_FAILURE;;FALSE;FALSE;TRUE;FALSE;1;1405;stihl_resultaten.csv
10803000;;2026-09-26;BROWSER_ERROR;fout;;;;;;MY_STIHL;https://app.stihl.com/nl-nl/mystihl/tools/add;authenticated MY STIHL UI lookup;TECHNICAL_FAILURE;;FALSE;FALSE;TRUE;FALSE;1;1406;stihl_resultaten.csv
10804000;;2026-09-26;BROWSER_ERROR;fout;;;;;;MY_STIHL;https://app.stihl.com/nl-nl/mystihl/tools/add;authenticated MY STIHL UI lookup;TECHNICAL_FAILURE;;FALSE;FALSE;TRUE;FALSE;1;1407;stihl_resultaten.csv
10805000;;2026-09-26;BROWSER_ERROR;fout;;;;;;MY_STIHL;https://app.stihl.com/nl-nl/mystihl/tools/add;authenticated MY STIHL UI lookup;TECHNICAL_FAILURE;;FALSE;FALSE;TRUE;FALSE;1;1408;stihl_resultaten.csv
10806000;;2026-09-26;BROWSER_ERROR;fout;;;;;;MY_STIHL;https://app.stihl.com/nl-nl/mystihl/tools/add;authenticated MY STIHL UI lookup;TECHNICAL_FAILURE;;FALSE;FALSE;TRUE;FALSE;1;1409;stihl_resultaten.csv
10807000;;2026-09-26;BROWSER_ERROR;fout;;;;;;MY_STIHL;https://app.stihl.com/nl-nl/mystihl/tools/add;authenticated MY STIHL UI lookup;TECHNICAL_FAILURE;;FALSE;FALSE;TRUE;FALSE;1;1410;stihl_resultaten.csv
10808000;;2026-09-26;BROWSER_ERROR;fout;;;;;;MY_STIHL;https://app.stihl.com/nl-nl/mystihl/tools/add;authenticated MY STIHL UI lookup;TECHNICAL_FAILURE;;FALSE;FALSE;TRUE;FALSE;1;1411;stihl_resultaten.csv
10809000;;2026-09-26;BROWSER_ERROR;fout;;;;;;MY_STIHL;https://app.stihl.com/nl-nl/mystihl/tools/add;authenticated MY STIHL UI lookup;TECHNICAL_FAILURE;;FALSE;FALSE;TRUE;FALSE;1;1412;stihl_resultaten.csv
10810000;;2026-09-26;BROWSER_ERROR;fout;;;;;;MY_STIHL;https://app.stihl.com/nl-nl/mystihl/tools/add;authenticated MY STIHL UI lookup;TECHNICAL_FAILURE;;FALSE;FALSE;TRUE;FALSE;1;1413;stihl_resultaten.csv
10811000;;2026-09-26;BROWSER_ERROR;fout;;;;;;MY_STIHL;https://app.stihl.com/nl-nl/mystihl/tools/add;authenticated MY STIHL UI lookup;TECHNICAL_FAILURE;;FALSE;FALSE;TRUE;FALSE;1;1414;stihl_resultaten.csv
10812000;;2026-09-26;BROWSER_ERROR;fout;;;;;;MY_STIHL;https://app.stihl.com/nl-nl/mystihl/tools/add;authenticated MY STIHL UI lookup;TECHNICAL_FAILURE;;FALSE;FALSE;TRUE;FALSE;1;1415;stihl_resultaten.csv
10813000;;2026-09-26;BROWSER_ERROR;fout;;;;;;MY_STIHL;https://app.stihl.com/nl-nl/mystihl/tools/add;authenticated MY STIHL UI lookup;TECHNICAL_FAILURE;;FALSE;FALSE;TRUE;FALSE;1;1416;stihl_resultaten.csv
10814000;;2026-09-26;BROWSER_ERROR;fout;;;;;;MY_STIHL;https://app.stihl.com/nl-nl/mystihl/tools/add;authenticated MY STIHL UI lookup;TECHNICAL_FAILURE;;FALSE;FALSE;TRUE;FALSE;1;1417;stihl_resultaten.csv
10815000;;2026-09-26;BROWSER_ERROR;fout;;;;;;MY_STIHL;https://app.stihl.com/nl-nl/mystihl/tools/add;authenticated MY STIHL UI lookup;TECHNICAL_FAILURE;;FALSE;FALSE;TRUE;FALSE;1;1418;stihl_resultaten.csv
10816000;;2026-09-26;BROWSER_ERROR;fout;;;;;;MY_STIHL;https://app.stihl.com/nl-nl/mystihl/tools/add;authenticated MY STIHL UI lookup;TECHNICAL_FAILURE;;FALSE;FALSE;TRUE;FALSE;1;1419;stihl_resultaten.csv
10817000;;2026-09-26;BROWSER_ERROR;fout;;;;;;MY_STIHL;https://app.stihl.com/nl-nl/mystihl/tools/add;authenticated MY STIHL UI lookup;TECHNICAL_FAILURE;;FALSE;FALSE;TRUE;FALSE;1;1420;stihl_resultaten.csv
10818000;;2026-09-26;BROWSER_ERROR;fout;;;;;;MY_STIHL;https://app.stihl.com/nl-nl/mystihl/tools/add;authenticated MY STIHL UI lookup;TECHNICAL_FAILURE;;FALSE;FALSE;TRUE;FALSE;1;1421;stihl_resultaten.csv
10819000;;2026-09-26;BROWSER_ERROR;fout;;;;;;MY_STIHL;https://app.stihl.com/nl-nl/mystihl/tools/add;authenticated MY STIHL UI lookup;TECHNICAL_FAILURE;;FALSE;FALSE;TRUE;FALSE;1;1422;stihl_resultaten.csv
10820000;;2026-09-26;BROWSER_ERROR;fout;;;;;;MY_STIHL;https://app.stihl.com/nl-nl/mystihl/tools/add;authenticated MY STIHL UI lookup;TECHNICAL_FAILURE;;FALSE;FALSE;TRUE;FALSE;1;1423;stihl_resultaten.csv
10821000;;2026-09-26;BROWSER_ERROR;fout;;;;;;MY_STIHL;https://app.stihl.com/nl-nl/mystihl/tools/add;authenticated MY STIHL UI lookup;TECHNICAL_FAILURE;;FALSE;FALSE;TRUE;FALSE;1;1424;stihl_resultaten.csv
10822000;;2026-09-26;BROWSER_ERROR;fout;;;;;;MY_STIHL;https://app.stihl.com/nl-nl/mystihl/tools/add;authenticated MY STIHL UI lookup;TECHNICAL_FAILURE;;FALSE;FALSE;TRUE;FALSE;1;1425;stihl_resultaten.csv
10823000;;2026-09-26;BROWSER_ERROR;fout;;;;;;MY_STIHL;https://app.stihl.com/nl-nl/mystihl/tools/add;authenticated MY STIHL UI lookup;TECHNICAL_FAILURE;;FALSE;FALSE;TRUE;FALSE;1;1426;stihl_resultaten.csv
10824000;;2026-09-26;BROWSER_ERROR;fout;;;;;;MY_STIHL;https://app.stihl.com/nl-nl/mystihl/tools/add;authenticated MY STIHL UI lookup;TECHNICAL_FAILURE;;FALSE;FALSE;TRUE;FALSE;1;1427;stihl_resultaten.csv
10825000;;2026-09-26;BROWSER_ERROR;fout;;;;;;MY_STIHL;https://app.stihl.com/nl-nl/mystihl/tools/add;authenticated MY STIHL UI lookup;TECHNICAL_FAILURE;;FALSE;FALSE;TRUE;FALSE;1;1428;stihl_resultaten.csv
10826000;;2026-09-26;BROWSER_ERROR;fout;;;;;;MY_STIHL;https://app.stihl.com/nl-nl/mystihl/tools/add;authenticated MY STIHL UI lookup;TECHNICAL_FAILURE;;FALSE;FALSE;TRUE;FALSE;1;1429;stihl_resultaten.csv
10827000;;2026-09-26;BROWSER_ERROR;fout;;;;;;MY_STIHL;https://app.stihl.com/nl-nl/mystihl/tools/add;authenticated MY STIHL UI lookup;TECHNICAL_FAILURE;;FALSE;FALSE;TRUE;FALSE;1;1430;stihl_resultaten.csv
10828000;;2026-09-26;BROWSER_ERROR;fout;;;;;;MY_STIHL;https://app.stihl.com/nl-nl/mystihl/tools/add;authenticated MY STIHL UI lookup;TECHNICAL_FAILURE;;FALSE;FALSE;TRUE;FALSE;1;1431;stihl_resultaten.csv
10829000;;2026-09-26;BROWSER_ERROR;fout;;;;;;MY_STIHL;https://app.stihl.com/nl-nl/mystihl/tools/add;authenticated MY STIHL UI lookup;TECHNICAL_FAILURE;;FALSE;FALSE;TRUE;FALSE;1;1432;stihl_resultaten.csv
10830000;;2026-09-26;BROWSER_ERROR;fout;;;;;;MY_STIHL;https://app.stihl.com/nl-nl/mystihl/tools/add;authenticated MY STIHL UI lookup;TECHNICAL_FAILURE;;FALSE;FALSE;TRUE;FALSE;1;1433;stihl_resultaten.csv
10831000;;2026-09-26;BROWSER_ERROR;fout;;;;;;MY_STIHL;https://app.stihl.com/nl-nl/mystihl/tools/add;authenticated MY STIHL UI lookup;TECHNICAL_FAILURE;;FALSE;FALSE;TRUE;FALSE;1;1434;stihl_resultaten.csv
10832000;;2026-09-26;BROWSER_ERROR;fout;;;;;;MY_STIHL;https://app.stihl.com/nl-nl/mystihl/tools/add;authenticated MY STIHL UI lookup;TECHNICAL_FAILURE;;FALSE;FALSE;TRUE;FALSE;1;1435;stihl_resultaten.csv
10833000;;2026-09-26;BROWSER_ERROR;fout;;;;;;MY_STIHL;https://app.stihl.com/nl-nl/mystihl/tools/add;authenticated MY STIHL UI lookup;TECHNICAL_FAILURE;;FALSE;FALSE;TRUE;FALSE;1;1436;stihl_resultaten.csv
10834000;;2026-09-26;BROWSER_ERROR;fout;;;;;;MY_STIHL;https://app.stihl.com/nl-nl/mystihl/tools/add;authenticated MY STIHL UI lookup;TECHNICAL_FAILURE;;FALSE;FALSE;TRUE;FALSE;1;1437;stihl_resultaten.csv
10835000;;2026-09-26;BROWSER_ERROR;fout;;;;;;MY_STIHL;https://app.stihl.com/nl-nl/mystihl/tools/add;authenticated MY STIHL UI lookup;TECHNICAL_FAILURE;;FALSE;FALSE;TRUE;FALSE;1;1438;stihl_resultaten.csv
10836000;;2026-09-26;BROWSER_ERROR;fout;;;;;;MY_STIHL;https://app.stihl.com/nl-nl/mystihl/tools/add;authenticated MY STIHL UI lookup;TECHNICAL_FAILURE;;FALSE;FALSE;TRUE;FALSE;1;1439;stihl_resultaten.csv
10837000;;2026-09-26;BROWSER_ERROR;fout;;;;;;MY_STIHL;https://app.stihl.com/nl-nl/mystihl/tools/add;authenticated MY STIHL UI lookup;TECHNICAL_FAILURE;;FALSE;FALSE;TRUE;FALSE;1;1440;stihl_resultaten.csv
10838000;;2026-09-26;BROWSER_ERROR;fout;;;;;;MY_STIHL;https://app.stihl.com/nl-nl/mystihl/tools/add;authenticated MY STIHL UI lookup;TECHNICAL_FAILURE;;FALSE;FALSE;TRUE;FALSE;1;1441;stihl_resultaten.csv
10839000;;2026-09-26;BROWSER_ERROR;fout;;;;;;MY_STIHL;https://app.stihl.com/nl-nl/mystihl/tools/add;authenticated MY STIHL UI lookup;TECHNICAL_FAILURE;;FALSE;FALSE;TRUE;FALSE;1;1442;stihl_resultaten.csv
10840000;;2026-09-26;BROWSER_ERROR;fout;;;;;;MY_STIHL;https://app.stihl.com/nl-nl/mystihl/tools/add;authenticated MY STIHL UI lookup;TECHNICAL_FAILURE;;FALSE;FALSE;TRUE;FALSE;1;1443;stihl_resultaten.csv
10841000;;2026-09-26;BROWSER_ERROR;fout;;;;;;MY_STIHL;https://app.stihl.com/nl-nl/mystihl/tools/add;authenticated MY STIHL UI lookup;TECHNICAL_FAILURE;;FALSE;FALSE;TRUE;FALSE;1;1444;stihl_resultaten.csv
10842000;;2026-09-26;BROWSER_ERROR;fout;;;;;;MY_STIHL;https://app.stihl.com/nl-nl/mystihl/tools/add;authenticated MY STIHL UI lookup;TECHNICAL_FAILURE;;FALSE;FALSE;TRUE;FALSE;1;1445;stihl_resultaten.csv
10843000;;2026-09-26;BROWSER_ERROR;fout;;;;;;MY_STIHL;https://app.stihl.com/nl-nl/mystihl/tools/add;authenticated MY STIHL UI lookup;TECHNICAL_FAILURE;;FALSE;FALSE;TRUE;FALSE;1;1446;stihl_resultaten.csv
10844000;;2026-09-26;BROWSER_ERROR;fout;;;;;;MY_STIHL;https://app.stihl.com/nl-nl/mystihl/tools/add;authenticated MY STIHL UI lookup;TECHNICAL_FAILURE;;FALSE;FALSE;TRUE;FALSE;1;1447;stihl_resultaten.csv
10845000;;2026-09-26;BROWSER_ERROR;fout;;;;;;MY_STIHL;https://app.stihl.com/nl-nl/mystihl/tools/add;authenticated MY STIHL UI lookup;TECHNICAL_FAILURE;;FALSE;FALSE;TRUE;FALSE;1;1448;stihl_resultaten.csv
10846000;;2026-09-26;BROWSER_ERROR;fout;;;;;;MY_STIHL;https://app.stihl.com/nl-nl/mystihl/tools/add;authenticated MY STIHL UI lookup;TECHNICAL_FAILURE;;FALSE;FALSE;TRUE;FALSE;1;1449;stihl_resultaten.csv
10847000;;2026-09-26;BROWSER_ERROR;fout;;;;;;MY_STIHL;https://app.stihl.com/nl-nl/mystihl/tools/add;authenticated MY STIHL UI lookup;TECHNICAL_FAILURE;;FALSE;FALSE;TRUE;FALSE;1;1450;stihl_resultaten.csv
10848000;;2026-09-26;BROWSER_ERROR;fout;;;;;;MY_STIHL;https://app.stihl.com/nl-nl/mystihl/tools/add;authenticated MY STIHL UI lookup;TECHNICAL_FAILURE;;FALSE;FALSE;TRUE;FALSE;1;1451;stihl_resultaten.csv
10849000;;2026-09-26;BROWSER_ERROR;fout;;;;;;MY_STIHL;https://app.stihl.com/nl-nl/mystihl/tools/add;authenticated MY STIHL UI lookup;TECHNICAL_FAILURE;;FALSE;FALSE;TRUE;FALSE;1;1452;stihl_resultaten.csv
10850000;;2026-09-26;BROWSER_ERROR;fout;;;;;;MY_STIHL;https://app.stihl.com/nl-nl/mystihl/tools/add;authenticated MY STIHL UI lookup;TECHNICAL_FAILURE;;FALSE;FALSE;TRUE;FALSE;1;1453;stihl_resultaten.csv
10851000;;2026-09-26;BROWSER_ERROR;fout;;;;;;MY_STIHL;https://app.stihl.com/nl-nl/mystihl/tools/add;authenticated MY STIHL UI lookup;TECHNICAL_FAILURE;;FALSE;FALSE;TRUE;FALSE;1;1454;stihl_resultaten.csv
10852000;;2026-09-26;BROWSER_ERROR;fout;;;;;;MY_STIHL;https://app.stihl.com/nl-nl/mystihl/tools/add;authenticated MY STIHL UI lookup;TECHNICAL_FAILURE;;FALSE;FALSE;TRUE;FALSE;1;1455;stihl_resultaten.csv
10853000;;2026-09-26;BROWSER_ERROR;fout;;;;;;MY_STIHL;https://app.stihl.com/nl-nl/mystihl/tools/add;authenticated MY STIHL UI lookup;TECHNICAL_FAILURE;;FALSE;FALSE;TRUE;FALSE;1;1456;stihl_resultaten.csv
10854000;;2026-09-26;BROWSER_ERROR;fout;;;;;;MY_STIHL;https://app.stihl.com/nl-nl/mystihl/tools/add;authenticated MY STIHL UI lookup;TECHNICAL_FAILURE;;FALSE;FALSE;TRUE;FALSE;1;1457;stihl_resultaten.csv
10855000;;2026-09-26;BROWSER_ERROR;fout;;;;;;MY_STIHL;https://app.stihl.com/nl-nl/mystihl/tools/add;authenticated MY STIHL UI lookup;TECHNICAL_FAILURE;;FALSE;FALSE;TRUE;FALSE;1;1458;stihl_resultaten.csv
10856000;;2026-09-26;BROWSER_ERROR;fout;;;;;;MY_STIHL;https://app.stihl.com/nl-nl/mystihl/tools/add;authenticated MY STIHL UI lookup;TECHNICAL_FAILURE;;FALSE;FALSE;TRUE;FALSE;1;1459;stihl_resultaten.csv
10857000;;2026-09-26;BROWSER_ERROR;fout;;;;;;MY_STIHL;https://app.stihl.com/nl-nl/mystihl/tools/add;authenticated MY STIHL UI lookup;TECHNICAL_FAILURE;;FALSE;FALSE;TRUE;FALSE;1;1460;stihl_resultaten.csv
10858000;;2026-09-26;BROWSER_ERROR;fout;;;;;;MY_STIHL;https://app.stihl.com/nl-nl/mystihl/tools/add;authenticated MY STIHL UI lookup;TECHNICAL_FAILURE;;FALSE;FALSE;TRUE;FALSE;1;1461;stihl_resultaten.csv
10859000;;2026-09-26;BROWSER_ERROR;fout;;;;;;MY_STIHL;https://app.stihl.com/nl-nl/mystihl/tools/add;authenticated MY STIHL UI lookup;TECHNICAL_FAILURE;;FALSE;FALSE;TRUE;FALSE;1;1462;stihl_resultaten.csv
10860000;;2026-09-26;BROWSER_ERROR;fout;;;;;;MY_STIHL;https://app.stihl.com/nl-nl/mystihl/tools/add;authenticated MY STIHL UI lookup;TECHNICAL_FAILURE;;FALSE;FALSE;TRUE;FALSE;1;1463;stihl_resultaten.csv
10861000;;2026-09-26;BROWSER_ERROR;fout;;;;;;MY_STIHL;https://app.stihl.com/nl-nl/mystihl/tools/add;authenticated MY STIHL UI lookup;TECHNICAL_FAILURE;;FALSE;FALSE;TRUE;FALSE;1;1464;stihl_resultaten.csv
10862000;;2026-09-26;BROWSER_ERROR;fout;;;;;;MY_STIHL;https://app.stihl.com/nl-nl/mystihl/tools/add;authenticated MY STIHL UI lookup;TECHNICAL_FAILURE;;FALSE;FALSE;TRUE;FALSE;1;1465;stihl_resultaten.csv
10863000;;2026-09-26;BROWSER_ERROR;fout;;;;;;MY_STIHL;https://app.stihl.com/nl-nl/mystihl/tools/add;authenticated MY STIHL UI lookup;TECHNICAL_FAILURE;;FALSE;FALSE;TRUE;FALSE;1;1466;stihl_resultaten.csv
10864000;;2026-09-26;BROWSER_ERROR;fout;;;;;;MY_STIHL;https://app.stihl.com/nl-nl/mystihl/tools/add;authenticated MY STIHL UI lookup;TECHNICAL_FAILURE;;FALSE;FALSE;TRUE;FALSE;1;1467;stihl_resultaten.csv
10865000;;2026-09-26;BROWSER_ERROR;fout;;;;;;MY_STIHL;https://app.stihl.com/nl-nl/mystihl/tools/add;authenticated MY STIHL UI lookup;TECHNICAL_FAILURE;;FALSE;FALSE;TRUE;FALSE;1;1468;stihl_resultaten.csv
10866000;;2026-09-26;BROWSER_ERROR;fout;;;;;;MY_STIHL;https://app.stihl.com/nl-nl/mystihl/tools/add;authenticated MY STIHL UI lookup;TECHNICAL_FAILURE;;FALSE;FALSE;TRUE;FALSE;1;1469;stihl_resultaten.csv
10867000;;2026-09-26;BROWSER_ERROR;fout;;;;;;MY_STIHL;https://app.stihl.com/nl-nl/mystihl/tools/add;authenticated MY STIHL UI lookup;TECHNICAL_FAILURE;;FALSE;FALSE;TRUE;FALSE;1;1470;stihl_resultaten.csv
10868000;;2026-09-26;BROWSER_ERROR;fout;;;;;;MY_STIHL;https://app.stihl.com/nl-nl/mystihl/tools/add;authenticated MY STIHL UI lookup;TECHNICAL_FAILURE;;FALSE;FALSE;TRUE;FALSE;1;1471;stihl_resultaten.csv
10869000;;2026-09-26;BROWSER_ERROR;fout;;;;;;MY_STIHL;https://app.stihl.com/nl-nl/mystihl/tools/add;authenticated MY STIHL UI lookup;TECHNICAL_FAILURE;;FALSE;FALSE;TRUE;FALSE;1;1472;stihl_resultaten.csv
10870000;;2026-09-26;BROWSER_ERROR;fout;;;;;;MY_STIHL;https://app.stihl.com/nl-nl/mystihl/tools/add;authenticated MY STIHL UI lookup;TECHNICAL_FAILURE;;FALSE;FALSE;TRUE;FALSE;1;1473;stihl_resultaten.csv
10871000;;2026-09-26;BROWSER_ERROR;fout;;;;;;MY_STIHL;https://app.stihl.com/nl-nl/mystihl/tools/add;authenticated MY STIHL UI lookup;TECHNICAL_FAILURE;;FALSE;FALSE;TRUE;FALSE;1;1474;stihl_resultaten.csv
10872000;;2026-09-26;BROWSER_ERROR;fout;;;;;;MY_STIHL;https://app.stihl.com/nl-nl/mystihl/tools/add;authenticated MY STIHL UI lookup;TECHNICAL_FAILURE;;FALSE;FALSE;TRUE;FALSE;1;1475;stihl_resultaten.csv
10873000;;2026-09-26;BROWSER_ERROR;fout;;;;;;MY_STIHL;https://app.stihl.com/nl-nl/mystihl/tools/add;authenticated MY STIHL UI lookup;TECHNICAL_FAILURE;;FALSE;FALSE;TRUE;FALSE;1;1476;stihl_resultaten.csv
10874000;;2026-09-26;BROWSER_ERROR;fout;;;;;;MY_STIHL;https://app.stihl.com/nl-nl/mystihl/tools/add;authenticated MY STIHL UI lookup;TECHNICAL_FAILURE;;FALSE;FALSE;TRUE;FALSE;1;1477;stihl_resultaten.csv
10875000;;2026-09-26;BROWSER_ERROR;fout;;;;;;MY_STIHL;https://app.stihl.com/nl-nl/mystihl/tools/add;authenticated MY STIHL UI lookup;TECHNICAL_FAILURE;;FALSE;FALSE;TRUE;FALSE;1;1478;stihl_resultaten.csv
10876000;;2026-09-26;BROWSER_ERROR;fout;;;;;;MY_STIHL;https://app.stihl.com/nl-nl/mystihl/tools/add;authenticated MY STIHL UI lookup;TECHNICAL_FAILURE;;FALSE;FALSE;TRUE;FALSE;1;1479;stihl_resultaten.csv
10877000;;2026-09-26;BROWSER_ERROR;fout;;;;;;MY_STIHL;https://app.stihl.com/nl-nl/mystihl/tools/add;authenticated MY STIHL UI lookup;TECHNICAL_FAILURE;;FALSE;FALSE;TRUE;FALSE;1;1480;stihl_resultaten.csv
10878000;;2026-09-26;BROWSER_ERROR;fout;;;;;;MY_STIHL;https://app.stihl.com/nl-nl/mystihl/tools/add;authenticated MY STIHL UI lookup;TECHNICAL_FAILURE;;FALSE;FALSE;TRUE;FALSE;1;1481;stihl_resultaten.csv
10879000;;2026-09-26;BROWSER_ERROR;fout;;;;;;MY_STIHL;https://app.stihl.com/nl-nl/mystihl/tools/add;authenticated MY STIHL UI lookup;TECHNICAL_FAILURE;;FALSE;FALSE;TRUE;FALSE;1;1482;stihl_resultaten.csv
10880000;;2026-09-26;BROWSER_ERROR;fout;;;;;;MY_STIHL;https://app.stihl.com/nl-nl/mystihl/tools/add;authenticated MY STIHL UI lookup;TECHNICAL_FAILURE;;FALSE;FALSE;TRUE;FALSE;1;1483;stihl_resultaten.csv
10881000;;2026-09-26;BROWSER_ERROR;fout;;;;;;MY_STIHL;https://app.stihl.com/nl-nl/mystihl/tools/add;authenticated MY STIHL UI lookup;TECHNICAL_FAILURE;;FALSE;FALSE;TRUE;FALSE;1;1484;stihl_resultaten.csv
10882000;;2026-09-26;BROWSER_ERROR;fout;;;;;;MY_STIHL;https://app.stihl.com/nl-nl/mystihl/tools/add;authenticated MY STIHL UI lookup;TECHNICAL_FAILURE;;FALSE;FALSE;TRUE;FALSE;1;1485;stihl_resultaten.csv
10883000;;2026-09-26;BROWSER_ERROR;fout;;;;;;MY_STIHL;https://app.stihl.com/nl-nl/mystihl/tools/add;authenticated MY STIHL UI lookup;TECHNICAL_FAILURE;;FALSE;FALSE;TRUE;FALSE;1;1486;stihl_resultaten.csv
10884000;;2026-09-26;BROWSER_ERROR;fout;;;;;;MY_STIHL;https://app.stihl.com/nl-nl/mystihl/tools/add;authenticated MY STIHL UI lookup;TECHNICAL_FAILURE;;FALSE;FALSE;TRUE;FALSE;1;1487;stihl_resultaten.csv
10885000;;2026-09-26;BROWSER_ERROR;fout;;;;;;MY_STIHL;https://app.stihl.com/nl-nl/mystihl/tools/add;authenticated MY STIHL UI lookup;TECHNICAL_FAILURE;;FALSE;FALSE;TRUE;FALSE;1;1488;stihl_resultaten.csv
10886000;;2026-09-26;BROWSER_ERROR;fout;;;;;;MY_STIHL;https://app.stihl.com/nl-nl/mystihl/tools/add;authenticated MY STIHL UI lookup;TECHNICAL_FAILURE;;FALSE;FALSE;TRUE;FALSE;1;1489;stihl_resultaten.csv
10887000;;2026-09-26;BROWSER_ERROR;fout;;;;;;MY_STIHL;https://app.stihl.com/nl-nl/mystihl/tools/add;authenticated MY STIHL UI lookup;TECHNICAL_FAILURE;;FALSE;FALSE;TRUE;FALSE;1;1490;stihl_resultaten.csv
10888000;;2026-09-26;BROWSER_ERROR;fout;;;;;;MY_STIHL;https://app.stihl.com/nl-nl/mystihl/tools/add;authenticated MY STIHL UI lookup;TECHNICAL_FAILURE;;FALSE;FALSE;TRUE;FALSE;1;1491;stihl_resultaten.csv
10889000;;2026-09-26;BROWSER_ERROR;fout;;;;;;MY_STIHL;https://app.stihl.com/nl-nl/mystihl/tools/add;authenticated MY STIHL UI lookup;TECHNICAL_FAILURE;;FALSE;FALSE;TRUE;FALSE;1;1492;stihl_resultaten.csv
10890000;;2026-09-26;BROWSER_ERROR;fout;;;;;;MY_STIHL;https://app.stihl.com/nl-nl/mystihl/tools/add;authenticated MY STIHL UI lookup;TECHNICAL_FAILURE;;FALSE;FALSE;TRUE;FALSE;1;1493;stihl_resultaten.csv
10891000;;2026-09-26;BROWSER_ERROR;fout;;;;;;MY_STIHL;https://app.stihl.com/nl-nl/mystihl/tools/add;authenticated MY STIHL UI lookup;TECHNICAL_FAILURE;;FALSE;FALSE;TRUE;FALSE;1;1494;stihl_resultaten.csv
10892000;;2026-09-26;BROWSER_ERROR;fout;;;;;;MY_STIHL;https://app.stihl.com/nl-nl/mystihl/tools/add;authenticated MY STIHL UI lookup;TECHNICAL_FAILURE;;FALSE;FALSE;TRUE;FALSE;1;1495;stihl_resultaten.csv
10893000;;2026-09-26;BROWSER_ERROR;fout;;;;;;MY_STIHL;https://app.stihl.com/nl-nl/mystihl/tools/add;authenticated MY STIHL UI lookup;TECHNICAL_FAILURE;;FALSE;FALSE;TRUE;FALSE;1;1496;stihl_resultaten.csv
10894000;;2026-09-26;BROWSER_ERROR;fout;;;;;;MY_STIHL;https://app.stihl.com/nl-nl/mystihl/tools/add;authenticated MY STIHL UI lookup;TECHNICAL_FAILURE;;FALSE;FALSE;TRUE;FALSE;1;1497;stihl_resultaten.csv
10895000;;2026-09-26;BROWSER_ERROR;fout;;;;;;MY_STIHL;https://app.stihl.com/nl-nl/mystihl/tools/add;authenticated MY STIHL UI lookup;TECHNICAL_FAILURE;;FALSE;FALSE;TRUE;FALSE;1;1498;stihl_resultaten.csv
10896000;;2026-09-26;BROWSER_ERROR;fout;;;;;;MY_STIHL;https://app.stihl.com/nl-nl/mystihl/tools/add;authenticated MY STIHL UI lookup;TECHNICAL_FAILURE;;FALSE;FALSE;TRUE;FALSE;1;1499;stihl_resultaten.csv
10897000;;2026-09-26;BROWSER_ERROR;fout;;;;;;MY_STIHL;https://app.stihl.com/nl-nl/mystihl/tools/add;authenticated MY STIHL UI lookup;TECHNICAL_FAILURE;;FALSE;FALSE;TRUE;FALSE;1;1500;stihl_resultaten.csv
10898000;;2026-09-26;BROWSER_ERROR;fout;;;;;;MY_STIHL;https://app.stihl.com/nl-nl/mystihl/tools/add;authenticated MY STIHL UI lookup;TECHNICAL_FAILURE;;FALSE;FALSE;TRUE;FALSE;1;1501;stihl_resultaten.csv
10899000;;2026-09-26;BROWSER_ERROR;fout;;;;;;MY_STIHL;https://app.stihl.com/nl-nl/mystihl/tools/add;authenticated MY STIHL UI lookup;TECHNICAL_FAILURE;;FALSE;FALSE;TRUE;FALSE;1;1502;stihl_resultaten.csv
10900000;;2026-09-26;BROWSER_ERROR;fout;;;;;;MY_STIHL;https://app.stihl.com/nl-nl/mystihl/tools/add;authenticated MY STIHL UI lookup;TECHNICAL_FAILURE;;FALSE;FALSE;TRUE;FALSE;1;1503;stihl_resultaten.csv
10901000;;2026-09-26;BROWSER_ERROR;fout;;;;;;MY_STIHL;https://app.stihl.com/nl-nl/mystihl/tools/add;authenticated MY STIHL UI lookup;TECHNICAL_FAILURE;;FALSE;FALSE;TRUE;FALSE;1;1504;stihl_resultaten.csv
10902000;;2026-09-26;BROWSER_ERROR;fout;;;;;;MY_STIHL;https://app.stihl.com/nl-nl/mystihl/tools/add;authenticated MY STIHL UI lookup;TECHNICAL_FAILURE;;FALSE;FALSE;TRUE;FALSE;1;1505;stihl_resultaten.csv
10903000;;2026-09-26;BROWSER_ERROR;fout;;;;;;MY_STIHL;https://app.stihl.com/nl-nl/mystihl/tools/add;authenticated MY STIHL UI lookup;TECHNICAL_FAILURE;;FALSE;FALSE;TRUE;FALSE;1;1506;stihl_resultaten.csv
10904000;;2026-09-26;BROWSER_ERROR;fout;;;;;;MY_STIHL;https://app.stihl.com/nl-nl/mystihl/tools/add;authenticated MY STIHL UI lookup;TECHNICAL_FAILURE;;FALSE;FALSE;TRUE;FALSE;1;1507;stihl_resultaten.csv
10905000;;2026-09-26;BROWSER_ERROR;fout;;;;;;MY_STIHL;https://app.stihl.com/nl-nl/mystihl/tools/add;authenticated MY STIHL UI lookup;TECHNICAL_FAILURE;;FALSE;FALSE;TRUE;FALSE;1;1508;stihl_resultaten.csv
10906000;;2026-09-26;BROWSER_ERROR;fout;;;;;;MY_STIHL;https://app.stihl.com/nl-nl/mystihl/tools/add;authenticated MY STIHL UI lookup;TECHNICAL_FAILURE;;FALSE;FALSE;TRUE;FALSE;1;1509;stihl_resultaten.csv
10907000;;2026-09-26;BROWSER_ERROR;fout;;;;;;MY_STIHL;https://app.stihl.com/nl-nl/mystihl/tools/add;authenticated MY STIHL UI lookup;TECHNICAL_FAILURE;;FALSE;FALSE;TRUE;FALSE;1;1510;stihl_resultaten.csv
10908000;;2026-09-26;BROWSER_ERROR;fout;;;;;;MY_STIHL;https://app.stihl.com/nl-nl/mystihl/tools/add;authenticated MY STIHL UI lookup;TECHNICAL_FAILURE;;FALSE;FALSE;TRUE;FALSE;1;1511;stihl_resultaten.csv
10909000;;2026-09-26;BROWSER_ERROR;fout;;;;;;MY_STIHL;https://app.stihl.com/nl-nl/mystihl/tools/add;authenticated MY STIHL UI lookup;TECHNICAL_FAILURE;;FALSE;FALSE;TRUE;FALSE;1;1512;stihl_resultaten.csv
10910000;;2026-09-26;BROWSER_ERROR;fout;;;;;;MY_STIHL;https://app.stihl.com/nl-nl/mystihl/tools/add;authenticated MY STIHL UI lookup;TECHNICAL_FAILURE;;FALSE;FALSE;TRUE;FALSE;1;1513;stihl_resultaten.csv
10911000;;2026-09-26;BROWSER_ERROR;fout;;;;;;MY_STIHL;https://app.stihl.com/nl-nl/mystihl/tools/add;authenticated MY STIHL UI lookup;TECHNICAL_FAILURE;;FALSE;FALSE;TRUE;FALSE;1;1514;stihl_resultaten.csv
10912000;;2026-09-26;BROWSER_ERROR;fout;;;;;;MY_STIHL;https://app.stihl.com/nl-nl/mystihl/tools/add;authenticated MY STIHL UI lookup;TECHNICAL_FAILURE;;FALSE;FALSE;TRUE;FALSE;1;1515;stihl_resultaten.csv
10913000;;2026-09-26;BROWSER_ERROR;fout;;;;;;MY_STIHL;https://app.stihl.com/nl-nl/mystihl/tools/add;authenticated MY STIHL UI lookup;TECHNICAL_FAILURE;;FALSE;FALSE;TRUE;FALSE;1;1516;stihl_resultaten.csv
10914000;;2026-09-26;BROWSER_ERROR;fout;;;;;;MY_STIHL;https://app.stihl.com/nl-nl/mystihl/tools/add;authenticated MY STIHL UI lookup;TECHNICAL_FAILURE;;FALSE;FALSE;TRUE;FALSE;1;1517;stihl_resultaten.csv
10915000;;2026-09-26;BROWSER_ERROR;fout;;;;;;MY_STIHL;https://app.stihl.com/nl-nl/mystihl/tools/add;authenticated MY STIHL UI lookup;TECHNICAL_FAILURE;;FALSE;FALSE;TRUE;FALSE;1;1518;stihl_resultaten.csv
10916000;;2026-09-26;BROWSER_ERROR;fout;;;;;;MY_STIHL;https://app.stihl.com/nl-nl/mystihl/tools/add;authenticated MY STIHL UI lookup;TECHNICAL_FAILURE;;FALSE;FALSE;TRUE;FALSE;1;1519;stihl_resultaten.csv
10917000;;2026-09-26;BROWSER_ERROR;fout;;;;;;MY_STIHL;https://app.stihl.com/nl-nl/mystihl/tools/add;authenticated MY STIHL UI lookup;TECHNICAL_FAILURE;;FALSE;FALSE;TRUE;FALSE;1;1520;stihl_resultaten.csv
10918000;;2026-09-26;BROWSER_ERROR;fout;;;;;;MY_STIHL;https://app.stihl.com/nl-nl/mystihl/tools/add;authenticated MY STIHL UI lookup;TECHNICAL_FAILURE;;FALSE;FALSE;TRUE;FALSE;1;1521;stihl_resultaten.csv
10919000;;2026-09-26;BROWSER_ERROR;fout;;;;;;MY_STIHL;https://app.stihl.com/nl-nl/mystihl/tools/add;authenticated MY STIHL UI lookup;TECHNICAL_FAILURE;;FALSE;FALSE;TRUE;FALSE;1;1522;stihl_resultaten.csv
10920000;;2026-09-26;BROWSER_ERROR;fout;;;;;;MY_STIHL;https://app.stihl.com/nl-nl/mystihl/tools/add;authenticated MY STIHL UI lookup;TECHNICAL_FAILURE;;FALSE;FALSE;TRUE;FALSE;1;1523;stihl_resultaten.csv
10921000;;2026-09-26;BROWSER_ERROR;fout;;;;;;MY_STIHL;https://app.stihl.com/nl-nl/mystihl/tools/add;authenticated MY STIHL UI lookup;TECHNICAL_FAILURE;;FALSE;FALSE;TRUE;FALSE;1;1524;stihl_resultaten.csv
10922000;;2026-09-26;BROWSER_ERROR;fout;;;;;;MY_STIHL;https://app.stihl.com/nl-nl/mystihl/tools/add;authenticated MY STIHL UI lookup;TECHNICAL_FAILURE;;FALSE;FALSE;TRUE;FALSE;1;1525;stihl_resultaten.csv
10923000;;2026-09-26;BROWSER_ERROR;fout;;;;;;MY_STIHL;https://app.stihl.com/nl-nl/mystihl/tools/add;authenticated MY STIHL UI lookup;TECHNICAL_FAILURE;;FALSE;FALSE;TRUE;FALSE;1;1526;stihl_resultaten.csv
10924000;;2026-09-26;BROWSER_ERROR;fout;;;;;;MY_STIHL;https://app.stihl.com/nl-nl/mystihl/tools/add;authenticated MY STIHL UI lookup;TECHNICAL_FAILURE;;FALSE;FALSE;TRUE;FALSE;1;1527;stihl_resultaten.csv
10925000;;2026-09-26;BROWSER_ERROR;fout;;;;;;MY_STIHL;https://app.stihl.com/nl-nl/mystihl/tools/add;authenticated MY STIHL UI lookup;TECHNICAL_FAILURE;;FALSE;FALSE;TRUE;FALSE;1;1528;stihl_resultaten.csv
10926000;;2026-09-26;BROWSER_ERROR;fout;;;;;;MY_STIHL;https://app.stihl.com/nl-nl/mystihl/tools/add;authenticated MY STIHL UI lookup;TECHNICAL_FAILURE;;FALSE;FALSE;TRUE;FALSE;1;1529;stihl_resultaten.csv
10927000;;2026-09-26;BROWSER_ERROR;fout;;;;;;MY_STIHL;https://app.stihl.com/nl-nl/mystihl/tools/add;authenticated MY STIHL UI lookup;TECHNICAL_FAILURE;;FALSE;FALSE;TRUE;FALSE;1;1530;stihl_resultaten.csv
10928000;;2026-09-26;BROWSER_ERROR;fout;;;;;;MY_STIHL;https://app.stihl.com/nl-nl/mystihl/tools/add;authenticated MY STIHL UI lookup;TECHNICAL_FAILURE;;FALSE;FALSE;TRUE;FALSE;1;1531;stihl_resultaten.csv
10929000;;2026-09-26;BROWSER_ERROR;fout;;;;;;MY_STIHL;https://app.stihl.com/nl-nl/mystihl/tools/add;authenticated MY STIHL UI lookup;TECHNICAL_FAILURE;;FALSE;FALSE;TRUE;FALSE;1;1532;stihl_resultaten.csv
10930000;;2026-09-26;BROWSER_ERROR;fout;;;;;;MY_STIHL;https://app.stihl.com/nl-nl/mystihl/tools/add;authenticated MY STIHL UI lookup;TECHNICAL_FAILURE;;FALSE;FALSE;TRUE;FALSE;1;1533;stihl_resultaten.csv
10931000;;2026-09-26;BROWSER_ERROR;fout;;;;;;MY_STIHL;https://app.stihl.com/nl-nl/mystihl/tools/add;authenticated MY STIHL UI lookup;TECHNICAL_FAILURE;;FALSE;FALSE;TRUE;FALSE;1;1534;stihl_resultaten.csv
10932000;;2026-09-26;BROWSER_ERROR;fout;;;;;;MY_STIHL;https://app.stihl.com/nl-nl/mystihl/tools/add;authenticated MY STIHL UI lookup;TECHNICAL_FAILURE;;FALSE;FALSE;TRUE;FALSE;1;1535;stihl_resultaten.csv
10933000;;2026-09-26;BROWSER_ERROR;fout;;;;;;MY_STIHL;https://app.stihl.com/nl-nl/mystihl/tools/add;authenticated MY STIHL UI lookup;TECHNICAL_FAILURE;;FALSE;FALSE;TRUE;FALSE;1;1536;stihl_resultaten.csv
10934000;;2026-09-26;BROWSER_ERROR;fout;;;;;;MY_STIHL;https://app.stihl.com/nl-nl/mystihl/tools/add;authenticated MY STIHL UI lookup;TECHNICAL_FAILURE;;FALSE;FALSE;TRUE;FALSE;1;1537;stihl_resultaten.csv
10935000;;2026-09-26;BROWSER_ERROR;fout;;;;;;MY_STIHL;https://app.stihl.com/nl-nl/mystihl/tools/add;authenticated MY STIHL UI lookup;TECHNICAL_FAILURE;;FALSE;FALSE;TRUE;FALSE;1;1538;stihl_resultaten.csv
10936000;;2026-09-26;BROWSER_ERROR;fout;;;;;;MY_STIHL;https://app.stihl.com/nl-nl/mystihl/tools/add;authenticated MY STIHL UI lookup;TECHNICAL_FAILURE;;FALSE;FALSE;TRUE;FALSE;1;1539;stihl_resultaten.csv
10937000;;2026-09-26;BROWSER_ERROR;fout;;;;;;MY_STIHL;https://app.stihl.com/nl-nl/mystihl/tools/add;authenticated MY STIHL UI lookup;TECHNICAL_FAILURE;;FALSE;FALSE;TRUE;FALSE;1;1540;stihl_resultaten.csv
10938000;;2026-09-26;BROWSER_ERROR;fout;;;;;;MY_STIHL;https://app.stihl.com/nl-nl/mystihl/tools/add;authenticated MY STIHL UI lookup;TECHNICAL_FAILURE;;FALSE;FALSE;TRUE;FALSE;1;1541;stihl_resultaten.csv
10939000;;2026-09-26;BROWSER_ERROR;fout;;;;;;MY_STIHL;https://app.stihl.com/nl-nl/mystihl/tools/add;authenticated MY STIHL UI lookup;TECHNICAL_FAILURE;;FALSE;FALSE;TRUE;FALSE;1;1542;stihl_resultaten.csv
10940000;;2026-09-26;BROWSER_ERROR;fout;;;;;;MY_STIHL;https://app.stihl.com/nl-nl/mystihl/tools/add;authenticated MY STIHL UI lookup;TECHNICAL_FAILURE;;FALSE;FALSE;TRUE;FALSE;1;1543;stihl_resultaten.csv
10941000;;2026-09-26;BROWSER_ERROR;fout;;;;;;MY_STIHL;https://app.stihl.com/nl-nl/mystihl/tools/add;authenticated MY STIHL UI lookup;TECHNICAL_FAILURE;;FALSE;FALSE;TRUE;FALSE;1;1544;stihl_resultaten.csv
10942000;;2026-09-26;BROWSER_ERROR;fout;;;;;;MY_STIHL;https://app.stihl.com/nl-nl/mystihl/tools/add;authenticated MY STIHL UI lookup;TECHNICAL_FAILURE;;FALSE;FALSE;TRUE;FALSE;1;1545;stihl_resultaten.csv
10943000;;2026-09-26;BROWSER_ERROR;fout;;;;;;MY_STIHL;https://app.stihl.com/nl-nl/mystihl/tools/add;authenticated MY STIHL UI lookup;TECHNICAL_FAILURE;;FALSE;FALSE;TRUE;FALSE;1;1546;stihl_resultaten.csv
10944000;;2026-09-26;BROWSER_ERROR;fout;;;;;;MY_STIHL;https://app.stihl.com/nl-nl/mystihl/tools/add;authenticated MY STIHL UI lookup;TECHNICAL_FAILURE;;FALSE;FALSE;TRUE;FALSE;1;1547;stihl_resultaten.csv
10945000;;2026-09-26;BROWSER_ERROR;fout;;;;;;MY_STIHL;https://app.stihl.com/nl-nl/mystihl/tools/add;authenticated MY STIHL UI lookup;TECHNICAL_FAILURE;;FALSE;FALSE;TRUE;FALSE;1;1548;stihl_resultaten.csv
10946000;;2026-09-26;BROWSER_ERROR;fout;;;;;;MY_STIHL;https://app.stihl.com/nl-nl/mystihl/tools/add;authenticated MY STIHL UI lookup;TECHNICAL_FAILURE;;FALSE;FALSE;TRUE;FALSE;1;1549;stihl_resultaten.csv
10947000;;2026-09-26;BROWSER_ERROR;fout;;;;;;MY_STIHL;https://app.stihl.com/nl-nl/mystihl/tools/add;authenticated MY STIHL UI lookup;TECHNICAL_FAILURE;;FALSE;FALSE;TRUE;FALSE;1;1550;stihl_resultaten.csv
10948000;;2026-09-26;BROWSER_ERROR;fout;;;;;;MY_STIHL;https://app.stihl.com/nl-nl/mystihl/tools/add;authenticated MY STIHL UI lookup;TECHNICAL_FAILURE;;FALSE;FALSE;TRUE;FALSE;1;1551;stihl_resultaten.csv
10949000;;2026-09-26;BROWSER_ERROR;fout;;;;;;MY_STIHL;https://app.stihl.com/nl-nl/mystihl/tools/add;authenticated MY STIHL UI lookup;TECHNICAL_FAILURE;;FALSE;FALSE;TRUE;FALSE;1;1552;stihl_resultaten.csv
10950000;;2026-09-26;BROWSER_ERROR;fout;;;;;;MY_STIHL;https://app.stihl.com/nl-nl/mystihl/tools/add;authenticated MY STIHL UI lookup;TECHNICAL_FAILURE;;FALSE;FALSE;TRUE;FALSE;1;1553;stihl_resultaten.csv
10951000;;2026-09-26;BROWSER_ERROR;fout;;;;;;MY_STIHL;https://app.stihl.com/nl-nl/mystihl/tools/add;authenticated MY STIHL UI lookup;TECHNICAL_FAILURE;;FALSE;FALSE;TRUE;FALSE;1;1554;stihl_resultaten.csv
10952000;;2026-09-26;BROWSER_ERROR;fout;;;;;;MY_STIHL;https://app.stihl.com/nl-nl/mystihl/tools/add;authenticated MY STIHL UI lookup;TECHNICAL_FAILURE;;FALSE;FALSE;TRUE;FALSE;1;1555;stihl_resultaten.csv
10953000;;2026-09-26;BROWSER_ERROR;fout;;;;;;MY_STIHL;https://app.stihl.com/nl-nl/mystihl/tools/add;authenticated MY STIHL UI lookup;TECHNICAL_FAILURE;;FALSE;FALSE;TRUE;FALSE;1;1556;stihl_resultaten.csv
10954000;;2026-09-26;BROWSER_ERROR;fout;;;;;;MY_STIHL;https://app.stihl.com/nl-nl/mystihl/tools/add;authenticated MY STIHL UI lookup;TECHNICAL_FAILURE;;FALSE;FALSE;TRUE;FALSE;1;1557;stihl_resultaten.csv
10955000;;2026-09-26;BROWSER_ERROR;fout;;;;;;MY_STIHL;https://app.stihl.com/nl-nl/mystihl/tools/add;authenticated MY STIHL UI lookup;TECHNICAL_FAILURE;;FALSE;FALSE;TRUE;FALSE;1;1558;stihl_resultaten.csv
10956000;;2026-09-26;BROWSER_ERROR;fout;;;;;;MY_STIHL;https://app.stihl.com/nl-nl/mystihl/tools/add;authenticated MY STIHL UI lookup;TECHNICAL_FAILURE;;FALSE;FALSE;TRUE;FALSE;1;1559;stihl_resultaten.csv
10957000;;2026-09-26;BROWSER_ERROR;fout;;;;;;MY_STIHL;https://app.stihl.com/nl-nl/mystihl/tools/add;authenticated MY STIHL UI lookup;TECHNICAL_FAILURE;;FALSE;FALSE;TRUE;FALSE;1;1560;stihl_resultaten.csv
10958000;;2026-09-26;BROWSER_ERROR;fout;;;;;;MY_STIHL;https://app.stihl.com/nl-nl/mystihl/tools/add;authenticated MY STIHL UI lookup;TECHNICAL_FAILURE;;FALSE;FALSE;TRUE;FALSE;1;1561;stihl_resultaten.csv
10959000;;2026-09-26;BROWSER_ERROR;fout;;;;;;MY_STIHL;https://app.stihl.com/nl-nl/mystihl/tools/add;authenticated MY STIHL UI lookup;TECHNICAL_FAILURE;;FALSE;FALSE;TRUE;FALSE;1;1562;stihl_resultaten.csv
10960000;;2026-09-26;BROWSER_ERROR;fout;;;;;;MY_STIHL;https://app.stihl.com/nl-nl/mystihl/tools/add;authenticated MY STIHL UI lookup;TECHNICAL_FAILURE;;FALSE;FALSE;TRUE;FALSE;1;1563;stihl_resultaten.csv
10961000;;2026-09-26;BROWSER_ERROR;fout;;;;;;MY_STIHL;https://app.stihl.com/nl-nl/mystihl/tools/add;authenticated MY STIHL UI lookup;TECHNICAL_FAILURE;;FALSE;FALSE;TRUE;FALSE;1;1564;stihl_resultaten.csv
10962000;;2026-09-26;BROWSER_ERROR;fout;;;;;;MY_STIHL;https://app.stihl.com/nl-nl/mystihl/tools/add;authenticated MY STIHL UI lookup;TECHNICAL_FAILURE;;FALSE;FALSE;TRUE;FALSE;1;1565;stihl_resultaten.csv
10963000;;2026-09-26;BROWSER_ERROR;fout;;;;;;MY_STIHL;https://app.stihl.com/nl-nl/mystihl/tools/add;authenticated MY STIHL UI lookup;TECHNICAL_FAILURE;;FALSE;FALSE;TRUE;FALSE;1;1566;stihl_resultaten.csv
10964000;;2026-09-26;BROWSER_ERROR;fout;;;;;;MY_STIHL;https://app.stihl.com/nl-nl/mystihl/tools/add;authenticated MY STIHL UI lookup;TECHNICAL_FAILURE;;FALSE;FALSE;TRUE;FALSE;1;1567;stihl_resultaten.csv
10965000;;2026-09-26;BROWSER_ERROR;fout;;;;;;MY_STIHL;https://app.stihl.com/nl-nl/mystihl/tools/add;authenticated MY STIHL UI lookup;TECHNICAL_FAILURE;;FALSE;FALSE;TRUE;FALSE;1;1568;stihl_resultaten.csv
10966000;;2026-09-26;BROWSER_ERROR;fout;;;;;;MY_STIHL;https://app.stihl.com/nl-nl/mystihl/tools/add;authenticated MY STIHL UI lookup;TECHNICAL_FAILURE;;FALSE;FALSE;TRUE;FALSE;1;1569;stihl_resultaten.csv
10967000;;2026-09-26;BROWSER_ERROR;fout;;;;;;MY_STIHL;https://app.stihl.com/nl-nl/mystihl/tools/add;authenticated MY STIHL UI lookup;TECHNICAL_FAILURE;;FALSE;FALSE;TRUE;FALSE;1;1570;stihl_resultaten.csv
10968000;;2026-09-26;BROWSER_ERROR;fout;;;;;;MY_STIHL;https://app.stihl.com/nl-nl/mystihl/tools/add;authenticated MY STIHL UI lookup;TECHNICAL_FAILURE;;FALSE;FALSE;TRUE;FALSE;1;1571;stihl_resultaten.csv
10969000;;2026-09-26;BROWSER_ERROR;fout;;;;;;MY_STIHL;https://app.stihl.com/nl-nl/mystihl/tools/add;authenticated MY STIHL UI lookup;TECHNICAL_FAILURE;;FALSE;FALSE;TRUE;FALSE;1;1572;stihl_resultaten.csv
10970000;;2026-09-26;BROWSER_ERROR;fout;;;;;;MY_STIHL;https://app.stihl.com/nl-nl/mystihl/tools/add;authenticated MY STIHL UI lookup;TECHNICAL_FAILURE;;FALSE;FALSE;TRUE;FALSE;1;1573;stihl_resultaten.csv
10971000;;2026-09-26;BROWSER_ERROR;fout;;;;;;MY_STIHL;https://app.stihl.com/nl-nl/mystihl/tools/add;authenticated MY STIHL UI lookup;TECHNICAL_FAILURE;;FALSE;FALSE;TRUE;FALSE;1;1574;stihl_resultaten.csv
10972000;;2026-09-26;BROWSER_ERROR;fout;;;;;;MY_STIHL;https://app.stihl.com/nl-nl/mystihl/tools/add;authenticated MY STIHL UI lookup;TECHNICAL_FAILURE;;FALSE;FALSE;TRUE;FALSE;1;1575;stihl_resultaten.csv
10973000;;2026-09-26;BROWSER_ERROR;fout;;;;;;MY_STIHL;https://app.stihl.com/nl-nl/mystihl/tools/add;authenticated MY STIHL UI lookup;TECHNICAL_FAILURE;;FALSE;FALSE;TRUE;FALSE;1;1576;stihl_resultaten.csv
10974000;;2026-09-26;BROWSER_ERROR;fout;;;;;;MY_STIHL;https://app.stihl.com/nl-nl/mystihl/tools/add;authenticated MY STIHL UI lookup;TECHNICAL_FAILURE;;FALSE;FALSE;TRUE;FALSE;1;1577;stihl_resultaten.csv
10975000;;2026-09-26;BROWSER_ERROR;fout;;;;;;MY_STIHL;https://app.stihl.com/nl-nl/mystihl/tools/add;authenticated MY STIHL UI lookup;TECHNICAL_FAILURE;;FALSE;FALSE;TRUE;FALSE;1;1578;stihl_resultaten.csv
10976000;;2026-09-26;BROWSER_ERROR;fout;;;;;;MY_STIHL;https://app.stihl.com/nl-nl/mystihl/tools/add;authenticated MY STIHL UI lookup;TECHNICAL_FAILURE;;FALSE;FALSE;TRUE;FALSE;1;1579;stihl_resultaten.csv
10977000;;2026-09-26;BROWSER_ERROR;fout;;;;;;MY_STIHL;https://app.stihl.com/nl-nl/mystihl/tools/add;authenticated MY STIHL UI lookup;TECHNICAL_FAILURE;;FALSE;FALSE;TRUE;FALSE;1;1580;stihl_resultaten.csv
10978000;;2026-09-26;BROWSER_ERROR;fout;;;;;;MY_STIHL;https://app.stihl.com/nl-nl/mystihl/tools/add;authenticated MY STIHL UI lookup;TECHNICAL_FAILURE;;FALSE;FALSE;TRUE;FALSE;1;1581;stihl_resultaten.csv
10979000;;2026-09-26;BROWSER_ERROR;fout;;;;;;MY_STIHL;https://app.stihl.com/nl-nl/mystihl/tools/add;authenticated MY STIHL UI lookup;TECHNICAL_FAILURE;;FALSE;FALSE;TRUE;FALSE;1;1582;stihl_resultaten.csv
10980000;;2026-09-26;BROWSER_ERROR;fout;;;;;;MY_STIHL;https://app.stihl.com/nl-nl/mystihl/tools/add;authenticated MY STIHL UI lookup;TECHNICAL_FAILURE;;FALSE;FALSE;TRUE;FALSE;1;1583;stihl_resultaten.csv
10981000;;2026-09-26;BROWSER_ERROR;fout;;;;;;MY_STIHL;https://app.stihl.com/nl-nl/mystihl/tools/add;authenticated MY STIHL UI lookup;TECHNICAL_FAILURE;;FALSE;FALSE;TRUE;FALSE;1;1584;stihl_resultaten.csv
10982000;;2026-09-26;BROWSER_ERROR;fout;;;;;;MY_STIHL;https://app.stihl.com/nl-nl/mystihl/tools/add;authenticated MY STIHL UI lookup;TECHNICAL_FAILURE;;FALSE;FALSE;TRUE;FALSE;1;1585;stihl_resultaten.csv
10983000;;2026-09-26;BROWSER_ERROR;fout;;;;;;MY_STIHL;https://app.stihl.com/nl-nl/mystihl/tools/add;authenticated MY STIHL UI lookup;TECHNICAL_FAILURE;;FALSE;FALSE;TRUE;FALSE;1;1586;stihl_resultaten.csv
10984000;;2026-09-26;BROWSER_ERROR;fout;;;;;;MY_STIHL;https://app.stihl.com/nl-nl/mystihl/tools/add;authenticated MY STIHL UI lookup;TECHNICAL_FAILURE;;FALSE;FALSE;TRUE;FALSE;1;1587;stihl_resultaten.csv
10985000;;2026-09-26;BROWSER_ERROR;fout;;;;;;MY_STIHL;https://app.stihl.com/nl-nl/mystihl/tools/add;authenticated MY STIHL UI lookup;TECHNICAL_FAILURE;;FALSE;FALSE;TRUE;FALSE;1;1588;stihl_resultaten.csv
10986000;;2026-09-26;BROWSER_ERROR;fout;;;;;;MY_STIHL;https://app.stihl.com/nl-nl/mystihl/tools/add;authenticated MY STIHL UI lookup;TECHNICAL_FAILURE;;FALSE;FALSE;TRUE;FALSE;1;1589;stihl_resultaten.csv
10987000;;2026-09-26;BROWSER_ERROR;fout;;;;;;MY_STIHL;https://app.stihl.com/nl-nl/mystihl/tools/add;authenticated MY STIHL UI lookup;TECHNICAL_FAILURE;;FALSE;FALSE;TRUE;FALSE;1;1590;stihl_resultaten.csv
10988000;;2026-09-26;BROWSER_ERROR;fout;;;;;;MY_STIHL;https://app.stihl.com/nl-nl/mystihl/tools/add;authenticated MY STIHL UI lookup;TECHNICAL_FAILURE;;FALSE;FALSE;TRUE;FALSE;1;1591;stihl_resultaten.csv
10989000;;2026-09-26;BROWSER_ERROR;fout;;;;;;MY_STIHL;https://app.stihl.com/nl-nl/mystihl/tools/add;authenticated MY STIHL UI lookup;TECHNICAL_FAILURE;;FALSE;FALSE;TRUE;FALSE;1;1592;stihl_resultaten.csv
10990000;;2026-09-26;BROWSER_ERROR;fout;;;;;;MY_STIHL;https://app.stihl.com/nl-nl/mystihl/tools/add;authenticated MY STIHL UI lookup;TECHNICAL_FAILURE;;FALSE;FALSE;TRUE;FALSE;1;1593;stihl_resultaten.csv
10991000;;2026-09-26;BROWSER_ERROR;fout;;;;;;MY_STIHL;https://app.stihl.com/nl-nl/mystihl/tools/add;authenticated MY STIHL UI lookup;TECHNICAL_FAILURE;;FALSE;FALSE;TRUE;FALSE;1;1594;stihl_resultaten.csv
10992000;;2026-09-26;BROWSER_ERROR;fout;;;;;;MY_STIHL;https://app.stihl.com/nl-nl/mystihl/tools/add;authenticated MY STIHL UI lookup;TECHNICAL_FAILURE;;FALSE;FALSE;TRUE;FALSE;1;1595;stihl_resultaten.csv
10993000;;2026-09-26;BROWSER_ERROR;fout;;;;;;MY_STIHL;https://app.stihl.com/nl-nl/mystihl/tools/add;authenticated MY STIHL UI lookup;TECHNICAL_FAILURE;;FALSE;FALSE;TRUE;FALSE;1;1596;stihl_resultaten.csv
10994000;;2026-09-26;BROWSER_ERROR;fout;;;;;;MY_STIHL;https://app.stihl.com/nl-nl/mystihl/tools/add;authenticated MY STIHL UI lookup;TECHNICAL_FAILURE;;FALSE;FALSE;TRUE;FALSE;1;1597;stihl_resultaten.csv
10995000;;2026-09-26;BROWSER_ERROR;fout;;;;;;MY_STIHL;https://app.stihl.com/nl-nl/mystihl/tools/add;authenticated MY STIHL UI lookup;TECHNICAL_FAILURE;;FALSE;FALSE;TRUE;FALSE;1;1598;stihl_resultaten.csv
10996000;;2026-09-26;BROWSER_ERROR;fout;;;;;;MY_STIHL;https://app.stihl.com/nl-nl/mystihl/tools/add;authenticated MY STIHL UI lookup;TECHNICAL_FAILURE;;FALSE;FALSE;TRUE;FALSE;1;1599;stihl_resultaten.csv
10997000;;2026-09-26;BROWSER_ERROR;fout;;;;;;MY_STIHL;https://app.stihl.com/nl-nl/mystihl/tools/add;authenticated MY STIHL UI lookup;TECHNICAL_FAILURE;;FALSE;FALSE;TRUE;FALSE;1;1600;stihl_resultaten.csv
10998000;;2026-09-26;TECHNICAL_UNRESOLVED_MIXED;fout|time-out;;;;;;MY_STIHL;https://app.stihl.com/nl-nl/mystihl/tools/add;authenticated MY STIHL UI lookup;TECHNICAL_FAILURE;;FALSE;FALSE;TRUE;FALSE;2;1601|1602;stihl_resultaten.csv
10999000;;2026-09-26;TECHNICAL_TIMEOUT;time-out;;;;;;MY_STIHL;https://app.stihl.com/nl-nl/mystihl/tools/add;authenticated MY STIHL UI lookup;TECHNICAL_TIMEOUT;;FALSE;FALSE;TRUE;FALSE;1;1603;stihl_resultaten.csv
11000000;;2026-09-26;TECHNICAL_TIMEOUT;time-out;;;;;;MY_STIHL;https://app.stihl.com/nl-nl/mystihl/tools/add;authenticated MY STIHL UI lookup;TECHNICAL_TIMEOUT;;FALSE;FALSE;TRUE;FALSE;1;1604;stihl_resultaten.csv
11001000;;2026-09-26;TECHNICAL_TIMEOUT;time-out;;;;;;MY_STIHL;https://app.stihl.com/nl-nl/mystihl/tools/add;authenticated MY STIHL UI lookup;TECHNICAL_TIMEOUT;;FALSE;FALSE;TRUE;FALSE;1;1605;stihl_resultaten.csv
11002000;;2026-09-26;TECHNICAL_TIMEOUT;time-out;;;;;;MY_STIHL;https://app.stihl.com/nl-nl/mystihl/tools/add;authenticated MY STIHL UI lookup;TECHNICAL_TIMEOUT;;FALSE;FALSE;TRUE;FALSE;1;1606;stihl_resultaten.csv
11004000;;2026-09-26;TECHNICAL_TIMEOUT;time-out;;;;;;MY_STIHL;https://app.stihl.com/nl-nl/mystihl/tools/add;authenticated MY STIHL UI lookup;TECHNICAL_TIMEOUT;;FALSE;FALSE;TRUE;FALSE;1;1608;stihl_resultaten.csv
11005000;;2026-09-26;TECHNICAL_TIMEOUT;time-out;;;;;;MY_STIHL;https://app.stihl.com/nl-nl/mystihl/tools/add;authenticated MY STIHL UI lookup;TECHNICAL_TIMEOUT;;FALSE;FALSE;TRUE;FALSE;1;1609;stihl_resultaten.csv
11006000;;2026-09-26;TECHNICAL_TIMEOUT;time-out;;;;;;MY_STIHL;https://app.stihl.com/nl-nl/mystihl/tools/add;authenticated MY STIHL UI lookup;TECHNICAL_TIMEOUT;;FALSE;FALSE;TRUE;FALSE;1;1610;stihl_resultaten.csv
11007000;;2026-09-26;TECHNICAL_TIMEOUT;time-out;;;;;;MY_STIHL;https://app.stihl.com/nl-nl/mystihl/tools/add;authenticated MY STIHL UI lookup;TECHNICAL_TIMEOUT;;FALSE;FALSE;TRUE;FALSE;1;1611;stihl_resultaten.csv
11008000;;2026-09-26;TECHNICAL_TIMEOUT;time-out;;;;;;MY_STIHL;https://app.stihl.com/nl-nl/mystihl/tools/add;authenticated MY STIHL UI lookup;TECHNICAL_TIMEOUT;;FALSE;FALSE;TRUE;FALSE;1;1612;stihl_resultaten.csv
11009000;;2026-09-26;TECHNICAL_TIMEOUT;time-out;;;;;;MY_STIHL;https://app.stihl.com/nl-nl/mystihl/tools/add;authenticated MY STIHL UI lookup;TECHNICAL_TIMEOUT;;FALSE;FALSE;TRUE;FALSE;1;1613;stihl_resultaten.csv
11010000;;2026-09-26;TECHNICAL_TIMEOUT;time-out;;;;;;MY_STIHL;https://app.stihl.com/nl-nl/mystihl/tools/add;authenticated MY STIHL UI lookup;TECHNICAL_TIMEOUT;;FALSE;FALSE;TRUE;FALSE;1;1614;stihl_resultaten.csv
11011000;;2026-09-26;TECHNICAL_TIMEOUT;time-out;;;;;;MY_STIHL;https://app.stihl.com/nl-nl/mystihl/tools/add;authenticated MY STIHL UI lookup;TECHNICAL_TIMEOUT;;FALSE;FALSE;TRUE;FALSE;1;1615;stihl_resultaten.csv
11012000;;2026-09-26;TECHNICAL_TIMEOUT;time-out;;;;;;MY_STIHL;https://app.stihl.com/nl-nl/mystihl/tools/add;authenticated MY STIHL UI lookup;TECHNICAL_TIMEOUT;;FALSE;FALSE;TRUE;FALSE;1;1616;stihl_resultaten.csv
11013000;;2026-09-26;TECHNICAL_TIMEOUT;time-out;;;;;;MY_STIHL;https://app.stihl.com/nl-nl/mystihl/tools/add;authenticated MY STIHL UI lookup;TECHNICAL_TIMEOUT;;FALSE;FALSE;TRUE;FALSE;1;1617;stihl_resultaten.csv
11015000;;2026-09-26;TECHNICAL_TIMEOUT;time-out;;;;;;MY_STIHL;https://app.stihl.com/nl-nl/mystihl/tools/add;authenticated MY STIHL UI lookup;TECHNICAL_TIMEOUT;;FALSE;FALSE;TRUE;FALSE;1;1619;stihl_resultaten.csv
11016000;;2026-09-26;TECHNICAL_TIMEOUT;time-out;;;;;;MY_STIHL;https://app.stihl.com/nl-nl/mystihl/tools/add;authenticated MY STIHL UI lookup;TECHNICAL_TIMEOUT;;FALSE;FALSE;TRUE;FALSE;1;1620;stihl_resultaten.csv
11017000;;2026-09-26;TECHNICAL_TIMEOUT;time-out;;;;;;MY_STIHL;https://app.stihl.com/nl-nl/mystihl/tools/add;authenticated MY STIHL UI lookup;TECHNICAL_TIMEOUT;;FALSE;FALSE;TRUE;FALSE;1;1621;stihl_resultaten.csv
11018000;;2026-09-26;TECHNICAL_TIMEOUT;time-out;;;;;;MY_STIHL;https://app.stihl.com/nl-nl/mystihl/tools/add;authenticated MY STIHL UI lookup;TECHNICAL_TIMEOUT;;FALSE;FALSE;TRUE;FALSE;1;1622;stihl_resultaten.csv
11019000;;2026-09-26;TECHNICAL_TIMEOUT;time-out;;;;;;MY_STIHL;https://app.stihl.com/nl-nl/mystihl/tools/add;authenticated MY STIHL UI lookup;TECHNICAL_TIMEOUT;;FALSE;FALSE;TRUE;FALSE;1;1623;stihl_resultaten.csv
11020000;;2026-09-26;TECHNICAL_TIMEOUT;time-out;;;;;;MY_STIHL;https://app.stihl.com/nl-nl/mystihl/tools/add;authenticated MY STIHL UI lookup;TECHNICAL_TIMEOUT;;FALSE;FALSE;TRUE;FALSE;1;1624;stihl_resultaten.csv
11022000;;2026-09-26;TECHNICAL_TIMEOUT;time-out;;;;;;MY_STIHL;https://app.stihl.com/nl-nl/mystihl/tools/add;authenticated MY STIHL UI lookup;TECHNICAL_TIMEOUT;;FALSE;FALSE;TRUE;FALSE;1;1626;stihl_resultaten.csv
11023000;;2026-09-26;TECHNICAL_TIMEOUT;time-out;;;;;;MY_STIHL;https://app.stihl.com/nl-nl/mystihl/tools/add;authenticated MY STIHL UI lookup;TECHNICAL_TIMEOUT;;FALSE;FALSE;TRUE;FALSE;1;1627;stihl_resultaten.csv
11024000;;2026-09-26;TECHNICAL_TIMEOUT;time-out;;;;;;MY_STIHL;https://app.stihl.com/nl-nl/mystihl/tools/add;authenticated MY STIHL UI lookup;TECHNICAL_TIMEOUT;;FALSE;FALSE;TRUE;FALSE;1;1628;stihl_resultaten.csv
11025000;;2026-09-26;TECHNICAL_TIMEOUT;time-out;;;;;;MY_STIHL;https://app.stihl.com/nl-nl/mystihl/tools/add;authenticated MY STIHL UI lookup;TECHNICAL_TIMEOUT;;FALSE;FALSE;TRUE;FALSE;1;1629;stihl_resultaten.csv
11026000;;2026-09-26;TECHNICAL_TIMEOUT;time-out;;;;;;MY_STIHL;https://app.stihl.com/nl-nl/mystihl/tools/add;authenticated MY STIHL UI lookup;TECHNICAL_TIMEOUT;;FALSE;FALSE;TRUE;FALSE;1;1630;stihl_resultaten.csv
11027000;;2026-09-26;TECHNICAL_TIMEOUT;time-out;;;;;;MY_STIHL;https://app.stihl.com/nl-nl/mystihl/tools/add;authenticated MY STIHL UI lookup;TECHNICAL_TIMEOUT;;FALSE;FALSE;TRUE;FALSE;1;1631;stihl_resultaten.csv
11028000;;2026-09-26;TECHNICAL_TIMEOUT;time-out;;;;;;MY_STIHL;https://app.stihl.com/nl-nl/mystihl/tools/add;authenticated MY STIHL UI lookup;TECHNICAL_TIMEOUT;;FALSE;FALSE;TRUE;FALSE;1;1632;stihl_resultaten.csv
11029000;;2026-09-26;TECHNICAL_TIMEOUT;time-out;;;;;;MY_STIHL;https://app.stihl.com/nl-nl/mystihl/tools/add;authenticated MY STIHL UI lookup;TECHNICAL_TIMEOUT;;FALSE;FALSE;TRUE;FALSE;1;1633;stihl_resultaten.csv
11030000;;2026-09-26;TECHNICAL_TIMEOUT;time-out;;;;;;MY_STIHL;https://app.stihl.com/nl-nl/mystihl/tools/add;authenticated MY STIHL UI lookup;TECHNICAL_TIMEOUT;;FALSE;FALSE;TRUE;FALSE;1;1634;stihl_resultaten.csv
11031000;;2026-09-26;TECHNICAL_TIMEOUT;time-out;;;;;;MY_STIHL;https://app.stihl.com/nl-nl/mystihl/tools/add;authenticated MY STIHL UI lookup;TECHNICAL_TIMEOUT;;FALSE;FALSE;TRUE;FALSE;1;1635;stihl_resultaten.csv
11032000;;2026-09-26;TECHNICAL_TIMEOUT;time-out;;;;;;MY_STIHL;https://app.stihl.com/nl-nl/mystihl/tools/add;authenticated MY STIHL UI lookup;TECHNICAL_TIMEOUT;;FALSE;FALSE;TRUE;FALSE;1;1636;stihl_resultaten.csv
11033000;;2026-09-26;TECHNICAL_TIMEOUT;time-out;;;;;;MY_STIHL;https://app.stihl.com/nl-nl/mystihl/tools/add;authenticated MY STIHL UI lookup;TECHNICAL_TIMEOUT;;FALSE;FALSE;TRUE;FALSE;1;1637;stihl_resultaten.csv
11034000;;2026-09-26;TECHNICAL_TIMEOUT;time-out;;;;;;MY_STIHL;https://app.stihl.com/nl-nl/mystihl/tools/add;authenticated MY STIHL UI lookup;TECHNICAL_TIMEOUT;;FALSE;FALSE;TRUE;FALSE;1;1638;stihl_resultaten.csv
11035000;;2026-09-26;TECHNICAL_TIMEOUT;time-out;;;;;;MY_STIHL;https://app.stihl.com/nl-nl/mystihl/tools/add;authenticated MY STIHL UI lookup;TECHNICAL_TIMEOUT;;FALSE;FALSE;TRUE;FALSE;1;1639;stihl_resultaten.csv
11036000;;2026-09-26;TECHNICAL_TIMEOUT;time-out;;;;;;MY_STIHL;https://app.stihl.com/nl-nl/mystihl/tools/add;authenticated MY STIHL UI lookup;TECHNICAL_TIMEOUT;;FALSE;FALSE;TRUE;FALSE;1;1640;stihl_resultaten.csv
11037000;;2026-09-26;TECHNICAL_TIMEOUT;time-out;;;;;;MY_STIHL;https://app.stihl.com/nl-nl/mystihl/tools/add;authenticated MY STIHL UI lookup;TECHNICAL_TIMEOUT;;FALSE;FALSE;TRUE;FALSE;1;1641;stihl_resultaten.csv
11038000;;2026-09-26;TECHNICAL_TIMEOUT;time-out;;;;;;MY_STIHL;https://app.stihl.com/nl-nl/mystihl/tools/add;authenticated MY STIHL UI lookup;TECHNICAL_TIMEOUT;;FALSE;FALSE;TRUE;FALSE;1;1642;stihl_resultaten.csv
11040000;;2026-09-26;TECHNICAL_TIMEOUT;time-out;;;;;;MY_STIHL;https://app.stihl.com/nl-nl/mystihl/tools/add;authenticated MY STIHL UI lookup;TECHNICAL_TIMEOUT;;FALSE;FALSE;TRUE;FALSE;1;1644;stihl_resultaten.csv
11046000;;2026-09-26;TECHNICAL_TIMEOUT;time-out;;;;;;MY_STIHL;https://app.stihl.com/nl-nl/mystihl/tools/add;authenticated MY STIHL UI lookup;TECHNICAL_TIMEOUT;;FALSE;FALSE;TRUE;FALSE;1;1650;stihl_resultaten.csv
11047000;;2026-09-26;TECHNICAL_TIMEOUT;time-out;;;;;;MY_STIHL;https://app.stihl.com/nl-nl/mystihl/tools/add;authenticated MY STIHL UI lookup;TECHNICAL_TIMEOUT;;FALSE;FALSE;TRUE;FALSE;1;1651;stihl_resultaten.csv
11048000;;2026-09-26;TECHNICAL_TIMEOUT;time-out;;;;;;MY_STIHL;https://app.stihl.com/nl-nl/mystihl/tools/add;authenticated MY STIHL UI lookup;TECHNICAL_TIMEOUT;;FALSE;FALSE;TRUE;FALSE;1;1652;stihl_resultaten.csv
11049000;;2026-09-26;TECHNICAL_TIMEOUT;time-out;;;;;;MY_STIHL;https://app.stihl.com/nl-nl/mystihl/tools/add;authenticated MY STIHL UI lookup;TECHNICAL_TIMEOUT;;FALSE;FALSE;TRUE;FALSE;1;1653;stihl_resultaten.csv
11050000;;2026-09-26;TECHNICAL_TIMEOUT;time-out;;;;;;MY_STIHL;https://app.stihl.com/nl-nl/mystihl/tools/add;authenticated MY STIHL UI lookup;TECHNICAL_TIMEOUT;;FALSE;FALSE;TRUE;FALSE;1;1654;stihl_resultaten.csv
11051000;;2026-09-26;TECHNICAL_TIMEOUT;time-out;;;;;;MY_STIHL;https://app.stihl.com/nl-nl/mystihl/tools/add;authenticated MY STIHL UI lookup;TECHNICAL_TIMEOUT;;FALSE;FALSE;TRUE;FALSE;1;1655;stihl_resultaten.csv
11052000;;2026-09-26;TECHNICAL_TIMEOUT;time-out;;;;;;MY_STIHL;https://app.stihl.com/nl-nl/mystihl/tools/add;authenticated MY STIHL UI lookup;TECHNICAL_TIMEOUT;;FALSE;FALSE;TRUE;FALSE;1;1656;stihl_resultaten.csv
11054000;;2026-09-26;TECHNICAL_TIMEOUT;time-out;;;;;;MY_STIHL;https://app.stihl.com/nl-nl/mystihl/tools/add;authenticated MY STIHL UI lookup;TECHNICAL_TIMEOUT;;FALSE;FALSE;TRUE;FALSE;1;1658;stihl_resultaten.csv
11055000;;2026-09-26;TECHNICAL_TIMEOUT;time-out;;;;;;MY_STIHL;https://app.stihl.com/nl-nl/mystihl/tools/add;authenticated MY STIHL UI lookup;TECHNICAL_TIMEOUT;;FALSE;FALSE;TRUE;FALSE;1;1659;stihl_resultaten.csv
11056000;;2026-09-26;TECHNICAL_TIMEOUT;time-out;;;;;;MY_STIHL;https://app.stihl.com/nl-nl/mystihl/tools/add;authenticated MY STIHL UI lookup;TECHNICAL_TIMEOUT;;FALSE;FALSE;TRUE;FALSE;1;1660;stihl_resultaten.csv
11057000;;2026-09-26;TECHNICAL_TIMEOUT;time-out;;;;;;MY_STIHL;https://app.stihl.com/nl-nl/mystihl/tools/add;authenticated MY STIHL UI lookup;TECHNICAL_TIMEOUT;;FALSE;FALSE;TRUE;FALSE;1;1661;stihl_resultaten.csv
11058000;;2026-09-26;TECHNICAL_TIMEOUT;time-out;;;;;;MY_STIHL;https://app.stihl.com/nl-nl/mystihl/tools/add;authenticated MY STIHL UI lookup;TECHNICAL_TIMEOUT;;FALSE;FALSE;TRUE;FALSE;1;1662;stihl_resultaten.csv
11059000;;2026-09-26;TECHNICAL_TIMEOUT;time-out;;;;;;MY_STIHL;https://app.stihl.com/nl-nl/mystihl/tools/add;authenticated MY STIHL UI lookup;TECHNICAL_TIMEOUT;;FALSE;FALSE;TRUE;FALSE;1;1663;stihl_resultaten.csv
11060000;;2026-09-26;TECHNICAL_TIMEOUT;time-out;;;;;;MY_STIHL;https://app.stihl.com/nl-nl/mystihl/tools/add;authenticated MY STIHL UI lookup;TECHNICAL_TIMEOUT;;FALSE;FALSE;TRUE;FALSE;1;1664;stihl_resultaten.csv
11061000;;2026-09-26;TECHNICAL_TIMEOUT;time-out;;;;;;MY_STIHL;https://app.stihl.com/nl-nl/mystihl/tools/add;authenticated MY STIHL UI lookup;TECHNICAL_TIMEOUT;;FALSE;FALSE;TRUE;FALSE;1;1665;stihl_resultaten.csv
11062000;;2026-09-26;TECHNICAL_TIMEOUT;time-out;;;;;;MY_STIHL;https://app.stihl.com/nl-nl/mystihl/tools/add;authenticated MY STIHL UI lookup;TECHNICAL_TIMEOUT;;FALSE;FALSE;TRUE;FALSE;1;1666;stihl_resultaten.csv
11063000;;2026-09-26;TECHNICAL_TIMEOUT;time-out;;;;;;MY_STIHL;https://app.stihl.com/nl-nl/mystihl/tools/add;authenticated MY STIHL UI lookup;TECHNICAL_TIMEOUT;;FALSE;FALSE;TRUE;FALSE;1;1667;stihl_resultaten.csv
11064000;;2026-09-26;TECHNICAL_TIMEOUT;time-out;;;;;;MY_STIHL;https://app.stihl.com/nl-nl/mystihl/tools/add;authenticated MY STIHL UI lookup;TECHNICAL_TIMEOUT;;FALSE;FALSE;TRUE;FALSE;1;1668;stihl_resultaten.csv
11065000;;2026-09-26;TECHNICAL_TIMEOUT;time-out;;;;;;MY_STIHL;https://app.stihl.com/nl-nl/mystihl/tools/add;authenticated MY STIHL UI lookup;TECHNICAL_TIMEOUT;;FALSE;FALSE;TRUE;FALSE;1;1669;stihl_resultaten.csv
11066000;;2026-09-26;TECHNICAL_TIMEOUT;time-out;;;;;;MY_STIHL;https://app.stihl.com/nl-nl/mystihl/tools/add;authenticated MY STIHL UI lookup;TECHNICAL_TIMEOUT;;FALSE;FALSE;TRUE;FALSE;1;1670;stihl_resultaten.csv
11067000;;2026-09-26;TECHNICAL_TIMEOUT;time-out;;;;;;MY_STIHL;https://app.stihl.com/nl-nl/mystihl/tools/add;authenticated MY STIHL UI lookup;TECHNICAL_TIMEOUT;;FALSE;FALSE;TRUE;FALSE;1;1671;stihl_resultaten.csv
11068000;;2026-09-26;TECHNICAL_TIMEOUT;time-out;;;;;;MY_STIHL;https://app.stihl.com/nl-nl/mystihl/tools/add;authenticated MY STIHL UI lookup;TECHNICAL_TIMEOUT;;FALSE;FALSE;TRUE;FALSE;1;1672;stihl_resultaten.csv
11069000;;2026-09-26;TECHNICAL_TIMEOUT;time-out;;;;;;MY_STIHL;https://app.stihl.com/nl-nl/mystihl/tools/add;authenticated MY STIHL UI lookup;TECHNICAL_TIMEOUT;;FALSE;FALSE;TRUE;FALSE;1;1673;stihl_resultaten.csv
11070000;;2026-09-26;TECHNICAL_TIMEOUT;time-out;;;;;;MY_STIHL;https://app.stihl.com/nl-nl/mystihl/tools/add;authenticated MY STIHL UI lookup;TECHNICAL_TIMEOUT;;FALSE;FALSE;TRUE;FALSE;1;1674;stihl_resultaten.csv
11071000;;2026-09-26;TECHNICAL_TIMEOUT;time-out;;;;;;MY_STIHL;https://app.stihl.com/nl-nl/mystihl/tools/add;authenticated MY STIHL UI lookup;TECHNICAL_TIMEOUT;;FALSE;FALSE;TRUE;FALSE;1;1675;stihl_resultaten.csv
11072000;;2026-09-26;TECHNICAL_TIMEOUT;time-out;;;;;;MY_STIHL;https://app.stihl.com/nl-nl/mystihl/tools/add;authenticated MY STIHL UI lookup;TECHNICAL_TIMEOUT;;FALSE;FALSE;TRUE;FALSE;1;1676;stihl_resultaten.csv
11073000;;2026-09-26;TECHNICAL_TIMEOUT;time-out;;;;;;MY_STIHL;https://app.stihl.com/nl-nl/mystihl/tools/add;authenticated MY STIHL UI lookup;TECHNICAL_TIMEOUT;;FALSE;FALSE;TRUE;FALSE;1;1677;stihl_resultaten.csv
11074000;;2026-09-26;TECHNICAL_TIMEOUT;time-out;;;;;;MY_STIHL;https://app.stihl.com/nl-nl/mystihl/tools/add;authenticated MY STIHL UI lookup;TECHNICAL_TIMEOUT;;FALSE;FALSE;TRUE;FALSE;1;1678;stihl_resultaten.csv
11075000;;2026-09-26;TECHNICAL_TIMEOUT;time-out;;;;;;MY_STIHL;https://app.stihl.com/nl-nl/mystihl/tools/add;authenticated MY STIHL UI lookup;TECHNICAL_TIMEOUT;;FALSE;FALSE;TRUE;FALSE;1;1679;stihl_resultaten.csv
11076000;;2026-09-26;TECHNICAL_TIMEOUT;time-out;;;;;;MY_STIHL;https://app.stihl.com/nl-nl/mystihl/tools/add;authenticated MY STIHL UI lookup;TECHNICAL_TIMEOUT;;FALSE;FALSE;TRUE;FALSE;1;1680;stihl_resultaten.csv
11077000;;2026-09-26;TECHNICAL_TIMEOUT;time-out;;;;;;MY_STIHL;https://app.stihl.com/nl-nl/mystihl/tools/add;authenticated MY STIHL UI lookup;TECHNICAL_TIMEOUT;;FALSE;FALSE;TRUE;FALSE;1;1681;stihl_resultaten.csv
11078000;;2026-09-26;TECHNICAL_TIMEOUT;time-out;;;;;;MY_STIHL;https://app.stihl.com/nl-nl/mystihl/tools/add;authenticated MY STIHL UI lookup;TECHNICAL_TIMEOUT;;FALSE;FALSE;TRUE;FALSE;1;1682;stihl_resultaten.csv
11079000;;2026-09-26;TECHNICAL_TIMEOUT;time-out;;;;;;MY_STIHL;https://app.stihl.com/nl-nl/mystihl/tools/add;authenticated MY STIHL UI lookup;TECHNICAL_TIMEOUT;;FALSE;FALSE;TRUE;FALSE;1;1683;stihl_resultaten.csv
11080000;;2026-09-26;TECHNICAL_TIMEOUT;time-out;;;;;;MY_STIHL;https://app.stihl.com/nl-nl/mystihl/tools/add;authenticated MY STIHL UI lookup;TECHNICAL_TIMEOUT;;FALSE;FALSE;TRUE;FALSE;1;1684;stihl_resultaten.csv
11081000;;2026-09-26;TECHNICAL_TIMEOUT;time-out;;;;;;MY_STIHL;https://app.stihl.com/nl-nl/mystihl/tools/add;authenticated MY STIHL UI lookup;TECHNICAL_TIMEOUT;;FALSE;FALSE;TRUE;FALSE;1;1685;stihl_resultaten.csv
11082000;;2026-09-26;TECHNICAL_TIMEOUT;time-out;;;;;;MY_STIHL;https://app.stihl.com/nl-nl/mystihl/tools/add;authenticated MY STIHL UI lookup;TECHNICAL_TIMEOUT;;FALSE;FALSE;TRUE;FALSE;1;1686;stihl_resultaten.csv
11083000;;2026-09-26;TECHNICAL_TIMEOUT;time-out;;;;;;MY_STIHL;https://app.stihl.com/nl-nl/mystihl/tools/add;authenticated MY STIHL UI lookup;TECHNICAL_TIMEOUT;;FALSE;FALSE;TRUE;FALSE;1;1687;stihl_resultaten.csv
11084000;;2026-09-26;TECHNICAL_TIMEOUT;time-out;;;;;;MY_STIHL;https://app.stihl.com/nl-nl/mystihl/tools/add;authenticated MY STIHL UI lookup;TECHNICAL_TIMEOUT;;FALSE;FALSE;TRUE;FALSE;1;1688;stihl_resultaten.csv
11089000;;2026-09-26;TECHNICAL_TIMEOUT;time-out;;;;;;MY_STIHL;https://app.stihl.com/nl-nl/mystihl/tools/add;authenticated MY STIHL UI lookup;TECHNICAL_TIMEOUT;;FALSE;FALSE;TRUE;FALSE;1;1693;stihl_resultaten.csv
11090000;;2026-09-26;TECHNICAL_TIMEOUT;time-out;;;;;;MY_STIHL;https://app.stihl.com/nl-nl/mystihl/tools/add;authenticated MY STIHL UI lookup;TECHNICAL_TIMEOUT;;FALSE;FALSE;TRUE;FALSE;1;1694;stihl_resultaten.csv
11091000;;2026-09-26;TECHNICAL_TIMEOUT;time-out;;;;;;MY_STIHL;https://app.stihl.com/nl-nl/mystihl/tools/add;authenticated MY STIHL UI lookup;TECHNICAL_TIMEOUT;;FALSE;FALSE;TRUE;FALSE;1;1695;stihl_resultaten.csv
11092000;;2026-09-26;TECHNICAL_TIMEOUT;time-out;;;;;;MY_STIHL;https://app.stihl.com/nl-nl/mystihl/tools/add;authenticated MY STIHL UI lookup;TECHNICAL_TIMEOUT;;FALSE;FALSE;TRUE;FALSE;1;1696;stihl_resultaten.csv
11093000;;2026-09-26;TECHNICAL_TIMEOUT;time-out;;;;;;MY_STIHL;https://app.stihl.com/nl-nl/mystihl/tools/add;authenticated MY STIHL UI lookup;TECHNICAL_TIMEOUT;;FALSE;FALSE;TRUE;FALSE;1;1697;stihl_resultaten.csv
11094000;;2026-09-26;TECHNICAL_TIMEOUT;time-out;;;;;;MY_STIHL;https://app.stihl.com/nl-nl/mystihl/tools/add;authenticated MY STIHL UI lookup;TECHNICAL_TIMEOUT;;FALSE;FALSE;TRUE;FALSE;1;1698;stihl_resultaten.csv
11096000;;2026-09-26;TECHNICAL_TIMEOUT;time-out;;;;;;MY_STIHL;https://app.stihl.com/nl-nl/mystihl/tools/add;authenticated MY STIHL UI lookup;TECHNICAL_TIMEOUT;;FALSE;FALSE;TRUE;FALSE;1;1700;stihl_resultaten.csv
11097000;;2026-09-26;TECHNICAL_TIMEOUT;time-out;;;;;;MY_STIHL;https://app.stihl.com/nl-nl/mystihl/tools/add;authenticated MY STIHL UI lookup;TECHNICAL_TIMEOUT;;FALSE;FALSE;TRUE;FALSE;1;1701;stihl_resultaten.csv
11098000;;2026-09-26;TECHNICAL_TIMEOUT;time-out;;;;;;MY_STIHL;https://app.stihl.com/nl-nl/mystihl/tools/add;authenticated MY STIHL UI lookup;TECHNICAL_TIMEOUT;;FALSE;FALSE;TRUE;FALSE;1;1702;stihl_resultaten.csv
11099000;;2026-09-26;TECHNICAL_TIMEOUT;time-out;;;;;;MY_STIHL;https://app.stihl.com/nl-nl/mystihl/tools/add;authenticated MY STIHL UI lookup;TECHNICAL_TIMEOUT;;FALSE;FALSE;TRUE;FALSE;1;1703;stihl_resultaten.csv
11100000;;2026-09-26;TECHNICAL_TIMEOUT;time-out;;;;;;MY_STIHL;https://app.stihl.com/nl-nl/mystihl/tools/add;authenticated MY STIHL UI lookup;TECHNICAL_TIMEOUT;;FALSE;FALSE;TRUE;FALSE;1;1704;stihl_resultaten.csv
11101000;;2026-09-26;TECHNICAL_TIMEOUT;time-out;;;;;;MY_STIHL;https://app.stihl.com/nl-nl/mystihl/tools/add;authenticated MY STIHL UI lookup;TECHNICAL_TIMEOUT;;FALSE;FALSE;TRUE;FALSE;1;1705;stihl_resultaten.csv
11102000;;2026-09-26;TECHNICAL_TIMEOUT;time-out;;;;;;MY_STIHL;https://app.stihl.com/nl-nl/mystihl/tools/add;authenticated MY STIHL UI lookup;TECHNICAL_TIMEOUT;;FALSE;FALSE;TRUE;FALSE;1;1706;stihl_resultaten.csv
11103000;;2026-09-26;TECHNICAL_TIMEOUT;time-out;;;;;;MY_STIHL;https://app.stihl.com/nl-nl/mystihl/tools/add;authenticated MY STIHL UI lookup;TECHNICAL_TIMEOUT;;FALSE;FALSE;TRUE;FALSE;1;1707;stihl_resultaten.csv
11104000;;2026-09-26;TECHNICAL_TIMEOUT;time-out;;;;;;MY_STIHL;https://app.stihl.com/nl-nl/mystihl/tools/add;authenticated MY STIHL UI lookup;TECHNICAL_TIMEOUT;;FALSE;FALSE;TRUE;FALSE;1;1708;stihl_resultaten.csv
11105000;;2026-09-26;TECHNICAL_TIMEOUT;time-out;;;;;;MY_STIHL;https://app.stihl.com/nl-nl/mystihl/tools/add;authenticated MY STIHL UI lookup;TECHNICAL_TIMEOUT;;FALSE;FALSE;TRUE;FALSE;1;1709;stihl_resultaten.csv
11106000;;2026-09-26;TECHNICAL_TIMEOUT;time-out;;;;;;MY_STIHL;https://app.stihl.com/nl-nl/mystihl/tools/add;authenticated MY STIHL UI lookup;TECHNICAL_TIMEOUT;;FALSE;FALSE;TRUE;FALSE;1;1710;stihl_resultaten.csv
11107000;;2026-09-26;TECHNICAL_TIMEOUT;time-out;;;;;;MY_STIHL;https://app.stihl.com/nl-nl/mystihl/tools/add;authenticated MY STIHL UI lookup;TECHNICAL_TIMEOUT;;FALSE;FALSE;TRUE;FALSE;1;1711;stihl_resultaten.csv
11108000;;2026-09-26;TECHNICAL_TIMEOUT;time-out;;;;;;MY_STIHL;https://app.stihl.com/nl-nl/mystihl/tools/add;authenticated MY STIHL UI lookup;TECHNICAL_TIMEOUT;;FALSE;FALSE;TRUE;FALSE;1;1712;stihl_resultaten.csv
11109000;;2026-09-26;TECHNICAL_TIMEOUT;time-out;;;;;;MY_STIHL;https://app.stihl.com/nl-nl/mystihl/tools/add;authenticated MY STIHL UI lookup;TECHNICAL_TIMEOUT;;FALSE;FALSE;TRUE;FALSE;1;1713;stihl_resultaten.csv
11110000;;2026-09-26;TECHNICAL_TIMEOUT;time-out;;;;;;MY_STIHL;https://app.stihl.com/nl-nl/mystihl/tools/add;authenticated MY STIHL UI lookup;TECHNICAL_TIMEOUT;;FALSE;FALSE;TRUE;FALSE;1;1714;stihl_resultaten.csv
11111000;;2026-09-26;TECHNICAL_TIMEOUT;time-out;;;;;;MY_STIHL;https://app.stihl.com/nl-nl/mystihl/tools/add;authenticated MY STIHL UI lookup;TECHNICAL_TIMEOUT;;FALSE;FALSE;TRUE;FALSE;1;1715;stihl_resultaten.csv
11112000;;2026-09-26;TECHNICAL_TIMEOUT;time-out;;;;;;MY_STIHL;https://app.stihl.com/nl-nl/mystihl/tools/add;authenticated MY STIHL UI lookup;TECHNICAL_TIMEOUT;;FALSE;FALSE;TRUE;FALSE;1;1716;stihl_resultaten.csv
11113000;;2026-09-26;TECHNICAL_TIMEOUT;time-out;;;;;;MY_STIHL;https://app.stihl.com/nl-nl/mystihl/tools/add;authenticated MY STIHL UI lookup;TECHNICAL_TIMEOUT;;FALSE;FALSE;TRUE;FALSE;1;1717;stihl_resultaten.csv
11114000;;2026-09-26;TECHNICAL_TIMEOUT;time-out;;;;;;MY_STIHL;https://app.stihl.com/nl-nl/mystihl/tools/add;authenticated MY STIHL UI lookup;TECHNICAL_TIMEOUT;;FALSE;FALSE;TRUE;FALSE;1;1718;stihl_resultaten.csv
11115000;;2026-09-26;TECHNICAL_TIMEOUT;time-out;;;;;;MY_STIHL;https://app.stihl.com/nl-nl/mystihl/tools/add;authenticated MY STIHL UI lookup;TECHNICAL_TIMEOUT;;FALSE;FALSE;TRUE;FALSE;1;1719;stihl_resultaten.csv
11116000;;2026-09-26;TECHNICAL_TIMEOUT;time-out;;;;;;MY_STIHL;https://app.stihl.com/nl-nl/mystihl/tools/add;authenticated MY STIHL UI lookup;TECHNICAL_TIMEOUT;;FALSE;FALSE;TRUE;FALSE;1;1720;stihl_resultaten.csv
11117000;;2026-09-26;TECHNICAL_TIMEOUT;time-out;;;;;;MY_STIHL;https://app.stihl.com/nl-nl/mystihl/tools/add;authenticated MY STIHL UI lookup;TECHNICAL_TIMEOUT;;FALSE;FALSE;TRUE;FALSE;1;1721;stihl_resultaten.csv
11118000;;2026-09-26;TECHNICAL_TIMEOUT;time-out;;;;;;MY_STIHL;https://app.stihl.com/nl-nl/mystihl/tools/add;authenticated MY STIHL UI lookup;TECHNICAL_TIMEOUT;;FALSE;FALSE;TRUE;FALSE;1;1722;stihl_resultaten.csv
11119000;;2026-09-26;TECHNICAL_TIMEOUT;time-out;;;;;;MY_STIHL;https://app.stihl.com/nl-nl/mystihl/tools/add;authenticated MY STIHL UI lookup;TECHNICAL_TIMEOUT;;FALSE;FALSE;TRUE;FALSE;1;1723;stihl_resultaten.csv
11120000;;2026-09-26;TECHNICAL_TIMEOUT;time-out;;;;;;MY_STIHL;https://app.stihl.com/nl-nl/mystihl/tools/add;authenticated MY STIHL UI lookup;TECHNICAL_TIMEOUT;;FALSE;FALSE;TRUE;FALSE;1;1724;stihl_resultaten.csv
11121000;;2026-09-26;TECHNICAL_TIMEOUT;time-out;;;;;;MY_STIHL;https://app.stihl.com/nl-nl/mystihl/tools/add;authenticated MY STIHL UI lookup;TECHNICAL_TIMEOUT;;FALSE;FALSE;TRUE;FALSE;1;1725;stihl_resultaten.csv
11122000;;2026-09-26;TECHNICAL_TIMEOUT;time-out;;;;;;MY_STIHL;https://app.stihl.com/nl-nl/mystihl/tools/add;authenticated MY STIHL UI lookup;TECHNICAL_TIMEOUT;;FALSE;FALSE;TRUE;FALSE;1;1726;stihl_resultaten.csv
11123000;;2026-09-26;TECHNICAL_TIMEOUT;time-out;;;;;;MY_STIHL;https://app.stihl.com/nl-nl/mystihl/tools/add;authenticated MY STIHL UI lookup;TECHNICAL_TIMEOUT;;FALSE;FALSE;TRUE;FALSE;1;1727;stihl_resultaten.csv
11124000;;2026-09-26;TECHNICAL_TIMEOUT;time-out;;;;;;MY_STIHL;https://app.stihl.com/nl-nl/mystihl/tools/add;authenticated MY STIHL UI lookup;TECHNICAL_TIMEOUT;;FALSE;FALSE;TRUE;FALSE;1;1728;stihl_resultaten.csv
11125000;;2026-09-26;TECHNICAL_TIMEOUT;time-out;;;;;;MY_STIHL;https://app.stihl.com/nl-nl/mystihl/tools/add;authenticated MY STIHL UI lookup;TECHNICAL_TIMEOUT;;FALSE;FALSE;TRUE;FALSE;1;1729;stihl_resultaten.csv
11126000;;2026-09-26;TECHNICAL_TIMEOUT;time-out;;;;;;MY_STIHL;https://app.stihl.com/nl-nl/mystihl/tools/add;authenticated MY STIHL UI lookup;TECHNICAL_TIMEOUT;;FALSE;FALSE;TRUE;FALSE;1;1730;stihl_resultaten.csv
11127000;;2026-09-26;TECHNICAL_TIMEOUT;time-out;;;;;;MY_STIHL;https://app.stihl.com/nl-nl/mystihl/tools/add;authenticated MY STIHL UI lookup;TECHNICAL_TIMEOUT;;FALSE;FALSE;TRUE;FALSE;1;1731;stihl_resultaten.csv
11128000;;2026-09-26;TECHNICAL_TIMEOUT;time-out;;;;;;MY_STIHL;https://app.stihl.com/nl-nl/mystihl/tools/add;authenticated MY STIHL UI lookup;TECHNICAL_TIMEOUT;;FALSE;FALSE;TRUE;FALSE;1;1732;stihl_resultaten.csv
11129000;;2026-09-26;TECHNICAL_TIMEOUT;time-out;;;;;;MY_STIHL;https://app.stihl.com/nl-nl/mystihl/tools/add;authenticated MY STIHL UI lookup;TECHNICAL_TIMEOUT;;FALSE;FALSE;TRUE;FALSE;1;1733;stihl_resultaten.csv
11130000;;2026-09-26;TECHNICAL_TIMEOUT;time-out;;;;;;MY_STIHL;https://app.stihl.com/nl-nl/mystihl/tools/add;authenticated MY STIHL UI lookup;TECHNICAL_TIMEOUT;;FALSE;FALSE;TRUE;FALSE;1;1734;stihl_resultaten.csv
11131000;;2026-09-26;TECHNICAL_TIMEOUT;time-out;;;;;;MY_STIHL;https://app.stihl.com/nl-nl/mystihl/tools/add;authenticated MY STIHL UI lookup;TECHNICAL_TIMEOUT;;FALSE;FALSE;TRUE;FALSE;1;1735;stihl_resultaten.csv
11132000;;2026-09-26;TECHNICAL_TIMEOUT;time-out;;;;;;MY_STIHL;https://app.stihl.com/nl-nl/mystihl/tools/add;authenticated MY STIHL UI lookup;TECHNICAL_TIMEOUT;;FALSE;FALSE;TRUE;FALSE;1;1736;stihl_resultaten.csv
11133000;;2026-09-26;TECHNICAL_TIMEOUT;time-out;;;;;;MY_STIHL;https://app.stihl.com/nl-nl/mystihl/tools/add;authenticated MY STIHL UI lookup;TECHNICAL_TIMEOUT;;FALSE;FALSE;TRUE;FALSE;1;1737;stihl_resultaten.csv
11134000;;2026-09-26;TECHNICAL_TIMEOUT;time-out;;;;;;MY_STIHL;https://app.stihl.com/nl-nl/mystihl/tools/add;authenticated MY STIHL UI lookup;TECHNICAL_TIMEOUT;;FALSE;FALSE;TRUE;FALSE;1;1738;stihl_resultaten.csv
11135000;;2026-09-26;TECHNICAL_TIMEOUT;time-out;;;;;;MY_STIHL;https://app.stihl.com/nl-nl/mystihl/tools/add;authenticated MY STIHL UI lookup;TECHNICAL_TIMEOUT;;FALSE;FALSE;TRUE;FALSE;1;1739;stihl_resultaten.csv
11136000;;2026-09-26;TECHNICAL_TIMEOUT;time-out;;;;;;MY_STIHL;https://app.stihl.com/nl-nl/mystihl/tools/add;authenticated MY STIHL UI lookup;TECHNICAL_TIMEOUT;;FALSE;FALSE;TRUE;FALSE;1;1740;stihl_resultaten.csv
11137000;;2026-09-26;TECHNICAL_TIMEOUT;time-out;;;;;;MY_STIHL;https://app.stihl.com/nl-nl/mystihl/tools/add;authenticated MY STIHL UI lookup;TECHNICAL_TIMEOUT;;FALSE;FALSE;TRUE;FALSE;1;1741;stihl_resultaten.csv
11138000;;2026-09-26;TECHNICAL_TIMEOUT;time-out;;;;;;MY_STIHL;https://app.stihl.com/nl-nl/mystihl/tools/add;authenticated MY STIHL UI lookup;TECHNICAL_TIMEOUT;;FALSE;FALSE;TRUE;FALSE;1;1742;stihl_resultaten.csv
11139000;;2026-09-26;TECHNICAL_TIMEOUT;time-out;;;;;;MY_STIHL;https://app.stihl.com/nl-nl/mystihl/tools/add;authenticated MY STIHL UI lookup;TECHNICAL_TIMEOUT;;FALSE;FALSE;TRUE;FALSE;1;1743;stihl_resultaten.csv
11140000;;2026-09-26;TECHNICAL_TIMEOUT;time-out;;;;;;MY_STIHL;https://app.stihl.com/nl-nl/mystihl/tools/add;authenticated MY STIHL UI lookup;TECHNICAL_TIMEOUT;;FALSE;FALSE;TRUE;FALSE;1;1744;stihl_resultaten.csv
11141000;;2026-09-26;TECHNICAL_TIMEOUT;time-out;;;;;;MY_STIHL;https://app.stihl.com/nl-nl/mystihl/tools/add;authenticated MY STIHL UI lookup;TECHNICAL_TIMEOUT;;FALSE;FALSE;TRUE;FALSE;1;1745;stihl_resultaten.csv
11142000;;2026-09-26;TECHNICAL_TIMEOUT;time-out;;;;;;MY_STIHL;https://app.stihl.com/nl-nl/mystihl/tools/add;authenticated MY STIHL UI lookup;TECHNICAL_TIMEOUT;;FALSE;FALSE;TRUE;FALSE;1;1746;stihl_resultaten.csv
11143000;;2026-09-26;TECHNICAL_TIMEOUT;time-out;;;;;;MY_STIHL;https://app.stihl.com/nl-nl/mystihl/tools/add;authenticated MY STIHL UI lookup;TECHNICAL_TIMEOUT;;FALSE;FALSE;TRUE;FALSE;1;1747;stihl_resultaten.csv
11144000;;2026-09-26;TECHNICAL_TIMEOUT;time-out;;;;;;MY_STIHL;https://app.stihl.com/nl-nl/mystihl/tools/add;authenticated MY STIHL UI lookup;TECHNICAL_TIMEOUT;;FALSE;FALSE;TRUE;FALSE;1;1748;stihl_resultaten.csv
11145000;;2026-09-26;TECHNICAL_TIMEOUT;time-out;;;;;;MY_STIHL;https://app.stihl.com/nl-nl/mystihl/tools/add;authenticated MY STIHL UI lookup;TECHNICAL_TIMEOUT;;FALSE;FALSE;TRUE;FALSE;1;1749;stihl_resultaten.csv
11146000;;2026-09-26;TECHNICAL_TIMEOUT;time-out;;;;;;MY_STIHL;https://app.stihl.com/nl-nl/mystihl/tools/add;authenticated MY STIHL UI lookup;TECHNICAL_TIMEOUT;;FALSE;FALSE;TRUE;FALSE;1;1750;stihl_resultaten.csv
11147000;;2026-09-26;TECHNICAL_TIMEOUT;time-out;;;;;;MY_STIHL;https://app.stihl.com/nl-nl/mystihl/tools/add;authenticated MY STIHL UI lookup;TECHNICAL_TIMEOUT;;FALSE;FALSE;TRUE;FALSE;1;1751;stihl_resultaten.csv
11153000;;2026-09-26;TECHNICAL_TIMEOUT;time-out;;;;;;MY_STIHL;https://app.stihl.com/nl-nl/mystihl/tools/add;authenticated MY STIHL UI lookup;TECHNICAL_TIMEOUT;;FALSE;FALSE;TRUE;FALSE;1;1757;stihl_resultaten.csv
11154000;;2026-09-26;TECHNICAL_TIMEOUT;time-out;;;;;;MY_STIHL;https://app.stihl.com/nl-nl/mystihl/tools/add;authenticated MY STIHL UI lookup;TECHNICAL_TIMEOUT;;FALSE;FALSE;TRUE;FALSE;1;1758;stihl_resultaten.csv
11155000;;2026-09-26;TECHNICAL_TIMEOUT;time-out;;;;;;MY_STIHL;https://app.stihl.com/nl-nl/mystihl/tools/add;authenticated MY STIHL UI lookup;TECHNICAL_TIMEOUT;;FALSE;FALSE;TRUE;FALSE;1;1759;stihl_resultaten.csv
11156000;;2026-09-26;TECHNICAL_TIMEOUT;time-out;;;;;;MY_STIHL;https://app.stihl.com/nl-nl/mystihl/tools/add;authenticated MY STIHL UI lookup;TECHNICAL_TIMEOUT;;FALSE;FALSE;TRUE;FALSE;1;1760;stihl_resultaten.csv
11157000;;2026-09-26;TECHNICAL_TIMEOUT;time-out;;;;;;MY_STIHL;https://app.stihl.com/nl-nl/mystihl/tools/add;authenticated MY STIHL UI lookup;TECHNICAL_TIMEOUT;;FALSE;FALSE;TRUE;FALSE;1;1761;stihl_resultaten.csv
11158000;;2026-09-26;TECHNICAL_TIMEOUT;time-out;;;;;;MY_STIHL;https://app.stihl.com/nl-nl/mystihl/tools/add;authenticated MY STIHL UI lookup;TECHNICAL_TIMEOUT;;FALSE;FALSE;TRUE;FALSE;1;1762;stihl_resultaten.csv
11159000;;2026-09-26;TECHNICAL_TIMEOUT;time-out;;;;;;MY_STIHL;https://app.stihl.com/nl-nl/mystihl/tools/add;authenticated MY STIHL UI lookup;TECHNICAL_TIMEOUT;;FALSE;FALSE;TRUE;FALSE;1;1763;stihl_resultaten.csv
11160000;;2026-09-26;TECHNICAL_TIMEOUT;time-out;;;;;;MY_STIHL;https://app.stihl.com/nl-nl/mystihl/tools/add;authenticated MY STIHL UI lookup;TECHNICAL_TIMEOUT;;FALSE;FALSE;TRUE;FALSE;1;1764;stihl_resultaten.csv
11161000;;2026-09-26;TECHNICAL_TIMEOUT;time-out;;;;;;MY_STIHL;https://app.stihl.com/nl-nl/mystihl/tools/add;authenticated MY STIHL UI lookup;TECHNICAL_TIMEOUT;;FALSE;FALSE;TRUE;FALSE;1;1765;stihl_resultaten.csv
11162000;;2026-09-26;TECHNICAL_TIMEOUT;time-out;;;;;;MY_STIHL;https://app.stihl.com/nl-nl/mystihl/tools/add;authenticated MY STIHL UI lookup;TECHNICAL_TIMEOUT;;FALSE;FALSE;TRUE;FALSE;1;1766;stihl_resultaten.csv
11163000;;2026-09-26;TECHNICAL_TIMEOUT;time-out;;;;;;MY_STIHL;https://app.stihl.com/nl-nl/mystihl/tools/add;authenticated MY STIHL UI lookup;TECHNICAL_TIMEOUT;;FALSE;FALSE;TRUE;FALSE;1;1767;stihl_resultaten.csv
11164000;;2026-09-26;TECHNICAL_TIMEOUT;time-out;;;;;;MY_STIHL;https://app.stihl.com/nl-nl/mystihl/tools/add;authenticated MY STIHL UI lookup;TECHNICAL_TIMEOUT;;FALSE;FALSE;TRUE;FALSE;1;1768;stihl_resultaten.csv
11165000;;2026-09-26;TECHNICAL_TIMEOUT;time-out;;;;;;MY_STIHL;https://app.stihl.com/nl-nl/mystihl/tools/add;authenticated MY STIHL UI lookup;TECHNICAL_TIMEOUT;;FALSE;FALSE;TRUE;FALSE;1;1769;stihl_resultaten.csv
11166000;;2026-09-26;TECHNICAL_TIMEOUT;time-out;;;;;;MY_STIHL;https://app.stihl.com/nl-nl/mystihl/tools/add;authenticated MY STIHL UI lookup;TECHNICAL_TIMEOUT;;FALSE;FALSE;TRUE;FALSE;1;1770;stihl_resultaten.csv
11167000;;2026-09-26;TECHNICAL_TIMEOUT;time-out;;;;;;MY_STIHL;https://app.stihl.com/nl-nl/mystihl/tools/add;authenticated MY STIHL UI lookup;TECHNICAL_TIMEOUT;;FALSE;FALSE;TRUE;FALSE;1;1771;stihl_resultaten.csv
11168000;;2026-09-26;TECHNICAL_TIMEOUT;time-out;;;;;;MY_STIHL;https://app.stihl.com/nl-nl/mystihl/tools/add;authenticated MY STIHL UI lookup;TECHNICAL_TIMEOUT;;FALSE;FALSE;TRUE;FALSE;1;1772;stihl_resultaten.csv
11169000;;2026-09-26;TECHNICAL_TIMEOUT;time-out;;;;;;MY_STIHL;https://app.stihl.com/nl-nl/mystihl/tools/add;authenticated MY STIHL UI lookup;TECHNICAL_TIMEOUT;;FALSE;FALSE;TRUE;FALSE;1;1773;stihl_resultaten.csv
11170000;;2026-09-26;TECHNICAL_TIMEOUT;time-out;;;;;;MY_STIHL;https://app.stihl.com/nl-nl/mystihl/tools/add;authenticated MY STIHL UI lookup;TECHNICAL_TIMEOUT;;FALSE;FALSE;TRUE;FALSE;1;1774;stihl_resultaten.csv
11171000;;2026-09-26;TECHNICAL_TIMEOUT;time-out;;;;;;MY_STIHL;https://app.stihl.com/nl-nl/mystihl/tools/add;authenticated MY STIHL UI lookup;TECHNICAL_TIMEOUT;;FALSE;FALSE;TRUE;FALSE;1;1775;stihl_resultaten.csv
11172000;;2026-09-26;TECHNICAL_TIMEOUT;time-out;;;;;;MY_STIHL;https://app.stihl.com/nl-nl/mystihl/tools/add;authenticated MY STIHL UI lookup;TECHNICAL_TIMEOUT;;FALSE;FALSE;TRUE;FALSE;1;1776;stihl_resultaten.csv
11173000;;2026-09-26;TECHNICAL_TIMEOUT;time-out;;;;;;MY_STIHL;https://app.stihl.com/nl-nl/mystihl/tools/add;authenticated MY STIHL UI lookup;TECHNICAL_TIMEOUT;;FALSE;FALSE;TRUE;FALSE;1;1777;stihl_resultaten.csv
11174000;;2026-09-26;TECHNICAL_TIMEOUT;time-out;;;;;;MY_STIHL;https://app.stihl.com/nl-nl/mystihl/tools/add;authenticated MY STIHL UI lookup;TECHNICAL_TIMEOUT;;FALSE;FALSE;TRUE;FALSE;1;1778;stihl_resultaten.csv
11175000;;2026-09-26;TECHNICAL_TIMEOUT;time-out;;;;;;MY_STIHL;https://app.stihl.com/nl-nl/mystihl/tools/add;authenticated MY STIHL UI lookup;TECHNICAL_TIMEOUT;;FALSE;FALSE;TRUE;FALSE;1;1779;stihl_resultaten.csv
11176000;;2026-09-26;TECHNICAL_TIMEOUT;time-out;;;;;;MY_STIHL;https://app.stihl.com/nl-nl/mystihl/tools/add;authenticated MY STIHL UI lookup;TECHNICAL_TIMEOUT;;FALSE;FALSE;TRUE;FALSE;1;1780;stihl_resultaten.csv
11177000;;2026-09-26;TECHNICAL_TIMEOUT;time-out;;;;;;MY_STIHL;https://app.stihl.com/nl-nl/mystihl/tools/add;authenticated MY STIHL UI lookup;TECHNICAL_TIMEOUT;;FALSE;FALSE;TRUE;FALSE;1;1781;stihl_resultaten.csv
11178000;;2026-09-26;TECHNICAL_TIMEOUT;time-out;;;;;;MY_STIHL;https://app.stihl.com/nl-nl/mystihl/tools/add;authenticated MY STIHL UI lookup;TECHNICAL_TIMEOUT;;FALSE;FALSE;TRUE;FALSE;1;1782;stihl_resultaten.csv
11179000;;2026-09-26;TECHNICAL_TIMEOUT;time-out;;;;;;MY_STIHL;https://app.stihl.com/nl-nl/mystihl/tools/add;authenticated MY STIHL UI lookup;TECHNICAL_TIMEOUT;;FALSE;FALSE;TRUE;FALSE;1;1783;stihl_resultaten.csv
11180000;;2026-09-26;TECHNICAL_TIMEOUT;time-out;;;;;;MY_STIHL;https://app.stihl.com/nl-nl/mystihl/tools/add;authenticated MY STIHL UI lookup;TECHNICAL_TIMEOUT;;FALSE;FALSE;TRUE;FALSE;1;1784;stihl_resultaten.csv
11183000;;2026-09-26;TECHNICAL_TIMEOUT;time-out;;;;;;MY_STIHL;https://app.stihl.com/nl-nl/mystihl/tools/add;authenticated MY STIHL UI lookup;TECHNICAL_TIMEOUT;;FALSE;FALSE;TRUE;FALSE;1;1787;stihl_resultaten.csv
11184000;;2026-09-26;TECHNICAL_TIMEOUT;time-out;;;;;;MY_STIHL;https://app.stihl.com/nl-nl/mystihl/tools/add;authenticated MY STIHL UI lookup;TECHNICAL_TIMEOUT;;FALSE;FALSE;TRUE;FALSE;1;1788;stihl_resultaten.csv
11185000;;2026-09-26;TECHNICAL_TIMEOUT;time-out;;;;;;MY_STIHL;https://app.stihl.com/nl-nl/mystihl/tools/add;authenticated MY STIHL UI lookup;TECHNICAL_TIMEOUT;;FALSE;FALSE;TRUE;FALSE;1;1789;stihl_resultaten.csv
11186000;;2026-09-26;TECHNICAL_TIMEOUT;time-out;;;;;;MY_STIHL;https://app.stihl.com/nl-nl/mystihl/tools/add;authenticated MY STIHL UI lookup;TECHNICAL_TIMEOUT;;FALSE;FALSE;TRUE;FALSE;1;1790;stihl_resultaten.csv
11187000;;2026-09-26;TECHNICAL_TIMEOUT;time-out;;;;;;MY_STIHL;https://app.stihl.com/nl-nl/mystihl/tools/add;authenticated MY STIHL UI lookup;TECHNICAL_TIMEOUT;;FALSE;FALSE;TRUE;FALSE;1;1791;stihl_resultaten.csv
11188000;;2026-09-26;TECHNICAL_TIMEOUT;time-out;;;;;;MY_STIHL;https://app.stihl.com/nl-nl/mystihl/tools/add;authenticated MY STIHL UI lookup;TECHNICAL_TIMEOUT;;FALSE;FALSE;TRUE;FALSE;1;1792;stihl_resultaten.csv
11189000;;2026-09-26;TECHNICAL_TIMEOUT;time-out;;;;;;MY_STIHL;https://app.stihl.com/nl-nl/mystihl/tools/add;authenticated MY STIHL UI lookup;TECHNICAL_TIMEOUT;;FALSE;FALSE;TRUE;FALSE;1;1793;stihl_resultaten.csv
11190000;;2026-09-26;TECHNICAL_TIMEOUT;time-out;;;;;;MY_STIHL;https://app.stihl.com/nl-nl/mystihl/tools/add;authenticated MY STIHL UI lookup;TECHNICAL_TIMEOUT;;FALSE;FALSE;TRUE;FALSE;1;1794;stihl_resultaten.csv
11191000;;2026-09-26;TECHNICAL_TIMEOUT;time-out;;;;;;MY_STIHL;https://app.stihl.com/nl-nl/mystihl/tools/add;authenticated MY STIHL UI lookup;TECHNICAL_TIMEOUT;;FALSE;FALSE;TRUE;FALSE;1;1795;stihl_resultaten.csv
11192000;;2026-09-26;TECHNICAL_TIMEOUT;time-out;;;;;;MY_STIHL;https://app.stihl.com/nl-nl/mystihl/tools/add;authenticated MY STIHL UI lookup;TECHNICAL_TIMEOUT;;FALSE;FALSE;TRUE;FALSE;1;1796;stihl_resultaten.csv
11193000;;2026-09-26;TECHNICAL_TIMEOUT;time-out;;;;;;MY_STIHL;https://app.stihl.com/nl-nl/mystihl/tools/add;authenticated MY STIHL UI lookup;TECHNICAL_TIMEOUT;;FALSE;FALSE;TRUE;FALSE;1;1797;stihl_resultaten.csv
11194000;;2026-09-26;TECHNICAL_TIMEOUT;time-out;;;;;;MY_STIHL;https://app.stihl.com/nl-nl/mystihl/tools/add;authenticated MY STIHL UI lookup;TECHNICAL_TIMEOUT;;FALSE;FALSE;TRUE;FALSE;1;1798;stihl_resultaten.csv
11195000;;2026-09-26;TECHNICAL_TIMEOUT;time-out;;;;;;MY_STIHL;https://app.stihl.com/nl-nl/mystihl/tools/add;authenticated MY STIHL UI lookup;TECHNICAL_TIMEOUT;;FALSE;FALSE;TRUE;FALSE;1;1799;stihl_resultaten.csv
11196000;;2026-09-26;TECHNICAL_TIMEOUT;time-out;;;;;;MY_STIHL;https://app.stihl.com/nl-nl/mystihl/tools/add;authenticated MY STIHL UI lookup;TECHNICAL_TIMEOUT;;FALSE;FALSE;TRUE;FALSE;1;1800;stihl_resultaten.csv
11197000;;2026-09-26;TECHNICAL_TIMEOUT;time-out;;;;;;MY_STIHL;https://app.stihl.com/nl-nl/mystihl/tools/add;authenticated MY STIHL UI lookup;TECHNICAL_TIMEOUT;;FALSE;FALSE;TRUE;FALSE;1;1801;stihl_resultaten.csv
11198000;;2026-09-26;TECHNICAL_TIMEOUT;time-out;;;;;;MY_STIHL;https://app.stihl.com/nl-nl/mystihl/tools/add;authenticated MY STIHL UI lookup;TECHNICAL_TIMEOUT;;FALSE;FALSE;TRUE;FALSE;1;1802;stihl_resultaten.csv
11199000;;2026-09-26;TECHNICAL_TIMEOUT;time-out;;;;;;MY_STIHL;https://app.stihl.com/nl-nl/mystihl/tools/add;authenticated MY STIHL UI lookup;TECHNICAL_TIMEOUT;;FALSE;FALSE;TRUE;FALSE;1;1803;stihl_resultaten.csv
11200000;;2026-09-26;TECHNICAL_TIMEOUT;time-out;;;;;;MY_STIHL;https://app.stihl.com/nl-nl/mystihl/tools/add;authenticated MY STIHL UI lookup;TECHNICAL_TIMEOUT;;FALSE;FALSE;TRUE;FALSE;1;1804;stihl_resultaten.csv
11201000;;2026-09-26;TECHNICAL_TIMEOUT;time-out;;;;;;MY_STIHL;https://app.stihl.com/nl-nl/mystihl/tools/add;authenticated MY STIHL UI lookup;TECHNICAL_TIMEOUT;;FALSE;FALSE;TRUE;FALSE;1;1805;stihl_resultaten.csv
11202000;;2026-09-26;TECHNICAL_TIMEOUT;time-out;;;;;;MY_STIHL;https://app.stihl.com/nl-nl/mystihl/tools/add;authenticated MY STIHL UI lookup;TECHNICAL_TIMEOUT;;FALSE;FALSE;TRUE;FALSE;1;1806;stihl_resultaten.csv
11203000;;2026-09-26;TECHNICAL_TIMEOUT;time-out;;;;;;MY_STIHL;https://app.stihl.com/nl-nl/mystihl/tools/add;authenticated MY STIHL UI lookup;TECHNICAL_TIMEOUT;;FALSE;FALSE;TRUE;FALSE;1;1807;stihl_resultaten.csv
11204000;;2026-09-26;TECHNICAL_TIMEOUT;time-out;;;;;;MY_STIHL;https://app.stihl.com/nl-nl/mystihl/tools/add;authenticated MY STIHL UI lookup;TECHNICAL_TIMEOUT;;FALSE;FALSE;TRUE;FALSE;1;1808;stihl_resultaten.csv
11205000;;2026-09-26;TECHNICAL_TIMEOUT;time-out;;;;;;MY_STIHL;https://app.stihl.com/nl-nl/mystihl/tools/add;authenticated MY STIHL UI lookup;TECHNICAL_TIMEOUT;;FALSE;FALSE;TRUE;FALSE;1;1809;stihl_resultaten.csv
11206000;;2026-09-26;TECHNICAL_TIMEOUT;time-out;;;;;;MY_STIHL;https://app.stihl.com/nl-nl/mystihl/tools/add;authenticated MY STIHL UI lookup;TECHNICAL_TIMEOUT;;FALSE;FALSE;TRUE;FALSE;1;1810;stihl_resultaten.csv
11207000;;2026-09-26;TECHNICAL_TIMEOUT;time-out;;;;;;MY_STIHL;https://app.stihl.com/nl-nl/mystihl/tools/add;authenticated MY STIHL UI lookup;TECHNICAL_TIMEOUT;;FALSE;FALSE;TRUE;FALSE;1;1811;stihl_resultaten.csv
11208000;;2026-09-26;TECHNICAL_TIMEOUT;time-out;;;;;;MY_STIHL;https://app.stihl.com/nl-nl/mystihl/tools/add;authenticated MY STIHL UI lookup;TECHNICAL_TIMEOUT;;FALSE;FALSE;TRUE;FALSE;1;1812;stihl_resultaten.csv
11209000;;2026-09-26;TECHNICAL_TIMEOUT;time-out;;;;;;MY_STIHL;https://app.stihl.com/nl-nl/mystihl/tools/add;authenticated MY STIHL UI lookup;TECHNICAL_TIMEOUT;;FALSE;FALSE;TRUE;FALSE;1;1813;stihl_resultaten.csv
11210000;;2026-09-26;TECHNICAL_TIMEOUT;time-out;;;;;;MY_STIHL;https://app.stihl.com/nl-nl/mystihl/tools/add;authenticated MY STIHL UI lookup;TECHNICAL_TIMEOUT;;FALSE;FALSE;TRUE;FALSE;1;1814;stihl_resultaten.csv
11211000;;2026-09-26;TECHNICAL_TIMEOUT;time-out;;;;;;MY_STIHL;https://app.stihl.com/nl-nl/mystihl/tools/add;authenticated MY STIHL UI lookup;TECHNICAL_TIMEOUT;;FALSE;FALSE;TRUE;FALSE;1;1815;stihl_resultaten.csv
11212000;;2026-09-26;TECHNICAL_TIMEOUT;time-out;;;;;;MY_STIHL;https://app.stihl.com/nl-nl/mystihl/tools/add;authenticated MY STIHL UI lookup;TECHNICAL_TIMEOUT;;FALSE;FALSE;TRUE;FALSE;1;1816;stihl_resultaten.csv
11213000;;2026-09-26;TECHNICAL_TIMEOUT;time-out;;;;;;MY_STIHL;https://app.stihl.com/nl-nl/mystihl/tools/add;authenticated MY STIHL UI lookup;TECHNICAL_TIMEOUT;;FALSE;FALSE;TRUE;FALSE;1;1817;stihl_resultaten.csv
11214000;;2026-09-26;TECHNICAL_TIMEOUT;time-out;;;;;;MY_STIHL;https://app.stihl.com/nl-nl/mystihl/tools/add;authenticated MY STIHL UI lookup;TECHNICAL_TIMEOUT;;FALSE;FALSE;TRUE;FALSE;1;1818;stihl_resultaten.csv
11215000;;2026-09-26;TECHNICAL_TIMEOUT;time-out;;;;;;MY_STIHL;https://app.stihl.com/nl-nl/mystihl/tools/add;authenticated MY STIHL UI lookup;TECHNICAL_TIMEOUT;;FALSE;FALSE;TRUE;FALSE;1;1819;stihl_resultaten.csv
11216000;;2026-09-26;TECHNICAL_TIMEOUT;time-out;;;;;;MY_STIHL;https://app.stihl.com/nl-nl/mystihl/tools/add;authenticated MY STIHL UI lookup;TECHNICAL_TIMEOUT;;FALSE;FALSE;TRUE;FALSE;1;1820;stihl_resultaten.csv
11217000;;2026-09-26;TECHNICAL_TIMEOUT;time-out;;;;;;MY_STIHL;https://app.stihl.com/nl-nl/mystihl/tools/add;authenticated MY STIHL UI lookup;TECHNICAL_TIMEOUT;;FALSE;FALSE;TRUE;FALSE;1;1821;stihl_resultaten.csv
11218000;;2026-09-26;TECHNICAL_TIMEOUT;time-out;;;;;;MY_STIHL;https://app.stihl.com/nl-nl/mystihl/tools/add;authenticated MY STIHL UI lookup;TECHNICAL_TIMEOUT;;FALSE;FALSE;TRUE;FALSE;1;1822;stihl_resultaten.csv
11219000;;2026-09-26;TECHNICAL_TIMEOUT;time-out;;;;;;MY_STIHL;https://app.stihl.com/nl-nl/mystihl/tools/add;authenticated MY STIHL UI lookup;TECHNICAL_TIMEOUT;;FALSE;FALSE;TRUE;FALSE;1;1823;stihl_resultaten.csv
11220000;;2026-09-26;TECHNICAL_TIMEOUT;time-out;;;;;;MY_STIHL;https://app.stihl.com/nl-nl/mystihl/tools/add;authenticated MY STIHL UI lookup;TECHNICAL_TIMEOUT;;FALSE;FALSE;TRUE;FALSE;1;1824;stihl_resultaten.csv
11221000;;2026-09-26;TECHNICAL_TIMEOUT;time-out;;;;;;MY_STIHL;https://app.stihl.com/nl-nl/mystihl/tools/add;authenticated MY STIHL UI lookup;TECHNICAL_TIMEOUT;;FALSE;FALSE;TRUE;FALSE;1;1825;stihl_resultaten.csv
11222000;;2026-09-26;TECHNICAL_TIMEOUT;time-out;;;;;;MY_STIHL;https://app.stihl.com/nl-nl/mystihl/tools/add;authenticated MY STIHL UI lookup;TECHNICAL_TIMEOUT;;FALSE;FALSE;TRUE;FALSE;1;1826;stihl_resultaten.csv
11223000;;2026-09-26;TECHNICAL_TIMEOUT;time-out;;;;;;MY_STIHL;https://app.stihl.com/nl-nl/mystihl/tools/add;authenticated MY STIHL UI lookup;TECHNICAL_TIMEOUT;;FALSE;FALSE;TRUE;FALSE;1;1827;stihl_resultaten.csv
11224000;;2026-09-26;TECHNICAL_TIMEOUT;time-out;;;;;;MY_STIHL;https://app.stihl.com/nl-nl/mystihl/tools/add;authenticated MY STIHL UI lookup;TECHNICAL_TIMEOUT;;FALSE;FALSE;TRUE;FALSE;1;1828;stihl_resultaten.csv
11225000;;2026-09-26;TECHNICAL_TIMEOUT;time-out;;;;;;MY_STIHL;https://app.stihl.com/nl-nl/mystihl/tools/add;authenticated MY STIHL UI lookup;TECHNICAL_TIMEOUT;;FALSE;FALSE;TRUE;FALSE;1;1829;stihl_resultaten.csv
11226000;;2026-09-26;TECHNICAL_TIMEOUT;time-out;;;;;;MY_STIHL;https://app.stihl.com/nl-nl/mystihl/tools/add;authenticated MY STIHL UI lookup;TECHNICAL_TIMEOUT;;FALSE;FALSE;TRUE;FALSE;1;1830;stihl_resultaten.csv
11227000;;2026-09-26;TECHNICAL_TIMEOUT;time-out;;;;;;MY_STIHL;https://app.stihl.com/nl-nl/mystihl/tools/add;authenticated MY STIHL UI lookup;TECHNICAL_TIMEOUT;;FALSE;FALSE;TRUE;FALSE;1;1831;stihl_resultaten.csv
11228000;;2026-09-26;TECHNICAL_TIMEOUT;time-out;;;;;;MY_STIHL;https://app.stihl.com/nl-nl/mystihl/tools/add;authenticated MY STIHL UI lookup;TECHNICAL_TIMEOUT;;FALSE;FALSE;TRUE;FALSE;1;1832;stihl_resultaten.csv
11229000;;2026-09-26;TECHNICAL_TIMEOUT;time-out;;;;;;MY_STIHL;https://app.stihl.com/nl-nl/mystihl/tools/add;authenticated MY STIHL UI lookup;TECHNICAL_TIMEOUT;;FALSE;FALSE;TRUE;FALSE;1;1833;stihl_resultaten.csv
11230000;;2026-09-26;TECHNICAL_TIMEOUT;time-out;;;;;;MY_STIHL;https://app.stihl.com/nl-nl/mystihl/tools/add;authenticated MY STIHL UI lookup;TECHNICAL_TIMEOUT;;FALSE;FALSE;TRUE;FALSE;1;1834;stihl_resultaten.csv
11231000;;2026-09-26;TECHNICAL_TIMEOUT;time-out;;;;;;MY_STIHL;https://app.stihl.com/nl-nl/mystihl/tools/add;authenticated MY STIHL UI lookup;TECHNICAL_TIMEOUT;;FALSE;FALSE;TRUE;FALSE;1;1835;stihl_resultaten.csv
11232000;;2026-09-26;TECHNICAL_TIMEOUT;time-out;;;;;;MY_STIHL;https://app.stihl.com/nl-nl/mystihl/tools/add;authenticated MY STIHL UI lookup;TECHNICAL_TIMEOUT;;FALSE;FALSE;TRUE;FALSE;1;1836;stihl_resultaten.csv
11233000;;2026-09-26;TECHNICAL_TIMEOUT;time-out;;;;;;MY_STIHL;https://app.stihl.com/nl-nl/mystihl/tools/add;authenticated MY STIHL UI lookup;TECHNICAL_TIMEOUT;;FALSE;FALSE;TRUE;FALSE;1;1837;stihl_resultaten.csv
11234000;;2026-09-26;TECHNICAL_TIMEOUT;time-out;;;;;;MY_STIHL;https://app.stihl.com/nl-nl/mystihl/tools/add;authenticated MY STIHL UI lookup;TECHNICAL_TIMEOUT;;FALSE;FALSE;TRUE;FALSE;1;1838;stihl_resultaten.csv
11235000;;2026-09-26;TECHNICAL_TIMEOUT;time-out;;;;;;MY_STIHL;https://app.stihl.com/nl-nl/mystihl/tools/add;authenticated MY STIHL UI lookup;TECHNICAL_TIMEOUT;;FALSE;FALSE;TRUE;FALSE;1;1839;stihl_resultaten.csv
11236000;;2026-09-26;TECHNICAL_TIMEOUT;time-out;;;;;;MY_STIHL;https://app.stihl.com/nl-nl/mystihl/tools/add;authenticated MY STIHL UI lookup;TECHNICAL_TIMEOUT;;FALSE;FALSE;TRUE;FALSE;1;1840;stihl_resultaten.csv
11237000;;2026-09-26;TECHNICAL_TIMEOUT;time-out;;;;;;MY_STIHL;https://app.stihl.com/nl-nl/mystihl/tools/add;authenticated MY STIHL UI lookup;TECHNICAL_TIMEOUT;;FALSE;FALSE;TRUE;FALSE;1;1841;stihl_resultaten.csv
11238000;;2026-09-26;TECHNICAL_TIMEOUT;time-out;;;;;;MY_STIHL;https://app.stihl.com/nl-nl/mystihl/tools/add;authenticated MY STIHL UI lookup;TECHNICAL_TIMEOUT;;FALSE;FALSE;TRUE;FALSE;1;1842;stihl_resultaten.csv
11239000;;2026-09-26;TECHNICAL_TIMEOUT;time-out;;;;;;MY_STIHL;https://app.stihl.com/nl-nl/mystihl/tools/add;authenticated MY STIHL UI lookup;TECHNICAL_TIMEOUT;;FALSE;FALSE;TRUE;FALSE;1;1843;stihl_resultaten.csv
11240000;;2026-09-26;TECHNICAL_TIMEOUT;time-out;;;;;;MY_STIHL;https://app.stihl.com/nl-nl/mystihl/tools/add;authenticated MY STIHL UI lookup;TECHNICAL_TIMEOUT;;FALSE;FALSE;TRUE;FALSE;1;1844;stihl_resultaten.csv
11241000;;2026-09-26;TECHNICAL_TIMEOUT;time-out;;;;;;MY_STIHL;https://app.stihl.com/nl-nl/mystihl/tools/add;authenticated MY STIHL UI lookup;TECHNICAL_TIMEOUT;;FALSE;FALSE;TRUE;FALSE;1;1845;stihl_resultaten.csv
11242000;;2026-09-26;TECHNICAL_TIMEOUT;time-out;;;;;;MY_STIHL;https://app.stihl.com/nl-nl/mystihl/tools/add;authenticated MY STIHL UI lookup;TECHNICAL_TIMEOUT;;FALSE;FALSE;TRUE;FALSE;1;1846;stihl_resultaten.csv
11243000;;2026-09-26;TECHNICAL_TIMEOUT;time-out;;;;;;MY_STIHL;https://app.stihl.com/nl-nl/mystihl/tools/add;authenticated MY STIHL UI lookup;TECHNICAL_TIMEOUT;;FALSE;FALSE;TRUE;FALSE;1;1847;stihl_resultaten.csv
11244000;;2026-09-26;TECHNICAL_TIMEOUT;time-out;;;;;;MY_STIHL;https://app.stihl.com/nl-nl/mystihl/tools/add;authenticated MY STIHL UI lookup;TECHNICAL_TIMEOUT;;FALSE;FALSE;TRUE;FALSE;1;1848;stihl_resultaten.csv
11245000;;2026-09-26;TECHNICAL_TIMEOUT;time-out;;;;;;MY_STIHL;https://app.stihl.com/nl-nl/mystihl/tools/add;authenticated MY STIHL UI lookup;TECHNICAL_TIMEOUT;;FALSE;FALSE;TRUE;FALSE;1;1849;stihl_resultaten.csv
11246000;;2026-09-26;TECHNICAL_TIMEOUT;time-out;;;;;;MY_STIHL;https://app.stihl.com/nl-nl/mystihl/tools/add;authenticated MY STIHL UI lookup;TECHNICAL_TIMEOUT;;FALSE;FALSE;TRUE;FALSE;1;1850;stihl_resultaten.csv
11247000;;2026-09-26;TECHNICAL_TIMEOUT;time-out;;;;;;MY_STIHL;https://app.stihl.com/nl-nl/mystihl/tools/add;authenticated MY STIHL UI lookup;TECHNICAL_TIMEOUT;;FALSE;FALSE;TRUE;FALSE;1;1851;stihl_resultaten.csv
11248000;;2026-09-26;TECHNICAL_TIMEOUT;time-out;;;;;;MY_STIHL;https://app.stihl.com/nl-nl/mystihl/tools/add;authenticated MY STIHL UI lookup;TECHNICAL_TIMEOUT;;FALSE;FALSE;TRUE;FALSE;1;1852;stihl_resultaten.csv
11249000;;2026-09-26;TECHNICAL_TIMEOUT;time-out;;;;;;MY_STIHL;https://app.stihl.com/nl-nl/mystihl/tools/add;authenticated MY STIHL UI lookup;TECHNICAL_TIMEOUT;;FALSE;FALSE;TRUE;FALSE;1;1853;stihl_resultaten.csv
11250000;;2026-09-26;TECHNICAL_TIMEOUT;time-out;;;;;;MY_STIHL;https://app.stihl.com/nl-nl/mystihl/tools/add;authenticated MY STIHL UI lookup;TECHNICAL_TIMEOUT;;FALSE;FALSE;TRUE;FALSE;1;1854;stihl_resultaten.csv
11251000;;2026-09-26;TECHNICAL_TIMEOUT;time-out;;;;;;MY_STIHL;https://app.stihl.com/nl-nl/mystihl/tools/add;authenticated MY STIHL UI lookup;TECHNICAL_TIMEOUT;;FALSE;FALSE;TRUE;FALSE;1;1855;stihl_resultaten.csv
11252000;;2026-09-26;TECHNICAL_TIMEOUT;time-out;;;;;;MY_STIHL;https://app.stihl.com/nl-nl/mystihl/tools/add;authenticated MY STIHL UI lookup;TECHNICAL_TIMEOUT;;FALSE;FALSE;TRUE;FALSE;1;1856;stihl_resultaten.csv
11253000;;2026-09-26;TECHNICAL_TIMEOUT;time-out;;;;;;MY_STIHL;https://app.stihl.com/nl-nl/mystihl/tools/add;authenticated MY STIHL UI lookup;TECHNICAL_TIMEOUT;;FALSE;FALSE;TRUE;FALSE;1;1857;stihl_resultaten.csv
11254000;;2026-09-26;TECHNICAL_TIMEOUT;time-out;;;;;;MY_STIHL;https://app.stihl.com/nl-nl/mystihl/tools/add;authenticated MY STIHL UI lookup;TECHNICAL_TIMEOUT;;FALSE;FALSE;TRUE;FALSE;1;1858;stihl_resultaten.csv
11255000;;2026-09-26;TECHNICAL_TIMEOUT;time-out;;;;;;MY_STIHL;https://app.stihl.com/nl-nl/mystihl/tools/add;authenticated MY STIHL UI lookup;TECHNICAL_TIMEOUT;;FALSE;FALSE;TRUE;FALSE;1;1859;stihl_resultaten.csv
11256000;;2026-09-26;TECHNICAL_TIMEOUT;time-out;;;;;;MY_STIHL;https://app.stihl.com/nl-nl/mystihl/tools/add;authenticated MY STIHL UI lookup;TECHNICAL_TIMEOUT;;FALSE;FALSE;TRUE;FALSE;1;1860;stihl_resultaten.csv
11257000;;2026-09-26;TECHNICAL_TIMEOUT;time-out;;;;;;MY_STIHL;https://app.stihl.com/nl-nl/mystihl/tools/add;authenticated MY STIHL UI lookup;TECHNICAL_TIMEOUT;;FALSE;FALSE;TRUE;FALSE;1;1861;stihl_resultaten.csv
11258000;;2026-09-26;TECHNICAL_TIMEOUT;time-out;;;;;;MY_STIHL;https://app.stihl.com/nl-nl/mystihl/tools/add;authenticated MY STIHL UI lookup;TECHNICAL_TIMEOUT;;FALSE;FALSE;TRUE;FALSE;1;1862;stihl_resultaten.csv
11259000;;2026-09-26;TECHNICAL_TIMEOUT;time-out;;;;;;MY_STIHL;https://app.stihl.com/nl-nl/mystihl/tools/add;authenticated MY STIHL UI lookup;TECHNICAL_TIMEOUT;;FALSE;FALSE;TRUE;FALSE;1;1863;stihl_resultaten.csv
11260000;;2026-09-26;TECHNICAL_TIMEOUT;time-out;;;;;;MY_STIHL;https://app.stihl.com/nl-nl/mystihl/tools/add;authenticated MY STIHL UI lookup;TECHNICAL_TIMEOUT;;FALSE;FALSE;TRUE;FALSE;1;1864;stihl_resultaten.csv
11261000;;2026-09-26;TECHNICAL_TIMEOUT;time-out;;;;;;MY_STIHL;https://app.stihl.com/nl-nl/mystihl/tools/add;authenticated MY STIHL UI lookup;TECHNICAL_TIMEOUT;;FALSE;FALSE;TRUE;FALSE;1;1865;stihl_resultaten.csv
11262000;;2026-09-26;TECHNICAL_TIMEOUT;time-out;;;;;;MY_STIHL;https://app.stihl.com/nl-nl/mystihl/tools/add;authenticated MY STIHL UI lookup;TECHNICAL_TIMEOUT;;FALSE;FALSE;TRUE;FALSE;1;1866;stihl_resultaten.csv
11263000;;2026-09-26;TECHNICAL_TIMEOUT;time-out;;;;;;MY_STIHL;https://app.stihl.com/nl-nl/mystihl/tools/add;authenticated MY STIHL UI lookup;TECHNICAL_TIMEOUT;;FALSE;FALSE;TRUE;FALSE;1;1867;stihl_resultaten.csv
11264000;;2026-09-26;TECHNICAL_TIMEOUT;time-out;;;;;;MY_STIHL;https://app.stihl.com/nl-nl/mystihl/tools/add;authenticated MY STIHL UI lookup;TECHNICAL_TIMEOUT;;FALSE;FALSE;TRUE;FALSE;1;1868;stihl_resultaten.csv
11265000;;2026-09-26;TECHNICAL_TIMEOUT;time-out;;;;;;MY_STIHL;https://app.stihl.com/nl-nl/mystihl/tools/add;authenticated MY STIHL UI lookup;TECHNICAL_TIMEOUT;;FALSE;FALSE;TRUE;FALSE;1;1869;stihl_resultaten.csv
11266000;;2026-09-26;TECHNICAL_TIMEOUT;time-out;;;;;;MY_STIHL;https://app.stihl.com/nl-nl/mystihl/tools/add;authenticated MY STIHL UI lookup;TECHNICAL_TIMEOUT;;FALSE;FALSE;TRUE;FALSE;1;1870;stihl_resultaten.csv
11267000;;2026-09-26;TECHNICAL_TIMEOUT;time-out;;;;;;MY_STIHL;https://app.stihl.com/nl-nl/mystihl/tools/add;authenticated MY STIHL UI lookup;TECHNICAL_TIMEOUT;;FALSE;FALSE;TRUE;FALSE;1;1871;stihl_resultaten.csv
11268000;;2026-09-26;TECHNICAL_TIMEOUT;time-out;;;;;;MY_STIHL;https://app.stihl.com/nl-nl/mystihl/tools/add;authenticated MY STIHL UI lookup;TECHNICAL_TIMEOUT;;FALSE;FALSE;TRUE;FALSE;1;1872;stihl_resultaten.csv
11269000;;2026-09-26;TECHNICAL_TIMEOUT;time-out;;;;;;MY_STIHL;https://app.stihl.com/nl-nl/mystihl/tools/add;authenticated MY STIHL UI lookup;TECHNICAL_TIMEOUT;;FALSE;FALSE;TRUE;FALSE;1;1873;stihl_resultaten.csv
11270000;;2026-09-26;TECHNICAL_TIMEOUT;time-out;;;;;;MY_STIHL;https://app.stihl.com/nl-nl/mystihl/tools/add;authenticated MY STIHL UI lookup;TECHNICAL_TIMEOUT;;FALSE;FALSE;TRUE;FALSE;1;1874;stihl_resultaten.csv
11271000;;2026-09-26;TECHNICAL_TIMEOUT;time-out;;;;;;MY_STIHL;https://app.stihl.com/nl-nl/mystihl/tools/add;authenticated MY STIHL UI lookup;TECHNICAL_TIMEOUT;;FALSE;FALSE;TRUE;FALSE;1;1875;stihl_resultaten.csv
11272000;;2026-09-26;TECHNICAL_TIMEOUT;time-out;;;;;;MY_STIHL;https://app.stihl.com/nl-nl/mystihl/tools/add;authenticated MY STIHL UI lookup;TECHNICAL_TIMEOUT;;FALSE;FALSE;TRUE;FALSE;1;1876;stihl_resultaten.csv
11273000;;2026-09-26;TECHNICAL_TIMEOUT;time-out;;;;;;MY_STIHL;https://app.stihl.com/nl-nl/mystihl/tools/add;authenticated MY STIHL UI lookup;TECHNICAL_TIMEOUT;;FALSE;FALSE;TRUE;FALSE;1;1877;stihl_resultaten.csv
11274000;;2026-09-26;TECHNICAL_TIMEOUT;time-out;;;;;;MY_STIHL;https://app.stihl.com/nl-nl/mystihl/tools/add;authenticated MY STIHL UI lookup;TECHNICAL_TIMEOUT;;FALSE;FALSE;TRUE;FALSE;1;1878;stihl_resultaten.csv
11275000;;2026-09-26;TECHNICAL_TIMEOUT;time-out;;;;;;MY_STIHL;https://app.stihl.com/nl-nl/mystihl/tools/add;authenticated MY STIHL UI lookup;TECHNICAL_TIMEOUT;;FALSE;FALSE;TRUE;FALSE;1;1879;stihl_resultaten.csv
11276000;;2026-09-26;TECHNICAL_TIMEOUT;time-out;;;;;;MY_STIHL;https://app.stihl.com/nl-nl/mystihl/tools/add;authenticated MY STIHL UI lookup;TECHNICAL_TIMEOUT;;FALSE;FALSE;TRUE;FALSE;1;1880;stihl_resultaten.csv
11277000;;2026-09-26;TECHNICAL_TIMEOUT;time-out;;;;;;MY_STIHL;https://app.stihl.com/nl-nl/mystihl/tools/add;authenticated MY STIHL UI lookup;TECHNICAL_TIMEOUT;;FALSE;FALSE;TRUE;FALSE;1;1881;stihl_resultaten.csv
11278000;;2026-09-26;TECHNICAL_TIMEOUT;time-out;;;;;;MY_STIHL;https://app.stihl.com/nl-nl/mystihl/tools/add;authenticated MY STIHL UI lookup;TECHNICAL_TIMEOUT;;FALSE;FALSE;TRUE;FALSE;1;1882;stihl_resultaten.csv
11279000;;2026-09-26;TECHNICAL_TIMEOUT;time-out;;;;;;MY_STIHL;https://app.stihl.com/nl-nl/mystihl/tools/add;authenticated MY STIHL UI lookup;TECHNICAL_TIMEOUT;;FALSE;FALSE;TRUE;FALSE;1;1883;stihl_resultaten.csv
11280000;;2026-09-26;TECHNICAL_TIMEOUT;time-out;;;;;;MY_STIHL;https://app.stihl.com/nl-nl/mystihl/tools/add;authenticated MY STIHL UI lookup;TECHNICAL_TIMEOUT;;FALSE;FALSE;TRUE;FALSE;1;1884;stihl_resultaten.csv
11281000;;2026-09-26;TECHNICAL_TIMEOUT;time-out;;;;;;MY_STIHL;https://app.stihl.com/nl-nl/mystihl/tools/add;authenticated MY STIHL UI lookup;TECHNICAL_TIMEOUT;;FALSE;FALSE;TRUE;FALSE;1;1885;stihl_resultaten.csv
11282000;;2026-09-26;TECHNICAL_TIMEOUT;time-out;;;;;;MY_STIHL;https://app.stihl.com/nl-nl/mystihl/tools/add;authenticated MY STIHL UI lookup;TECHNICAL_TIMEOUT;;FALSE;FALSE;TRUE;FALSE;1;1886;stihl_resultaten.csv
11283000;;2026-09-26;TECHNICAL_TIMEOUT;time-out;;;;;;MY_STIHL;https://app.stihl.com/nl-nl/mystihl/tools/add;authenticated MY STIHL UI lookup;TECHNICAL_TIMEOUT;;FALSE;FALSE;TRUE;FALSE;1;1887;stihl_resultaten.csv
11284000;;2026-09-26;TECHNICAL_TIMEOUT;time-out;;;;;;MY_STIHL;https://app.stihl.com/nl-nl/mystihl/tools/add;authenticated MY STIHL UI lookup;TECHNICAL_TIMEOUT;;FALSE;FALSE;TRUE;FALSE;1;1888;stihl_resultaten.csv
11285000;;2026-09-26;TECHNICAL_TIMEOUT;time-out;;;;;;MY_STIHL;https://app.stihl.com/nl-nl/mystihl/tools/add;authenticated MY STIHL UI lookup;TECHNICAL_TIMEOUT;;FALSE;FALSE;TRUE;FALSE;1;1889;stihl_resultaten.csv
11286000;;2026-09-26;TECHNICAL_TIMEOUT;time-out;;;;;;MY_STIHL;https://app.stihl.com/nl-nl/mystihl/tools/add;authenticated MY STIHL UI lookup;TECHNICAL_TIMEOUT;;FALSE;FALSE;TRUE;FALSE;1;1890;stihl_resultaten.csv
11290000;;2026-09-26;TECHNICAL_TIMEOUT;time-out;;;;;;MY_STIHL;https://app.stihl.com/nl-nl/mystihl/tools/add;authenticated MY STIHL UI lookup;TECHNICAL_TIMEOUT;;FALSE;FALSE;TRUE;FALSE;1;1894;stihl_resultaten.csv
11291000;;2026-09-26;TECHNICAL_TIMEOUT;time-out;;;;;;MY_STIHL;https://app.stihl.com/nl-nl/mystihl/tools/add;authenticated MY STIHL UI lookup;TECHNICAL_TIMEOUT;;FALSE;FALSE;TRUE;FALSE;1;1895;stihl_resultaten.csv
11292000;;2026-09-26;TECHNICAL_TIMEOUT;time-out;;;;;;MY_STIHL;https://app.stihl.com/nl-nl/mystihl/tools/add;authenticated MY STIHL UI lookup;TECHNICAL_TIMEOUT;;FALSE;FALSE;TRUE;FALSE;1;1896;stihl_resultaten.csv
11293000;;2026-09-26;TECHNICAL_TIMEOUT;time-out;;;;;;MY_STIHL;https://app.stihl.com/nl-nl/mystihl/tools/add;authenticated MY STIHL UI lookup;TECHNICAL_TIMEOUT;;FALSE;FALSE;TRUE;FALSE;1;1897;stihl_resultaten.csv
11294000;;2026-09-26;TECHNICAL_TIMEOUT;time-out;;;;;;MY_STIHL;https://app.stihl.com/nl-nl/mystihl/tools/add;authenticated MY STIHL UI lookup;TECHNICAL_TIMEOUT;;FALSE;FALSE;TRUE;FALSE;1;1898;stihl_resultaten.csv
11295000;;2026-09-26;TECHNICAL_TIMEOUT;time-out;;;;;;MY_STIHL;https://app.stihl.com/nl-nl/mystihl/tools/add;authenticated MY STIHL UI lookup;TECHNICAL_TIMEOUT;;FALSE;FALSE;TRUE;FALSE;1;1899;stihl_resultaten.csv
11296000;;2026-09-26;TECHNICAL_TIMEOUT;time-out;;;;;;MY_STIHL;https://app.stihl.com/nl-nl/mystihl/tools/add;authenticated MY STIHL UI lookup;TECHNICAL_TIMEOUT;;FALSE;FALSE;TRUE;FALSE;1;1900;stihl_resultaten.csv
11297000;;2026-09-26;TECHNICAL_TIMEOUT;time-out;;;;;;MY_STIHL;https://app.stihl.com/nl-nl/mystihl/tools/add;authenticated MY STIHL UI lookup;TECHNICAL_TIMEOUT;;FALSE;FALSE;TRUE;FALSE;1;1901;stihl_resultaten.csv
11298000;;2026-09-26;TECHNICAL_TIMEOUT;time-out;;;;;;MY_STIHL;https://app.stihl.com/nl-nl/mystihl/tools/add;authenticated MY STIHL UI lookup;TECHNICAL_TIMEOUT;;FALSE;FALSE;TRUE;FALSE;1;1902;stihl_resultaten.csv
11299000;;2026-09-26;TECHNICAL_TIMEOUT;time-out;;;;;;MY_STIHL;https://app.stihl.com/nl-nl/mystihl/tools/add;authenticated MY STIHL UI lookup;TECHNICAL_TIMEOUT;;FALSE;FALSE;TRUE;FALSE;1;1903;stihl_resultaten.csv
11301000;;2026-09-26;TECHNICAL_TIMEOUT;time-out;;;;;;MY_STIHL;https://app.stihl.com/nl-nl/mystihl/tools/add;authenticated MY STIHL UI lookup;TECHNICAL_TIMEOUT;;FALSE;FALSE;TRUE;FALSE;1;1905;stihl_resultaten.csv
11302000;;2026-09-26;TECHNICAL_TIMEOUT;time-out;;;;;;MY_STIHL;https://app.stihl.com/nl-nl/mystihl/tools/add;authenticated MY STIHL UI lookup;TECHNICAL_TIMEOUT;;FALSE;FALSE;TRUE;FALSE;1;1906;stihl_resultaten.csv
11303000;;2026-09-26;TECHNICAL_TIMEOUT;time-out;;;;;;MY_STIHL;https://app.stihl.com/nl-nl/mystihl/tools/add;authenticated MY STIHL UI lookup;TECHNICAL_TIMEOUT;;FALSE;FALSE;TRUE;FALSE;1;1907;stihl_resultaten.csv
11304000;;2026-09-26;TECHNICAL_TIMEOUT;time-out;;;;;;MY_STIHL;https://app.stihl.com/nl-nl/mystihl/tools/add;authenticated MY STIHL UI lookup;TECHNICAL_TIMEOUT;;FALSE;FALSE;TRUE;FALSE;1;1908;stihl_resultaten.csv
11305000;;2026-09-26;TECHNICAL_TIMEOUT;time-out;;;;;;MY_STIHL;https://app.stihl.com/nl-nl/mystihl/tools/add;authenticated MY STIHL UI lookup;TECHNICAL_TIMEOUT;;FALSE;FALSE;TRUE;FALSE;1;1909;stihl_resultaten.csv
11306000;;2026-09-26;TECHNICAL_TIMEOUT;time-out;;;;;;MY_STIHL;https://app.stihl.com/nl-nl/mystihl/tools/add;authenticated MY STIHL UI lookup;TECHNICAL_TIMEOUT;;FALSE;FALSE;TRUE;FALSE;1;1910;stihl_resultaten.csv
11307000;;2026-09-26;TECHNICAL_TIMEOUT;time-out;;;;;;MY_STIHL;https://app.stihl.com/nl-nl/mystihl/tools/add;authenticated MY STIHL UI lookup;TECHNICAL_TIMEOUT;;FALSE;FALSE;TRUE;FALSE;1;1911;stihl_resultaten.csv
11308000;;2026-09-26;TECHNICAL_TIMEOUT;time-out;;;;;;MY_STIHL;https://app.stihl.com/nl-nl/mystihl/tools/add;authenticated MY STIHL UI lookup;TECHNICAL_TIMEOUT;;FALSE;FALSE;TRUE;FALSE;1;1912;stihl_resultaten.csv
11309000;;2026-09-26;TECHNICAL_TIMEOUT;time-out;;;;;;MY_STIHL;https://app.stihl.com/nl-nl/mystihl/tools/add;authenticated MY STIHL UI lookup;TECHNICAL_TIMEOUT;;FALSE;FALSE;TRUE;FALSE;1;1913;stihl_resultaten.csv
11310000;;2026-09-26;TECHNICAL_TIMEOUT;time-out;;;;;;MY_STIHL;https://app.stihl.com/nl-nl/mystihl/tools/add;authenticated MY STIHL UI lookup;TECHNICAL_TIMEOUT;;FALSE;FALSE;TRUE;FALSE;1;1914;stihl_resultaten.csv
11311000;;2026-09-26;TECHNICAL_TIMEOUT;time-out;;;;;;MY_STIHL;https://app.stihl.com/nl-nl/mystihl/tools/add;authenticated MY STIHL UI lookup;TECHNICAL_TIMEOUT;;FALSE;FALSE;TRUE;FALSE;1;1915;stihl_resultaten.csv
11312000;;2026-09-26;TECHNICAL_TIMEOUT;time-out;;;;;;MY_STIHL;https://app.stihl.com/nl-nl/mystihl/tools/add;authenticated MY STIHL UI lookup;TECHNICAL_TIMEOUT;;FALSE;FALSE;TRUE;FALSE;1;1916;stihl_resultaten.csv
11313000;;2026-09-26;TECHNICAL_TIMEOUT;time-out;;;;;;MY_STIHL;https://app.stihl.com/nl-nl/mystihl/tools/add;authenticated MY STIHL UI lookup;TECHNICAL_TIMEOUT;;FALSE;FALSE;TRUE;FALSE;1;1917;stihl_resultaten.csv
11314000;;2026-09-26;TECHNICAL_TIMEOUT;time-out;;;;;;MY_STIHL;https://app.stihl.com/nl-nl/mystihl/tools/add;authenticated MY STIHL UI lookup;TECHNICAL_TIMEOUT;;FALSE;FALSE;TRUE;FALSE;1;1918;stihl_resultaten.csv
11315000;;2026-09-26;TECHNICAL_TIMEOUT;time-out;;;;;;MY_STIHL;https://app.stihl.com/nl-nl/mystihl/tools/add;authenticated MY STIHL UI lookup;TECHNICAL_TIMEOUT;;FALSE;FALSE;TRUE;FALSE;1;1919;stihl_resultaten.csv
11316000;;2026-09-26;TECHNICAL_TIMEOUT;time-out;;;;;;MY_STIHL;https://app.stihl.com/nl-nl/mystihl/tools/add;authenticated MY STIHL UI lookup;TECHNICAL_TIMEOUT;;FALSE;FALSE;TRUE;FALSE;1;1920;stihl_resultaten.csv
11317000;;2026-09-26;TECHNICAL_TIMEOUT;time-out;;;;;;MY_STIHL;https://app.stihl.com/nl-nl/mystihl/tools/add;authenticated MY STIHL UI lookup;TECHNICAL_TIMEOUT;;FALSE;FALSE;TRUE;FALSE;1;1921;stihl_resultaten.csv
11318000;;2026-09-26;TECHNICAL_TIMEOUT;time-out;;;;;;MY_STIHL;https://app.stihl.com/nl-nl/mystihl/tools/add;authenticated MY STIHL UI lookup;TECHNICAL_TIMEOUT;;FALSE;FALSE;TRUE;FALSE;1;1922;stihl_resultaten.csv
11319000;;2026-09-26;TECHNICAL_TIMEOUT;time-out;;;;;;MY_STIHL;https://app.stihl.com/nl-nl/mystihl/tools/add;authenticated MY STIHL UI lookup;TECHNICAL_TIMEOUT;;FALSE;FALSE;TRUE;FALSE;1;1923;stihl_resultaten.csv
11320000;;2026-09-26;TECHNICAL_TIMEOUT;time-out;;;;;;MY_STIHL;https://app.stihl.com/nl-nl/mystihl/tools/add;authenticated MY STIHL UI lookup;TECHNICAL_TIMEOUT;;FALSE;FALSE;TRUE;FALSE;1;1924;stihl_resultaten.csv
11321000;;2026-09-26;TECHNICAL_TIMEOUT;time-out;;;;;;MY_STIHL;https://app.stihl.com/nl-nl/mystihl/tools/add;authenticated MY STIHL UI lookup;TECHNICAL_TIMEOUT;;FALSE;FALSE;TRUE;FALSE;1;1925;stihl_resultaten.csv
11322000;;2026-09-26;TECHNICAL_TIMEOUT;time-out;;;;;;MY_STIHL;https://app.stihl.com/nl-nl/mystihl/tools/add;authenticated MY STIHL UI lookup;TECHNICAL_TIMEOUT;;FALSE;FALSE;TRUE;FALSE;1;1926;stihl_resultaten.csv
11323000;;2026-09-26;TECHNICAL_TIMEOUT;time-out;;;;;;MY_STIHL;https://app.stihl.com/nl-nl/mystihl/tools/add;authenticated MY STIHL UI lookup;TECHNICAL_TIMEOUT;;FALSE;FALSE;TRUE;FALSE;1;1927;stihl_resultaten.csv
11324000;;2026-09-26;TECHNICAL_TIMEOUT;time-out;;;;;;MY_STIHL;https://app.stihl.com/nl-nl/mystihl/tools/add;authenticated MY STIHL UI lookup;TECHNICAL_TIMEOUT;;FALSE;FALSE;TRUE;FALSE;1;1928;stihl_resultaten.csv
11325000;;2026-09-26;TECHNICAL_TIMEOUT;time-out;;;;;;MY_STIHL;https://app.stihl.com/nl-nl/mystihl/tools/add;authenticated MY STIHL UI lookup;TECHNICAL_TIMEOUT;;FALSE;FALSE;TRUE;FALSE;1;1929;stihl_resultaten.csv
11326000;;2026-09-26;TECHNICAL_TIMEOUT;time-out;;;;;;MY_STIHL;https://app.stihl.com/nl-nl/mystihl/tools/add;authenticated MY STIHL UI lookup;TECHNICAL_TIMEOUT;;FALSE;FALSE;TRUE;FALSE;1;1930;stihl_resultaten.csv
11327000;;2026-09-26;TECHNICAL_TIMEOUT;time-out;;;;;;MY_STIHL;https://app.stihl.com/nl-nl/mystihl/tools/add;authenticated MY STIHL UI lookup;TECHNICAL_TIMEOUT;;FALSE;FALSE;TRUE;FALSE;1;1931;stihl_resultaten.csv
11328000;;2026-09-26;TECHNICAL_TIMEOUT;time-out;;;;;;MY_STIHL;https://app.stihl.com/nl-nl/mystihl/tools/add;authenticated MY STIHL UI lookup;TECHNICAL_TIMEOUT;;FALSE;FALSE;TRUE;FALSE;1;1932;stihl_resultaten.csv
11329000;;2026-09-26;TECHNICAL_TIMEOUT;time-out;;;;;;MY_STIHL;https://app.stihl.com/nl-nl/mystihl/tools/add;authenticated MY STIHL UI lookup;TECHNICAL_TIMEOUT;;FALSE;FALSE;TRUE;FALSE;1;1933;stihl_resultaten.csv
11330000;;2026-09-26;TECHNICAL_TIMEOUT;time-out;;;;;;MY_STIHL;https://app.stihl.com/nl-nl/mystihl/tools/add;authenticated MY STIHL UI lookup;TECHNICAL_TIMEOUT;;FALSE;FALSE;TRUE;FALSE;1;1934;stihl_resultaten.csv
11331000;;2026-09-26;TECHNICAL_TIMEOUT;time-out;;;;;;MY_STIHL;https://app.stihl.com/nl-nl/mystihl/tools/add;authenticated MY STIHL UI lookup;TECHNICAL_TIMEOUT;;FALSE;FALSE;TRUE;FALSE;1;1935;stihl_resultaten.csv
11332000;;2026-09-26;TECHNICAL_TIMEOUT;time-out;;;;;;MY_STIHL;https://app.stihl.com/nl-nl/mystihl/tools/add;authenticated MY STIHL UI lookup;TECHNICAL_TIMEOUT;;FALSE;FALSE;TRUE;FALSE;1;1936;stihl_resultaten.csv
11333000;;2026-09-26;TECHNICAL_TIMEOUT;time-out;;;;;;MY_STIHL;https://app.stihl.com/nl-nl/mystihl/tools/add;authenticated MY STIHL UI lookup;TECHNICAL_TIMEOUT;;FALSE;FALSE;TRUE;FALSE;1;1937;stihl_resultaten.csv
11334000;;2026-09-26;TECHNICAL_TIMEOUT;time-out;;;;;;MY_STIHL;https://app.stihl.com/nl-nl/mystihl/tools/add;authenticated MY STIHL UI lookup;TECHNICAL_TIMEOUT;;FALSE;FALSE;TRUE;FALSE;1;1938;stihl_resultaten.csv
11335000;;2026-09-26;TECHNICAL_TIMEOUT;time-out;;;;;;MY_STIHL;https://app.stihl.com/nl-nl/mystihl/tools/add;authenticated MY STIHL UI lookup;TECHNICAL_TIMEOUT;;FALSE;FALSE;TRUE;FALSE;1;1939;stihl_resultaten.csv
11336000;;2026-09-26;TECHNICAL_TIMEOUT;time-out;;;;;;MY_STIHL;https://app.stihl.com/nl-nl/mystihl/tools/add;authenticated MY STIHL UI lookup;TECHNICAL_TIMEOUT;;FALSE;FALSE;TRUE;FALSE;1;1940;stihl_resultaten.csv
11337000;;2026-09-26;TECHNICAL_TIMEOUT;time-out;;;;;;MY_STIHL;https://app.stihl.com/nl-nl/mystihl/tools/add;authenticated MY STIHL UI lookup;TECHNICAL_TIMEOUT;;FALSE;FALSE;TRUE;FALSE;1;1941;stihl_resultaten.csv
11338000;;2026-09-26;TECHNICAL_TIMEOUT;time-out;;;;;;MY_STIHL;https://app.stihl.com/nl-nl/mystihl/tools/add;authenticated MY STIHL UI lookup;TECHNICAL_TIMEOUT;;FALSE;FALSE;TRUE;FALSE;1;1942;stihl_resultaten.csv
11339000;;2026-09-26;TECHNICAL_TIMEOUT;time-out;;;;;;MY_STIHL;https://app.stihl.com/nl-nl/mystihl/tools/add;authenticated MY STIHL UI lookup;TECHNICAL_TIMEOUT;;FALSE;FALSE;TRUE;FALSE;1;1943;stihl_resultaten.csv
11340000;;2026-09-26;TECHNICAL_TIMEOUT;time-out;;;;;;MY_STIHL;https://app.stihl.com/nl-nl/mystihl/tools/add;authenticated MY STIHL UI lookup;TECHNICAL_TIMEOUT;;FALSE;FALSE;TRUE;FALSE;1;1944;stihl_resultaten.csv
11341000;;2026-09-26;TECHNICAL_TIMEOUT;time-out;;;;;;MY_STIHL;https://app.stihl.com/nl-nl/mystihl/tools/add;authenticated MY STIHL UI lookup;TECHNICAL_TIMEOUT;;FALSE;FALSE;TRUE;FALSE;1;1945;stihl_resultaten.csv
11342000;;2026-09-26;TECHNICAL_TIMEOUT;time-out;;;;;;MY_STIHL;https://app.stihl.com/nl-nl/mystihl/tools/add;authenticated MY STIHL UI lookup;TECHNICAL_TIMEOUT;;FALSE;FALSE;TRUE;FALSE;1;1946;stihl_resultaten.csv
11343000;;2026-09-26;TECHNICAL_TIMEOUT;time-out;;;;;;MY_STIHL;https://app.stihl.com/nl-nl/mystihl/tools/add;authenticated MY STIHL UI lookup;TECHNICAL_TIMEOUT;;FALSE;FALSE;TRUE;FALSE;1;1947;stihl_resultaten.csv
11344000;;2026-09-26;TECHNICAL_TIMEOUT;time-out;;;;;;MY_STIHL;https://app.stihl.com/nl-nl/mystihl/tools/add;authenticated MY STIHL UI lookup;TECHNICAL_TIMEOUT;;FALSE;FALSE;TRUE;FALSE;1;1948;stihl_resultaten.csv
11345000;;2026-09-26;TECHNICAL_TIMEOUT;time-out;;;;;;MY_STIHL;https://app.stihl.com/nl-nl/mystihl/tools/add;authenticated MY STIHL UI lookup;TECHNICAL_TIMEOUT;;FALSE;FALSE;TRUE;FALSE;1;1949;stihl_resultaten.csv
11346000;;2026-09-26;TECHNICAL_TIMEOUT;time-out;;;;;;MY_STIHL;https://app.stihl.com/nl-nl/mystihl/tools/add;authenticated MY STIHL UI lookup;TECHNICAL_TIMEOUT;;FALSE;FALSE;TRUE;FALSE;1;1950;stihl_resultaten.csv
11347000;;2026-09-26;TECHNICAL_TIMEOUT;time-out;;;;;;MY_STIHL;https://app.stihl.com/nl-nl/mystihl/tools/add;authenticated MY STIHL UI lookup;TECHNICAL_TIMEOUT;;FALSE;FALSE;TRUE;FALSE;1;1951;stihl_resultaten.csv
11348000;;2026-09-26;TECHNICAL_TIMEOUT;time-out;;;;;;MY_STIHL;https://app.stihl.com/nl-nl/mystihl/tools/add;authenticated MY STIHL UI lookup;TECHNICAL_TIMEOUT;;FALSE;FALSE;TRUE;FALSE;1;1952;stihl_resultaten.csv
11349000;;2026-09-26;TECHNICAL_TIMEOUT;time-out;;;;;;MY_STIHL;https://app.stihl.com/nl-nl/mystihl/tools/add;authenticated MY STIHL UI lookup;TECHNICAL_TIMEOUT;;FALSE;FALSE;TRUE;FALSE;1;1953;stihl_resultaten.csv
11350000;;2026-09-26;TECHNICAL_TIMEOUT;time-out;;;;;;MY_STIHL;https://app.stihl.com/nl-nl/mystihl/tools/add;authenticated MY STIHL UI lookup;TECHNICAL_TIMEOUT;;FALSE;FALSE;TRUE;FALSE;1;1954;stihl_resultaten.csv
11351000;;2026-09-26;TECHNICAL_TIMEOUT;time-out;;;;;;MY_STIHL;https://app.stihl.com/nl-nl/mystihl/tools/add;authenticated MY STIHL UI lookup;TECHNICAL_TIMEOUT;;FALSE;FALSE;TRUE;FALSE;1;1955;stihl_resultaten.csv
11352000;;2026-09-26;TECHNICAL_TIMEOUT;time-out;;;;;;MY_STIHL;https://app.stihl.com/nl-nl/mystihl/tools/add;authenticated MY STIHL UI lookup;TECHNICAL_TIMEOUT;;FALSE;FALSE;TRUE;FALSE;1;1956;stihl_resultaten.csv
11353000;;2026-09-26;TECHNICAL_TIMEOUT;time-out;;;;;;MY_STIHL;https://app.stihl.com/nl-nl/mystihl/tools/add;authenticated MY STIHL UI lookup;TECHNICAL_TIMEOUT;;FALSE;FALSE;TRUE;FALSE;1;1957;stihl_resultaten.csv
11354000;;2026-09-26;TECHNICAL_TIMEOUT;time-out;;;;;;MY_STIHL;https://app.stihl.com/nl-nl/mystihl/tools/add;authenticated MY STIHL UI lookup;TECHNICAL_TIMEOUT;;FALSE;FALSE;TRUE;FALSE;1;1958;stihl_resultaten.csv
11355000;;2026-09-26;TECHNICAL_TIMEOUT;time-out;;;;;;MY_STIHL;https://app.stihl.com/nl-nl/mystihl/tools/add;authenticated MY STIHL UI lookup;TECHNICAL_TIMEOUT;;FALSE;FALSE;TRUE;FALSE;1;1959;stihl_resultaten.csv
11357000;;2026-09-26;TECHNICAL_TIMEOUT;time-out;;;;;;MY_STIHL;https://app.stihl.com/nl-nl/mystihl/tools/add;authenticated MY STIHL UI lookup;TECHNICAL_TIMEOUT;;FALSE;FALSE;TRUE;FALSE;1;1961;stihl_resultaten.csv
11378000;;2026-09-26;TECHNICAL_TIMEOUT;time-out;;;;;;MY_STIHL;https://app.stihl.com/nl-nl/mystihl/tools/add;authenticated MY STIHL UI lookup;TECHNICAL_TIMEOUT;;FALSE;FALSE;TRUE;FALSE;1;1982;stihl_resultaten.csv
11385000;;2026-09-26;TECHNICAL_TIMEOUT;time-out;;;;;;MY_STIHL;https://app.stihl.com/nl-nl/mystihl/tools/add;authenticated MY STIHL UI lookup;TECHNICAL_TIMEOUT;;FALSE;FALSE;TRUE;FALSE;1;1989;stihl_resultaten.csv
11386000;;2026-09-26;TECHNICAL_TIMEOUT;time-out;;;;;;MY_STIHL;https://app.stihl.com/nl-nl/mystihl/tools/add;authenticated MY STIHL UI lookup;TECHNICAL_TIMEOUT;;FALSE;FALSE;TRUE;FALSE;1;1990;stihl_resultaten.csv
11387000;;2026-09-26;TECHNICAL_TIMEOUT;time-out;;;;;;MY_STIHL;https://app.stihl.com/nl-nl/mystihl/tools/add;authenticated MY STIHL UI lookup;TECHNICAL_TIMEOUT;;FALSE;FALSE;TRUE;FALSE;1;1991;stihl_resultaten.csv
11388000;;2026-09-26;TECHNICAL_TIMEOUT;time-out;;;;;;MY_STIHL;https://app.stihl.com/nl-nl/mystihl/tools/add;authenticated MY STIHL UI lookup;TECHNICAL_TIMEOUT;;FALSE;FALSE;TRUE;FALSE;1;1992;stihl_resultaten.csv
11389000;;2026-09-26;TECHNICAL_TIMEOUT;time-out;;;;;;MY_STIHL;https://app.stihl.com/nl-nl/mystihl/tools/add;authenticated MY STIHL UI lookup;TECHNICAL_TIMEOUT;;FALSE;FALSE;TRUE;FALSE;1;1993;stihl_resultaten.csv
11390000;;2026-09-26;TECHNICAL_TIMEOUT;time-out;;;;;;MY_STIHL;https://app.stihl.com/nl-nl/mystihl/tools/add;authenticated MY STIHL UI lookup;TECHNICAL_TIMEOUT;;FALSE;FALSE;TRUE;FALSE;1;1994;stihl_resultaten.csv
11391000;;2026-09-26;TECHNICAL_TIMEOUT;time-out;;;;;;MY_STIHL;https://app.stihl.com/nl-nl/mystihl/tools/add;authenticated MY STIHL UI lookup;TECHNICAL_TIMEOUT;;FALSE;FALSE;TRUE;FALSE;1;1995;stihl_resultaten.csv
11392000;;2026-09-26;TECHNICAL_TIMEOUT;time-out;;;;;;MY_STIHL;https://app.stihl.com/nl-nl/mystihl/tools/add;authenticated MY STIHL UI lookup;TECHNICAL_TIMEOUT;;FALSE;FALSE;TRUE;FALSE;1;1996;stihl_resultaten.csv
11393000;;2026-09-26;TECHNICAL_TIMEOUT;time-out;;;;;;MY_STIHL;https://app.stihl.com/nl-nl/mystihl/tools/add;authenticated MY STIHL UI lookup;TECHNICAL_TIMEOUT;;FALSE;FALSE;TRUE;FALSE;1;1997;stihl_resultaten.csv
11394000;;2026-09-26;TECHNICAL_TIMEOUT;time-out;;;;;;MY_STIHL;https://app.stihl.com/nl-nl/mystihl/tools/add;authenticated MY STIHL UI lookup;TECHNICAL_TIMEOUT;;FALSE;FALSE;TRUE;FALSE;1;1998;stihl_resultaten.csv
11395000;;2026-09-26;TECHNICAL_TIMEOUT;time-out;;;;;;MY_STIHL;https://app.stihl.com/nl-nl/mystihl/tools/add;authenticated MY STIHL UI lookup;TECHNICAL_TIMEOUT;;FALSE;FALSE;TRUE;FALSE;1;1999;stihl_resultaten.csv
11396000;;2026-09-26;TECHNICAL_TIMEOUT;time-out;;;;;;MY_STIHL;https://app.stihl.com/nl-nl/mystihl/tools/add;authenticated MY STIHL UI lookup;TECHNICAL_TIMEOUT;;FALSE;FALSE;TRUE;FALSE;1;2000;stihl_resultaten.csv
11397000;;2026-09-26;TECHNICAL_TIMEOUT;time-out;;;;;;MY_STIHL;https://app.stihl.com/nl-nl/mystihl/tools/add;authenticated MY STIHL UI lookup;TECHNICAL_TIMEOUT;;FALSE;FALSE;TRUE;FALSE;1;2001;stihl_resultaten.csv
11398000;;2026-09-26;TECHNICAL_TIMEOUT;time-out;;;;;;MY_STIHL;https://app.stihl.com/nl-nl/mystihl/tools/add;authenticated MY STIHL UI lookup;TECHNICAL_TIMEOUT;;FALSE;FALSE;TRUE;FALSE;1;2002;stihl_resultaten.csv
11399000;;2026-09-26;TECHNICAL_TIMEOUT;time-out;;;;;;MY_STIHL;https://app.stihl.com/nl-nl/mystihl/tools/add;authenticated MY STIHL UI lookup;TECHNICAL_TIMEOUT;;FALSE;FALSE;TRUE;FALSE;1;2003;stihl_resultaten.csv
11400000;;2026-09-26;TECHNICAL_TIMEOUT;time-out;;;;;;MY_STIHL;https://app.stihl.com/nl-nl/mystihl/tools/add;authenticated MY STIHL UI lookup;TECHNICAL_TIMEOUT;;FALSE;FALSE;TRUE;FALSE;1;2004;stihl_resultaten.csv
11401000;;2026-09-26;TECHNICAL_TIMEOUT;time-out;;;;;;MY_STIHL;https://app.stihl.com/nl-nl/mystihl/tools/add;authenticated MY STIHL UI lookup;TECHNICAL_TIMEOUT;;FALSE;FALSE;TRUE;FALSE;1;2005;stihl_resultaten.csv
11402000;;2026-09-26;TECHNICAL_TIMEOUT;time-out;;;;;;MY_STIHL;https://app.stihl.com/nl-nl/mystihl/tools/add;authenticated MY STIHL UI lookup;TECHNICAL_TIMEOUT;;FALSE;FALSE;TRUE;FALSE;1;2006;stihl_resultaten.csv
11403000;;2026-09-26;TECHNICAL_TIMEOUT;time-out;;;;;;MY_STIHL;https://app.stihl.com/nl-nl/mystihl/tools/add;authenticated MY STIHL UI lookup;TECHNICAL_TIMEOUT;;FALSE;FALSE;TRUE;FALSE;1;2007;stihl_resultaten.csv
11404000;;2026-09-26;TECHNICAL_TIMEOUT;time-out;;;;;;MY_STIHL;https://app.stihl.com/nl-nl/mystihl/tools/add;authenticated MY STIHL UI lookup;TECHNICAL_TIMEOUT;;FALSE;FALSE;TRUE;FALSE;1;2008;stihl_resultaten.csv
11405000;;2026-09-26;TECHNICAL_TIMEOUT;time-out;;;;;;MY_STIHL;https://app.stihl.com/nl-nl/mystihl/tools/add;authenticated MY STIHL UI lookup;TECHNICAL_TIMEOUT;;FALSE;FALSE;TRUE;FALSE;1;2009;stihl_resultaten.csv
11406000;;2026-09-26;TECHNICAL_TIMEOUT;time-out;;;;;;MY_STIHL;https://app.stihl.com/nl-nl/mystihl/tools/add;authenticated MY STIHL UI lookup;TECHNICAL_TIMEOUT;;FALSE;FALSE;TRUE;FALSE;1;2010;stihl_resultaten.csv
11407000;;2026-09-26;TECHNICAL_TIMEOUT;time-out;;;;;;MY_STIHL;https://app.stihl.com/nl-nl/mystihl/tools/add;authenticated MY STIHL UI lookup;TECHNICAL_TIMEOUT;;FALSE;FALSE;TRUE;FALSE;1;2011;stihl_resultaten.csv
11408000;;2026-09-26;TECHNICAL_TIMEOUT;time-out;;;;;;MY_STIHL;https://app.stihl.com/nl-nl/mystihl/tools/add;authenticated MY STIHL UI lookup;TECHNICAL_TIMEOUT;;FALSE;FALSE;TRUE;FALSE;1;2012;stihl_resultaten.csv
11409000;;2026-09-26;TECHNICAL_TIMEOUT;time-out;;;;;;MY_STIHL;https://app.stihl.com/nl-nl/mystihl/tools/add;authenticated MY STIHL UI lookup;TECHNICAL_TIMEOUT;;FALSE;FALSE;TRUE;FALSE;1;2013;stihl_resultaten.csv
11410000;;2026-09-26;TECHNICAL_TIMEOUT;time-out;;;;;;MY_STIHL;https://app.stihl.com/nl-nl/mystihl/tools/add;authenticated MY STIHL UI lookup;TECHNICAL_TIMEOUT;;FALSE;FALSE;TRUE;FALSE;1;2014;stihl_resultaten.csv
11411000;;2026-09-26;TECHNICAL_TIMEOUT;time-out;;;;;;MY_STIHL;https://app.stihl.com/nl-nl/mystihl/tools/add;authenticated MY STIHL UI lookup;TECHNICAL_TIMEOUT;;FALSE;FALSE;TRUE;FALSE;1;2015;stihl_resultaten.csv
11412000;;2026-09-26;TECHNICAL_TIMEOUT;time-out;;;;;;MY_STIHL;https://app.stihl.com/nl-nl/mystihl/tools/add;authenticated MY STIHL UI lookup;TECHNICAL_TIMEOUT;;FALSE;FALSE;TRUE;FALSE;1;2016;stihl_resultaten.csv
11413000;;2026-09-26;TECHNICAL_TIMEOUT;time-out;;;;;;MY_STIHL;https://app.stihl.com/nl-nl/mystihl/tools/add;authenticated MY STIHL UI lookup;TECHNICAL_TIMEOUT;;FALSE;FALSE;TRUE;FALSE;1;2017;stihl_resultaten.csv
11414000;;2026-09-26;TECHNICAL_TIMEOUT;time-out;;;;;;MY_STIHL;https://app.stihl.com/nl-nl/mystihl/tools/add;authenticated MY STIHL UI lookup;TECHNICAL_TIMEOUT;;FALSE;FALSE;TRUE;FALSE;1;2018;stihl_resultaten.csv
11415000;;2026-09-26;TECHNICAL_TIMEOUT;time-out;;;;;;MY_STIHL;https://app.stihl.com/nl-nl/mystihl/tools/add;authenticated MY STIHL UI lookup;TECHNICAL_TIMEOUT;;FALSE;FALSE;TRUE;FALSE;1;2019;stihl_resultaten.csv
11416000;;2026-09-26;TECHNICAL_TIMEOUT;time-out;;;;;;MY_STIHL;https://app.stihl.com/nl-nl/mystihl/tools/add;authenticated MY STIHL UI lookup;TECHNICAL_TIMEOUT;;FALSE;FALSE;TRUE;FALSE;1;2020;stihl_resultaten.csv
11417000;;2026-09-26;TECHNICAL_TIMEOUT;time-out;;;;;;MY_STIHL;https://app.stihl.com/nl-nl/mystihl/tools/add;authenticated MY STIHL UI lookup;TECHNICAL_TIMEOUT;;FALSE;FALSE;TRUE;FALSE;1;2021;stihl_resultaten.csv
11418000;;2026-09-26;TECHNICAL_TIMEOUT;time-out;;;;;;MY_STIHL;https://app.stihl.com/nl-nl/mystihl/tools/add;authenticated MY STIHL UI lookup;TECHNICAL_TIMEOUT;;FALSE;FALSE;TRUE;FALSE;1;2022;stihl_resultaten.csv
11419000;;2026-09-26;TECHNICAL_TIMEOUT;time-out;;;;;;MY_STIHL;https://app.stihl.com/nl-nl/mystihl/tools/add;authenticated MY STIHL UI lookup;TECHNICAL_TIMEOUT;;FALSE;FALSE;TRUE;FALSE;1;2023;stihl_resultaten.csv
11420000;;2026-09-26;TECHNICAL_TIMEOUT;time-out;;;;;;MY_STIHL;https://app.stihl.com/nl-nl/mystihl/tools/add;authenticated MY STIHL UI lookup;TECHNICAL_TIMEOUT;;FALSE;FALSE;TRUE;FALSE;1;2024;stihl_resultaten.csv
11421000;;2026-09-26;TECHNICAL_TIMEOUT;time-out;;;;;;MY_STIHL;https://app.stihl.com/nl-nl/mystihl/tools/add;authenticated MY STIHL UI lookup;TECHNICAL_TIMEOUT;;FALSE;FALSE;TRUE;FALSE;1;2025;stihl_resultaten.csv
11422000;;2026-09-26;TECHNICAL_TIMEOUT;time-out;;;;;;MY_STIHL;https://app.stihl.com/nl-nl/mystihl/tools/add;authenticated MY STIHL UI lookup;TECHNICAL_TIMEOUT;;FALSE;FALSE;TRUE;FALSE;1;2026;stihl_resultaten.csv
11423000;;2026-09-26;TECHNICAL_TIMEOUT;time-out;;;;;;MY_STIHL;https://app.stihl.com/nl-nl/mystihl/tools/add;authenticated MY STIHL UI lookup;TECHNICAL_TIMEOUT;;FALSE;FALSE;TRUE;FALSE;1;2027;stihl_resultaten.csv
11424000;;2026-09-26;TECHNICAL_TIMEOUT;time-out;;;;;;MY_STIHL;https://app.stihl.com/nl-nl/mystihl/tools/add;authenticated MY STIHL UI lookup;TECHNICAL_TIMEOUT;;FALSE;FALSE;TRUE;FALSE;1;2028;stihl_resultaten.csv
11425000;;2026-09-26;TECHNICAL_TIMEOUT;time-out;;;;;;MY_STIHL;https://app.stihl.com/nl-nl/mystihl/tools/add;authenticated MY STIHL UI lookup;TECHNICAL_TIMEOUT;;FALSE;FALSE;TRUE;FALSE;1;2029;stihl_resultaten.csv
11426000;;2026-09-26;TECHNICAL_TIMEOUT;time-out;;;;;;MY_STIHL;https://app.stihl.com/nl-nl/mystihl/tools/add;authenticated MY STIHL UI lookup;TECHNICAL_TIMEOUT;;FALSE;FALSE;TRUE;FALSE;1;2030;stihl_resultaten.csv
11427000;;2026-09-26;TECHNICAL_TIMEOUT;time-out;;;;;;MY_STIHL;https://app.stihl.com/nl-nl/mystihl/tools/add;authenticated MY STIHL UI lookup;TECHNICAL_TIMEOUT;;FALSE;FALSE;TRUE;FALSE;1;2031;stihl_resultaten.csv
11428000;;2026-09-26;TECHNICAL_TIMEOUT;time-out;;;;;;MY_STIHL;https://app.stihl.com/nl-nl/mystihl/tools/add;authenticated MY STIHL UI lookup;TECHNICAL_TIMEOUT;;FALSE;FALSE;TRUE;FALSE;1;2032;stihl_resultaten.csv
11429000;;2026-09-26;TECHNICAL_TIMEOUT;time-out;;;;;;MY_STIHL;https://app.stihl.com/nl-nl/mystihl/tools/add;authenticated MY STIHL UI lookup;TECHNICAL_TIMEOUT;;FALSE;FALSE;TRUE;FALSE;1;2033;stihl_resultaten.csv
11431000;;2026-09-26;TECHNICAL_TIMEOUT;time-out;;;;;;MY_STIHL;https://app.stihl.com/nl-nl/mystihl/tools/add;authenticated MY STIHL UI lookup;TECHNICAL_TIMEOUT;;FALSE;FALSE;TRUE;FALSE;1;2035;stihl_resultaten.csv
11432000;;2026-09-26;TECHNICAL_TIMEOUT;time-out;;;;;;MY_STIHL;https://app.stihl.com/nl-nl/mystihl/tools/add;authenticated MY STIHL UI lookup;TECHNICAL_TIMEOUT;;FALSE;FALSE;TRUE;FALSE;1;2036;stihl_resultaten.csv
11433000;;2026-09-26;TECHNICAL_TIMEOUT;time-out;;;;;;MY_STIHL;https://app.stihl.com/nl-nl/mystihl/tools/add;authenticated MY STIHL UI lookup;TECHNICAL_TIMEOUT;;FALSE;FALSE;TRUE;FALSE;1;2037;stihl_resultaten.csv
11434000;;2026-09-26;TECHNICAL_TIMEOUT;time-out;;;;;;MY_STIHL;https://app.stihl.com/nl-nl/mystihl/tools/add;authenticated MY STIHL UI lookup;TECHNICAL_TIMEOUT;;FALSE;FALSE;TRUE;FALSE;1;2038;stihl_resultaten.csv
11435000;;2026-09-26;TECHNICAL_TIMEOUT;time-out;;;;;;MY_STIHL;https://app.stihl.com/nl-nl/mystihl/tools/add;authenticated MY STIHL UI lookup;TECHNICAL_TIMEOUT;;FALSE;FALSE;TRUE;FALSE;1;2039;stihl_resultaten.csv
11436000;;2026-09-26;TECHNICAL_TIMEOUT;time-out;;;;;;MY_STIHL;https://app.stihl.com/nl-nl/mystihl/tools/add;authenticated MY STIHL UI lookup;TECHNICAL_TIMEOUT;;FALSE;FALSE;TRUE;FALSE;1;2040;stihl_resultaten.csv
11437000;;2026-09-26;TECHNICAL_TIMEOUT;time-out;;;;;;MY_STIHL;https://app.stihl.com/nl-nl/mystihl/tools/add;authenticated MY STIHL UI lookup;TECHNICAL_TIMEOUT;;FALSE;FALSE;TRUE;FALSE;1;2041;stihl_resultaten.csv
11438000;;2026-09-26;TECHNICAL_TIMEOUT;time-out;;;;;;MY_STIHL;https://app.stihl.com/nl-nl/mystihl/tools/add;authenticated MY STIHL UI lookup;TECHNICAL_TIMEOUT;;FALSE;FALSE;TRUE;FALSE;1;2042;stihl_resultaten.csv
11441000;;2026-09-26;TECHNICAL_TIMEOUT;time-out;;;;;;MY_STIHL;https://app.stihl.com/nl-nl/mystihl/tools/add;authenticated MY STIHL UI lookup;TECHNICAL_TIMEOUT;;FALSE;FALSE;TRUE;FALSE;1;2045;stihl_resultaten.csv
11442000;;2026-09-26;TECHNICAL_TIMEOUT;time-out;;;;;;MY_STIHL;https://app.stihl.com/nl-nl/mystihl/tools/add;authenticated MY STIHL UI lookup;TECHNICAL_TIMEOUT;;FALSE;FALSE;TRUE;FALSE;1;2046;stihl_resultaten.csv
11443000;;2026-09-26;TECHNICAL_TIMEOUT;time-out;;;;;;MY_STIHL;https://app.stihl.com/nl-nl/mystihl/tools/add;authenticated MY STIHL UI lookup;TECHNICAL_TIMEOUT;;FALSE;FALSE;TRUE;FALSE;1;2047;stihl_resultaten.csv
11444000;;2026-09-26;TECHNICAL_TIMEOUT;time-out;;;;;;MY_STIHL;https://app.stihl.com/nl-nl/mystihl/tools/add;authenticated MY STIHL UI lookup;TECHNICAL_TIMEOUT;;FALSE;FALSE;TRUE;FALSE;1;2048;stihl_resultaten.csv
11445000;;2026-09-26;TECHNICAL_TIMEOUT;time-out;;;;;;MY_STIHL;https://app.stihl.com/nl-nl/mystihl/tools/add;authenticated MY STIHL UI lookup;TECHNICAL_TIMEOUT;;FALSE;FALSE;TRUE;FALSE;1;2049;stihl_resultaten.csv
11446000;;2026-09-26;TECHNICAL_TIMEOUT;time-out;;;;;;MY_STIHL;https://app.stihl.com/nl-nl/mystihl/tools/add;authenticated MY STIHL UI lookup;TECHNICAL_TIMEOUT;;FALSE;FALSE;TRUE;FALSE;1;2050;stihl_resultaten.csv
11447000;;2026-09-26;TECHNICAL_TIMEOUT;time-out;;;;;;MY_STIHL;https://app.stihl.com/nl-nl/mystihl/tools/add;authenticated MY STIHL UI lookup;TECHNICAL_TIMEOUT;;FALSE;FALSE;TRUE;FALSE;1;2051;stihl_resultaten.csv
11448000;;2026-09-26;TECHNICAL_TIMEOUT;time-out;;;;;;MY_STIHL;https://app.stihl.com/nl-nl/mystihl/tools/add;authenticated MY STIHL UI lookup;TECHNICAL_TIMEOUT;;FALSE;FALSE;TRUE;FALSE;1;2052;stihl_resultaten.csv
11449000;;2026-09-26;TECHNICAL_TIMEOUT;time-out;;;;;;MY_STIHL;https://app.stihl.com/nl-nl/mystihl/tools/add;authenticated MY STIHL UI lookup;TECHNICAL_TIMEOUT;;FALSE;FALSE;TRUE;FALSE;1;2053;stihl_resultaten.csv
11450000;;2026-09-26;TECHNICAL_TIMEOUT;time-out;;;;;;MY_STIHL;https://app.stihl.com/nl-nl/mystihl/tools/add;authenticated MY STIHL UI lookup;TECHNICAL_TIMEOUT;;FALSE;FALSE;TRUE;FALSE;1;2054;stihl_resultaten.csv
11451000;;2026-09-26;TECHNICAL_TIMEOUT;time-out;;;;;;MY_STIHL;https://app.stihl.com/nl-nl/mystihl/tools/add;authenticated MY STIHL UI lookup;TECHNICAL_TIMEOUT;;FALSE;FALSE;TRUE;FALSE;1;2055;stihl_resultaten.csv
11452000;;2026-09-26;TECHNICAL_TIMEOUT;time-out;;;;;;MY_STIHL;https://app.stihl.com/nl-nl/mystihl/tools/add;authenticated MY STIHL UI lookup;TECHNICAL_TIMEOUT;;FALSE;FALSE;TRUE;FALSE;1;2056;stihl_resultaten.csv
11453000;;2026-09-26;TECHNICAL_TIMEOUT;time-out;;;;;;MY_STIHL;https://app.stihl.com/nl-nl/mystihl/tools/add;authenticated MY STIHL UI lookup;TECHNICAL_TIMEOUT;;FALSE;FALSE;TRUE;FALSE;1;2057;stihl_resultaten.csv
11454000;;2026-09-26;TECHNICAL_TIMEOUT;time-out;;;;;;MY_STIHL;https://app.stihl.com/nl-nl/mystihl/tools/add;authenticated MY STIHL UI lookup;TECHNICAL_TIMEOUT;;FALSE;FALSE;TRUE;FALSE;1;2058;stihl_resultaten.csv
11455000;;2026-09-26;TECHNICAL_TIMEOUT;time-out;;;;;;MY_STIHL;https://app.stihl.com/nl-nl/mystihl/tools/add;authenticated MY STIHL UI lookup;TECHNICAL_TIMEOUT;;FALSE;FALSE;TRUE;FALSE;1;2059;stihl_resultaten.csv
11456000;;2026-09-26;TECHNICAL_TIMEOUT;time-out;;;;;;MY_STIHL;https://app.stihl.com/nl-nl/mystihl/tools/add;authenticated MY STIHL UI lookup;TECHNICAL_TIMEOUT;;FALSE;FALSE;TRUE;FALSE;1;2060;stihl_resultaten.csv
11457000;;2026-09-26;TECHNICAL_TIMEOUT;time-out;;;;;;MY_STIHL;https://app.stihl.com/nl-nl/mystihl/tools/add;authenticated MY STIHL UI lookup;TECHNICAL_TIMEOUT;;FALSE;FALSE;TRUE;FALSE;1;2061;stihl_resultaten.csv
11458000;;2026-09-26;TECHNICAL_TIMEOUT;time-out;;;;;;MY_STIHL;https://app.stihl.com/nl-nl/mystihl/tools/add;authenticated MY STIHL UI lookup;TECHNICAL_TIMEOUT;;FALSE;FALSE;TRUE;FALSE;1;2062;stihl_resultaten.csv
11459000;;2026-09-26;TECHNICAL_TIMEOUT;time-out;;;;;;MY_STIHL;https://app.stihl.com/nl-nl/mystihl/tools/add;authenticated MY STIHL UI lookup;TECHNICAL_TIMEOUT;;FALSE;FALSE;TRUE;FALSE;1;2063;stihl_resultaten.csv
11460000;;2026-09-26;TECHNICAL_TIMEOUT;time-out;;;;;;MY_STIHL;https://app.stihl.com/nl-nl/mystihl/tools/add;authenticated MY STIHL UI lookup;TECHNICAL_TIMEOUT;;FALSE;FALSE;TRUE;FALSE;1;2064;stihl_resultaten.csv
11461000;;2026-09-26;TECHNICAL_TIMEOUT;time-out;;;;;;MY_STIHL;https://app.stihl.com/nl-nl/mystihl/tools/add;authenticated MY STIHL UI lookup;TECHNICAL_TIMEOUT;;FALSE;FALSE;TRUE;FALSE;1;2065;stihl_resultaten.csv
11462000;;2026-09-26;TECHNICAL_TIMEOUT;time-out;;;;;;MY_STIHL;https://app.stihl.com/nl-nl/mystihl/tools/add;authenticated MY STIHL UI lookup;TECHNICAL_TIMEOUT;;FALSE;FALSE;TRUE;FALSE;1;2066;stihl_resultaten.csv
11463000;;2026-09-26;TECHNICAL_TIMEOUT;time-out;;;;;;MY_STIHL;https://app.stihl.com/nl-nl/mystihl/tools/add;authenticated MY STIHL UI lookup;TECHNICAL_TIMEOUT;;FALSE;FALSE;TRUE;FALSE;1;2067;stihl_resultaten.csv
11464000;;2026-09-26;TECHNICAL_TIMEOUT;time-out;;;;;;MY_STIHL;https://app.stihl.com/nl-nl/mystihl/tools/add;authenticated MY STIHL UI lookup;TECHNICAL_TIMEOUT;;FALSE;FALSE;TRUE;FALSE;1;2068;stihl_resultaten.csv
11465000;;2026-09-26;TECHNICAL_TIMEOUT;time-out;;;;;;MY_STIHL;https://app.stihl.com/nl-nl/mystihl/tools/add;authenticated MY STIHL UI lookup;TECHNICAL_TIMEOUT;;FALSE;FALSE;TRUE;FALSE;1;2069;stihl_resultaten.csv
11466000;;2026-09-26;TECHNICAL_TIMEOUT;time-out;;;;;;MY_STIHL;https://app.stihl.com/nl-nl/mystihl/tools/add;authenticated MY STIHL UI lookup;TECHNICAL_TIMEOUT;;FALSE;FALSE;TRUE;FALSE;1;2070;stihl_resultaten.csv
11467000;;2026-09-26;TECHNICAL_TIMEOUT;time-out;;;;;;MY_STIHL;https://app.stihl.com/nl-nl/mystihl/tools/add;authenticated MY STIHL UI lookup;TECHNICAL_TIMEOUT;;FALSE;FALSE;TRUE;FALSE;1;2071;stihl_resultaten.csv
11468000;;2026-09-26;TECHNICAL_TIMEOUT;time-out;;;;;;MY_STIHL;https://app.stihl.com/nl-nl/mystihl/tools/add;authenticated MY STIHL UI lookup;TECHNICAL_TIMEOUT;;FALSE;FALSE;TRUE;FALSE;1;2072;stihl_resultaten.csv
11469000;;2026-09-26;TECHNICAL_TIMEOUT;time-out;;;;;;MY_STIHL;https://app.stihl.com/nl-nl/mystihl/tools/add;authenticated MY STIHL UI lookup;TECHNICAL_TIMEOUT;;FALSE;FALSE;TRUE;FALSE;1;2073;stihl_resultaten.csv
11470000;;2026-09-26;TECHNICAL_TIMEOUT;time-out;;;;;;MY_STIHL;https://app.stihl.com/nl-nl/mystihl/tools/add;authenticated MY STIHL UI lookup;TECHNICAL_TIMEOUT;;FALSE;FALSE;TRUE;FALSE;1;2074;stihl_resultaten.csv
11471000;;2026-09-26;TECHNICAL_TIMEOUT;time-out;;;;;;MY_STIHL;https://app.stihl.com/nl-nl/mystihl/tools/add;authenticated MY STIHL UI lookup;TECHNICAL_TIMEOUT;;FALSE;FALSE;TRUE;FALSE;1;2075;stihl_resultaten.csv
11472000;;2026-09-26;TECHNICAL_TIMEOUT;time-out;;;;;;MY_STIHL;https://app.stihl.com/nl-nl/mystihl/tools/add;authenticated MY STIHL UI lookup;TECHNICAL_TIMEOUT;;FALSE;FALSE;TRUE;FALSE;1;2076;stihl_resultaten.csv
11473000;;2026-09-26;TECHNICAL_TIMEOUT;time-out;;;;;;MY_STIHL;https://app.stihl.com/nl-nl/mystihl/tools/add;authenticated MY STIHL UI lookup;TECHNICAL_TIMEOUT;;FALSE;FALSE;TRUE;FALSE;1;2077;stihl_resultaten.csv
11474000;;2026-09-26;TECHNICAL_TIMEOUT;time-out;;;;;;MY_STIHL;https://app.stihl.com/nl-nl/mystihl/tools/add;authenticated MY STIHL UI lookup;TECHNICAL_TIMEOUT;;FALSE;FALSE;TRUE;FALSE;1;2078;stihl_resultaten.csv
11475000;;2026-09-26;TECHNICAL_TIMEOUT;time-out;;;;;;MY_STIHL;https://app.stihl.com/nl-nl/mystihl/tools/add;authenticated MY STIHL UI lookup;TECHNICAL_TIMEOUT;;FALSE;FALSE;TRUE;FALSE;1;2079;stihl_resultaten.csv
11476000;;2026-09-26;TECHNICAL_TIMEOUT;time-out;;;;;;MY_STIHL;https://app.stihl.com/nl-nl/mystihl/tools/add;authenticated MY STIHL UI lookup;TECHNICAL_TIMEOUT;;FALSE;FALSE;TRUE;FALSE;1;2080;stihl_resultaten.csv
11477000;;2026-09-26;TECHNICAL_TIMEOUT;time-out;;;;;;MY_STIHL;https://app.stihl.com/nl-nl/mystihl/tools/add;authenticated MY STIHL UI lookup;TECHNICAL_TIMEOUT;;FALSE;FALSE;TRUE;FALSE;1;2081;stihl_resultaten.csv
11478000;;2026-09-26;TECHNICAL_TIMEOUT;time-out;;;;;;MY_STIHL;https://app.stihl.com/nl-nl/mystihl/tools/add;authenticated MY STIHL UI lookup;TECHNICAL_TIMEOUT;;FALSE;FALSE;TRUE;FALSE;1;2082;stihl_resultaten.csv
11479000;;2026-09-26;TECHNICAL_TIMEOUT;time-out;;;;;;MY_STIHL;https://app.stihl.com/nl-nl/mystihl/tools/add;authenticated MY STIHL UI lookup;TECHNICAL_TIMEOUT;;FALSE;FALSE;TRUE;FALSE;1;2083;stihl_resultaten.csv
11480000;;2026-09-26;TECHNICAL_TIMEOUT;time-out;;;;;;MY_STIHL;https://app.stihl.com/nl-nl/mystihl/tools/add;authenticated MY STIHL UI lookup;TECHNICAL_TIMEOUT;;FALSE;FALSE;TRUE;FALSE;1;2084;stihl_resultaten.csv
11481000;;2026-09-26;TECHNICAL_TIMEOUT;time-out;;;;;;MY_STIHL;https://app.stihl.com/nl-nl/mystihl/tools/add;authenticated MY STIHL UI lookup;TECHNICAL_TIMEOUT;;FALSE;FALSE;TRUE;FALSE;1;2085;stihl_resultaten.csv
11482000;;2026-09-26;TECHNICAL_TIMEOUT;time-out;;;;;;MY_STIHL;https://app.stihl.com/nl-nl/mystihl/tools/add;authenticated MY STIHL UI lookup;TECHNICAL_TIMEOUT;;FALSE;FALSE;TRUE;FALSE;1;2086;stihl_resultaten.csv
11483000;;2026-09-26;TECHNICAL_TIMEOUT;time-out;;;;;;MY_STIHL;https://app.stihl.com/nl-nl/mystihl/tools/add;authenticated MY STIHL UI lookup;TECHNICAL_TIMEOUT;;FALSE;FALSE;TRUE;FALSE;1;2087;stihl_resultaten.csv
11484000;;2026-09-26;TECHNICAL_TIMEOUT;time-out;;;;;;MY_STIHL;https://app.stihl.com/nl-nl/mystihl/tools/add;authenticated MY STIHL UI lookup;TECHNICAL_TIMEOUT;;FALSE;FALSE;TRUE;FALSE;1;2088;stihl_resultaten.csv
11485000;;2026-09-26;TECHNICAL_TIMEOUT;time-out;;;;;;MY_STIHL;https://app.stihl.com/nl-nl/mystihl/tools/add;authenticated MY STIHL UI lookup;TECHNICAL_TIMEOUT;;FALSE;FALSE;TRUE;FALSE;1;2089;stihl_resultaten.csv
11486000;;2026-09-26;TECHNICAL_TIMEOUT;time-out;;;;;;MY_STIHL;https://app.stihl.com/nl-nl/mystihl/tools/add;authenticated MY STIHL UI lookup;TECHNICAL_TIMEOUT;;FALSE;FALSE;TRUE;FALSE;1;2090;stihl_resultaten.csv
11487000;;2026-09-26;TECHNICAL_TIMEOUT;time-out;;;;;;MY_STIHL;https://app.stihl.com/nl-nl/mystihl/tools/add;authenticated MY STIHL UI lookup;TECHNICAL_TIMEOUT;;FALSE;FALSE;TRUE;FALSE;1;2091;stihl_resultaten.csv
11488000;;2026-09-26;TECHNICAL_TIMEOUT;time-out;;;;;;MY_STIHL;https://app.stihl.com/nl-nl/mystihl/tools/add;authenticated MY STIHL UI lookup;TECHNICAL_TIMEOUT;;FALSE;FALSE;TRUE;FALSE;1;2092;stihl_resultaten.csv
11489000;;2026-09-26;TECHNICAL_TIMEOUT;time-out;;;;;;MY_STIHL;https://app.stihl.com/nl-nl/mystihl/tools/add;authenticated MY STIHL UI lookup;TECHNICAL_TIMEOUT;;FALSE;FALSE;TRUE;FALSE;1;2093;stihl_resultaten.csv
11490000;;2026-09-26;TECHNICAL_TIMEOUT;time-out;;;;;;MY_STIHL;https://app.stihl.com/nl-nl/mystihl/tools/add;authenticated MY STIHL UI lookup;TECHNICAL_TIMEOUT;;FALSE;FALSE;TRUE;FALSE;1;2094;stihl_resultaten.csv
11491000;;2026-09-26;TECHNICAL_TIMEOUT;time-out;;;;;;MY_STIHL;https://app.stihl.com/nl-nl/mystihl/tools/add;authenticated MY STIHL UI lookup;TECHNICAL_TIMEOUT;;FALSE;FALSE;TRUE;FALSE;1;2095;stihl_resultaten.csv
11492000;;2026-09-26;TECHNICAL_TIMEOUT;time-out;;;;;;MY_STIHL;https://app.stihl.com/nl-nl/mystihl/tools/add;authenticated MY STIHL UI lookup;TECHNICAL_TIMEOUT;;FALSE;FALSE;TRUE;FALSE;1;2096;stihl_resultaten.csv
11493000;;2026-09-26;TECHNICAL_TIMEOUT;time-out;;;;;;MY_STIHL;https://app.stihl.com/nl-nl/mystihl/tools/add;authenticated MY STIHL UI lookup;TECHNICAL_TIMEOUT;;FALSE;FALSE;TRUE;FALSE;1;2097;stihl_resultaten.csv
11494000;;2026-09-26;TECHNICAL_TIMEOUT;time-out;;;;;;MY_STIHL;https://app.stihl.com/nl-nl/mystihl/tools/add;authenticated MY STIHL UI lookup;TECHNICAL_TIMEOUT;;FALSE;FALSE;TRUE;FALSE;1;2098;stihl_resultaten.csv
11495000;;2026-09-26;TECHNICAL_TIMEOUT;time-out;;;;;;MY_STIHL;https://app.stihl.com/nl-nl/mystihl/tools/add;authenticated MY STIHL UI lookup;TECHNICAL_TIMEOUT;;FALSE;FALSE;TRUE;FALSE;1;2099;stihl_resultaten.csv
11496000;;2026-09-26;TECHNICAL_TIMEOUT;time-out;;;;;;MY_STIHL;https://app.stihl.com/nl-nl/mystihl/tools/add;authenticated MY STIHL UI lookup;TECHNICAL_TIMEOUT;;FALSE;FALSE;TRUE;FALSE;1;2100;stihl_resultaten.csv
11497000;;2026-09-26;TECHNICAL_TIMEOUT;time-out;;;;;;MY_STIHL;https://app.stihl.com/nl-nl/mystihl/tools/add;authenticated MY STIHL UI lookup;TECHNICAL_TIMEOUT;;FALSE;FALSE;TRUE;FALSE;1;2101;stihl_resultaten.csv
163128080;;2026-09-26;TECHNICAL_TIMEOUT;time-out;;;;;;MY_STIHL;https://app.stihl.com/nl-nl/mystihl/tools/add;authenticated MY STIHL UI lookup;TECHNICAL_TIMEOUT;;FALSE;FALSE;TRUE;FALSE;1;103;stihl_resultaten.csv
163138080;;2026-09-26;TECHNICAL_TIMEOUT;time-out;;;;;;MY_STIHL;https://app.stihl.com/nl-nl/mystihl/tools/add;authenticated MY STIHL UI lookup;TECHNICAL_TIMEOUT;;FALSE;FALSE;TRUE;FALSE;1;104;stihl_resultaten.csv
163168080;;2026-09-26;TECHNICAL_TIMEOUT;time-out;;;;;;MY_STIHL;https://app.stihl.com/nl-nl/mystihl/tools/add;authenticated MY STIHL UI lookup;TECHNICAL_TIMEOUT;;FALSE;FALSE;TRUE;FALSE;1;107;stihl_resultaten.csv
163228080;;2026-09-26;TECHNICAL_TIMEOUT;time-out;;;;;;MY_STIHL;https://app.stihl.com/nl-nl/mystihl/tools/add;authenticated MY STIHL UI lookup;TECHNICAL_TIMEOUT;;FALSE;FALSE;TRUE;FALSE;1;113;stihl_resultaten.csv
163408080;;2026-09-26;TECHNICAL_TIMEOUT;time-out;;;;;;MY_STIHL;https://app.stihl.com/nl-nl/mystihl/tools/add;authenticated MY STIHL UI lookup;TECHNICAL_TIMEOUT;;FALSE;FALSE;TRUE;FALSE;1;131;stihl_resultaten.csv
163448080;;2026-09-26;TECHNICAL_TIMEOUT;time-out;;;;;;MY_STIHL;https://app.stihl.com/nl-nl/mystihl/tools/add;authenticated MY STIHL UI lookup;TECHNICAL_TIMEOUT;;FALSE;FALSE;TRUE;FALSE;1;135;stihl_resultaten.csv
163508080;;2026-09-26;TECHNICAL_TIMEOUT;time-out;;;;;;MY_STIHL;https://app.stihl.com/nl-nl/mystihl/tools/add;authenticated MY STIHL UI lookup;TECHNICAL_TIMEOUT;;FALSE;FALSE;TRUE;FALSE;1;141;stihl_resultaten.csv
163528080;;2026-09-26;TECHNICAL_TIMEOUT;time-out;;;;;;MY_STIHL;https://app.stihl.com/nl-nl/mystihl/tools/add;authenticated MY STIHL UI lookup;TECHNICAL_TIMEOUT;;FALSE;FALSE;TRUE;FALSE;1;143;stihl_resultaten.csv
163808080;;2026-09-26;TECHNICAL_TIMEOUT;time-out;;;;;;MY_STIHL;https://app.stihl.com/nl-nl/mystihl/tools/add;authenticated MY STIHL UI lookup;TECHNICAL_TIMEOUT;;FALSE;FALSE;TRUE;FALSE;1;171;stihl_resultaten.csv
163848080;;2026-09-26;TECHNICAL_TIMEOUT;time-out;;;;;;MY_STIHL;https://app.stihl.com/nl-nl/mystihl/tools/add;authenticated MY STIHL UI lookup;TECHNICAL_TIMEOUT;;FALSE;FALSE;TRUE;FALSE;1;175;stihl_resultaten.csv
163858080;;2026-09-26;TECHNICAL_TIMEOUT;time-out;;;;;;MY_STIHL;https://app.stihl.com/nl-nl/mystihl/tools/add;authenticated MY STIHL UI lookup;TECHNICAL_TIMEOUT;;FALSE;FALSE;TRUE;FALSE;1;176;stihl_resultaten.csv
163958080;;2026-09-26;TECHNICAL_TIMEOUT;time-out;;;;;;MY_STIHL;https://app.stihl.com/nl-nl/mystihl/tools/add;authenticated MY STIHL UI lookup;TECHNICAL_TIMEOUT;;FALSE;FALSE;TRUE;FALSE;1;186;stihl_resultaten.csv
164038080;;2026-09-26;TECHNICAL_TIMEOUT;time-out;;;;;;MY_STIHL;https://app.stihl.com/nl-nl/mystihl/tools/add;authenticated MY STIHL UI lookup;TECHNICAL_TIMEOUT;;FALSE;FALSE;TRUE;FALSE;1;194;stihl_resultaten.csv
164300000;;2026-09-26;TECHNICAL_TIMEOUT;time-out;;;;;;MY_STIHL;https://app.stihl.com/nl-nl/mystihl/tools/add;authenticated MY STIHL UI lookup;TECHNICAL_TIMEOUT;;FALSE;FALSE;TRUE;FALSE;1;215;stihl_resultaten.csv
164900000;;2026-09-26;TECHNICAL_TIMEOUT;time-out;;;;;;MY_STIHL;https://app.stihl.com/nl-nl/mystihl/tools/add;authenticated MY STIHL UI lookup;TECHNICAL_TIMEOUT;;FALSE;FALSE;TRUE;FALSE;1;221;stihl_resultaten.csv
165600000;;2026-09-26;TECHNICAL_TIMEOUT;time-out;;;;;;MY_STIHL;https://app.stihl.com/nl-nl/mystihl/tools/add;authenticated MY STIHL UI lookup;TECHNICAL_TIMEOUT;;FALSE;FALSE;TRUE;FALSE;1;228;stihl_resultaten.csv
166400000;;2026-09-26;TECHNICAL_TIMEOUT;time-out;;;;;;MY_STIHL;https://app.stihl.com/nl-nl/mystihl/tools/add;authenticated MY STIHL UI lookup;TECHNICAL_TIMEOUT;;FALSE;FALSE;TRUE;FALSE;1;236;stihl_resultaten.csv
167500000;;2026-09-26;TECHNICAL_TIMEOUT;time-out;;;;;;MY_STIHL;https://app.stihl.com/nl-nl/mystihl/tools/add;authenticated MY STIHL UI lookup;TECHNICAL_TIMEOUT;;FALSE;FALSE;TRUE;FALSE;1;247;stihl_resultaten.csv
168000000;;2026-09-26;TECHNICAL_TIMEOUT;time-out;;;;;;MY_STIHL;https://app.stihl.com/nl-nl/mystihl/tools/add;authenticated MY STIHL UI lookup;TECHNICAL_TIMEOUT;;FALSE;FALSE;TRUE;FALSE;1;252;stihl_resultaten.csv
168200000;;2026-09-26;TECHNICAL_TIMEOUT;time-out;;;;;;MY_STIHL;https://app.stihl.com/nl-nl/mystihl/tools/add;authenticated MY STIHL UI lookup;TECHNICAL_TIMEOUT;;FALSE;FALSE;TRUE;FALSE;1;254;stihl_resultaten.csv
168500000;;2026-09-26;TECHNICAL_TIMEOUT;time-out;;;;;;MY_STIHL;https://app.stihl.com/nl-nl/mystihl/tools/add;authenticated MY STIHL UI lookup;TECHNICAL_TIMEOUT;;FALSE;FALSE;TRUE;FALSE;1;257;stihl_resultaten.csv
168700000;;2026-09-26;TECHNICAL_TIMEOUT;time-out;;;;;;MY_STIHL;https://app.stihl.com/nl-nl/mystihl/tools/add;authenticated MY STIHL UI lookup;TECHNICAL_TIMEOUT;;FALSE;FALSE;TRUE;FALSE;1;259;stihl_resultaten.csv
168800000;;2026-09-26;TECHNICAL_TIMEOUT;time-out;;;;;;MY_STIHL;https://app.stihl.com/nl-nl/mystihl/tools/add;authenticated MY STIHL UI lookup;TECHNICAL_TIMEOUT;;FALSE;FALSE;TRUE;FALSE;1;260;stihl_resultaten.csv
170700000;;2026-09-26;TECHNICAL_TIMEOUT;time-out;;;;;;MY_STIHL;https://app.stihl.com/nl-nl/mystihl/tools/add;authenticated MY STIHL UI lookup;TECHNICAL_TIMEOUT;;FALSE;FALSE;TRUE;FALSE;1;279;stihl_resultaten.csv
171400000;;2026-09-26;TECHNICAL_TIMEOUT;time-out;;;;;;MY_STIHL;https://app.stihl.com/nl-nl/mystihl/tools/add;authenticated MY STIHL UI lookup;TECHNICAL_TIMEOUT;;FALSE;FALSE;TRUE;FALSE;1;286;stihl_resultaten.csv
171600000;;2026-09-26;TECHNICAL_TIMEOUT;time-out;;;;;;MY_STIHL;https://app.stihl.com/nl-nl/mystihl/tools/add;authenticated MY STIHL UI lookup;TECHNICAL_TIMEOUT;;FALSE;FALSE;TRUE;FALSE;1;288;stihl_resultaten.csv
171800000;;2026-09-26;TECHNICAL_TIMEOUT;time-out;;;;;;MY_STIHL;https://app.stihl.com/nl-nl/mystihl/tools/add;authenticated MY STIHL UI lookup;TECHNICAL_TIMEOUT;;FALSE;FALSE;TRUE;FALSE;1;290;stihl_resultaten.csv
172900000;;2026-09-26;TECHNICAL_TIMEOUT;time-out;;;;;;MY_STIHL;https://app.stihl.com/nl-nl/mystihl/tools/add;authenticated MY STIHL UI lookup;TECHNICAL_TIMEOUT;;FALSE;FALSE;TRUE;FALSE;1;301;stihl_resultaten.csv
173000000;;2026-09-26;TECHNICAL_TIMEOUT;time-out;;;;;;MY_STIHL;https://app.stihl.com/nl-nl/mystihl/tools/add;authenticated MY STIHL UI lookup;TECHNICAL_TIMEOUT;;FALSE;FALSE;TRUE;FALSE;1;302;stihl_resultaten.csv
173150000;;2026-09-26;TECHNICAL_TIMEOUT;time-out;;;;;;MY_STIHL;https://app.stihl.com/nl-nl/mystihl/tools/add;authenticated MY STIHL UI lookup;TECHNICAL_TIMEOUT;;FALSE;FALSE;TRUE;FALSE;1;305;stihl_resultaten.csv
173650000;;2026-09-26;TECHNICAL_TIMEOUT;time-out;;;;;;MY_STIHL;https://app.stihl.com/nl-nl/mystihl/tools/add;authenticated MY STIHL UI lookup;TECHNICAL_TIMEOUT;;FALSE;FALSE;TRUE;FALSE;1;315;stihl_resultaten.csv
174650000;;2026-09-26;TECHNICAL_TIMEOUT;time-out;;;;;;MY_STIHL;https://app.stihl.com/nl-nl/mystihl/tools/add;authenticated MY STIHL UI lookup;TECHNICAL_TIMEOUT;;FALSE;FALSE;TRUE;FALSE;1;335;stihl_resultaten.csv
175750000;;2026-09-26;TECHNICAL_TIMEOUT;time-out;;;;;;MY_STIHL;https://app.stihl.com/nl-nl/mystihl/tools/add;authenticated MY STIHL UI lookup;TECHNICAL_TIMEOUT;;FALSE;FALSE;TRUE;FALSE;1;357;stihl_resultaten.csv
175950000;;2026-09-26;TECHNICAL_TIMEOUT;time-out;;;;;;MY_STIHL;https://app.stihl.com/nl-nl/mystihl/tools/add;authenticated MY STIHL UI lookup;TECHNICAL_TIMEOUT;;FALSE;FALSE;TRUE;FALSE;1;361;stihl_resultaten.csv
176050000;;2026-09-26;TECHNICAL_TIMEOUT;time-out;;;;;;MY_STIHL;https://app.stihl.com/nl-nl/mystihl/tools/add;authenticated MY STIHL UI lookup;TECHNICAL_TIMEOUT;;FALSE;FALSE;TRUE;FALSE;1;363;stihl_resultaten.csv
177450000;;2026-09-26;TECHNICAL_TIMEOUT;time-out;;;;;;MY_STIHL;https://app.stihl.com/nl-nl/mystihl/tools/add;authenticated MY STIHL UI lookup;TECHNICAL_TIMEOUT;;FALSE;FALSE;TRUE;FALSE;1;391;stihl_resultaten.csv
177950000;;2026-09-26;TECHNICAL_TIMEOUT;time-out;;;;;;MY_STIHL;https://app.stihl.com/nl-nl/mystihl/tools/add;authenticated MY STIHL UI lookup;TECHNICAL_TIMEOUT;;FALSE;FALSE;TRUE;FALSE;2;401|402;stihl_resultaten.csv
178100000;;2026-09-26;TECHNICAL_TIMEOUT;time-out;;;;;;MY_STIHL;https://app.stihl.com/nl-nl/mystihl/tools/add;authenticated MY STIHL UI lookup;TECHNICAL_TIMEOUT;;FALSE;FALSE;TRUE;FALSE;1;405;stihl_resultaten.csv
178750000;;2026-09-26;TECHNICAL_TIMEOUT;time-out;;;;;;MY_STIHL;https://app.stihl.com/nl-nl/mystihl/tools/add;authenticated MY STIHL UI lookup;TECHNICAL_TIMEOUT;;FALSE;FALSE;TRUE;FALSE;1;418;stihl_resultaten.csv
179400000;;2026-09-26;TECHNICAL_TIMEOUT;time-out;;;;;;MY_STIHL;https://app.stihl.com/nl-nl/mystihl/tools/add;authenticated MY STIHL UI lookup;TECHNICAL_TIMEOUT;;FALSE;FALSE;TRUE;FALSE;1;431;stihl_resultaten.csv
180450000;;2026-09-26;TECHNICAL_TIMEOUT;time-out;;;;;;MY_STIHL;https://app.stihl.com/nl-nl/mystihl/tools/add;authenticated MY STIHL UI lookup;TECHNICAL_TIMEOUT;;FALSE;FALSE;TRUE;FALSE;1;452;stihl_resultaten.csv
187700000;;2026-09-26;TECHNICAL_TIMEOUT;time-out;;;;;;MY_STIHL;https://app.stihl.com/nl-nl/mystihl/tools/add;authenticated MY STIHL UI lookup;TECHNICAL_TIMEOUT;;FALSE;FALSE;TRUE;FALSE;1;597;stihl_resultaten.csv
